ix,iy,iz,x,y,z,posErr,targetDist,ok
0,0,0,-26.381260,-0.156260,-28.956260,31.177112,31.164600,0
1,0,0,-24.343134,-0.156260,-28.956260,30.183570,30.171794,0
2,0,0,-22.305008,-0.156260,-28.956260,29.268573,29.257518,0
3,0,0,-20.266882,-0.156260,-28.956260,28.437573,28.427213,0
4,0,0,-18.228756,-0.156260,-28.956260,27.695972,27.686267,0
5,0,0,-16.190630,-0.156260,-28.956260,27.048983,27.039880,0
6,0,0,-14.152504,-0.156260,-28.956260,26.501493,26.492921,0
7,0,0,-12.114378,-0.156260,-28.956260,26.057901,26.049777,0
8,0,0,-10.076252,-0.156260,-28.956260,25.721963,25.714187,0
9,0,0,-8.038126,-0.156260,-28.956260,25.496645,25.489108,0
10,0,0,-6.000000,-0.156260,-28.956260,25.383996,25.376581,0
11,0,0,-3.961874,-0.156260,-28.956260,25.385062,25.377645,0
12,0,0,-1.923748,-0.156260,-28.956260,25.499831,25.492291,0
13,0,0,0.114378,-0.156260,-28.956260,25.727240,25.719459,0
14,0,0,2.152504,-0.156260,-28.956260,26.065222,26.057090,0
15,0,0,4.190630,-0.156260,-28.956260,26.510794,26.502213,0
16,0,0,6.228756,-0.156260,-28.956260,27.060187,27.051073,0
17,0,0,8.266882,-0.156260,-28.956260,27.708992,27.699276,0
18,0,0,10.305008,-0.156260,-28.956260,28.452315,28.441942,0
19,0,0,12.343134,-0.156260,-28.956260,29.284935,29.273867,0
20,0,0,14.381260,-0.156260,-28.956260,30.201452,30.189662,0
0,1,0,-26.381260,1.881866,-28.956260,30.145283,30.133536,0
1,1,0,-24.343134,1.881866,-28.956260,29.126258,29.115319,0
2,1,0,-22.305008,1.881866,-28.956260,28.186637,28.176495,0
3,1,0,-20.266882,1.881866,-28.956260,27.332245,27.322875,0
4,1,0,-18.228756,1.881866,-28.956260,26.568883,26.560244,0
5,1,0,-16.190630,1.881866,-28.956260,25.902187,25.894223,0
6,1,0,-14.152504,1.881866,-28.956260,25.337465,25.330100,0
7,1,0,-12.114378,1.881866,-28.956260,24.879521,24.872661,0
8,1,0,-10.076252,1.881866,-28.956260,24.532472,24.526008,0
9,1,0,-8.038126,1.881866,-28.956260,24.299581,24.293390,0
10,1,0,-6.000000,1.881866,-28.956260,24.183110,24.177056,0
11,1,0,-3.961874,1.881866,-28.956260,24.184211,24.178156,0
12,1,0,-1.923748,1.881866,-28.956260,24.302875,24.296679,0
13,1,0,0.114378,1.881866,-28.956260,24.537925,24.531455,0
14,1,0,2.152504,1.881866,-28.956260,24.887081,24.880213,0
15,1,0,4.190630,1.881866,-28.956260,25.347063,25.339688,0
16,1,0,6.228756,1.881866,-28.956260,25.913738,25.905762,0
17,1,0,8.266882,1.881866,-28.956260,26.582293,26.573641,0
18,1,0,10.305008,1.881866,-28.956260,27.347410,27.338026,0
19,1,0,12.343134,1.881866,-28.956260,28.203450,28.193293,0
20,1,0,14.381260,1.881866,-28.956260,29.144610,29.133656,0
0,2,0,-26.381260,3.919992,-28.956260,29.190221,29.179230,0
1,2,0,-24.343134,3.919992,-28.956260,28.146401,28.136294,0
2,2,0,-22.305008,3.919992,-28.956260,27.182731,27.173501,0
3,2,0,-20.266882,3.919992,-28.956260,26.305409,26.297033,0
4,2,0,-18.228756,3.919992,-28.956260,25.520643,25.513081,0
5,2,0,-16.190630,3.919992,-28.956260,24.834499,24.827690,0
6,2,0,-14.152504,3.919992,-28.956260,24.252722,24.246585,0
7,2,0,-12.114378,3.919992,-28.956260,23.780534,23.774968,0
8,2,0,-10.076252,3.919992,-28.956260,23.422436,23.417317,0
9,2,0,-8.038126,3.919992,-28.956260,23.182003,23.177193,0
10,2,0,-6.000000,3.919992,-28.956260,23.061721,23.057067,0
11,2,0,-3.961874,3.919992,-28.956260,23.062859,23.058203,0
12,2,0,-1.923748,3.919992,-28.956260,23.185404,23.180589,0
13,2,0,0.114378,3.919992,-28.956260,23.428065,23.422938,0
14,2,0,2.152504,3.919992,-28.956260,23.788333,23.782757,0
15,2,0,4.190630,3.919992,-28.956260,24.262614,24.256466,0
16,2,0,6.228756,3.919992,-28.956260,24.846394,24.839572,0
17,2,0,8.266882,3.919992,-28.956260,25.534437,25.526860,0
18,2,0,10.305008,3.919992,-28.956260,26.320990,26.312599,0
19,2,0,12.343134,3.919992,-28.956260,27.199985,27.190738,0
20,2,0,14.381260,3.919992,-28.956260,28.165210,28.155087,0
0,3,0,-26.381260,5.958118,-28.956260,28.317510,28.307253,0
1,3,0,-24.343134,5.958118,-28.956260,27.249937,27.240643,0
2,3,0,-22.305008,5.958118,-28.956260,26.263146,26.254813,0
3,3,0,-20.266882,5.958118,-28.956260,25.363700,25.356306,0
4,3,0,-18.228756,5.958118,-28.956260,24.558209,24.551716,0
5,3,0,-16.190630,5.958118,-28.956260,23.853172,23.847516,0
6,3,0,-14.152504,5.958118,-28.956260,23.254775,23.249871,0
7,3,0,-12.114378,5.958118,-28.956260,22.768674,22.764408,0
8,3,0,-10.076252,5.958118,-28.956260,22.399758,22.395996,0
9,3,0,-8.038126,5.958118,-28.956260,22.151929,22.148515,0
10,3,0,-6.000000,5.958118,-28.956260,22.027906,22.024668,0
11,3,0,-3.961874,5.958118,-28.956260,22.029079,22.025840,0
12,3,0,-1.923748,5.958118,-28.956260,22.155435,22.152016,0
13,3,0,0.114378,5.958118,-28.956260,22.405558,22.401788,0
14,3,0,2.152504,5.958118,-28.956260,22.776706,22.772429,0
15,3,0,4.190630,5.958118,-28.956260,23.264955,23.260037,0
16,3,0,6.228756,5.958118,-28.956260,23.865400,23.859730,0
17,3,0,8.266882,5.958118,-28.956260,24.572375,24.565865,0
18,3,0,10.305008,5.958118,-28.956260,25.379683,25.372273,0
19,3,0,12.343134,5.958118,-28.956260,26.280825,26.272473,0
20,3,0,14.381260,5.958118,-28.956260,27.269186,27.259874,0
0,4,0,-26.381260,7.996244,-28.956260,27.532730,27.523175,0
1,4,0,-24.343134,7.996244,-28.956260,26.442842,26.434328,0
2,4,0,-22.305008,7.996244,-28.956260,25.434253,25.426783,0
3,4,0,-20.266882,7.996244,-28.956260,24.513872,24.507430,0
4,4,0,-18.228756,7.996244,-28.956260,23.688705,23.683252,0
5,4,0,-16.190630,7.996244,-28.956260,22.965672,22.961144,0
6,4,0,-14.152504,7.996244,-28.956260,22.351398,22.347703,0
7,4,0,-12.114378,7.996244,-28.956260,21.851969,21.848986,0
8,4,0,-10.076252,7.996244,-28.956260,21.472669,21.470248,0
9,4,0,-8.038126,7.996244,-28.956260,21.217729,21.215698,0
10,4,0,-6.000000,7.996244,-28.956260,21.090106,21.088273,0
11,4,0,-3.961874,7.996244,-28.956260,21.091313,21.089479,0
12,4,0,-1.923748,7.996244,-28.956260,21.221337,21.219300,0
13,4,0,0.114378,7.996244,-28.956260,21.478634,21.476205,0
14,4,0,2.152504,7.996244,-28.956260,21.860224,21.857229,0
15,4,0,4.190630,7.996244,-28.956260,22.361853,22.358143,0
16,4,0,6.228756,7.996244,-28.956260,22.978219,22.973674,0
17,4,0,8.266882,7.996244,-28.956260,23.703225,23.697754,0
18,4,0,10.305008,7.996244,-28.956260,24.530237,24.523776,0
19,4,0,12.343134,7.996244,-28.956260,25.452332,25.444843,0
20,4,0,14.381260,7.996244,-28.956260,26.462505,26.453972,0
0,5,0,-26.381260,10.034370,-28.956260,26.841341,26.832437,0
1,5,0,-24.343134,10.034370,-28.956260,25.730994,25.723208,0
2,5,0,-22.305008,10.034370,-28.956260,24.702351,24.695692,0
3,5,0,-20.266882,10.034370,-28.956260,23.762648,23.757104,0
4,5,0,-18.228756,10.034370,-28.956260,22.919259,22.914792,0
5,5,0,-16.190630,10.034370,-28.956260,22.179508,22.176054,0
6,5,0,-14.152504,10.034370,-28.956260,21.550443,21.547905,0
7,5,0,-12.114378,10.034370,-28.956260,21.038566,21.036814,0
8,5,0,-10.076252,10.034370,-28.956260,20.649547,20.648418,0
9,5,0,-8.038126,10.034370,-28.956260,20.387941,20.387245,0
10,5,0,-6.000000,10.034370,-28.956260,20.256940,20.256464,0
11,5,0,-3.961874,10.034370,-28.956260,20.258179,20.257701,0
12,5,0,-1.923748,10.034370,-28.956260,20.391644,20.390941,0
13,5,0,0.114378,10.034370,-28.956260,20.655667,20.654528,0
14,5,0,2.152504,10.034370,-28.956260,21.047029,21.045264,0
15,5,0,4.190630,10.034370,-28.956260,21.561154,21.558600,0
16,5,0,6.228756,10.034370,-28.956260,22.192351,22.188880,0
17,5,0,8.266882,10.034370,-28.956260,22.934107,22.929621,0
18,5,0,10.305008,10.034370,-28.956260,23.779366,23.773801,0
19,5,0,12.343134,10.034370,-28.956260,24.720800,24.714120,0
20,5,0,14.381260,10.034370,-28.956260,25.751037,25.743230,0
0,6,0,-26.381260,12.072496,-28.956260,26.248531,26.240212,0
1,6,0,-24.343134,12.072496,-28.956260,25.120010,25.112883,0
2,6,0,-22.305008,12.072496,-28.956260,24.073499,24.067576,0
3,6,0,-20.266882,12.072496,-28.956260,23.116525,23.111799,0
4,6,0,-18.228756,12.072496,-28.956260,22.256798,22.253236,0
5,6,0,-16.190630,12.072496,-28.956260,21.502015,21.499550,0
6,6,0,-14.152504,12.072496,-28.956260,20.859613,20.858145,0
7,6,0,-12.114378,12.072496,-28.956260,20.336486,20.335876,0
8,6,0,-10.076252,12.072496,-28.956260,19.938666,19.938739,0
9,6,0,-8.038126,12.072496,-28.956260,19.671015,19.671563,0
10,6,0,-6.000000,12.072496,-28.956260,19.536947,19.537738,0
11,6,0,-3.961874,12.072496,-28.956260,19.538216,19.539004,0
12,6,0,-1.923748,12.072496,-28.956260,19.674804,19.675345,0
13,6,0,0.114378,12.072496,-28.956260,19.944926,19.944988,0
14,6,0,2.152504,12.072496,-28.956260,20.345139,20.344514,0
15,6,0,4.190630,12.072496,-28.956260,20.870556,20.869070,0
16,6,0,6.228756,12.072496,-28.956260,21.515125,21.512640,0
17,6,0,8.266882,12.072496,-28.956260,22.271941,22.268357,0
18,6,0,10.305008,12.072496,-28.956260,23.133558,23.128810,0
19,6,0,12.343134,12.072496,-28.956260,24.092277,24.086332,0
20,6,0,14.381260,12.072496,-28.956260,25.140391,25.133241,0
0,7,0,-26.381260,14.110622,-28.956260,25.759057,25.751242,0
1,7,0,-24.343134,14.110622,-28.956260,24.615069,24.608510,0
2,7,0,-22.305008,14.110622,-28.956260,23.553308,23.548024,0
3,7,0,-20.266882,14.110622,-28.956260,22.581553,22.577541,0
4,7,0,-18.228756,14.110622,-28.956260,21.707806,21.705034,0
5,7,0,-16.190630,14.110622,-28.956260,20.940088,20.938492,0
6,7,0,-14.152504,14.110622,-28.956260,20.286184,20.285659,0
7,7,0,-12.114378,14.110622,-28.956260,19.753332,19.753733,0
8,7,0,-10.076252,14.110622,-28.956260,19.347892,19.349030,0
9,7,0,-8.038126,14.110622,-28.956260,19.075000,19.076653,0
10,7,0,-6.000000,14.110622,-28.956260,18.938271,18.940187,0
11,7,0,-3.961874,14.110622,-28.956260,18.939565,18.941479,0
12,7,0,-1.923748,14.110622,-28.956260,19.078864,19.080509,0
13,7,0,0.114378,14.110622,-28.956260,19.354273,19.355400,0
14,7,0,2.152504,14.110622,-28.956260,19.762149,19.762533,0
15,7,0,4.190630,14.110622,-28.956260,20.297327,20.296783,0
16,7,0,6.228756,14.110622,-28.956260,20.953429,20.951811,0
17,7,0,8.266882,14.110622,-28.956260,21.723202,21.720408,0
18,7,0,10.305008,14.110622,-28.956260,22.598857,22.594821,0
19,7,0,12.343134,14.110622,-28.956260,23.572368,23.567060,0
20,7,0,14.381260,14.110622,-28.956260,24.635738,24.629155,0
0,8,0,-26.381260,16.148748,-28.956260,25.377081,25.369673,0
1,8,0,-24.343134,16.148748,-28.956260,24.220720,24.214621,0
2,8,0,-22.305008,16.148748,-28.956260,23.146731,23.141966,0
3,8,0,-20.266882,16.148748,-28.956260,22.163098,22.159667,0
4,8,0,-18.228756,16.148748,-28.956260,21.278057,21.275933,0
5,8,0,-16.190630,16.148748,-28.956260,20.499897,20.499014,0
6,8,0,-14.152504,16.148748,-28.956260,19.836687,19.836939,0
7,8,0,-12.114378,16.148748,-28.956260,19.295953,19.297189,0
8,8,0,-10.076252,16.148748,-28.956260,18.884327,18.886348,0
9,8,0,-8.038126,16.148748,-28.956260,18.607176,18.609746,0
10,8,0,-6.000000,16.148748,-28.956260,18.468283,18.471134,0
11,8,0,-3.961874,16.148748,-28.956260,18.469597,18.472446,0
12,8,0,-1.923748,16.148748,-28.956260,18.611100,18.613663,0
13,8,0,0.114378,16.148748,-28.956260,18.890807,18.892816,0
14,8,0,2.152504,16.148748,-28.956260,19.304903,19.306121,0
15,8,0,4.190630,16.148748,-28.956260,19.847991,19.848223,0
16,8,0,6.228756,16.148748,-28.956260,20.513423,20.512518,0
17,8,0,8.266882,16.148748,-28.956260,21.293657,21.291509,0
18,8,0,10.305008,16.148748,-28.956260,22.180619,22.177164,0
19,8,0,12.343134,16.148748,-28.956260,23.166018,23.161228,0
20,8,0,14.381260,16.148748,-28.956260,24.241620,24.235496,0
0,9,0,-26.381260,18.186874,-28.956260,25.106006,25.098894,0
1,9,0,-24.343134,18.186874,-28.956260,23.940698,23.934936,0
2,9,0,-22.305008,18.186874,-28.956260,22.857852,22.853467,0
3,9,0,-20.266882,18.186874,-28.956260,21.865597,21.862594,0
4,9,0,-18.228756,18.186874,-28.956260,20.972345,20.970698,0
5,9,0,-16.190630,18.186874,-28.956260,20.186580,20.186224,0
6,9,0,-14.152504,18.186874,-28.956260,19.516581,19.517409,0
7,9,0,-12.114378,18.186874,-28.956260,18.970091,18.971946,0
8,9,0,-10.076252,18.186874,-28.956260,18.553940,18.556617,0
9,9,0,-8.038126,18.186874,-28.956260,18.273670,18.276923,0
10,9,0,-6.000000,18.186874,-28.956260,18.133192,18.136740,0
11,9,0,-3.961874,18.186874,-28.956260,18.134522,18.138067,0
12,9,0,-1.923748,18.186874,-28.956260,18.277639,18.280884,0
13,9,0,0.114378,18.186874,-28.956260,18.560492,18.563157,0
14,9,0,2.152504,18.186874,-28.956260,18.979137,18.980974,0
15,9,0,4.190630,18.186874,-28.956260,19.528004,19.528811,0
16,9,0,6.228756,18.186874,-28.956260,20.200242,20.199863,0
17,9,0,8.266882,18.186874,-28.956260,20.988095,20.986422,0
18,9,0,10.305008,18.186874,-28.956260,21.883276,21.880248,0
19,9,0,12.343134,18.186874,-28.956260,22.877303,22.872892,0
20,9,0,14.381260,18.186874,-28.956260,23.961765,23.955977,0
0,10,0,-26.381260,20.225000,-28.956260,24.948335,24.941399,0
1,10,0,-24.343134,20.225000,-28.956260,23.777758,23.772195,0
2,10,0,-22.305008,20.225000,-28.956260,22.689689,22.685530,0
3,10,0,-20.266882,20.225000,-28.956260,21.692345,21.689596,0
4,10,0,-18.228756,20.225000,-28.956260,20.794240,20.792877,0
5,10,0,-16.190630,20.225000,-28.956260,20.003974,20.003933,0
6,10,0,-14.152504,20.225000,-28.956260,19.329954,19.331126,0
7,10,0,-12.114378,20.225000,-28.956260,18.780049,18.782275,0
8,10,0,-10.076252,20.225000,-28.956260,18.361213,18.364284,0
9,10,0,-8.038126,20.225000,-28.956260,18.079091,18.082754,0
10,10,0,-6.000000,20.225000,-28.956260,17.937672,17.941638,0
11,10,0,-3.961874,20.225000,-28.956260,17.939010,17.942973,0
12,10,0,-1.923748,20.225000,-28.956260,18.083087,18.086741,0
13,10,0,0.114378,20.225000,-28.956260,18.367808,18.370866,0
14,10,0,2.152504,20.225000,-28.956260,18.789153,18.791361,0
15,10,0,4.190630,20.225000,-28.956260,19.341446,19.342597,0
16,10,0,6.228756,20.225000,-28.956260,20.017716,20.017651,0
17,10,0,8.266882,20.225000,-28.956260,20.810077,20.808688,0
18,10,0,10.305008,20.225000,-28.956260,21.710118,21.707342,0
19,10,0,12.343134,20.225000,-28.956260,22.709237,22.705051,0
20,10,0,14.381260,20.225000,-28.956260,23.798923,23.793334,0
0,11,0,-26.381260,22.263126,-28.956260,24.905559,24.898670,0
1,11,0,-24.343134,22.263126,-28.956260,23.733544,23.728035,0
2,11,0,-22.305008,22.263126,-28.956260,22.644049,22.639951,0
3,11,0,-20.266882,22.263126,-28.956260,21.645314,21.642634,0
4,11,0,-18.228756,22.263126,-28.956260,20.745882,20.744597,0
5,11,0,-16.190630,22.263126,-28.956260,19.954385,19.954431,0
6,11,0,-14.152504,22.263126,-28.956260,19.279264,19.280531,0
7,11,0,-12.114378,22.263126,-28.956260,18.728425,18.730753,0
8,11,0,-10.076252,22.263126,-28.956260,18.308853,18.312033,0
9,11,0,-8.038126,22.263126,-28.956260,18.026224,18.030000,0
10,11,0,-6.000000,22.263126,-28.956260,17.884547,17.888628,0
11,11,0,-3.961874,22.263126,-28.956260,17.885888,17.889966,0
12,11,0,-1.923748,22.263126,-28.956260,18.030227,18.033994,0
13,11,0,0.114378,22.263126,-28.956260,18.315460,18.318626,0
14,11,0,2.152504,22.263126,-28.956260,18.737544,18.739854,0
15,11,0,4.190630,22.263126,-28.956260,19.290776,19.292021,0
16,11,0,6.228756,22.263126,-28.956260,19.968149,19.968170,0
17,11,0,8.266882,22.263126,-28.956260,20.761743,20.760432,0
18,11,0,10.305008,22.263126,-28.956260,21.663112,21.660406,0
19,11,0,12.343134,22.263126,-28.956260,22.663622,22.659498,0
20,11,0,14.381260,22.263126,-28.956260,23.754735,23.749201,0
0,12,0,-26.381260,24.301252,-28.956260,24.978085,24.971115,0
1,12,0,-24.343134,24.301252,-28.956260,23.808506,23.802905,0
2,12,0,-22.305008,24.301252,-28.956260,22.721426,22.717224,0
3,12,0,-20.266882,24.301252,-28.956260,21.725046,21.722249,0
4,12,0,-18.228756,24.301252,-28.956260,20.827861,20.826444,0
5,12,0,-16.190630,24.301252,-28.956260,20.038449,20.038348,0
6,12,0,-14.152504,24.301252,-28.956260,19.365192,19.366298,0
7,12,0,-12.114378,24.301252,-28.956260,18.815935,18.818090,0
8,12,0,-10.076252,24.301252,-28.956260,18.397608,18.400605,0
9,12,0,-8.038126,24.301252,-28.956260,18.115839,18.119423,0
10,12,0,-6.000000,24.301252,-28.956260,17.974598,17.978484,0
11,12,0,-3.961874,24.301252,-28.956260,17.975935,17.979818,0
12,12,0,-1.923748,24.301252,-28.956260,18.119829,18.123405,0
13,12,0,0.114378,24.301252,-28.956260,18.404196,18.407178,0
14,12,0,2.152504,24.301252,-28.956260,18.825028,18.827165,0
15,12,0,4.190630,24.301252,-28.956260,19.376671,19.377756,0
16,12,0,6.228756,24.301252,-28.956260,20.052176,20.052051,0
17,12,0,8.266882,24.301252,-28.956260,20.843682,20.842239,0
18,12,0,10.305008,24.301252,-28.956260,21.742801,21.739978,0
19,12,0,12.343134,24.301252,-28.956260,22.740955,22.736727,0
20,12,0,14.381260,24.301252,-28.956260,23.829652,23.824025,0
0,13,0,-26.381260,26.339378,-28.956260,25.165222,25.158045,0
1,13,0,-24.343134,26.339378,-28.956260,24.001880,23.996044,0
2,13,0,-22.305008,26.339378,-28.956260,22.920982,22.916513,0
3,13,0,-20.266882,26.339378,-28.956260,21.930624,21.927527,0
4,13,0,-18.228756,26.339378,-28.956260,21.039180,21.037428,0
5,13,0,-16.190630,26.339378,-28.956260,20.255091,20.254618,0
6,13,0,-14.152504,26.339378,-28.956260,19.586588,19.587289,0
7,13,0,-12.114378,26.339378,-28.956260,19.041367,19.043085,0
8,13,0,-10.076252,26.339378,-28.956260,18.626215,18.628747,0
9,13,0,-8.038126,26.339378,-28.956260,18.346633,18.349735,0
10,13,0,-6.000000,26.339378,-28.956260,18.206505,18.209898,0
11,13,0,-3.961874,26.339378,-28.956260,18.207831,18.211222,0
12,13,0,-1.923748,26.339378,-28.956260,18.350593,18.353686,0
13,13,0,0.114378,26.339378,-28.956260,18.632751,18.635270,0
14,13,0,2.152504,26.339378,-28.956260,19.050392,19.052092,0
15,13,0,4.190630,26.339378,-28.956260,19.597985,19.598665,0
16,13,0,6.228756,26.339378,-28.956260,20.268722,20.268227,0
17,13,0,8.266882,26.339378,-28.956260,21.054897,21.053119,0
18,13,0,10.305008,26.339378,-28.956260,21.948269,21.945146,0
19,13,0,12.343134,26.339378,-28.956260,22.940397,22.935902,0
20,13,0,14.381260,26.339378,-28.956260,24.022910,24.017048,0
0,14,0,-26.381260,28.377504,-28.956260,25.465210,25.457707,0
1,14,0,-24.343134,28.377504,-28.956260,24.311728,24.305522,0
2,14,0,-22.305008,28.377504,-28.956260,23.240586,23.235700,0
3,14,0,-20.266882,28.377504,-28.956260,22.259721,22.256154,0
4,14,0,-18.228756,28.377504,-28.956260,21.377314,21.375038,0
5,14,0,-16.190630,28.377504,-28.956260,20.601591,20.600541,0
6,14,0,-14.152504,28.377504,-28.956260,19.940554,19.940624,0
7,14,0,-12.114378,28.377504,-28.956260,19.401663,19.402702,0
8,14,0,-10.076252,28.377504,-28.956260,18.991483,18.993297,0
9,14,0,-8.038126,28.377504,-28.956260,18.715329,18.717683,0
10,14,0,-6.000000,28.377504,-28.956260,18.576942,18.579573,0
11,14,0,-3.961874,28.377504,-28.956260,18.578252,18.580880,0
12,14,0,-1.923748,28.377504,-28.956260,18.719239,18.721585,0
13,14,0,0.114378,28.377504,-28.956260,18.997941,18.999742,0
14,14,0,2.152504,28.377504,-28.956260,19.410582,19.411604,0
15,14,0,4.190630,28.377504,-28.956260,19.951821,19.951871,0
16,14,0,6.228756,28.377504,-28.956260,20.615074,20.614002,0
17,14,0,8.266882,28.377504,-28.956260,21.392867,21.390567,0
18,14,0,10.305008,28.377504,-28.956260,22.277191,22.273600,0
19,14,0,12.343134,28.377504,-28.956260,23.259820,23.254909,0
20,14,0,14.381260,28.377504,-28.956260,24.332574,24.326343,0
0,15,0,-26.381260,30.415630,-28.956260,25.875301,25.867365,0
1,15,0,-24.343134,30.415630,-28.956260,24.735025,24.728329,0
2,15,0,-22.305008,30.415630,-28.956260,23.676928,23.671489,0
3,15,0,-20.266882,30.415630,-28.956260,22.708728,22.704543,0
4,15,0,-18.228756,30.415630,-28.956260,21.838355,21.835392,0
5,15,0,-16.190630,30.415630,-28.956260,21.073754,21.071947,0
6,15,0,-14.152504,30.415630,-28.956260,20.422623,20.421869,0
7,15,0,-12.114378,30.415630,-28.956260,19.892118,19.892273,0
8,15,0,-10.076252,30.415630,-28.956260,19.488518,19.489397,0
9,15,0,-8.038126,30.415630,-28.956260,19.216892,19.218276,0
10,15,0,-6.000000,30.415630,-28.956260,19.080806,19.082448,0
11,15,0,-3.961874,30.415630,-28.956260,19.082094,19.083734,0
12,15,0,-1.923748,30.415630,-28.956260,19.220738,19.222114,0
13,15,0,0.114378,30.415630,-28.956260,19.494870,19.495737,0
14,15,0,2.152504,30.415630,-28.956260,19.900895,19.901034,0
15,15,0,4.190630,30.415630,-28.956260,20.433717,20.432945,0
16,15,0,6.228756,30.415630,-28.956260,21.087039,21.085211,0
17,15,0,8.266882,30.415630,-28.956260,21.853691,21.850705,0
18,15,0,10.305008,30.415630,-28.956260,22.725966,22.721758,0
19,15,0,12.343134,30.415630,-28.956260,23.695920,23.690459,0
20,15,0,14.381260,30.415630,-28.956260,24.755625,24.748906,0
0,16,0,-26.381260,32.453756,-28.956260,26.391882,26.383420,0
1,16,0,-24.343134,32.453756,-28.956260,25.267811,25.260522,0
2,16,0,-22.305008,32.453756,-28.956260,24.225680,24.219576,0
3,16,0,-20.266882,32.453756,-28.956260,23.272945,23.268017,0
4,16,0,-18.228756,32.453756,-28.956260,22.417232,22.413445,0
5,16,0,-16.190630,32.453756,-28.956260,21.666145,21.663435,0
6,16,0,-14.152504,32.453756,-28.956260,21.027027,21.025293,0
7,16,0,-12.114378,32.453756,-28.956260,20.506671,20.505777,0
8,16,0,-10.076252,32.453756,-28.956260,20.111021,20.110795,0
9,16,0,-8.038126,32.453756,-28.956260,19.844862,19.845100,0
10,16,0,-6.000000,32.453756,-28.956260,19.711551,19.712026,0
11,16,0,-3.961874,32.453756,-28.956260,19.712812,19.713285,0
12,16,0,-1.923748,32.453756,-28.956260,19.848629,19.848861,0
13,16,0,0.114378,32.453756,-28.956260,20.117247,20.117010,0
14,16,0,2.152504,32.453756,-28.956260,20.515277,20.514369,0
15,16,0,4.190630,32.453756,-28.956260,21.037912,21.036161,0
16,16,0,6.228756,32.453756,-28.956260,21.679190,21.676460,0
17,16,0,8.266882,32.453756,-28.956260,22.432302,22.428495,0
18,16,0,10.305008,32.453756,-28.956260,23.289901,23.284951,0
19,16,0,12.343134,32.453756,-28.956260,24.244378,24.238251,0
20,16,0,14.381260,32.453756,-28.956260,25.288109,25.280798,0
0,17,0,-26.381260,34.491882,-28.956260,27.010622,27.001555,0
1,17,0,-24.343134,34.491882,-28.956260,25.905356,25.897388,0
2,17,0,-22.305008,34.491882,-28.956260,24.881699,24.874837,0
3,17,0,-20.266882,34.491882,-28.956260,23.946807,23.941037,0
4,17,0,-18.228756,34.491882,-28.956260,23.107960,23.103245,0
5,17,0,-16.190630,34.491882,-28.956260,22.372380,22.368656,0
6,17,0,-14.152504,34.491882,-28.956260,21.747010,21.744181,0
7,17,0,-12.114378,34.491882,-28.956260,21.238246,21.236183,0
8,17,0,-10.076252,34.491882,-28.956260,20.851659,20.850203,0
9,17,0,-8.038126,34.491882,-28.956260,20.591722,20.590688,0
10,17,0,-6.000000,34.491882,-28.956260,20.461567,20.460748,0
11,17,0,-3.961874,34.491882,-28.956260,20.462798,20.461977,0
12,17,0,-1.923748,34.491882,-28.956260,20.595401,20.594361,0
13,17,0,0.114378,34.491882,-28.956260,20.857740,20.856275,0
14,17,0,2.152504,34.491882,-28.956260,21.246657,21.244581,0
15,17,0,4.190630,34.491882,-28.956260,21.757657,21.754812,0
16,17,0,6.228756,34.491882,-28.956260,22.385150,22.381408,0
17,17,0,8.266882,34.491882,-28.956260,23.122726,23.117992,0
18,17,0,10.305008,34.491882,-28.956260,23.963437,23.957647,0
19,17,0,12.343134,34.491882,-28.956260,24.900056,24.893174,0
20,17,0,14.381260,34.491882,-28.956260,25.925304,25.917316,0
0,18,0,-26.381260,36.530008,-28.956260,27.726635,27.716903,0
1,18,0,-24.343134,36.530008,-28.956260,26.642348,26.633637,0
2,18,0,-22.305008,36.530008,-28.956260,25.639238,25.631549,0
3,18,0,-20.266882,36.530008,-28.956260,24.724126,24.717442,0
4,18,0,-18.228756,36.530008,-28.956260,23.903916,23.898199,0
5,18,0,-16.190630,36.530008,-28.956260,23.185423,23.180608,0
6,18,0,-14.152504,36.530008,-28.956260,22.575160,22.571156,0
7,18,0,-12.114378,36.530008,-28.956260,22.079100,22.075789,0
8,18,0,-10.076252,36.530008,-28.956260,21.702427,21.699663,0
9,18,0,-8.038126,36.530008,-28.956260,21.449288,21.446902,0
10,18,0,-6.000000,36.530008,-28.956260,21.322576,21.320383,0
11,18,0,-3.961874,36.530008,-28.956260,21.323775,21.321580,0
12,18,0,-1.923748,36.530008,-28.956260,21.452870,21.450479,0
13,18,0,0.114378,36.530008,-28.956260,21.708351,21.705578,0
14,18,0,2.152504,36.530008,-28.956260,22.087298,22.083976,0
15,18,0,4.190630,36.530008,-28.956260,22.585545,22.581527,0
16,18,0,6.228756,36.530008,-28.956260,23.197890,23.193059,0
17,18,0,8.266882,36.530008,-28.956260,23.918347,23.912612,0
18,18,0,10.305008,36.530008,-28.956260,24.740395,24.733693,0
19,18,0,12.343134,36.530008,-28.956260,25.657216,25.649509,0
20,18,0,14.381260,36.530008,-28.956260,26.661907,26.653177,0
0,19,0,-26.381260,38.568134,-28.956260,28.534649,28.524206,0
1,19,0,-24.343134,38.568134,-28.956260,27.473088,27.463587,0
2,19,0,-22.305008,38.568134,-28.956260,26.492157,26.483595,0
3,19,0,-20.266882,38.568134,-28.956260,25.598326,25.590681,0
4,19,0,-18.228756,38.568134,-28.956260,24.798101,24.791334,0
5,19,0,-16.190630,38.568134,-28.956260,24.097871,24.091919,0
6,19,0,-14.152504,38.568134,-28.956260,23.503707,23.498486,0
7,19,0,-12.114378,38.568134,-28.956260,23.021154,23.016553,0
8,19,0,-10.076252,38.568134,-28.956260,22.654998,22.650886,0
9,19,0,-8.038126,38.568134,-28.956260,22.409057,22.405282,0
10,19,0,-6.000000,38.568134,-28.956260,22.285990,22.282386,0
11,19,0,-3.961874,38.568134,-28.956260,22.287154,22.283548,0
12,19,0,-1.923748,38.568134,-28.956260,22.412537,22.408757,0
13,19,0,0.114378,38.568134,-28.956260,22.660754,22.656634,0
14,19,0,2.152504,38.568134,-28.956260,23.029126,23.024514,0
15,19,0,4.190630,38.568134,-28.956260,23.513814,23.508580,0
16,19,0,6.228756,38.568134,-28.956260,24.110014,24.104048,0
17,19,0,8.266882,38.568134,-28.956260,24.812172,24.805389,0
18,19,0,10.305008,38.568134,-28.956260,25.614207,25.606545,0
19,19,0,12.343134,38.568134,-28.956260,26.509728,26.501148,0
20,19,0,14.381260,38.568134,-28.956260,27.492226,27.482707,0
0,20,0,-26.381260,40.606260,-28.956260,29.429160,29.417976,0
1,20,0,-24.343134,40.606260,-28.956260,28.391657,28.381337,0
2,20,0,-22.305008,40.606260,-28.956260,27.434123,27.424658,0
3,20,0,-20.266882,40.606260,-28.956260,26.562659,26.554027,0
4,20,0,-18.228756,40.606260,-28.956260,25.783369,25.775528,0
5,20,0,-16.190630,40.606260,-28.956260,25.102206,25.095098,0
6,20,0,-14.152504,40.606260,-28.956260,24.524802,24.518347,0
7,20,0,-12.114378,40.606260,-28.956260,24.056270,24.050368,0
8,20,0,-10.076252,40.606260,-28.956260,23.701010,23.695542,0
9,20,0,-8.038126,40.606260,-28.956260,23.462516,23.457346,0
10,20,0,-6.000000,40.606260,-28.956260,23.343213,23.338195,0
11,20,0,-3.961874,40.606260,-28.956260,23.344341,23.339322,0
12,20,0,-1.923748,40.606260,-28.956260,23.465889,23.460715,0
13,20,0,0.114378,40.606260,-28.956260,23.706593,23.701118,0
14,20,0,2.152504,40.606260,-28.956260,24.064007,24.058096,0
15,20,0,4.190630,40.606260,-28.956260,24.534618,24.528152,0
16,20,0,6.228756,40.606260,-28.956260,25.114013,25.106892,0
17,20,0,8.266882,40.606260,-28.956260,25.797064,25.789209,0
18,20,0,10.305008,40.606260,-28.956260,26.578134,26.569487,0
19,20,0,12.343134,40.606260,-28.956260,27.451264,27.441784,0
20,20,0,14.381260,40.606260,-28.956260,28.410350,28.400014,0
0,0,1,-26.381260,-0.156260,-26.918134,29.807801,29.796316,0
1,0,1,-24.343134,-0.156260,-26.918134,28.780152,28.769501,0
2,0,1,-22.305008,-0.156260,-26.918134,27.832177,27.822349,0
3,0,1,-20.266882,-0.156260,-26.918134,26.969828,26.960800,0
4,0,1,-18.228756,-0.156260,-26.918134,26.199048,26.190779,0
5,0,1,-16.190630,-0.156260,-26.918134,25.525618,25.518051,0
6,0,1,-14.152504,-0.156260,-26.918134,24.954997,24.948053,0
7,0,1,-12.114378,-0.156260,-26.918134,24.492131,24.485714,0
8,0,1,-10.076252,-0.156260,-26.918134,24.141266,24.135262,0
9,0,1,-8.038126,-0.156260,-26.918134,23.905772,23.900052,0
10,0,1,-6.000000,-0.156260,-26.918134,23.787986,23.782410,0
11,0,1,-3.961874,-0.156260,-26.918134,23.789100,23.783523,0
12,0,1,-1.923748,-0.156260,-26.918134,23.909103,23.903379,0
13,0,1,0.114378,-0.156260,-26.918134,24.146780,24.140769,0
14,0,1,2.152504,-0.156260,-26.918134,24.499774,24.493348,0
15,0,1,4.190630,-0.156260,-26.918134,24.964697,24.957742,0
16,0,1,6.228756,-0.156260,-26.918134,25.537289,25.529709,0
17,0,1,8.266882,-0.156260,-26.918134,26.212590,26.204308,0
18,0,1,10.305008,-0.156260,-26.918134,26.985137,26.976095,0
19,0,1,12.343134,-0.156260,-26.918134,27.849142,27.839300,0
20,0,1,14.381260,-0.156260,-26.918134,28.798663,28.787996,0
0,1,1,-26.381260,1.881866,-26.918134,28.740515,28.729897,0
1,1,1,-24.343134,1.881866,-26.918134,27.684590,27.674896,0
2,1,1,-22.305008,1.881866,-26.918134,26.709149,26.700373,0
3,1,1,-20.266882,1.881866,-26.918134,25.820572,25.812693,0
4,1,1,-18.228756,1.881866,-26.918134,25.025273,25.018250,0
5,1,1,-16.190630,1.881866,-26.918134,24.329534,24.323307,0
6,1,1,-14.152504,1.881866,-26.918134,23.739323,23.733807,0
7,1,1,-12.114378,1.881866,-26.918134,23.260079,23.255167,0
8,1,1,-10.076252,1.881866,-26.918134,22.896497,22.892061,0
9,1,1,-8.038126,1.881866,-26.918134,22.652317,22.648208,0
10,1,1,-6.000000,1.881866,-26.918134,22.530140,22.526198,0
11,1,1,-3.961874,1.881866,-26.918134,22.531295,22.527352,0
12,1,1,-1.923748,1.881866,-26.918134,22.655771,22.651658,0
13,1,1,0.114378,1.881866,-26.918134,22.902213,22.897769,0
14,1,1,2.152504,1.881866,-26.918134,23.267996,23.263074,0
15,1,1,4.190630,1.881866,-26.918134,23.749361,23.743833,0
16,1,1,6.228756,1.881866,-26.918134,24.341598,24.335357,0
17,1,1,8.266882,1.881866,-26.918134,25.039255,25.032218,0
18,1,1,10.305008,1.881866,-26.918134,25.836358,25.828463,0
19,1,1,12.343134,1.881866,-26.918134,26.726619,26.717826,0
20,1,1,14.381260,1.881866,-26.918134,27.703624,27.693912,0
0,2,1,-26.381260,3.919992,-26.918134,27.750928,27.741173,0
1,2,1,-24.343134,3.919992,-26.918134,26.667338,26.658603,0
2,2,1,-22.305008,3.919992,-26.918134,25.664910,25.657194,0
3,2,1,-20.266882,3.919992,-26.918134,24.750453,24.743740,0
4,2,1,-18.228756,3.919992,-26.918134,23.930861,23.925110,0
5,2,1,-16.190630,3.919992,-26.918134,23.212932,23.208081,0
6,2,1,-14.152504,3.919992,-26.918134,22.603167,22.599125,0
7,2,1,-12.114378,3.919992,-26.918134,22.107525,22.104174,0
8,2,1,-10.076252,3.919992,-26.918134,21.731179,21.728373,0
9,2,1,-8.038126,3.919992,-26.918134,21.478263,21.475834,0
10,2,1,-6.000000,3.919992,-26.918134,21.351664,21.349427,0
11,2,1,-3.961874,3.919992,-26.918134,21.352862,21.350623,0
12,2,1,-1.923748,3.919992,-26.918134,21.481841,21.479407,0
13,2,1,0.114378,3.919992,-26.918134,21.737097,21.734282,0
14,2,1,2.152504,3.919992,-26.918134,22.115717,22.112354,0
15,2,1,4.190630,3.919992,-26.918134,22.613543,22.609487,0
16,2,1,6.228756,3.919992,-26.918134,23.225389,23.220522,0
17,2,1,8.266882,3.919992,-26.918134,23.945280,23.939512,0
18,2,1,10.305008,3.919992,-26.918134,24.766710,24.759978,0
19,2,1,12.343134,3.919992,-26.918134,25.682876,25.675141,0
20,2,1,14.381260,3.919992,-26.918134,26.686884,26.678130,0
0,3,1,-26.381260,5.958118,-26.918134,26.845119,26.836211,0
1,3,1,-24.343134,5.958118,-26.918134,25.734886,25.727096,0
2,3,1,-22.305008,5.958118,-26.918134,24.706355,24.699691,0
3,3,1,-20.266882,5.958118,-26.918134,23.766760,23.761211,0
4,3,1,-18.228756,5.958118,-26.918134,22.923473,22.919000,0
5,3,1,-16.190630,5.958118,-26.918134,22.183815,22.180355,0
6,3,1,-14.152504,5.958118,-26.918134,21.554833,21.552289,0
7,3,1,-12.114378,5.958118,-26.918134,21.043026,21.041267,0
8,3,1,-10.076252,5.958118,-26.918134,20.654061,20.652925,0
9,3,1,-8.038126,5.958118,-26.918134,20.392494,20.391790,0
10,3,1,-6.000000,5.958118,-26.918134,20.261511,20.261028,0
11,3,1,-3.961874,5.958118,-26.918134,20.262750,20.262265,0
12,3,1,-1.923748,5.958118,-26.918134,20.396196,20.395486,0
13,3,1,0.114378,5.958118,-26.918134,20.660181,20.659034,0
14,3,1,2.152504,5.958118,-26.918134,21.051488,21.049716,0
15,3,1,4.190630,5.958118,-26.918134,21.565543,21.562982,0
16,3,1,6.228756,5.958118,-26.918134,22.196657,22.193179,0
17,3,1,8.266882,5.958118,-26.918134,22.938319,22.933827,0
18,3,1,10.305008,5.958118,-26.918134,23.783476,23.777906,0
19,3,1,12.343134,5.958118,-26.918134,24.724801,24.718117,0
20,3,1,14.381260,5.958118,-26.918134,25.754926,25.747116,0
0,4,1,-26.381260,7.996244,-26.918134,26.029223,26.021128,0
1,4,1,-24.343134,7.996244,-26.918134,24.893825,24.886950,0
2,4,1,-22.305008,7.996244,-26.918134,23.840538,23.834898,0
3,4,1,-20.266882,7.996244,-26.918134,22.877002,22.872592,0
4,4,1,-18.228756,7.996244,-26.918134,22.011055,22.007841,0
5,4,1,-16.190630,7.996244,-26.918134,21.250537,21.248455,0
6,4,1,-14.152504,7.996244,-26.918134,20.603038,20.601985,0
7,4,1,-12.114378,7.996244,-26.918134,20.075604,20.075439,0
8,4,1,-10.076252,7.996244,-26.918134,19.674411,19.674953,0
9,4,1,-8.038126,7.996244,-26.918134,19.404441,19.405475,0
10,4,1,-6.000000,7.996244,-26.918134,19.269196,19.270481,0
11,4,1,-3.961874,7.996244,-26.918134,19.270476,19.271759,0
12,4,1,-1.923748,7.996244,-26.918134,19.408263,19.409290,0
13,4,1,0.114378,7.996244,-26.918134,19.680725,19.681255,0
14,4,1,2.152504,7.996244,-26.918134,20.084329,20.084149,0
15,4,1,4.190630,7.996244,-26.918134,20.614069,20.612998,0
16,4,1,6.228756,7.996244,-26.918134,21.263749,21.261647,0
17,4,1,8.266882,7.996244,-26.918134,22.026310,22.023075,0
18,4,1,10.305008,7.996244,-26.918134,22.894155,22.889722,0
19,4,1,12.343134,7.996244,-26.918134,23.859442,23.853779,0
20,4,1,14.381260,7.996244,-26.918134,24.914334,24.907436,0
0,5,1,-26.381260,10.034370,-26.918134,25.309287,25.301953,0
1,5,1,-24.343134,10.034370,-26.918134,24.150702,24.144687,0
2,5,1,-22.305008,10.034370,-26.918134,23.074512,23.069841,0
3,5,1,-20.266882,10.034370,-26.918134,22.088737,22.085413,0
4,5,1,-18.228756,10.034370,-26.918134,21.201659,21.199652,0
5,5,1,-16.190630,10.034370,-26.918134,20.421612,20.420860,0
6,5,1,-14.152504,10.034370,-26.918134,19.756719,19.757113,0
7,5,1,-12.114378,10.034370,-26.918134,19.214559,19.215947,0
8,5,1,-10.076252,10.034370,-26.918134,18.801811,18.803995,0
9,5,1,-8.038126,10.034370,-26.918134,18.523888,18.526626,0
10,5,1,-6.000000,10.034370,-26.918134,18.384603,18.387626,0
11,5,1,-3.961874,10.034370,-26.918134,18.385921,18.388941,0
12,5,1,-1.923748,10.034370,-26.918134,18.527824,18.530554,0
13,5,1,0.114378,10.034370,-26.918134,18.808310,18.810480,0
14,5,1,2.152504,10.034370,-26.918134,19.223532,19.224903,0
15,5,1,4.190630,10.034370,-26.918134,19.768053,19.768427,0
16,5,1,6.228756,10.034370,-26.918134,20.435172,20.434397,0
17,5,1,8.266882,10.034370,-26.918134,21.217296,21.215266,0
18,5,1,10.305008,10.034370,-26.918134,22.106298,22.102948,0
19,5,1,12.343134,10.034370,-26.918134,23.093840,23.089143,0
20,5,1,14.381260,10.034370,-26.918134,24.171643,24.165603,0
0,6,1,-26.381260,12.072496,-26.918134,24.691103,24.684457,0
1,6,1,-24.343134,12.072496,-26.918134,23.511825,23.506593,0
2,6,1,-22.305008,12.072496,-26.918134,22.415121,22.411338,0
3,6,1,-20.266882,12.072496,-26.918134,21.409352,21.407027,0
4,6,1,-18.228756,12.072496,-26.918134,20.503203,20.502315,0
5,6,1,-16.190630,12.072496,-26.918134,19.705470,19.705956,0
6,6,1,-14.152504,12.072496,-26.918134,19.024770,19.026519,0
7,6,1,-12.114378,12.072496,-26.918134,18.469188,18.472037,0
8,6,1,-10.076252,12.072496,-26.918134,18.045883,18.049617,0
9,6,1,-8.038126,12.072496,-26.918134,17.760679,17.765031,0
10,6,1,-6.000000,12.072496,-26.918134,17.617691,17.622361,0
11,6,1,-3.961874,12.072496,-26.918134,17.619044,17.623711,0
12,6,1,-1.923748,12.072496,-26.918134,17.764718,17.769062,0
13,6,1,0.114378,12.072496,-26.918134,18.052550,18.056269,0
14,6,1,2.152504,12.072496,-26.918134,18.478387,18.481218,0
15,6,1,4.190630,12.072496,-26.918134,19.036379,19.038106,0
16,6,1,6.228756,12.072496,-26.918134,19.719345,19.719806,0
17,6,1,8.266882,12.072496,-26.918134,20.519186,20.518272,0
18,6,1,10.305008,12.072496,-26.918134,21.427279,21.424927,0
19,6,1,12.343134,12.072496,-26.918134,22.434829,22.431018,0
20,6,1,14.381260,12.072496,-26.918134,23.533153,23.527894,0
0,7,1,-26.381260,14.110622,-26.918134,24.180022,24.173972,0
1,7,1,-24.343134,14.110622,-26.918134,22.983060,22.978510,0
2,7,1,-22.305008,14.110622,-26.918134,21.868767,21.865759,0
3,7,1,-20.266882,14.110622,-26.918134,20.845795,20.844349,0
4,7,1,-18.228756,14.110622,-26.918134,19.923185,19.923285,0
5,7,1,-16.190630,14.110622,-26.918134,19.110135,19.111721,0
6,7,1,-14.152504,14.110622,-26.918134,18.415703,18.418662,0
7,7,1,-12.114378,14.110622,-26.918134,17.848430,17.852590,0
8,7,1,-10.076252,14.110622,-26.918134,17.415909,17.421037,0
9,7,1,-8.038126,14.110622,-26.918134,17.124337,17.130145,0
10,7,1,-6.000000,14.110622,-26.918134,16.978108,16.984266,0
11,7,1,-3.961874,14.110622,-26.918134,16.979492,16.985646,0
12,7,1,-1.923748,14.110622,-26.918134,17.128468,17.134266,0
13,7,1,0.114378,14.110622,-26.918134,17.422723,17.427835,0
14,7,1,2.152504,14.110622,-26.918134,17.857827,17.861966,0
15,7,1,4.190630,14.110622,-26.918134,18.427552,18.430486,0
16,7,1,6.228756,14.110622,-26.918134,19.124283,19.125842,0
17,7,1,8.266882,14.110622,-26.918134,19.939467,19.939538,0
18,7,1,10.305008,14.110622,-26.918134,20.864039,20.862564,0
19,7,1,12.343134,14.110622,-26.918134,21.888801,21.885764,0
20,7,1,14.381260,14.110622,-26.918134,23.004719,23.000139,0
0,8,1,-26.381260,16.148748,-26.918134,23.780754,23.775187,0
1,8,1,-24.343134,16.148748,-26.918134,22.569597,22.565601,0
2,8,1,-22.305008,16.148748,-26.918134,21.441144,21.438771,0
3,8,1,-20.266882,16.148748,-26.918134,20.404286,20.403562,0
4,8,1,-18.228756,16.148748,-26.918134,19.468349,19.469265,0
5,8,1,-16.190630,16.148748,-26.918134,18.642863,18.645362,0
6,8,1,-14.152504,16.148748,-26.918134,17.937255,17.941222,0
7,8,1,-12.114378,16.148748,-26.918134,17.360444,17.365700,0
8,8,1,-10.076252,16.148748,-26.918134,16.920389,16.926687,0
9,8,1,-8.038126,16.148748,-26.918134,16.623604,16.630636,0
10,8,1,-6.000000,16.148748,-26.918134,16.474718,16.482128,0
11,8,1,-3.961874,16.148748,-26.918134,16.476128,16.483534,0
12,8,1,-1.923748,16.148748,-26.918134,16.627810,16.634831,0
13,8,1,0.114378,16.148748,-26.918134,16.927323,16.933604,0
14,8,1,2.152504,16.148748,-26.918134,17.370002,17.375235,0
15,8,1,4.190630,16.148748,-26.918134,17.949299,17.953240,0
16,8,1,6.228756,16.148748,-26.918134,18.657234,18.659704,0
17,8,1,8.266882,16.148748,-26.918134,19.484873,19.485758,0
18,8,1,10.305008,16.148748,-26.918134,20.422785,20.422031,0
19,8,1,12.343134,16.148748,-26.918134,21.461441,21.459037,0
20,8,1,14.381260,16.148748,-26.918134,22.591521,22.587495,0
0,9,1,-26.381260,18.186874,-26.918134,23.497170,23.491957,0
1,9,1,-24.343134,18.186874,-26.918134,22.275721,22.272132,0
2,9,1,-22.305008,18.186874,-26.918134,21.136979,21.135073,0
3,9,1,-20.266882,18.186874,-26.918134,20.090009,20.089819,0
4,9,1,-18.228756,18.186874,-26.918134,19.144344,19.145865,0
5,9,1,-16.190630,18.186874,-26.918134,18.309763,18.312941,0
6,9,1,-14.152504,18.186874,-26.918134,17.595962,17.600681,0
7,9,1,-12.114378,18.186874,-26.918134,17.012147,17.018223,0
8,9,1,-10.076252,18.186874,-26.918134,16.566550,16.573726,0
9,9,1,-8.038126,18.186874,-26.918134,16.265927,16.273879,0
10,9,1,-6.000000,18.186874,-26.918134,16.115084,16.123436,0
11,9,1,-3.961874,18.186874,-26.918134,16.116512,16.124861,0
12,9,1,-1.923748,18.186874,-26.918134,16.270188,16.278128,0
13,9,1,0.114378,18.186874,-26.918134,16.573574,16.580732,0
14,9,1,2.152504,18.186874,-26.918134,17.021823,17.027876,0
15,9,1,4.190630,18.186874,-26.918134,17.608149,17.612841,0
16,9,1,6.228756,18.186874,-26.918134,18.324296,18.327444,0
17,9,1,8.266882,18.186874,-26.918134,19.161045,19.162534,0
18,9,1,10.305008,18.186874,-26.918134,20.108694,20.108472,0
19,9,1,12.343134,18.186874,-26.918134,21.157468,21.155530,0
20,9,1,14.381260,18.186874,-26.918134,22.297838,22.294218,0
0,10,1,-26.381260,20.225000,-26.918134,23.332131,23.327127,0
1,10,1,-24.343134,20.225000,-26.918134,22.104609,22.101262,0
2,10,1,-22.305008,20.225000,-26.918134,20.959789,20.958161,0
3,10,1,-20.266882,20.225000,-26.918134,19.906834,19.906962,0
4,10,1,-18.228756,20.225000,-26.918134,18.955404,18.957288,0
5,10,1,-16.190630,20.225000,-26.918134,18.115424,18.119010,0
6,10,1,-14.152504,20.225000,-26.918134,17.396755,17.401927,0
7,10,1,-12.114378,20.225000,-26.918134,16.808771,16.815342,0
8,10,1,-10.076252,20.225000,-26.918134,16.359873,16.367580,0
9,10,1,-8.038126,20.225000,-26.918134,16.056962,16.065470,0
10,10,1,-6.000000,20.225000,-26.918134,15.904951,15.913873,0
11,10,1,-3.961874,20.225000,-26.918134,15.906390,15.915308,0
12,10,1,-1.923748,20.225000,-26.918134,16.061255,16.069752,0
13,10,1,0.114378,20.225000,-26.918134,16.366949,16.374637,0
14,10,1,2.152504,20.225000,-26.918134,16.818518,16.825065,0
15,10,1,4.190630,20.225000,-26.918134,17.409027,17.414171,0
16,10,1,6.228756,20.225000,-26.918134,18.130054,18.133609,0
17,10,1,8.266882,20.225000,-26.918134,18.972210,18.974061,0
18,10,1,10.305008,20.225000,-26.918134,19.925629,19.925725,0
19,10,1,12.343134,20.225000,-26.918134,20.980390,20.978730,0
20,10,1,14.381260,20.225000,-26.918134,22.126840,22.123461,0
0,11,1,-26.381260,22.263126,-26.918134,23.287343,23.282397,0
1,11,1,-24.343134,22.263126,-26.918134,22.058163,22.054882,0
2,11,1,-22.305008,22.263126,-26.918134,20.911681,20.910130,0
3,11,1,-20.266882,22.263126,-26.918134,19.857089,19.857305,0
4,11,1,-18.228756,22.263126,-26.918134,18.904082,18.906065,0
5,11,1,-16.190630,22.263126,-26.918134,18.062623,18.066321,0
6,11,1,-14.152504,22.263126,-26.918134,17.342619,17.347916,0
7,11,1,-12.114378,22.263126,-26.918134,16.753492,16.760200,0
8,11,1,-10.076252,22.263126,-26.918134,16.303689,16.311542,0
9,11,1,-8.038126,22.263126,-26.918134,16.000149,16.008811,0
10,11,1,-6.000000,22.263126,-26.918134,15.847817,15.856897,0
11,11,1,-3.961874,22.263126,-26.918134,15.849260,15.858336,0
12,11,1,-1.923748,22.263126,-26.918134,16.004451,16.013101,0
13,11,1,0.114378,22.263126,-26.918134,16.310779,16.318614,0
14,11,1,2.152504,22.263126,-26.918134,16.763258,16.769942,0
15,11,1,4.190630,22.263126,-26.918134,17.354915,17.360183,0
16,11,1,6.228756,22.263126,-26.918134,18.077280,18.080946,0
17,11,1,8.266882,22.263126,-26.918134,18.920916,18.922867,0
18,11,1,10.305008,22.263126,-26.918134,19.875915,19.876098,0
19,11,1,12.343134,22.263126,-26.918134,20.932313,20.930730,0
20,11,1,14.381260,22.263126,-26.918134,22.080425,22.077112,0
0,12,1,-26.381260,24.301252,-26.918134,23.363276,23.358232,0
1,12,1,-24.343134,24.301252,-26.918134,22.136905,22.133512,0
2,12,1,-22.305008,24.301252,-26.918134,20.993237,20.991556,0
3,12,1,-20.266882,24.301252,-26.918134,19.941417,19.941485,0
4,12,1,-18.228756,24.301252,-26.918134,18.991081,18.992895,0
5,12,1,-16.190630,24.301252,-26.918134,18.152126,18.155634,0
6,12,1,-14.152504,24.301252,-26.918134,17.434381,17.439467,0
7,12,1,-12.114378,24.301252,-26.918134,16.847190,16.853666,0
8,12,1,-10.076252,24.301252,-26.918134,16.398919,16.406524,0
9,12,1,-8.038126,24.301252,-26.918134,16.096442,16.104845,0
10,12,1,-6.000000,24.301252,-26.918134,15.944654,15.953467,0
11,12,1,-3.961874,24.301252,-26.918134,15.946091,15.954900,0
12,12,1,-1.923748,24.301252,-26.918134,16.100729,16.109120,0
13,12,1,0.114378,24.301252,-26.918134,16.405985,16.413572,0
14,12,1,2.152504,24.301252,-26.918134,16.856923,16.863375,0
15,12,1,4.190630,24.301252,-26.918134,17.446637,17.451695,0
16,12,1,6.228756,24.301252,-26.918134,18.166738,18.170215,0
17,12,1,8.266882,24.301252,-26.918134,19.007867,19.009649,0
18,12,1,10.305008,24.301252,-26.918134,19.960191,19.960227,0
19,12,1,12.343134,24.301252,-26.918134,21.013817,21.012104,0
20,12,1,14.381260,24.301252,-26.918134,22.159114,22.155690,0
0,13,1,-26.381260,26.339378,-26.918134,23.559136,23.553844,0
1,13,1,-24.343134,26.339378,-26.918134,22.339950,22.336271,0
2,13,1,-22.305008,26.339378,-26.918134,21.203474,21.201464,0
3,13,1,-20.266882,26.339378,-26.918134,20.158731,20.158423,0
4,13,1,-18.228756,26.339378,-26.918134,19.215211,19.216598,0
5,13,1,-16.190630,26.339378,-26.918134,18.382636,18.385664,0
6,13,1,-14.152504,26.339378,-26.918134,17.670645,17.675197,0
7,13,1,-12.114378,26.339378,-26.918134,17.088377,17.094270,0
8,13,1,-10.076252,26.339378,-26.918134,16.644005,16.650985,0
9,13,1,-8.038126,26.339378,-26.918134,16.344231,16.351978,0
10,13,1,-6.000000,26.339378,-26.918134,16.193820,16.201963,0
11,13,1,-3.961874,26.339378,-26.918134,16.195244,16.203383,0
12,13,1,-1.923748,26.339378,-26.918134,16.348479,16.356215,0
13,13,1,0.114378,26.339378,-26.918134,16.651009,16.657971,0
14,13,1,2.152504,26.339378,-26.918134,17.098027,17.103897,0
15,13,1,4.190630,26.339378,-26.918134,17.682800,17.687325,0
16,13,1,6.228756,26.339378,-26.918134,18.397134,18.400131,0
17,13,1,8.266882,26.339378,-26.918134,19.231873,19.233228,0
18,13,1,10.305008,26.339378,-26.918134,20.177375,20.177035,0
19,13,1,12.343134,26.339378,-26.918134,21.223920,21.221879,0
20,13,1,14.381260,26.339378,-26.918134,22.362025,22.358315,0
0,14,1,-26.381260,28.377504,-26.918134,23.872907,23.867227,0
1,14,1,-24.343134,28.377504,-26.918134,22.665056,22.660930,0
2,14,1,-22.305008,28.377504,-26.918134,21.539905,21.537383,0
3,14,1,-20.266882,28.377504,-26.918134,20.506288,20.505395,0
4,14,1,-18.228756,28.377504,-26.918134,19.573464,19.574188,0
5,14,1,-16.190630,28.377504,-26.918134,18.750887,18.753171,0
6,14,1,-14.152504,28.377504,-26.918134,18.047895,18.051624,0
7,14,1,-12.114378,28.377504,-26.918134,17.473318,17.478315,0
8,14,1,-10.076252,28.377504,-26.918134,17.035029,17.041050,0
9,14,1,-8.038126,28.377504,-26.918134,16.739467,16.746209,0
10,14,1,-6.000000,28.377504,-26.918134,16.591204,16.598318,0
11,14,1,-3.961874,28.377504,-26.918134,16.592608,16.599718,0
12,14,1,-1.923748,28.377504,-26.918134,16.743655,16.750387,0
13,14,1,0.114378,28.377504,-26.918134,17.041935,17.047940,0
14,14,1,2.152504,28.377504,-26.918134,17.482838,17.487813,0
15,14,1,4.190630,28.377504,-26.918134,18.059893,18.063596,0
16,14,1,6.228756,28.377504,-26.918134,18.765205,18.767461,0
17,14,1,8.266882,28.377504,-26.918134,19.589932,19.590626,0
18,14,1,10.305008,28.377504,-26.918134,20.524727,20.523804,0
19,14,1,12.343134,28.377504,-26.918134,21.560140,21.557588,0
20,14,1,14.381260,28.377504,-26.918134,22.686918,22.682763,0
0,15,1,-26.381260,30.415630,-26.918134,24.301454,24.295260,0
1,15,1,-24.343134,30.415630,-26.918134,23.108742,23.104026,0
2,15,1,-22.305008,30.415630,-26.918134,21.998681,21.995485,0
3,15,1,-20.266882,30.415630,-26.918134,20.979854,20.978195,0
4,15,1,-18.228756,30.415630,-26.918134,20.061214,20.061074,0
5,15,1,-16.190630,30.415630,-26.918134,19.251863,19.253181,0
6,15,1,-14.152504,30.415630,-26.918134,18.560750,18.563414,0
7,15,1,-12.114378,30.415630,-26.918134,17.996307,18.000146,0
8,15,1,-10.076252,30.415630,-26.918134,17.566018,17.570804,0
9,15,1,-8.038126,30.415630,-26.918134,17.275989,17.281440,0
10,15,1,-6.000000,30.415630,-26.918134,17.130545,17.136338,0
11,15,1,-3.961874,30.415630,-26.918134,17.131922,17.137712,0
12,15,1,-1.923748,30.415630,-26.918134,17.280097,17.285539,0
13,15,1,0.114378,30.415630,-26.918134,17.572796,17.577567,0
14,15,1,2.152504,30.415630,-26.918134,18.005656,18.009475,0
15,15,1,4.190630,30.415630,-26.918134,18.572541,18.575181,0
16,15,1,6.228756,30.415630,-26.918134,19.265945,19.267236,0
17,15,1,8.266882,30.415630,-26.918134,20.077424,20.077256,0
18,15,1,10.305008,30.415630,-26.918134,20.998021,20.996333,0
19,15,1,12.343134,30.415630,-26.918134,22.018636,22.015412,0
20,15,1,14.381260,30.415630,-26.918134,23.130321,23.125577,0
0,16,1,-26.381260,32.453756,-26.918134,24.840669,24.833853,0
1,16,1,-24.343134,32.453756,-26.918134,23.666466,23.661041,0
2,16,1,-22.305008,32.453756,-26.918134,22.574800,22.570797,0
3,16,1,-20.266882,32.453756,-26.918134,21.573948,21.571375,0
4,16,1,-18.228756,32.453756,-26.918134,20.672495,20.671329,0
5,16,1,-16.190630,32.453756,-26.918134,19.879123,19.879301,0
6,16,1,-14.152504,32.453756,-26.918134,19.202325,19.203736,0
7,16,1,-12.114378,32.453756,-26.918134,18.650060,18.652545,0
8,16,1,-10.076252,32.453756,-26.918134,18.229367,18.232713,0
9,16,1,-8.038126,32.453756,-26.918134,17.945965,17.949913,0
10,16,1,-6.000000,32.453756,-26.918134,17.803894,17.808151,0
11,16,1,-3.961874,32.453756,-26.918134,17.805239,17.809493,0
12,16,1,-1.923748,32.453756,-26.918134,17.949979,17.953919,0
13,16,1,0.114378,32.453756,-26.918134,18.235992,18.239324,0
14,16,1,2.152504,32.453756,-26.918134,18.659204,18.661670,0
15,16,1,4.190630,32.453756,-26.918134,19.213866,19.215256,0
16,16,1,6.228756,32.453756,-26.918134,19.892920,19.893074,0
17,16,1,8.266882,32.453756,-26.918134,20.688393,20.687201,0
18,16,1,10.305008,32.453756,-26.918134,21.591785,21.589186,0
19,16,1,12.343134,32.453756,-26.918134,22.594414,22.590384,0
20,16,1,14.381260,32.453756,-26.918134,23.687699,23.682247,0
0,17,1,-26.381260,34.491882,-26.918134,25.485659,25.478135,0
1,17,1,-24.343134,34.491882,-26.918134,24.332843,24.326612,0
2,17,1,-22.305008,34.491882,-26.918134,23.262360,23.257446,0
3,17,1,-20.266882,34.491882,-26.918134,22.282135,22.278536,0
4,17,1,-18.228756,34.491882,-26.918134,21.400337,21.398025,0
5,17,1,-16.190630,34.491882,-26.918134,20.625177,20.624088,0
6,17,1,-14.152504,34.491882,-26.918134,19.964642,19.964670,0
7,17,1,-12.114378,34.491882,-26.918134,19.426177,19.427170,0
8,17,1,-10.076252,34.491882,-26.918134,19.016330,19.018096,0
9,17,1,-8.038126,34.491882,-26.918134,18.740406,18.742710,0
10,17,1,-6.000000,34.491882,-26.918134,18.602136,18.604716,0
11,17,1,-3.961874,34.491882,-26.918134,18.603444,18.606022,0
12,17,1,-1.923748,34.491882,-26.918134,18.744313,18.746610,0
13,17,1,0.114378,34.491882,-26.918134,19.022782,19.024536,0
14,17,1,2.152504,34.491882,-26.918134,19.435088,19.436065,0
15,17,1,4.190630,34.491882,-26.918134,19.975900,19.975908,0
16,17,1,6.228756,34.491882,-26.918134,20.638650,20.637539,0
17,17,1,8.266882,34.491882,-26.918134,21.415878,21.413544,0
18,17,1,10.305008,34.491882,-26.918134,22.299593,22.295971,0
19,17,1,12.343134,34.491882,-26.918134,23.281582,23.276643,0
20,17,1,14.381260,34.491882,-26.918134,24.353677,24.347421,0
0,18,1,-26.381260,36.530008,-26.918134,26.230941,26.222640,0
1,18,1,-24.343134,36.530008,-26.918134,25.101872,25.094764,0
2,18,1,-22.305008,36.530008,-26.918134,24.054820,24.048920,0
3,18,1,-20.266882,36.530008,-26.918134,23.097324,23.092623,0
4,18,1,-18.228756,36.530008,-26.918134,22.237102,22.233567,0
5,18,1,-16.190630,36.530008,-26.918134,21.481862,21.479427,0
6,18,1,-14.152504,36.530008,-26.918134,20.839054,20.837619,0
7,18,1,-12.114378,36.530008,-26.918134,20.315585,20.315010,0
8,18,1,-10.076252,36.530008,-26.918134,19.917497,19.917607,0
9,18,1,-8.038126,36.530008,-26.918134,19.649662,19.650248,0
10,18,1,-6.000000,36.530008,-26.918134,19.515500,19.516330,0
11,18,1,-3.961874,36.530008,-26.918134,19.516770,19.517597,0
12,18,1,-1.923748,36.530008,-26.918134,19.653453,19.654033,0
13,18,1,0.114378,36.530008,-26.918134,19.923761,19.923860,0
14,18,1,2.152504,36.530008,-26.918134,20.324243,20.323654,0
15,18,1,4.190630,36.530008,-26.918134,20.850004,20.848551,0
16,18,1,6.228756,36.530008,-26.918134,21.494980,21.492526,0
17,18,1,8.266882,36.530008,-26.918134,22.252253,22.248697,0
18,18,1,10.305008,36.530008,-26.918134,23.114366,23.109644,0
19,18,1,12.343134,36.530008,-26.918134,24.073609,24.067686,0
20,18,1,14.381260,36.530008,-26.918134,25.122263,25.115133,0
0,19,1,-26.381260,38.568134,-26.918134,27.070638,27.061514,0
1,19,1,-24.343134,38.568134,-26.918134,25.967161,25.959130,0
2,19,1,-22.305008,38.568134,-26.918134,24.945261,24.938328,0
3,19,1,-20.266882,38.568134,-26.918134,24.012062,24.006213,0
4,19,1,-18.228756,38.568134,-26.918134,23.174812,23.170010,0
5,19,1,-16.190630,38.568134,-26.918134,22.440699,22.436880,0
6,19,1,-14.152504,38.568134,-26.918134,21.816627,21.813696,0
7,19,1,-12.114378,38.568134,-26.918134,21.308956,21.306784,0
8,19,1,-10.076252,38.568134,-26.918134,20.923223,20.921653,0
9,19,1,-8.038126,38.568134,-26.918134,20.663872,20.662720,0
10,19,1,-6.000000,38.568134,-26.918134,20.534013,20.533074,0
11,19,1,-3.961874,38.568134,-26.918134,20.535242,20.534301,0
12,19,1,-1.923748,38.568134,-26.918134,20.667543,20.666385,0
13,19,1,0.114378,38.568134,-26.918134,20.929290,20.927711,0
14,19,1,2.152504,38.568134,-26.918134,21.317349,21.315165,0
15,19,1,4.190630,38.568134,-26.918134,21.827252,21.824305,0
16,19,1,6.228756,38.568134,-26.918134,22.453442,22.449606,0
17,19,1,8.266882,38.568134,-26.918134,23.189549,23.184728,0
18,19,1,10.305008,38.568134,-26.918134,24.028660,24.022792,0
19,19,1,12.343134,38.568134,-26.918134,24.963585,24.956632,0
20,19,1,14.381260,38.568134,-26.918134,25.987076,25.979025,0
0,20,1,-26.381260,40.606260,-26.918134,27.998666,27.988689,0
1,20,1,-24.343134,40.606260,-26.918134,26.922139,26.913157,0
2,20,1,-22.305008,40.606260,-26.918134,25.926612,25.918622,0
3,20,1,-20.266882,40.606260,-26.918134,25.018783,25.011768,0
4,20,1,-18.228756,40.606260,-26.918134,24.205422,24.199342,0
5,20,1,-16.190630,40.606260,-26.918134,23.493193,23.487985,0
6,20,1,-14.152504,40.606260,-26.918134,22.888458,22.884032,0
7,20,1,-12.114378,40.606260,-26.918134,22.397039,22.393281,0
8,20,1,-10.076252,40.606260,-26.918134,22.023983,22.020751,0
9,20,1,-8.038126,40.606260,-26.918134,21.773321,21.770453,0
10,20,1,-6.000000,40.606260,-26.918134,21.647863,21.645180,0
11,20,1,-3.961874,40.606260,-26.918134,21.649050,21.646365,0
12,20,1,-1.923748,40.606260,-26.918134,21.776867,21.773994,0
13,20,1,0.114378,40.606260,-26.918134,22.029849,22.026609,0
14,20,1,2.152504,40.606260,-26.918134,22.405160,22.401390,0
15,20,1,4.190630,40.606260,-26.918134,22.898747,22.894308,0
16,20,1,6.228756,40.606260,-26.918134,23.505549,23.500325,0
17,20,1,8.266882,40.606260,-26.918134,24.219729,24.213632,0
18,20,1,10.305008,40.606260,-26.918134,25.034919,25.027886,0
19,20,1,12.343134,40.606260,-26.918134,25.944450,25.936443,0
20,20,1,14.381260,40.606260,-26.918134,26.941554,26.932553,0
0,0,2,-26.381260,-0.156260,-24.880008,28.496102,28.485691,0
1,0,2,-24.343134,-0.156260,-24.880008,27.433478,27.424014,0
2,0,2,-22.305008,-0.156260,-24.880008,26.451512,26.442990,0
3,0,2,-20.266882,-0.156260,-24.880008,25.556689,25.549089,0
4,0,2,-18.228756,-0.156260,-24.880008,24.755536,24.748816,0
5,0,2,-16.190630,-0.156260,-24.880008,24.054457,24.048557,0
6,0,2,-14.152504,-0.156260,-24.880008,23.459547,23.454381,0
7,0,2,-12.114378,-0.156260,-24.880008,22.976368,22.971826,0
8,0,2,-10.076252,-0.156260,-24.880008,22.609726,22.605675,0
9,0,2,-8.038126,-0.156260,-24.880008,22.363452,22.359740,0
10,0,2,-6.000000,-0.156260,-24.880008,22.240216,22.236677,0
11,0,2,-3.961874,-0.156260,-24.880008,22.241382,22.237841,0
12,0,2,-1.923748,-0.156260,-24.880008,22.366936,22.363220,0
13,0,2,0.114378,-0.156260,-24.880008,22.615490,22.611431,0
14,0,2,2.152504,-0.156260,-24.880008,22.984350,22.979798,0
15,0,2,4.190630,-0.156260,-24.880008,23.469667,23.464488,0
16,0,2,6.228756,-0.156260,-24.880008,24.066616,24.060701,0
17,0,2,8.266882,-0.156260,-24.880008,24.769623,24.762888,0
18,0,2,10.305008,-0.156260,-24.880008,25.572589,25.564971,0
19,0,2,12.343134,-0.156260,-24.880008,26.469102,26.460562,0
20,0,2,14.381260,-0.156260,-24.880008,27.452636,27.443154,0
0,1,2,-26.381260,1.881866,-24.880008,27.392454,27.383028,0
1,1,2,-24.343134,1.881866,-24.880008,26.298477,26.290108,0
2,1,2,-22.305008,1.881866,-24.880008,25.285885,25.278576,0
3,1,2,-20.266882,1.881866,-24.880008,24.361653,24.355389,0
4,1,2,-18.228756,1.881866,-24.880008,23.532858,23.527600,0
5,1,2,-16.190630,1.881866,-24.880008,22.806501,22.802184,0
6,1,2,-14.152504,1.881866,-24.880008,22.189289,22.185822,0
7,1,2,-12.114378,1.881866,-24.880008,21.687390,21.684649,0
8,1,2,-10.076252,1.881866,-24.880008,21.306164,21.303996,0
9,1,2,-8.038126,1.881866,-24.880008,21.049903,21.048133,0
10,1,2,-6.000000,1.881866,-24.880008,20.921611,20.920044,0
11,1,2,-3.961874,1.881866,-24.880008,20.922824,20.921255,0
12,1,2,-1.923748,1.881866,-24.880008,21.053530,21.051754,0
13,1,2,0.114378,1.881866,-24.880008,21.312159,21.309983,0
14,1,2,2.152504,1.881866,-24.880008,21.695687,21.692933,0
15,1,2,4.190630,1.881866,-24.880008,22.199795,22.196313,0
16,1,2,6.228756,1.881866,-24.880008,22.819107,22.814773,0
17,1,2,8.266882,1.881866,-24.880008,23.547443,23.542166,0
18,1,2,10.305008,1.881866,-24.880008,24.378088,24.371804,0
19,1,2,12.343134,1.881866,-24.880008,25.304038,25.296709,0
20,1,2,14.381260,1.881866,-24.880008,26.318216,26.309827,0
0,2,2,-26.381260,3.919992,-24.880008,26.367269,26.358831,0
1,2,2,-24.343134,3.919992,-24.880008,25.242436,25.235175,0
2,2,2,-22.305008,3.919992,-24.880008,24.199556,24.193483,0
3,2,2,-20.266882,3.919992,-24.880008,23.246096,23.241202,0
4,2,2,-18.228756,3.919992,-24.880008,22.389696,22.385948,0
5,2,2,-16.190630,3.919992,-24.880008,21.637978,21.635310,0
6,2,2,-14.152504,3.919992,-24.880008,20.998298,20.996610,0
7,2,2,-12.114378,3.919992,-24.880008,20.477469,20.476624,0
8,2,2,-10.076252,3.919992,-24.880008,20.081449,20.081273,0
9,2,2,-8.038126,3.919992,-24.880008,19.815035,19.815325,0
10,2,2,-6.000000,3.919992,-24.880008,19.681594,19.682123,0
11,2,2,-3.961874,3.919992,-24.880008,19.682857,19.683383,0
12,2,2,-1.923748,3.919992,-24.880008,19.818806,19.819090,0
13,2,2,0.114378,3.919992,-24.880008,20.087680,20.087494,0
14,2,2,2.152504,3.919992,-24.880008,20.486083,20.485224,0
15,2,2,4.190630,3.919992,-24.880008,21.009194,21.007488,0
16,2,2,6.228756,3.919992,-24.880008,21.651034,21.648346,0
17,2,2,8.266882,3.919992,-24.880008,22.404779,22.401010,0
18,2,2,10.305008,3.919992,-24.880008,23.263065,23.258149,0
19,2,2,12.343134,3.919992,-24.880008,24.218267,24.212172,0
20,2,2,14.381260,3.919992,-24.880008,25.262749,25.255465,0
0,3,2,-26.381260,5.958118,-24.880008,25.427155,25.419693,0
1,3,2,-24.343134,5.958118,-24.880008,24.272431,24.266272,0
2,3,2,-22.305008,5.958118,-24.880008,23.200063,23.195228,0
3,3,2,-20.266882,5.958118,-24.880008,22.218004,22.214496,0
4,3,2,-18.228756,5.958118,-24.880008,21.334462,21.332251,0
5,3,2,-16.190630,5.958118,-24.880008,20.557689,20.556711,0
6,3,2,-14.152504,5.958118,-24.880008,19.895715,19.895864,0
7,3,2,-12.114378,5.958118,-24.880008,19.356031,19.357154,0
8,3,2,-10.076252,5.958118,-24.880008,18.945227,18.947130,0
9,3,2,-8.038126,5.958118,-24.880008,18.668643,18.671090,0
10,3,2,-6.000000,5.958118,-24.880008,18.530039,18.532765,0
11,3,2,-3.961874,5.958118,-24.880008,18.531350,18.534074,0
12,3,2,-1.923748,5.958118,-24.880008,18.672560,18.674999,0
13,3,2,0.114378,5.958118,-24.880008,18.951694,18.953585,0
14,3,2,2.152504,5.958118,-24.880008,19.364962,19.366069,0
15,3,2,4.190630,5.958118,-24.880008,19.906998,19.907127,0
16,3,2,6.228756,5.958118,-24.880008,20.571190,20.570190,0
17,3,2,8.266882,5.958118,-24.880008,21.350035,21.347801,0
18,3,2,10.305008,5.958118,-24.880008,22.235496,22.231963,0
19,3,2,12.343134,5.958118,-24.880008,23.219319,23.214460,0
20,3,2,14.381260,5.958118,-24.880008,24.293301,24.287116,0
0,4,2,-26.381260,7.996244,-24.880008,24.578839,24.572322,0
1,4,2,-24.343134,7.996244,-24.880008,23.395723,23.390638,0
2,4,2,-22.305008,7.996244,-24.880008,22.295205,22.291588,0
3,4,2,-20.266882,7.996244,-24.880008,21.285711,21.283575,0
4,4,2,-18.228756,7.996244,-24.880008,20.376001,20.375325,0
5,4,2,-16.190630,7.996244,-24.880008,19.574959,19.575681,0
6,4,2,-14.152504,7.996244,-24.880008,18.891296,18.893304,0
7,4,2,-12.114378,7.996244,-24.880008,18.333194,18.336323,0
8,4,2,-10.076252,7.996244,-24.880008,17.907904,17.911935,0
9,4,2,-8.038126,7.996244,-24.880008,17.621329,17.625991,0
10,4,2,-6.000000,7.996244,-24.880008,17.477643,17.482630,0
11,4,2,-3.961874,7.996244,-24.880008,17.479003,17.483987,0
12,4,2,-1.923748,7.996244,-24.880008,17.625388,17.630042,0
13,4,2,0.114378,7.996244,-24.880008,17.914602,17.918618,0
14,4,2,2.152504,7.996244,-24.880008,18.342436,18.345546,0
15,4,2,4.190630,7.996244,-24.880008,18.902957,18.904942,0
16,4,2,6.228756,7.996244,-24.880008,19.588893,19.589589,0
17,4,2,8.266882,7.996244,-24.880008,20.392049,20.391346,0
18,4,2,10.305008,7.996244,-24.880008,21.303706,21.301543,0
19,4,2,12.343134,7.996244,-24.880008,22.314983,22.311339,0
20,4,2,14.381260,7.996244,-24.880008,23.417122,23.412010,0
0,5,2,-26.381260,10.034370,-24.880008,23.829013,23.823387,0
1,5,2,-24.343134,10.034370,-24.880008,22.619590,22.615526,0
2,5,2,-22.305008,10.034370,-24.880008,21.492868,21.490417,0
3,5,2,-20.266882,10.034370,-24.880008,20.457711,20.456898,0
4,5,2,-18.228756,10.034370,-24.880008,19.523406,19.524222,0
5,5,2,-16.190630,10.034370,-24.880008,18.699447,18.701833,0
6,5,2,-14.152504,10.034370,-24.880008,17.995211,17.999053,0
7,5,2,-12.114378,10.034370,-24.880008,17.419573,17.424693,0
8,5,2,-10.076252,10.034370,-24.880008,16.980445,16.986597,0
9,5,2,-8.038126,10.034370,-24.880008,16.684302,16.691182,0
10,5,2,-6.000000,10.034370,-24.880008,16.535743,16.542997,0
11,5,2,-3.961874,10.034370,-24.880008,16.537150,16.544400,0
12,5,2,-1.923748,10.034370,-24.880008,16.688498,16.695367,0
13,5,2,0.114378,10.034370,-24.880008,16.987365,16.993500,0
14,5,2,2.152504,10.034370,-24.880008,17.429111,17.434209,0
15,5,2,4.190630,10.034370,-24.880008,18.007231,18.011047,0
16,5,2,6.228756,10.034370,-24.880008,18.713790,18.716147,0
17,5,2,8.266882,10.034370,-24.880008,19.539901,19.540686,0
18,5,2,10.305008,10.034370,-24.880008,20.476178,20.475335,0
19,5,2,12.343134,10.034370,-24.880008,21.513133,21.510651,0
20,5,2,14.381260,10.034370,-24.880008,22.641481,22.637388,0
0,6,2,-26.381260,12.072496,-24.880008,23.184141,23.179327,0
1,6,2,-24.343134,12.072496,-24.880008,21.951121,21.947994,0
2,6,2,-22.305008,12.072496,-24.880008,20.800791,20.799418,0
3,6,2,-20.266882,12.072496,-24.880008,19.742407,19.742827,0
4,6,2,-18.228756,12.072496,-24.880008,18.785742,18.787957,0
5,6,2,-16.190630,12.072496,-24.880008,17.940853,17.944812,0
6,6,2,-14.152504,12.072496,-24.880008,17.217752,17.223340,0
7,6,2,-12.114378,12.072496,-24.880008,16.625971,16.632997,0
8,6,2,-10.076252,12.072496,-24.880008,16.174064,16.182259,0
9,6,2,-8.038126,12.072496,-24.880008,15.869065,15.878086,0
10,6,2,-6.000000,12.072496,-24.880008,15.715988,15.725436,0
11,6,2,-3.961874,12.072496,-24.880008,15.717438,15.726882,0
12,6,2,-1.923748,12.072496,-24.880008,15.873388,15.882397,0
13,6,2,0.114378,12.072496,-24.880008,16.181188,16.189364,0
14,6,2,2.152504,12.072496,-24.880008,16.635782,16.642783,0
15,6,2,4.190630,12.072496,-24.880008,17.230102,17.235661,0
16,6,2,6.228756,12.072496,-24.880008,17.955571,17.959498,0
17,6,2,8.266882,12.072496,-24.880008,18.802643,18.804825,0
18,6,2,10.305008,12.072496,-24.880008,19.761303,19.761689,0
19,6,2,12.343134,12.072496,-24.880008,20.821496,20.820089,0
20,6,2,14.381260,12.072496,-24.880008,21.973456,21.970296,0
0,7,2,-26.381260,14.110622,-24.880008,22.650241,22.646135,0
1,7,2,-24.343134,14.110622,-24.880008,21.396964,21.394658,0
2,7,2,-22.305008,14.110622,-24.880008,20.226285,20.225862,0
3,7,2,-20.266882,14.110622,-24.880008,19.147799,19.149313,0
4,7,2,-18.228756,14.110622,-24.880008,18.171700,18.175167,0
5,7,2,-16.190630,14.110622,-24.880008,17.308549,17.313925,0
6,7,2,-14.152504,14.110622,-24.880008,16.568923,16.576092,0
7,7,2,-12.114378,14.110622,-24.880008,15.962953,15.971716,0
8,7,2,-10.076252,14.110622,-24.880008,15.499779,15.509845,0
9,7,2,-8.038126,14.110622,-24.880008,15.186955,15.197944,0
10,7,2,-6.000000,14.110622,-24.880008,15.029881,15.041349,0
11,7,2,-3.961874,14.110622,-24.880008,15.031369,15.042832,0
12,7,2,-1.923748,14.110622,-24.880008,15.191390,15.202366,0
13,7,2,0.114378,14.110622,-24.880008,15.507084,15.517128,0
14,7,2,2.152504,14.110622,-24.880008,15.973004,15.981740,0
15,7,2,4.190630,14.110622,-24.880008,16.581562,16.588700,0
16,7,2,6.228756,14.110622,-24.880008,17.323595,17.328936,0
17,7,2,8.266882,14.110622,-24.880008,18.188956,18.192386,0
18,7,2,10.305008,14.110622,-24.880008,19.167066,19.168544,0
19,7,2,12.343134,14.110622,-24.880008,20.247369,20.246910,0
20,7,2,14.381260,14.110622,-24.880008,21.419679,21.417339,0
0,8,2,-26.381260,16.148748,-24.880008,22.232648,22.229119,0
1,8,2,-24.343134,16.148748,-24.880008,20.963048,20.961415,0
2,8,2,-22.305008,16.148748,-24.880008,19.775915,19.776276,0
3,8,2,-20.266882,16.148748,-24.880008,18.681118,18.683541,0
4,8,2,-18.228756,16.148748,-24.880008,17.689196,17.693707,0
5,8,2,-16.190630,16.148748,-24.880008,16.811123,16.817688,0
6,8,2,-14.152504,16.148748,-24.880008,16.057947,16.066453,0
7,8,2,-12.114378,16.148748,-24.880008,15.440309,15.450547,0
8,8,2,-10.076252,16.148748,-24.880008,14.967847,14.979507,0
9,8,2,-8.038126,16.148748,-24.880008,14.648559,14.661231,0
10,8,2,-6.000000,16.148748,-24.880008,14.488179,14.501376,0
11,8,2,-3.961874,16.148748,-24.880008,14.489698,14.502890,0
12,8,2,-1.923748,16.148748,-24.880008,14.653087,14.665744,0
13,8,2,0.114378,16.148748,-24.880008,14.975301,14.986938,0
14,8,2,2.152504,16.148748,-24.880008,15.450558,15.460766,0
15,8,2,4.190630,16.148748,-24.880008,16.070824,16.079295,0
16,8,2,6.228756,16.148748,-24.880008,16.826436,16.832963,0
17,8,2,8.266882,16.148748,-24.880008,17.706741,17.711213,0
18,8,2,10.305008,16.148748,-24.880008,18.700688,18.703071,0
19,8,2,12.343134,16.148748,-24.880008,19.797307,19.797629,0
20,8,2,14.381260,16.148748,-24.880008,20.986070,20.984401,0
0,9,2,-26.381260,18.186874,-24.880008,21.935774,21.932669,0
1,9,2,-24.343134,18.186874,-24.880008,20.654303,20.653166,0
2,9,2,-22.305008,18.186874,-24.880008,19.455174,19.456114,0
3,9,2,-20.266882,18.186874,-24.880008,18.348451,18.351548,0
4,9,2,-18.228756,18.186874,-24.880008,17.344926,17.350218,0
5,9,2,-16.190630,18.186874,-24.880008,16.455881,16.463339,0
6,9,2,-14.152504,18.186874,-24.880008,15.692717,15.702231,0
7,9,2,-12.114378,18.186874,-24.880008,15.066456,15.077812,0
8,9,2,-10.076252,18.186874,-24.880008,14.587117,14.599989,0
9,9,2,-8.038126,18.186874,-24.880008,14.263033,14.276988,0
10,9,2,-6.000000,18.186874,-24.880008,14.100200,14.114717,0
11,9,2,-3.961874,18.186874,-24.880008,14.101742,14.116254,0
12,9,2,-1.923748,18.186874,-24.880008,14.267630,14.281570,0
13,9,2,0.114378,18.186874,-24.880008,14.594681,14.607528,0
14,9,2,2.152504,18.186874,-24.880008,15.076852,15.088176,0
15,9,2,4.190630,18.186874,-24.880008,15.705770,15.715247,0
16,9,2,6.228756,18.186874,-24.880008,16.471392,16.478810,0
17,9,2,8.266882,18.186874,-24.880008,17.362683,17.367934,0
18,9,2,10.305008,18.186874,-24.880008,18.368241,18.371298,0
19,9,2,12.343134,18.186874,-24.880008,19.476789,19.477690,0
20,9,2,14.381260,18.186874,-24.880008,20.677549,20.676374,0
0,10,2,-26.381260,20.225000,-24.880008,21.762892,21.760039,0
1,10,2,-24.343134,20.225000,-24.880008,20.474402,20.473562,0
2,10,2,-22.305008,20.225000,-24.880008,19.268168,19.269456,0
3,10,2,-20.266882,20.225000,-24.880008,18.154370,18.157873,0
4,10,2,-18.228756,20.225000,-24.880008,17.143948,17.149709,0
5,10,2,-16.190630,20.225000,-24.880008,16.248367,16.256365,0
6,10,2,-14.152504,20.225000,-24.880008,15.479244,15.489368,0
7,10,2,-12.114378,20.225000,-24.880008,14.847829,14.859864,0
8,10,2,-10.076252,20.225000,-24.880008,14.364373,14.377984,0
9,10,2,-8.038126,20.225000,-24.880008,14.037417,14.052155,0
10,10,2,-6.000000,20.225000,-24.880008,13.873111,13.888436,0
11,10,2,-3.961874,20.225000,-24.880008,13.874668,13.889987,0
12,10,2,-1.923748,20.225000,-24.880008,14.042055,14.056777,0
13,10,2,0.114378,20.225000,-24.880008,14.372003,14.385589,0
14,10,2,2.152504,20.225000,-24.880008,14.858312,14.870314,0
15,10,2,4.190630,20.225000,-24.880008,15.492401,15.502488,0
16,10,2,6.228756,20.225000,-24.880008,16.263995,16.271952,0
17,10,2,8.266882,20.225000,-24.880008,17.161831,17.167550,0
18,10,2,10.305008,20.225000,-24.880008,18.174291,18.177752,0
19,10,2,12.343134,20.225000,-24.880008,19.289917,19.291164,0
20,10,2,14.381260,20.225000,-24.880008,20.497781,20.496902,0
0,11,2,-26.381260,22.263126,-24.880008,21.715962,21.713178,0
1,11,2,-24.343134,22.263126,-24.880008,20.425554,20.424795,0
2,11,2,-22.305008,22.263126,-24.880008,19.217376,19.218758,0
3,11,2,-20.266882,22.263126,-24.880008,18.101639,18.105253,0
4,11,2,-18.228756,22.263126,-24.880008,17.089326,17.095218,0
5,11,2,-16.190630,22.263126,-24.880008,16.191953,16.200100,0
6,11,2,-14.152504,22.263126,-24.880008,15.421193,15.431487,0
7,11,2,-12.114378,22.263126,-24.880008,14.788362,14.800585,0
8,11,2,-10.076252,22.263126,-24.880008,14.303773,14.317589,0
9,11,2,-8.038126,22.263126,-24.880008,13.976027,13.990983,0
10,11,2,-6.000000,22.263126,-24.880008,13.811316,13.826865,0
11,11,2,-3.961874,22.263126,-24.880008,13.812877,13.828420,0
12,11,2,-1.923748,22.263126,-24.880008,13.980677,13.995616,0
13,11,2,0.114378,22.263126,-24.880008,14.311422,14.325212,0
14,11,2,2.152504,22.263126,-24.880008,14.798869,14.811059,0
15,11,2,4.190630,22.263126,-24.880008,15.434379,15.444634,0
16,11,2,6.228756,22.263126,-24.880008,16.207613,16.215719,0
17,11,2,8.266882,22.263126,-24.880008,17.107244,17.113093,0
18,11,2,10.305008,22.263126,-24.880008,18.121596,18.125169,0
19,11,2,12.343134,22.263126,-24.880008,19.239161,19.240503,0
20,11,2,14.381260,22.263126,-24.880008,20.448968,20.448170,0
0,12,2,-26.381260,24.301252,-24.880008,21.795523,21.792622,0
1,12,2,-24.343134,24.301252,-24.880008,20.508364,20.507468,0
2,12,2,-22.305008,24.301252,-24.880008,19.303478,19.304699,0
3,12,2,-20.266882,24.301252,-24.880008,18.191022,18.194448,0
4,12,2,-18.228756,24.301252,-24.880008,17.181910,17.187582,0
5,12,2,-16.190630,24.301252,-24.880008,16.287572,16.295467,0
6,12,2,-14.152504,24.301252,-24.880008,15.519582,15.529590,0
7,12,2,-12.114378,24.301252,-24.880008,14.889147,14.901052,0
8,12,2,-10.076252,24.301252,-24.880008,14.406475,14.419944,0
9,12,2,-8.038126,24.301252,-24.880008,14.080066,14.094654,0
10,12,2,-6.000000,24.301252,-24.880008,13.916040,13.931210,0
11,12,2,-3.961874,24.301252,-24.880008,13.917594,13.932758,0
12,12,2,-1.923748,24.301252,-24.880008,14.084696,14.099268,0
13,12,2,0.114378,24.301252,-24.880008,14.414093,14.427537,0
14,12,2,2.152504,24.301252,-24.880008,14.899614,14.911486,0
15,12,2,4.190630,24.301252,-24.880008,15.532719,15.542689,0
16,12,2,6.228756,24.301252,-24.880008,16.303178,16.311032,0
17,12,2,8.266882,24.301252,-24.880008,17.199770,17.205400,0
18,12,2,10.305008,24.301252,-24.880008,18.210919,18.214303,0
19,12,2,12.343134,24.301252,-24.880008,19.325202,19.326383,0
20,12,2,14.381260,24.301252,-24.880008,20.531718,20.530782,0
0,13,2,-26.381260,26.339378,-24.880008,22.000663,21.997465,0
1,13,2,-24.343134,26.339378,-24.880008,20.721806,20.720560,0
2,13,2,-22.305008,26.339378,-24.880008,19.525321,19.526133,0
3,13,2,-20.266882,26.339378,-24.880008,18.421229,18.424177,0
4,13,2,-18.228756,26.339378,-24.880008,17.420266,17.425384,0
5,13,2,-16.190630,26.339378,-24.880008,16.533646,16.540905,0
6,13,2,-14.152504,26.339378,-24.880008,15.772691,15.781980,0
7,13,2,-12.114378,26.339378,-24.880008,15.148339,15.159445,0
8,13,2,-10.076252,26.339378,-24.880008,14.670523,14.683124,0
9,13,2,-8.038126,26.339378,-24.880008,14.347503,14.361171,0
10,13,2,-6.000000,26.339378,-24.880008,14.185213,14.199435,0
11,13,2,-3.961874,26.339378,-24.880008,14.186750,14.200967,0
12,13,2,-1.923748,26.339378,-24.880008,14.352085,14.365737,0
13,13,2,0.114378,26.339378,-24.880008,14.678063,14.690640,0
14,13,2,2.152504,26.339378,-24.880008,15.158702,15.169777,0
15,13,2,4.190630,26.339378,-24.880008,15.785705,15.794958,0
16,13,2,6.228756,26.339378,-24.880008,16.549113,16.556333,0
17,13,2,8.266882,26.339378,-24.880008,17.437976,17.443054,0
18,13,2,10.305008,26.339378,-24.880008,18.440970,18.443878,0
19,13,2,12.343134,26.339378,-24.880008,19.546887,19.547660,0
20,13,2,14.381260,26.339378,-24.880008,20.745003,20.743719,0
0,14,2,-26.381260,28.377504,-24.880008,22.329070,22.325406,0
1,14,2,-24.343134,28.377504,-24.880008,21.063277,21.061486,0
2,14,2,-22.305008,28.377504,-24.880008,19.879987,19.880163,0
3,14,2,-20.266882,28.377504,-24.880008,18.789004,18.791212,0
4,14,2,-18.228756,28.377504,-24.880008,17.800786,17.805050,0
5,14,2,-16.190630,28.377504,-24.880008,16.926210,16.932493,0
6,14,2,-14.152504,28.377504,-24.880008,16.176214,16.184403,0
7,14,2,-12.114378,28.377504,-24.880008,15.561316,15.571204,0
8,14,2,-10.076252,28.377504,-24.880008,15.091038,15.102319,0
9,14,2,-8.038126,28.377504,-24.880008,14.773270,14.785542,0
10,14,2,-6.000000,28.377504,-24.880008,14.613669,14.626455,0
11,14,2,-3.961874,28.377504,-24.880008,14.615181,14.627961,0
12,14,2,-1.923748,28.377504,-24.880008,14.777777,14.790034,0
13,14,2,0.114378,28.377504,-24.880008,15.098457,15.109715,0
14,14,2,2.152504,28.377504,-24.880008,15.571519,15.581378,0
15,14,2,4.190630,28.377504,-24.880008,16.189035,16.197190,0
16,14,2,6.228756,28.377504,-24.880008,16.941460,16.947707,0
17,14,2,8.266882,28.377504,-24.880008,17.818263,17.822489,0
18,14,2,10.305008,28.377504,-24.880008,18.808502,18.810672,0
19,14,2,12.343134,28.377504,-24.880008,19.901307,19.901445,0
20,14,2,14.381260,28.377504,-24.880008,21.086228,21.084401,0
0,15,2,-26.381260,30.415630,-24.880008,22.777158,22.772881,0
1,15,2,-24.343134,30.415630,-24.880008,21.528758,21.526252,0
2,15,2,-22.305008,30.415630,-24.880008,20.362984,20.362330,0
3,15,2,-20.266882,30.415630,-24.880008,19.289351,19.290599,0
4,15,2,-18.228756,30.415630,-24.880008,18.317951,18.321112,0
5,15,2,-16.190630,30.415630,-24.880008,17.459222,17.464251,0
6,15,2,-14.152504,30.415630,-24.880008,16.723602,16.730384,0
7,15,2,-12.114378,30.415630,-24.880008,16.121077,16.129413,0
8,15,2,-10.076252,30.415630,-24.880008,15.660642,15.670247,0
9,15,2,-8.038126,30.415630,-24.880008,15.349721,15.360225,0
10,15,2,-6.000000,30.415630,-24.880008,15.193620,15.204589,0
11,15,2,-3.961874,30.415630,-24.880008,15.195098,15.206063,0
12,15,2,-1.923748,30.415630,-24.880008,15.354129,15.364620,0
13,15,2,0.114378,30.415630,-24.880008,15.667903,15.677487,0
14,15,2,2.152504,30.415630,-24.880008,16.131070,16.139380,0
15,15,2,4.190630,30.415630,-24.880008,16.736172,16.742922,0
16,15,2,6.228756,30.415630,-24.880008,17.474188,17.479183,0
17,15,2,8.266882,30.415630,-24.880008,18.335121,18.338246,0
18,15,2,10.305008,30.415630,-24.880008,19.308529,19.309741,0
19,15,2,12.343134,30.415630,-24.880008,20.383977,20.383287,0
20,15,2,14.381260,30.415630,-24.880008,21.551381,21.548842,0
0,16,2,-26.381260,32.453756,-24.880008,23.340254,23.335239,0
1,16,2,-24.343134,32.453756,-24.880008,22.113032,22.109673,0
2,16,2,-22.305008,32.453756,-24.880008,20.968512,20.966871,0
3,16,2,-20.266882,32.453756,-24.880008,19.915853,19.915966,0
4,16,2,-18.228756,32.453756,-24.880008,18.964709,18.966575,0
5,16,2,-16.190630,32.453756,-24.880008,18.124997,18.128562,0
6,16,2,-14.152504,32.453756,-24.880008,17.406569,17.411718,0
7,16,2,-12.114378,32.453756,-24.880008,16.818792,16.825338,0
8,16,2,-10.076252,32.453756,-24.880008,16.370058,16.377738,0
9,16,2,-8.038126,32.453756,-24.880008,16.067260,16.075741,0
10,16,2,-6.000000,32.453756,-24.880008,15.915307,15.924201,0
11,16,2,-3.961874,32.453756,-24.880008,15.916746,15.925636,0
12,16,2,-1.923748,32.453756,-24.880008,16.071552,16.080021,0
13,16,2,0.114378,32.453756,-24.880008,16.377132,16.384793,0
14,16,2,2.152504,32.453756,-24.880008,16.828535,16.835058,0
15,16,2,4.190630,32.453756,-24.880008,17.418837,17.423958,0
16,16,2,6.228756,32.453756,-24.880008,18.139622,18.143156,0
17,16,2,8.266882,32.453756,-24.880008,18.981510,18.983343,0
18,16,2,10.305008,32.453756,-24.880008,19.934644,19.934724,0
19,16,2,12.343134,32.453756,-24.880008,20.989108,20.987434,0
20,16,2,14.381260,32.453756,-24.880008,22.135257,22.131866,0
0,17,2,-26.381260,34.491882,-24.880008,24.012824,24.006974,0
1,17,2,-24.343134,34.491882,-24.880008,22.809959,22.805638,0
2,17,2,-22.305008,34.491882,-24.880008,21.689781,21.687036,0
3,17,2,-20.266882,34.491882,-24.880008,20.661044,20.659896,0
4,17,2,-18.228756,34.491882,-24.880008,19.732904,19.733341,0
5,17,2,-16.190630,34.491882,-24.880008,18.914698,18.916660,0
6,17,2,-14.152504,34.491882,-24.880008,18.215635,18.219009,0
7,17,2,-12.114378,34.491882,-24.880008,17.644413,17.649024,0
8,17,2,-10.076252,34.491882,-24.880008,17.208774,17.214383,0
9,17,2,-8.038126,34.491882,-24.880008,16.915046,16.921356,0
10,17,2,-6.000000,34.491882,-24.880008,16.767718,16.774390,0
11,17,2,-3.961874,34.491882,-24.880008,16.769112,16.775781,0
12,17,2,-1.923748,34.491882,-24.880008,16.919207,16.925508,0
13,17,2,0.114378,34.491882,-24.880008,17.215638,17.221231,0
14,17,2,2.152504,34.491882,-24.880008,17.653877,17.658466,0
15,17,2,4.190630,34.491882,-24.880008,18.227565,18.230914,0
16,17,2,6.228756,34.491882,-24.880008,18.928938,18.930873,0
17,17,2,8.266882,34.491882,-24.880008,19.749286,19.749694,0
18,17,2,10.305008,34.491882,-24.880008,20.679393,20.678216,0
19,17,2,12.343134,34.491882,-24.880008,21.709924,21.707149,0
20,17,2,14.381260,34.491882,-24.880008,22.831727,22.827377,0
0,18,2,-26.381260,36.530008,-24.880008,24.788712,24.781955,0
1,18,2,-24.343134,36.530008,-24.880008,23.612751,23.607393,0
2,18,2,-22.305008,36.530008,-24.880008,22.519341,22.515413,0
3,18,2,-20.266882,36.530008,-24.880008,21.516786,21.514299,0
4,18,2,-18.228756,36.530008,-24.880008,20.613708,20.612638,0
5,18,2,-16.190630,36.530008,-24.880008,19.818827,19.819111,0
6,18,2,-14.152504,36.530008,-24.880008,19.140679,19.142207,0
7,18,2,-12.114378,36.530008,-24.880008,18.587267,18.589878,0
8,18,2,-10.076252,36.530008,-24.880008,18.165671,18.169150,0
9,18,2,-8.038126,36.530008,-24.880008,17.881646,17.885734,0
10,18,2,-6.000000,36.530008,-24.880008,17.739258,17.743658,0
11,18,2,-3.961874,36.530008,-24.880008,17.740606,17.745002,0
12,18,2,-1.923748,36.530008,-24.880008,17.885669,17.889748,0
13,18,2,0.114378,36.530008,-24.880008,18.172311,18.175776,0
14,18,2,2.152504,36.530008,-24.880008,18.596430,18.599022,0
15,18,2,4.190630,36.530008,-24.880008,19.152244,19.153750,0
16,18,2,6.228756,36.530008,-24.880008,19.832651,19.832911,0
17,18,2,8.266882,36.530008,-24.880008,20.629636,20.628539,0
18,18,2,10.305008,36.530008,-24.880008,21.534655,21.532141,0
19,18,2,12.343134,36.530008,-24.880008,22.538987,22.535033,0
20,18,2,14.381260,36.530008,-24.880008,23.634017,23.628632,0
0,19,2,-26.381260,38.568134,-24.880008,25.661376,25.653664,0
1,19,2,-24.343134,38.568134,-24.880008,24.514249,24.507807,0
2,19,2,-22.305008,38.568134,-24.880008,23.449389,23.444236,0
3,19,2,-20.266882,38.568134,-24.880008,22.474626,22.470760,0
4,19,2,-18.228756,38.568134,-24.880008,21.598021,21.595412,0
5,19,2,-16.190630,38.568134,-24.880008,20.827663,20.826246,0
6,19,2,-14.152504,38.568134,-24.880008,20.171407,20.171077,0
7,19,2,-12.114378,38.568134,-24.880008,19.636565,19.637174,0
8,19,2,-10.076252,38.568134,-24.880008,19.229562,19.230922,0
9,19,2,-8.038126,38.568134,-24.880008,18.955596,18.957479,0
10,19,2,-6.000000,38.568134,-24.880008,18.818321,18.820472,0
11,19,2,-3.961874,38.568134,-24.880008,18.819620,18.821768,0
12,19,2,-1.923748,38.568134,-24.880008,18.959475,18.961351,0
13,19,2,0.114378,38.568134,-24.880008,19.235969,19.237317,0
14,19,2,2.152504,38.568134,-24.880008,19.645414,19.646008,0
15,19,2,4.190630,38.568134,-24.880008,20.182590,20.182241,0
16,19,2,6.228756,38.568134,-24.880008,20.841050,20.839611,0
17,19,2,8.266882,38.568134,-24.880008,21.613469,21.610837,0
18,19,2,10.305008,38.568134,-24.880008,22.491985,22.488095,0
19,19,2,12.343134,38.568134,-24.880008,23.468507,23.463329,0
20,19,2,14.381260,38.568134,-24.880008,24.534977,24.528510,0
0,20,2,-26.381260,40.606260,-24.880008,26.624097,26.615404,0
1,20,2,-24.343134,40.606260,-24.880008,25.507159,25.499611,0
2,20,2,-22.305008,40.606260,-24.880008,24.472043,24.465649,0
3,20,2,-20.266882,40.606260,-24.880008,23.526089,23.520839,0
4,20,2,-18.228756,40.606260,-24.880008,22.676791,22.672649,0
5,20,2,-16.190630,40.606260,-24.880008,21.931609,21.928510,0
6,20,2,-14.152504,40.606260,-24.880008,21.297729,21.295575,0
7,20,2,-12.114378,40.606260,-24.880008,20.781794,20.780450,0
8,20,2,-10.076252,40.606260,-24.880008,20.389602,20.388903,0
9,20,2,-8.038126,40.606260,-24.880008,20.125818,20.125566,0
10,20,2,-6.000000,40.606260,-24.880008,19.993711,19.993688,0
11,20,2,-3.961874,40.606260,-24.880008,19.994961,19.994936,0
12,20,2,-1.923748,40.606260,-24.880008,20.129552,20.129293,0
13,20,2,0.114378,40.606260,-24.880008,20.395772,20.395063,0
14,20,2,2.152504,40.606260,-24.880008,20.790326,20.788969,0
15,20,2,4.190630,40.606260,-24.880008,21.308524,21.306353,0
16,20,2,6.228756,40.606260,-24.880008,21.944549,21.941431,0
17,20,2,8.266882,40.606260,-24.880008,22.691746,22.687584,0
18,20,2,10.305008,40.606260,-24.880008,23.542920,23.537649,0
19,20,2,12.343134,40.606260,-24.880008,24.490611,24.484196,0
20,20,2,14.381260,40.606260,-24.880008,25.527325,25.519755,0
0,0,3,-26.381260,-0.156260,-22.841882,27.247927,27.238636,0
1,0,3,-24.343134,-0.156260,-22.841882,26.149704,26.141486,0
2,0,3,-22.305008,-0.156260,-22.841882,25.132954,25.125812,0
3,0,3,-20.266882,-0.156260,-22.841882,24.204718,24.198638,0
4,0,3,-18.228756,-0.156260,-22.841882,23.372148,23.367093,0
5,0,3,-16.190630,-0.156260,-22.841882,22.642331,22.638236,0
6,0,3,-14.152504,-0.156260,-22.841882,22.022059,22.018830,0
7,0,3,-12.114378,-0.156260,-22.841882,21.517586,21.515098,0
8,0,3,-10.076252,-0.156260,-22.841882,21.134351,21.132449,0
9,0,3,-8.038126,-0.156260,-22.841882,20.876713,20.875218,0
10,0,3,-6.000000,-0.156260,-22.841882,20.747723,20.746435,0
11,0,3,-3.961874,-0.156260,-22.841882,20.748943,20.747653,0
12,0,3,-1.923748,-0.156260,-22.841882,20.880359,20.878858,0
13,0,3,0.114378,-0.156260,-22.841882,21.140379,21.138468,0
14,0,3,2.152504,-0.156260,-22.841882,21.525926,21.523425,0
15,0,3,4.190630,-0.156260,-22.841882,22.032618,22.029374,0
16,0,3,6.228756,-0.156260,-22.841882,22.654998,22.650886,0
17,0,3,8.266882,-0.156260,-22.841882,23.386801,23.381728,0
18,0,3,10.305008,-0.156260,-22.841882,24.221226,24.215127,0
19,0,3,12.343134,-0.156260,-22.841882,25.151183,25.144022,0
20,0,3,14.381260,-0.156260,-22.841882,26.169522,26.161283,0
0,1,3,-26.381260,1.881866,-22.841882,26.107265,26.099089,0
1,1,3,-24.343134,1.881866,-22.841882,24.974324,24.967358,0
2,1,3,-22.305008,1.881866,-22.841882,23.923458,23.917717,0
3,1,3,-20.266882,1.881866,-22.841882,22.962268,22.957745,0
4,1,3,-18.228756,1.881866,-22.841882,22.098546,22.095207,0
5,1,3,-16.190630,1.881866,-22.841882,21.340079,21.337860,0
6,1,3,-14.152504,1.881866,-22.841882,20.694405,20.693203,0
7,1,3,-12.114378,1.881866,-22.841882,20.168513,20.168188,0
8,1,3,-10.076252,1.881866,-22.841882,19.768527,19.768901,0
9,1,3,-8.038126,1.881866,-22.841882,19.499388,19.500248,0
10,1,3,-6.000000,1.881866,-22.841882,19.364565,19.365672,0
11,1,3,-3.961874,1.881866,-22.841882,19.365840,19.366946,0
12,1,3,-1.923748,1.881866,-22.841882,19.503198,19.504051,0
13,1,3,0.114378,1.881866,-22.841882,19.774822,19.775184,0
14,1,3,2.152504,1.881866,-22.841882,20.177212,20.176872,0
15,1,3,4.190630,1.881866,-22.841882,20.705404,20.704185,0
16,1,3,6.228756,1.881866,-22.841882,21.353255,21.351016,0
17,1,3,8.266882,1.881866,-22.841882,22.113761,22.110400,0
18,1,3,10.305008,1.881866,-22.841882,22.979378,22.974832,0
19,1,3,12.343134,1.881866,-22.841882,23.942317,23.936553,0
20,1,3,14.381260,1.881866,-22.841882,24.994787,24.987798,0
0,2,3,-26.381260,3.919992,-22.841882,25.045636,25.038591,0
1,2,3,-24.343134,3.919992,-22.841882,23.878317,23.872630,0
2,2,3,-22.305008,3.919992,-22.841882,22.793477,22.789178,0
3,2,3,-20.266882,3.919992,-22.841882,21.799280,21.796374,0
4,2,3,-18.228756,3.919992,-22.841882,20.904177,20.902638,0
5,2,3,-16.190630,3.919992,-22.841882,20.116695,20.116459,0
6,2,3,-14.152504,3.919992,-22.841882,19.445163,19.446122,0
7,2,3,-12.114378,3.919992,-22.841882,18.897371,18.899367,0
8,2,3,-10.076252,3.919992,-22.841882,18.480197,18.483024,0
9,2,3,-8.038126,3.919992,-22.841882,18.199222,18.202630,0
10,2,3,-6.000000,3.919992,-22.841882,18.058385,18.062092,0
11,2,3,-3.961874,3.919992,-22.841882,18.059718,18.063422,0
12,2,3,-1.923748,3.919992,-22.841882,18.203201,18.206601,0
13,2,3,0.114378,3.919992,-22.841882,18.486765,18.489579,0
14,2,3,2.152504,3.919992,-22.841882,18.906439,18.908418,0
15,2,3,4.190630,3.919992,-22.841882,19.456613,19.457550,0
16,2,3,6.228756,3.919992,-22.841882,20.130387,20.130128,0
17,2,3,8.266882,3.919992,-22.841882,20.919960,20.918395,0
18,2,3,10.305008,3.919992,-22.841882,21.816995,21.814063,0
19,2,3,12.343134,3.919992,-22.841882,22.812965,22.808640,0
20,2,3,14.381260,3.919992,-22.841882,23.899421,23.893709,0
0,3,3,-26.381260,5.958118,-22.841882,24.070203,24.064284,0
1,3,3,-24.343134,5.958118,-22.841882,22.869370,22.864970,0
2,3,3,-22.305008,5.958118,-22.841882,21.751219,21.748383,0
3,3,3,-20.266882,5.958118,-22.841882,20.724468,20.723218,0
4,3,3,-18.228756,5.958118,-22.841882,19.798234,19.798555,0
5,3,3,-16.190630,5.958118,-22.841882,18.981806,18.983638,0
6,3,3,-14.152504,5.958118,-22.841882,18.284340,18.287571,0
7,3,3,-12.114378,5.958118,-22.841882,17.714481,17.718936,0
8,3,3,-10.076252,5.958118,-22.841882,17.279918,17.285360,0
9,3,3,-8.038126,5.958118,-22.841882,16.986934,16.993070,0
10,3,3,-6.000000,5.958118,-22.841882,16.839985,16.846479,0
11,3,3,-3.961874,5.958118,-22.841882,16.841376,16.847866,0
12,3,3,-1.923748,5.958118,-22.841882,16.991085,16.997211,0
13,3,3,0.114378,5.958118,-22.841882,17.286764,17.292191,0
14,3,3,2.152504,5.958118,-22.841882,17.723921,17.728355,0
15,3,3,4.190630,5.958118,-22.841882,18.296242,18.299448,0
16,3,3,6.228756,5.958118,-22.841882,18.996014,18.997819,0
17,3,3,8.266882,5.958118,-22.841882,19.814582,19.814873,0
18,3,3,10.305008,5.958118,-22.841882,20.742781,20.741501,0
19,3,3,12.343134,5.958118,-22.841882,21.771325,21.768459,0
20,3,3,14.381260,5.958118,-22.841882,22.891101,22.886672,0
0,4,3,-26.381260,7.996244,-22.841882,23.188322,23.183503,0
1,4,3,-24.343134,7.996244,-22.841882,21.955459,21.952325,0
2,4,3,-22.305008,7.996244,-22.841882,20.805285,20.803904,0
3,4,3,-20.266882,7.996244,-22.841882,19.747055,19.747466,0
4,4,3,-18.228756,7.996244,-22.841882,18.790538,18.792744,0
5,4,3,-16.190630,7.996244,-22.841882,17.945789,17.949738,0
6,4,3,-14.152504,7.996244,-22.841882,17.222814,17.228390,0
7,4,3,-12.114378,7.996244,-22.841882,16.631142,16.638154,0
8,4,3,-10.076252,7.996244,-22.841882,16.179320,16.187501,0
9,4,3,-8.038126,7.996244,-22.841882,15.874380,15.883386,0
10,4,3,-6.000000,7.996244,-22.841882,15.721334,15.730767,0
11,4,3,-3.961874,7.996244,-22.841882,15.722783,15.732212,0
12,4,3,-1.923748,7.996244,-22.841882,15.878702,15.887697,0
13,4,3,0.114378,7.996244,-22.841882,16.186443,16.194605,0
14,4,3,2.152504,7.996244,-22.841882,16.640951,16.647939,0
15,4,3,4.190630,7.996244,-22.841882,17.235162,17.240709,0
16,4,3,6.228756,7.996244,-22.841882,17.960505,17.964421,0
17,4,3,8.266882,7.996244,-22.841882,18.807437,18.809609,0
18,4,3,10.305008,7.996244,-22.841882,19.765948,19.766326,0
19,4,3,12.343134,7.996244,-22.841882,20.825986,20.824572,0
20,4,3,14.381260,7.996244,-22.841882,21.977790,21.974624,0
0,5,3,-26.381260,10.034370,-22.841882,22.407384,22.403611,0
1,5,3,-24.343134,10.034370,-22.841882,21.144667,21.142749,0
2,5,3,-22.305008,10.034370,-22.841882,19.964478,19.964506,0
3,5,3,-20.266882,10.034370,-22.841882,18.876571,18.878607,0
4,5,3,-18.228756,10.034370,-22.841882,17.891339,17.895405,0
5,5,3,-16.190630,10.034370,-22.841882,17.019580,17.025638,0
6,5,3,-14.152504,10.034370,-22.841882,16.272143,16.280079,0
7,5,3,-12.114378,10.034370,-22.841882,15.659451,15.669059,0
8,5,3,-10.076252,10.034370,-22.841882,15.190930,15.201907,0
9,5,3,-8.038126,10.034370,-22.841882,14.874384,14.886336,0
10,5,3,-6.000000,10.034370,-22.841882,14.715408,14.727865,0
11,5,3,-3.961874,10.034370,-22.841882,14.716914,14.729365,0
12,5,3,-1.923748,10.034370,-22.841882,14.878873,14.890810,0
13,5,3,0.114378,10.034370,-22.841882,15.198320,15.209276,0
14,5,3,2.152504,10.034370,-22.841882,15.669617,15.679196,0
15,5,3,4.190630,10.034370,-22.841882,16.284920,16.292822,0
16,5,3,6.228756,10.034370,-22.841882,17.034780,17.040802,0
17,5,3,8.266882,10.034370,-22.841882,17.908761,17.912790,0
18,5,3,10.305008,10.034370,-22.841882,18.896012,18.898011,0
19,5,3,12.343134,10.034370,-22.841882,19.985739,19.985730,0
20,5,3,14.381260,10.034370,-22.841882,21.167559,21.165606,0
0,6,3,-26.381260,12.072496,-22.841882,21.734594,21.731783,0
1,6,3,-24.343134,12.072496,-22.841882,20.444949,20.444157,0
2,6,3,-22.305008,12.072496,-22.841882,19.237543,19.238888,0
3,6,3,-20.266882,12.072496,-22.841882,18.122577,18.126147,0
4,6,3,-18.228756,12.072496,-22.841882,17.111016,17.116856,0
5,6,3,-16.190630,12.072496,-22.841882,16.214355,16.222443,0
6,6,3,-14.152504,12.072496,-22.841882,15.444246,15.454473,0
7,6,3,-12.114378,12.072496,-22.841882,14.811978,14.824127,0
8,6,3,-10.076252,12.072496,-22.841882,14.327840,14.341574,0
9,6,3,-8.038126,12.072496,-22.841882,14.000408,14.015277,0
10,6,3,-6.000000,12.072496,-22.841882,13.835859,13.851318,0
11,6,3,-3.961874,12.072496,-22.841882,13.837417,13.852871,0
12,6,3,-1.923748,12.072496,-22.841882,14.005053,14.019906,0
13,6,3,0.114378,12.072496,-22.841882,14.335482,14.349190,0
14,6,3,2.152504,12.072496,-22.841882,14.822476,14.834591,0
15,6,3,4.190630,12.072496,-22.841882,15.457421,15.467609,0
16,6,3,6.228756,12.072496,-22.841882,16.230003,16.238050,0
17,6,3,8.266882,12.072496,-22.841882,17.128920,17.134717,0
18,6,3,10.305008,12.072496,-22.841882,18.142520,18.146048,0
19,6,3,12.343134,12.072496,-22.841882,19.259314,19.260618,0
20,6,3,14.381260,12.072496,-22.841882,20.468349,20.467519,0
0,7,3,-26.381260,14.110622,-22.841882,21.176719,21.174751,0
1,7,3,-24.343134,14.110622,-22.841882,19.863839,19.864043,0
2,7,3,-22.305008,14.110622,-22.841882,18.632837,18.635356,0
3,7,3,-20.266882,14.110622,-22.841882,17.494293,17.499242,0
4,7,3,-18.228756,14.110622,-22.841882,16.459673,16.467121,0
5,7,3,-16.190630,14.110622,-22.841882,15.541091,15.551037,0
6,7,3,-14.152504,14.110622,-22.841882,14.750925,14.763267,0
7,7,3,-12.114378,14.110622,-22.841882,14.101262,14.115776,0
8,7,3,-10.076252,14.110622,-22.841882,13.603193,13.619512,0
9,7,3,-8.038126,14.110622,-22.841882,13.266021,13.283638,0
10,7,3,-6.000000,14.110622,-22.841882,13.096476,13.114771,0
11,7,3,-3.961874,14.110622,-22.841882,13.098082,13.116371,0
12,7,3,-1.923748,14.110622,-22.841882,13.270806,13.288405,0
13,7,3,0.114378,14.110622,-22.841882,13.611059,13.627348,0
14,7,3,2.152504,14.110622,-22.841882,14.112055,14.126532,0
15,7,3,4.190630,14.110622,-22.841882,14.764453,14.776753,0
16,7,3,6.228756,14.110622,-22.841882,15.557134,15.567034,0
17,7,3,8.266882,14.110622,-22.841882,16.478000,16.485402,0
18,7,3,10.305008,14.110622,-22.841882,17.514674,17.519577,0
19,7,3,12.343134,14.110622,-22.841882,18.655050,18.657525,0
20,7,3,14.381260,14.110622,-22.841882,19.887678,19.887841,0
0,8,3,-26.381260,16.148748,-22.841882,20.739800,20.738525,0
1,8,3,-24.343134,16.148748,-22.841882,19.408117,19.409144,0
2,8,3,-22.305008,16.148748,-22.841882,18.157941,18.161437,0
3,8,3,-20.266882,16.148748,-22.841882,17.000156,17.006261,0
4,8,3,-18.228756,16.148748,-22.841882,15.946633,15.955441,0
5,8,3,-16.190630,16.148748,-22.841882,15.010001,15.021530,0
6,8,3,-14.152504,16.148748,-22.841882,14.203249,14.217409,0
7,8,3,-12.114378,16.148748,-22.841882,13.539144,13.555704,0
8,8,3,-10.076252,16.148748,-22.841882,13.029470,13.048038,0
9,8,3,-8.038126,16.148748,-22.841882,12.684163,12.704183,0
10,8,3,-6.000000,16.148748,-22.841882,12.510438,12.531218,0
11,8,3,-3.961874,16.148748,-22.841882,12.512085,12.532857,0
12,8,3,-1.923748,16.148748,-22.841882,12.689065,12.709064,0
13,8,3,0.114378,16.148748,-22.841882,13.037523,13.056058,0
14,8,3,2.152504,16.148748,-22.841882,13.550184,13.566702,0
15,8,3,4.190630,16.148748,-22.841882,14.217070,14.231182,0
16,8,3,6.228756,16.148748,-22.841882,15.026370,15.037849,0
17,8,3,8.266882,16.148748,-22.841882,15.965308,15.974065,0
18,8,3,10.305008,16.148748,-22.841882,17.020895,17.026950,0
19,8,3,12.343134,16.148748,-22.841882,18.180515,18.183963,0
20,8,3,14.381260,16.148748,-22.841882,19.432313,19.433295,0
0,9,3,-26.381260,18.186874,-22.841882,20.428868,20.428103,0
1,9,3,-24.343134,18.186874,-22.841882,19.083466,19.085103,0
2,9,3,-22.305008,18.186874,-22.841882,17.819254,17.823478,0
3,9,3,-20.266882,18.186874,-22.841882,16.647335,16.654307,0
4,9,3,-18.228756,18.186874,-22.841882,15.579878,15.589713,0
5,9,3,-16.190630,18.186874,-22.841882,14.629894,14.642627,0
6,9,3,-14.152504,18.186874,-22.841882,13.810830,13.826381,0
7,9,3,-12.114378,18.186874,-22.841882,13.135970,13.154106,0
8,9,3,-10.076252,18.186874,-22.841882,12.617631,12.637939,0
9,9,3,-8.038126,18.186874,-22.841882,12.266236,12.288121,0
10,9,3,-6.000000,18.186874,-22.841882,12.089379,12.112092,0
11,9,3,-3.961874,18.186874,-22.841882,12.091055,12.113760,0
12,9,3,-1.923748,18.186874,-22.841882,12.271226,12.293088,0
13,9,3,0.114378,18.186874,-22.841882,12.625824,12.646096,0
14,9,3,2.152504,18.186874,-22.841882,13.147194,13.165284,0
15,9,3,4.190630,18.186874,-22.841882,13.824869,13.840369,0
16,9,3,6.228756,18.186874,-22.841882,14.646505,14.659184,0
17,9,3,8.266882,18.186874,-22.841882,15.598810,15.608590,0
18,9,3,10.305008,18.186874,-22.841882,16.668338,16.675257,0
19,9,3,12.343134,18.186874,-22.841882,17.842092,17.846266,0
20,9,3,14.381260,18.186874,-22.841882,19.107921,19.109512,0
0,10,3,-26.381260,20.225000,-22.841882,20.247674,20.247214,0
1,10,3,-24.343134,20.225000,-22.841882,18.894143,18.896145,0
2,10,3,-22.305008,20.225000,-22.841882,17.621596,17.626257,0
3,10,3,-20.266882,20.225000,-22.841882,16.441264,16.448760,0
4,10,3,-18.228756,20.225000,-22.841882,15.365494,15.375952,0
5,10,3,-16.190630,20.225000,-22.841882,14.407524,14.420990,0
6,10,3,-14.152504,20.225000,-22.841882,13.581079,13.597481,0
7,10,3,-12.114378,20.225000,-22.841882,12.899756,12.918860,0
8,10,3,-10.076252,20.225000,-22.841882,12.376200,12.397582,0
9,10,3,-8.038126,20.225000,-22.841882,12.021135,12.044174,0
10,10,3,-6.000000,20.225000,-22.841882,11.842387,11.866298,0
11,10,3,-3.961874,20.225000,-22.841882,11.844082,11.867984,0
12,10,3,-1.923748,20.225000,-22.841882,12.026177,12.049192,0
13,10,3,0.114378,20.225000,-22.841882,12.384477,12.405821,0
14,10,3,2.152504,20.225000,-22.841882,12.911090,12.930147,0
15,10,3,4.190630,20.225000,-22.841882,13.595248,13.611597,0
16,10,3,6.228756,20.225000,-22.841882,14.424280,14.437690,0
17,10,3,8.266882,20.225000,-22.841882,15.384579,15.394980,0
18,10,3,10.305008,20.225000,-22.841882,16.462424,16.469866,0
19,10,3,12.343134,20.225000,-22.841882,17.644591,17.649201,0
20,10,3,14.381260,20.225000,-22.841882,18.918752,18.920707,0
0,11,3,-26.381260,22.263126,-22.841882,20.198471,20.198095,0
1,11,3,-24.343134,22.263126,-22.841882,18.842715,18.844818,0
2,11,3,-22.305008,22.263126,-22.841882,17.567885,17.572667,0
3,11,3,-20.266882,22.263126,-22.841882,16.385246,16.392886,0
4,11,3,-18.228756,22.263126,-22.841882,15.307193,15.317823,0
5,11,3,-16.190630,22.263126,-22.841882,14.347027,14.360697,0
6,11,3,-14.152504,22.263126,-22.841882,13.518551,13.535189,0
7,11,3,-12.114378,22.263126,-22.841882,12.835448,12.854821,0
8,11,3,-10.076252,22.263126,-22.841882,12.310453,12.332134,0
9,11,3,-8.038126,22.263126,-22.841882,11.954374,11.977736,0
10,11,3,-6.000000,22.263126,-22.841882,11.775105,11.799351,0
11,11,3,-3.961874,22.263126,-22.841882,11.776804,11.801041,0
12,11,3,-1.923748,22.263126,-22.841882,11.959431,11.982769,0
13,11,3,0.114378,22.263126,-22.841882,12.318753,12.340396,0
14,11,3,2.152504,22.263126,-22.841882,12.846812,12.866138,0
15,11,3,4.190630,22.263126,-22.841882,13.532756,13.549340,0
16,11,3,6.228756,22.263126,-22.841882,14.363823,14.377436,0
17,11,3,8.266882,22.263126,-22.841882,15.326320,15.336893,0
18,11,3,10.305008,22.263126,-22.841882,16.406449,16.414035,0
19,11,3,12.343134,22.263126,-22.841882,17.590923,17.595653,0
20,11,3,14.381260,22.263126,-22.841882,18.867367,18.869422,0
0,12,3,-26.381260,24.301252,-22.841882,20.281881,20.281363,0
1,12,3,-24.343134,24.301252,-22.841882,18.929892,18.931825,0
2,12,3,-22.305008,24.301252,-22.841882,17.658928,17.663506,0
3,12,3,-20.266882,24.301252,-22.841882,16.480195,16.487590,0
4,12,3,-18.228756,24.301252,-22.841882,15.406005,15.416344,0
5,12,3,-16.190630,24.301252,-22.841882,14.449554,14.462880,0
6,12,3,-14.152504,24.301252,-22.841882,13.624515,13.640754,0
7,12,3,-12.114378,24.301252,-22.841882,12.944424,12.963342,0
8,12,3,-10.076252,24.301252,-22.841882,12.421862,12.443038,0
9,12,3,-8.038126,24.301252,-22.841882,12.067497,12.090314,0
10,12,3,-6.000000,24.301252,-22.841882,11.889110,11.912791,0
11,12,3,-3.961874,24.301252,-22.841882,11.890801,11.914473,0
12,12,3,-1.923748,24.301252,-22.841882,12.072530,12.095323,0
13,12,3,0.114378,24.301252,-22.841882,12.430123,12.451262,0
14,12,3,2.152504,24.301252,-22.841882,12.955737,12.974608,0
15,12,3,4.190630,24.301252,-22.841882,13.638659,13.654845,0
16,12,3,6.228756,24.301252,-22.841882,14.466283,14.479553,0
17,12,3,8.266882,24.301252,-22.841882,15.425061,15.435344,0
18,12,3,10.305008,24.301252,-22.841882,16.501325,16.508667,0
19,12,3,12.343134,24.301252,-22.841882,17.681893,17.686420,0
20,12,3,14.381260,24.301252,-22.841882,18.954473,18.956358,0
0,13,3,-26.381260,26.339378,-22.841882,20.496853,20.495976,0
1,13,3,-24.343134,26.339378,-22.841882,19.154476,19.155977,0
2,13,3,-22.305008,26.339378,-22.841882,17.893361,17.897423,0
3,13,3,-20.266882,26.339378,-22.841882,16.724564,16.731343,0
4,13,3,-18.228756,26.339378,-22.841882,15.660190,15.669795,0
5,13,3,-16.190630,26.339378,-22.841882,14.713162,14.725626,0
6,13,3,-14.152504,26.339378,-22.841882,13.896828,13.912068,0
7,13,3,-12.114378,26.339378,-22.841882,13.224355,13.242137,0
8,13,3,-10.076252,26.339378,-22.841882,12.707941,12.727858,0
9,13,3,-8.038126,26.339378,-22.841882,12.357900,12.379365,0
10,13,3,-6.000000,26.339378,-22.841882,12.181739,12.204017,0
11,13,3,-3.961874,26.339378,-22.841882,12.183409,12.205679,0
12,13,3,-1.923748,26.339378,-22.841882,12.362870,12.384313,0
13,13,3,0.114378,26.339378,-22.841882,12.716103,12.735985,0
14,13,3,2.152504,26.339378,-22.841882,13.235538,13.253276,0
15,13,3,4.190630,26.339378,-22.841882,13.910819,13.926008,0
16,13,3,6.228756,26.339378,-22.841882,14.729720,14.742131,0
17,13,3,8.266882,26.339378,-22.841882,15.679065,15.688617,0
18,13,3,10.305008,26.339378,-22.841882,16.745509,16.752236,0
19,13,3,12.343134,26.339378,-22.841882,17.916141,17.920153,0
20,13,3,14.381260,26.339378,-22.841882,19.178873,19.180329,0
0,14,3,-26.381260,28.377504,-22.841882,20.840730,20.839292,0
1,14,3,-24.343134,28.377504,-22.841882,19.513440,19.514273,0
2,14,3,-22.305008,28.377504,-22.841882,18.267749,18.271014,0
3,14,3,-20.266882,28.377504,-22.841882,17.114471,17.120303,0
4,14,3,-18.228756,28.377504,-22.841882,16.065384,16.073869,0
5,14,3,-16.190630,28.377504,-22.841882,15.132994,15.144146,0
6,14,3,-14.152504,28.377504,-22.841882,14.330146,14.343872,0
7,14,3,-12.114378,28.377504,-22.841882,13.669444,13.685515,0
8,14,3,-10.076252,28.377504,-22.841882,13.162509,13.180538,0
9,14,3,-8.038126,28.377504,-22.841882,12.819124,12.838567,0
10,14,3,-6.000000,28.377504,-22.841882,12.646387,12.666570,0
11,14,3,-3.961874,28.377504,-22.841882,12.648023,12.668199,0
12,14,3,-1.923748,28.377504,-22.841882,12.823998,12.843420,0
13,14,3,0.114378,28.377504,-22.841882,13.170518,13.188515,0
14,14,3,2.152504,28.377504,-22.841882,13.680426,13.696456,0
15,14,3,4.190630,28.377504,-22.841882,14.343898,14.357578,0
16,14,3,6.228756,28.377504,-22.841882,15.149287,15.160390,0
17,14,3,8.266882,28.377504,-22.841882,16.083977,16.092413,0
18,14,3,10.305008,28.377504,-22.841882,17.135127,17.140909,0
19,14,3,12.343134,28.377504,-22.841882,18.290239,18.293457,0
20,14,3,14.381260,28.377504,-22.841882,19.537552,19.538341,0
0,15,3,-26.381260,30.415630,-22.841882,21.309408,21.307236,0
1,15,3,-24.343134,30.415630,-22.841882,20.002132,20.002094,0
2,15,3,-22.305008,30.415630,-22.841882,18.776830,18.779062,0
3,15,3,-20.266882,30.415630,-22.841882,17.643992,17.648604,0
4,15,3,-18.228756,30.415630,-22.841882,16.614963,16.622016,0
5,15,3,-16.190630,30.415630,-22.841882,15.701705,15.711194,0
6,15,3,-14.152504,30.415630,-22.841882,14.916420,14.928240,0
7,15,3,-12.114378,30.415630,-22.841882,14.270996,14.284924,0
8,15,3,-10.076252,30.415630,-22.841882,13.776328,13.792005,0
9,15,3,-8.038126,30.415630,-22.841882,13.441536,13.458469,0
10,15,3,-6.000000,30.415630,-22.841882,13.273212,13.290801,0
11,15,3,-3.961874,30.415630,-22.841882,13.274807,13.292389,0
12,15,3,-1.923748,30.415630,-22.841882,13.446287,13.463202,0
13,15,3,0.114378,30.415630,-22.841882,13.784139,13.799787,0
14,15,3,2.152504,30.415630,-22.841882,14.281718,14.295609,0
15,15,3,4.190630,30.415630,-22.841882,14.929862,14.941640,0
16,15,3,6.228756,30.415630,-22.841882,15.717653,15.727096,0
17,15,3,8.266882,30.415630,-22.841882,16.633187,16.640195,0
18,15,3,10.305008,30.415630,-22.841882,17.664267,17.668833,0
19,15,3,12.343134,30.415630,-22.841882,18.798936,18.801125,0
20,15,3,14.381260,30.415630,-22.841882,20.025865,20.025786,0
0,16,3,-26.381260,32.453756,-22.841882,21.897568,21.894518,0
1,16,3,-24.343134,32.453756,-22.841882,20.614552,20.613481,0
2,16,3,-22.305008,32.453756,-22.841882,19.413860,19.414877,0
3,16,3,-20.266882,32.453756,-22.841882,18.305582,18.308769,0
4,16,3,-18.228756,32.453756,-22.841882,17.300542,17.305937,0
5,16,3,-16.190630,32.453756,-22.841882,16.410062,16.417638,0
6,16,3,-14.152504,32.453756,-22.841882,15.645591,15.655238,0
7,16,3,-12.114378,32.453756,-22.841882,15.018199,15.029703,0
8,16,3,-10.076252,32.453756,-22.841882,14.537957,14.550991,0
9,16,3,-8.038126,32.453756,-22.841882,14.213244,14.227370,0
10,16,3,-6.000000,32.453756,-22.841882,14.050088,14.064782,0
11,16,3,-3.961874,32.453756,-22.841882,14.051633,14.066322,0
12,16,3,-1.923748,32.453756,-22.841882,14.217851,14.231960,0
13,16,3,0.114378,32.453756,-22.841882,14.545536,14.558545,0
14,16,3,2.152504,32.453756,-22.841882,15.028614,15.040086,0
15,16,3,4.190630,32.453756,-22.841882,15.658666,15.668277,0
16,16,3,6.228756,32.453756,-22.841882,16.425599,16.433135,0
17,16,3,8.266882,32.453756,-22.841882,17.318327,17.323681,0
18,16,3,10.305008,32.453756,-22.841882,18.325401,18.328547,0
19,16,3,12.343134,32.453756,-22.841882,19.435505,19.436482,0
20,16,3,14.381260,32.453756,-22.841882,20.637827,20.636718,0
0,17,3,-26.381260,34.491882,-22.841882,22.598952,22.594916,0
1,17,3,-24.343134,34.491882,-22.841882,21.343693,21.341469,0
2,17,3,-22.305008,34.491882,-22.841882,20.171019,20.170690,0
3,17,3,-20.266882,34.491882,-22.841882,19.090558,19.092182,0
4,17,3,-18.228756,34.491882,-22.841882,18.112547,18.116138,0
5,17,3,-16.190630,34.491882,-22.841882,17.247594,17.253112,0
6,17,3,-14.152504,34.491882,-22.841882,16.506333,16.513662,0
7,17,3,-12.114378,34.491882,-22.841882,15.898958,15.907897,0
8,17,3,-10.076252,34.491882,-22.841882,15.434668,15.444922,0
9,17,3,-8.038126,34.491882,-22.841882,15.121066,15.132255,0
10,17,3,-6.000000,34.491882,-22.841882,14.963595,14.975268,0
11,17,3,-3.961874,34.491882,-22.841882,14.965086,14.976755,0
12,17,3,-1.923748,34.491882,-22.841882,15.125512,15.136688,0
13,17,3,0.114378,34.491882,-22.841882,15.441990,15.452224,0
14,17,3,2.152504,34.491882,-22.841882,15.909033,15.917945,0
15,17,3,4.190630,34.491882,-22.841882,16.519002,16.526298,0
16,17,3,6.228756,34.491882,-22.841882,17.262672,17.268154,0
17,17,3,8.266882,34.491882,-22.841882,18.129837,18.133392,0
18,17,3,10.305008,34.491882,-22.841882,19.109862,19.111449,0
19,17,3,12.343134,34.491882,-22.841882,20.192141,20.191775,0
20,17,3,14.381260,34.491882,-22.841882,21.366446,21.364186,0
0,18,3,-26.381260,36.530008,-22.841882,23.406655,23.401556,0
1,18,3,-24.343134,36.530008,-22.841882,22.181883,22.178426,0
2,18,3,-22.305008,36.530008,-22.841882,21.039816,21.038062,0
3,18,3,-20.266882,36.530008,-22.841882,19.989572,19.989556,0
4,18,3,-18.228756,36.530008,-22.841882,19.040755,19.042474,0
5,18,3,-16.190630,36.530008,-22.841882,18.203223,18.206623,0
6,18,3,-14.152504,36.530008,-22.841882,17.486762,17.491728,0
7,18,3,-12.114378,36.530008,-22.841882,16.900669,16.907015,0
8,18,3,-10.076252,36.530008,-22.841882,16.453269,16.460734,0
9,18,3,-8.038126,36.530008,-22.841882,16.151396,16.159651,0
10,18,3,-6.000000,36.530008,-22.841882,15.999915,16.008577,0
11,18,3,-3.961874,36.530008,-22.841882,16.001349,16.010008,0
12,18,3,-1.923748,36.530008,-22.841882,16.155674,16.163918,0
13,18,3,0.114378,36.530008,-22.841882,16.460321,16.467768,0
14,18,3,2.152504,36.530008,-22.841882,16.910384,16.916706,0
15,18,3,4.190630,36.530008,-22.841882,17.498995,17.503934,0
16,18,3,6.228756,36.530008,-22.841882,18.217809,18.221179,0
17,18,3,8.266882,36.530008,-22.841882,19.057514,19.059201,0
18,18,3,10.305008,36.530008,-22.841882,20.008318,20.008269,0
19,18,3,12.343134,36.530008,-22.841882,21.060366,21.058580,0
20,18,3,14.381260,36.530008,-22.841882,22.204062,22.200574,0
0,19,3,-26.381260,38.568134,-22.841882,24.313402,24.307194,0
1,19,3,-24.343134,38.568134,-22.841882,23.121107,23.116375,0
2,19,3,-22.305008,38.568134,-22.841882,22.011460,22.008246,0
3,19,3,-20.266882,38.568134,-22.841882,20.993039,20.991359,0
4,19,3,-18.228756,38.568134,-22.841882,20.074788,20.074624,0
5,19,3,-16.190630,38.568134,-22.841882,19.265798,19.267090,0
6,19,3,-14.152504,38.568134,-22.841882,18.575011,18.577646,0
7,19,3,-12.114378,38.568134,-22.841882,18.010844,18.014652,0
8,19,3,-10.076252,38.568134,-22.841882,17.580773,17.585526,0
9,19,3,-8.038126,38.568134,-22.841882,17.290895,17.296311,0
10,19,3,-6.000000,38.568134,-22.841882,17.145528,17.151286,0
11,19,3,-3.961874,38.568134,-22.841882,17.146904,17.152658,0
12,19,3,-1.923748,38.568134,-22.841882,17.295001,17.300408,0
13,19,3,0.114378,38.568134,-22.841882,17.587548,17.592286,0
14,19,3,2.152504,38.568134,-22.841882,18.020188,18.023976,0
15,19,3,4.190630,38.568134,-22.841882,18.586796,18.589407,0
16,19,3,6.228756,38.568134,-22.841882,19.279874,19.281140,0
17,19,3,8.266882,38.568134,-22.841882,20.090991,20.090799,0
18,19,3,10.305008,38.568134,-22.841882,21.011199,21.009490,0
19,19,3,12.343134,38.568134,-22.841882,22.031408,22.028165,0
20,19,3,14.381260,38.568134,-22.841882,23.142677,23.137918,0
0,20,3,-26.381260,40.606260,-22.841882,25.311791,25.304453,0
1,20,3,-24.343134,40.606260,-22.841882,24.153287,24.147269,0
2,20,3,-22.305008,40.606260,-22.841882,23.077179,23.072505,0
3,20,3,-20.266882,40.606260,-22.841882,22.091484,22.088155,0
4,20,3,-18.228756,40.606260,-22.841882,21.204480,21.202470,0
5,20,3,-16.190630,40.606260,-22.841882,20.424504,20.423746,0
6,20,3,-14.152504,40.606260,-22.841882,19.759673,19.760062,0
7,20,3,-12.114378,40.606260,-22.841882,19.217566,19.218948,0
8,20,3,-10.076252,40.606260,-22.841882,18.804860,18.807037,0
9,20,3,-8.038126,40.606260,-22.841882,18.526965,18.529697,0
10,20,3,-6.000000,40.606260,-22.841882,18.387694,18.390711,0
11,20,3,-3.961874,40.606260,-22.841882,18.389012,18.392026,0
12,20,3,-1.923748,40.606260,-22.841882,18.530900,18.533624,0
13,20,3,0.114378,40.606260,-22.841882,18.811357,18.813522,0
14,20,3,2.152504,40.606260,-22.841882,19.226538,19.227904,0
15,20,3,4.190630,40.606260,-22.841882,19.771005,19.771374,0
16,20,3,6.228756,40.606260,-22.841882,20.438062,20.437282,0
17,20,3,8.266882,40.606260,-22.841882,21.220117,21.218082,0
18,20,3,10.305008,40.606260,-22.841882,22.109043,22.105689,0
19,20,3,12.343134,40.606260,-22.841882,23.096505,23.091805,0
20,20,3,14.381260,40.606260,-22.841882,24.174227,24.168184,0
0,0,4,-26.381260,-0.156260,-20.803756,26.069679,26.061542,0
1,0,4,-24.343134,-0.156260,-20.803756,24.935556,24.928634,0
2,0,4,-22.305008,-0.156260,-20.803756,23.883526,23.877833,0
3,0,4,-20.266882,-0.156260,-20.803756,22.921207,22.916738,0
4,0,4,-18.228756,-0.156260,-20.803756,22.056415,22.053136,0
5,0,4,-16.190630,-0.156260,-20.803756,21.296962,21.294808,0
6,0,4,-14.152504,-0.156260,-20.803756,20.650410,20.649280,0
7,0,4,-12.114378,-0.156260,-20.803756,20.123777,20.123529,0
8,0,4,-10.076252,-0.156260,-20.803756,19.723211,19.723665,0
9,0,4,-8.038126,-0.156260,-20.803756,19.453672,19.454615,0
10,0,4,-6.000000,-0.156260,-20.803756,19.318646,19.319839,0
11,0,4,-3.961874,-0.156260,-20.803756,19.319924,19.321115,0
12,0,4,-1.923748,-0.156260,-20.803756,19.457488,19.458424,0
13,0,4,0.114378,-0.156260,-20.803756,19.729515,19.729958,0
14,0,4,2.152504,-0.156260,-20.803756,20.132489,20.132226,0
15,0,4,4.190630,-0.156260,-20.803756,20.661425,20.660277,0
16,0,4,6.228756,-0.156260,-20.803756,21.310155,21.307981,0
17,0,4,8.266882,-0.156260,-20.803756,22.071649,22.068349,0
18,0,4,10.305008,-0.156260,-20.803756,22.938338,22.933846,0
19,0,4,12.343134,-0.156260,-20.803756,23.902406,23.896690,0
20,0,4,14.381260,-0.156260,-20.803756,24.956041,24.949096,0
0,1,4,-26.381260,1.881866,-20.803756,24.891684,24.884811,0
1,1,4,-24.343134,1.881866,-20.803756,23.719202,23.713711,0
2,1,4,-22.305008,1.881866,-20.803756,22.629244,22.625166,0
3,1,4,-20.266882,1.881866,-20.803756,21.630057,21.627400,0
4,1,4,-18.228756,1.881866,-20.803756,20.730194,20.728934,0
5,1,4,-16.190630,1.881866,-20.803756,19.938297,19.938370,0
6,1,4,-14.152504,1.881866,-20.803756,19.262818,19.264116,0
7,1,4,-12.114378,1.881866,-20.803756,18.711674,18.714036,0
8,1,4,-10.076252,1.881866,-20.803756,18.291864,18.295078,0
9,1,4,-8.038126,1.881866,-20.803756,18.009070,18.012882,0
10,1,4,-6.000000,1.881866,-20.803756,17.867309,17.871427,0
11,1,4,-3.961874,1.881866,-20.803756,17.868650,17.872766,0
12,1,4,-1.923748,1.881866,-20.803756,18.013075,18.016879,0
13,1,4,0.114378,1.881866,-20.803756,18.298474,18.301676,0
14,1,4,2.152504,1.881866,-20.803756,18.720799,18.723142,0
15,1,4,4.190630,1.881866,-20.803756,19.274336,19.275612,0
16,1,4,6.228756,1.881866,-20.803756,19.952068,19.952117,0
17,1,4,8.266882,1.881866,-20.803756,20.746063,20.744777,0
18,1,4,10.305008,1.881866,-20.803756,21.647863,21.645180,0
19,1,4,12.343134,1.881866,-20.803756,22.648826,22.644722,0
20,1,4,14.381260,1.881866,-20.803756,23.740403,23.734886,0
0,2,4,-26.381260,3.919992,-20.803756,23.793081,23.787499,0
1,2,4,-24.343134,3.919992,-20.803756,22.582367,22.578354,0
2,2,4,-22.305008,3.919992,-20.803756,21.454357,21.451964,0
3,2,4,-20.266882,3.919992,-20.803756,20.417934,20.417188,0
4,2,4,-18.228756,3.919992,-20.803756,19.482414,19.483305,0
5,2,4,-16.190630,3.919992,-20.803756,18.657320,18.659789,0
6,2,4,-14.152504,3.919992,-20.803756,17.952062,17.955997,0
7,2,4,-12.114378,3.919992,-20.803756,17.375552,17.380772,0
8,2,4,-10.076252,3.919992,-20.803756,16.935734,16.941994,0
9,2,4,-8.038126,3.919992,-20.803756,16.639113,16.646106,0
10,2,4,-6.000000,3.919992,-20.803756,16.490311,16.497681,0
11,2,4,-3.961874,3.919992,-20.803756,16.491720,16.499086,0
12,2,4,-1.923748,3.919992,-20.803756,16.643316,16.650299,0
13,2,4,0.114378,3.919992,-20.803756,16.942664,16.948908,0
14,2,4,2.152504,3.919992,-20.803756,17.385104,17.390303,0
15,2,4,4.190630,3.919992,-20.803756,17.964100,17.968009,0
16,2,4,6.228756,3.919992,-20.803756,18.671683,18.674124,0
17,2,4,8.266882,3.919992,-20.803756,19.498931,19.499791,0
18,2,4,10.305008,3.919992,-20.803756,20.436425,20.435648,0
19,2,4,12.343134,3.919992,-20.803756,21.474646,21.472222,0
20,2,4,14.381260,3.919992,-20.803756,22.604283,22.600240,0
0,3,4,-26.381260,5.958118,-20.803756,22.781595,22.777312,0
1,3,4,-24.343134,5.958118,-20.803756,21.533365,21.530853,0
2,3,4,-22.305008,5.958118,-20.803756,20.367763,20.367100,0
3,3,4,-20.266882,5.958118,-20.803756,19.294298,19.295537,0
4,3,4,-18.228756,5.958118,-20.803756,18.323062,18.326212,0
5,3,4,-16.190630,5.958118,-20.803756,17.464487,17.469504,0
6,3,4,-14.152504,5.958118,-20.803756,16.729006,16.735774,0
7,3,4,-12.114378,5.958118,-20.803756,16.126601,16.134922,0
8,3,4,-10.076252,5.958118,-20.803756,15.666260,15.675849,0
9,3,4,-8.038126,5.958118,-20.803756,15.355405,15.365892,0
10,3,4,-6.000000,5.958118,-20.803756,15.199338,15.210290,0
11,3,4,-3.961874,5.958118,-20.803756,15.200816,15.211763,0
12,3,4,-1.923748,5.958118,-20.803756,15.359812,15.370286,0
13,3,4,0.114378,5.958118,-20.803756,15.673520,15.683088,0
14,3,4,2.152504,5.958118,-20.803756,16.136591,16.144886,0
15,3,4,4.190630,5.958118,-20.803756,16.741573,16.748310,0
16,3,4,6.228756,5.958118,-20.803756,17.479450,17.484433,0
17,3,4,8.266882,5.958118,-20.803756,18.340229,18.343344,0
18,3,4,10.305008,5.958118,-20.803756,19.313473,19.314675,0
19,3,4,12.343134,5.958118,-20.803756,20.388752,20.388054,0
20,3,4,14.381260,5.958118,-20.803756,21.555985,21.553439,0
0,4,4,-26.381260,7.996244,-20.803756,21.865250,21.862247,0
1,4,4,-24.343134,7.996244,-20.803756,20.580925,20.579909,0
2,4,4,-22.305008,7.996244,-20.803756,19.378908,19.379989,0
3,4,4,-20.266882,7.996244,-20.803756,18.269311,18.272573,0
4,4,4,-18.228756,7.996244,-20.803756,17.262985,17.268467,0
5,4,4,-16.190630,7.996244,-20.803756,16.371287,16.378964,0
6,4,4,-14.152504,7.996244,-20.803756,15.605705,15.615466,0
7,4,4,-12.114378,7.996244,-20.803756,14.977354,14.988984,0
8,4,4,-10.076252,7.996244,-20.803756,14.496345,14.509516,0
9,4,4,-8.038126,7.996244,-20.803756,14.171098,14.185369,0
10,4,4,-6.000000,7.996244,-20.803756,14.007667,14.022511,0
11,4,4,-3.961874,7.996244,-20.803756,14.009215,14.024053,0
12,4,4,-1.923748,7.996244,-20.803756,14.175711,14.189966,0
13,4,4,0.114378,7.996244,-20.803756,14.503937,14.517082,0
14,4,4,2.152504,7.996244,-20.803756,14.987785,14.999383,0
15,4,4,4.190630,7.996244,-20.803756,15.618801,15.628524,0
16,4,4,6.228756,7.996244,-20.803756,16.386846,16.394482,0
17,4,4,8.266882,7.996244,-20.803756,17.280794,17.286234,0
18,4,4,10.305008,7.996244,-20.803756,18.289154,18.292375,0
19,4,4,12.343134,7.996244,-20.803756,19.400578,19.401619,0
20,4,4,14.381260,7.996244,-20.803756,20.604225,20.603170,0
0,5,4,-26.381260,10.034370,-20.803756,21.052182,21.050409,0
1,5,4,-24.343134,10.034370,-20.803756,19.733999,19.734434,0
2,5,4,-22.305008,10.034370,-20.803756,18.497595,18.500387,0
3,5,4,-20.266882,10.034370,-20.803756,17.353638,17.358910,0
4,5,4,-18.228756,10.034370,-20.803756,16.313708,16.321535,0
5,5,4,-16.190630,10.034370,-20.803756,15.390063,15.400448,0
6,5,4,-14.152504,10.034370,-20.803756,14.595252,14.608097,0
7,5,4,-12.114378,10.034370,-20.803756,13.941548,13.956627,0
8,5,4,-10.076252,10.034370,-20.803756,13.440237,13.457175,0
9,5,4,-8.038126,10.034370,-20.803756,13.100795,13.119072,0
10,5,4,-6.000000,10.034370,-20.803756,12.930083,12.949061,0
11,5,4,-3.961874,10.034370,-20.803756,12.931700,12.950671,0
12,5,4,-1.923748,10.034370,-20.803756,13.105612,13.123870,0
13,5,4,0.114378,10.034370,-20.803756,13.448155,13.465063,0
14,5,4,2.152504,10.034370,-20.803756,13.952411,13.967451,0
15,5,4,4.190630,10.034370,-20.803756,14.608862,14.621663,0
16,5,4,6.228756,10.034370,-20.803756,15.406198,15.416536,0
17,5,4,8.266882,10.034370,-20.803756,16.332133,16.339912,0
18,5,4,10.305008,10.034370,-20.803756,17.374120,17.379344,0
19,5,4,12.343134,10.034370,-20.803756,18.519910,18.522657,0
20,5,4,14.381260,10.034370,-20.803756,19.757938,19.758330,0
0,6,4,-26.381260,12.072496,-20.803756,20.350407,20.349773,0
1,6,4,-24.343134,12.072496,-20.803756,19.001497,19.003291,0
2,6,4,-22.305008,12.072496,-20.803756,17.733690,17.738102,0
3,6,4,-20.266882,12.072496,-20.803756,16.558144,16.565341,0
4,6,4,-18.228756,12.072496,-20.803756,15.487105,15.497208,0
5,6,4,-16.190630,12.072496,-20.803756,14.533682,14.546729,0
6,6,4,-14.152504,12.072496,-20.803756,13.711441,13.727357,0
7,6,4,-12.114378,12.072496,-20.803756,13.033801,13.052351,0
8,6,4,-10.076252,12.072496,-20.803756,12.513218,12.533985,0
9,6,4,-8.038126,12.072496,-20.803756,12.160245,12.182623,0
10,6,4,-6.000000,12.072496,-20.803756,11.982576,12.005801,0
11,6,4,-3.961874,12.072496,-20.803756,11.984259,12.007476,0
12,6,4,-1.923748,12.072496,-20.803756,12.165258,12.187613,0
13,6,4,0.114378,12.072496,-20.803756,12.521447,12.542178,0
14,6,4,2.152504,12.072496,-20.803756,13.045072,13.063576,0
15,6,4,4.190630,12.072496,-20.803756,13.725536,13.741399,0
16,6,4,6.228756,12.072496,-20.803756,14.550356,14.563348,0
17,6,4,8.266882,12.072496,-20.803756,15.506103,15.516150,0
18,6,4,10.305008,12.072496,-20.803756,16.579215,16.586359,0
19,6,4,12.343134,12.072496,-20.803756,17.756595,17.760957,0
20,6,4,14.381260,12.072496,-20.803756,19.026019,19.027766,0
0,7,4,-26.381260,14.110622,-20.803756,19.767516,19.767891,0
1,7,4,-24.343134,14.110622,-20.803756,18.391949,18.394957,0
2,7,4,-22.305008,14.110622,-20.803756,17.096739,17.102613,0
3,7,4,-20.266882,14.110622,-20.803756,15.893459,15.902413,0
4,7,4,-18.228756,14.110622,-20.803756,14.794932,14.807135,0
5,7,4,-16.190630,14.110622,-20.803756,13.815025,13.830560,0
6,7,4,-14.152504,14.110622,-20.803756,12.968235,12.987055,0
7,7,4,-12.114378,14.110622,-20.803756,12.269045,12.290917,0
8,7,4,-10.076252,14.110622,-20.803756,11.731024,11.755491,0
9,7,4,-8.038126,14.110622,-20.803756,11.365759,11.392128,0
10,7,4,-6.000000,14.110622,-20.803756,11.181753,11.209126,0
11,7,4,-3.961874,14.110622,-20.803756,11.183497,11.210861,0
12,7,4,-1.923748,14.110622,-20.803756,11.370949,11.397290,0
13,7,4,0.114378,14.110622,-20.803756,11.739534,11.763959,0
14,7,4,2.152504,14.110622,-20.803756,12.280685,12.302503,0
15,7,4,4.190630,14.110622,-20.803756,12.982765,13.001525,0
16,7,4,6.228756,14.110622,-20.803756,13.832179,13.847652,0
17,7,4,8.266882,14.110622,-20.803756,14.814438,14.826578,0
18,7,4,10.305008,14.110622,-20.803756,15.915048,15.923943,0
19,7,4,12.343134,14.110622,-20.803756,17.120162,17.125980,0
20,7,4,14.381260,14.110622,-20.803756,18.416978,18.419934,0
0,8,4,-26.381260,16.148748,-20.803756,19.310351,19.311559,0
1,8,4,-24.343134,16.148748,-20.803756,17.913110,17.917129,0
2,8,4,-22.305008,16.148748,-20.803756,16.595507,16.602609,0
3,8,4,-20.266882,16.148748,-20.803756,15.369442,15.379888,0
4,8,4,-18.228756,16.148748,-20.803756,14.248208,14.262213,0
5,8,4,-16.190630,16.148748,-20.803756,13.246297,13.263992,0
6,8,4,-14.152504,16.148748,-20.803756,12.378996,12.400365,0
7,8,4,-12.114378,16.148748,-20.803756,11.661704,11.686523,0
8,8,4,-10.076252,16.148748,-20.803756,11.108968,11.136748,0
9,8,4,-8.038126,16.148748,-20.803756,10.733295,10.763260,0
10,8,4,-6.000000,16.148748,-20.803756,10.543910,10.575036,0
11,8,4,-3.961874,16.148748,-20.803756,10.545706,10.576820,0
12,8,4,-1.923748,16.148748,-20.803756,10.738635,10.768569,0
13,8,4,0.114378,16.148748,-20.803756,11.117718,11.145448,0
14,8,4,2.152504,16.148748,-20.803756,11.673655,11.698413,0
15,8,4,4.190630,16.148748,-20.803756,12.393890,12.415192,0
16,8,4,6.228756,16.148748,-20.803756,13.263852,13.281477,0
17,8,4,8.266882,16.148748,-20.803756,14.268134,14.282071,0
18,8,4,10.305008,16.148748,-20.803756,15.391459,15.401840,0
19,8,4,12.343134,16.148748,-20.803756,16.619354,16.626396,0
20,8,4,14.381260,16.148748,-20.803756,17.938551,17.942515,0
0,9,4,-26.381260,18.186874,-20.803756,18.984644,18.986471,0
1,9,4,-24.343134,18.186874,-20.803756,17.571529,17.576304,0
2,9,4,-22.305008,18.186874,-20.803756,16.237462,16.245489,0
3,9,4,-20.266882,18.186874,-20.803756,14.994574,15.006151,0
4,9,4,-18.228756,18.186874,-20.803756,13.856496,13.871881,0
5,9,4,-16.190630,18.186874,-20.803756,12.838189,12.857552,0
6,9,4,-14.152504,18.186874,-20.803756,11.955535,11.978891,0
7,9,4,-12.114378,18.186874,-20.803756,11.224636,11.251772,0
8,9,4,-10.076252,18.186874,-20.803756,10.660796,10.691201,0
9,9,4,-8.038126,18.186874,-20.803756,10.277244,10.310076,0
10,9,4,-6.000000,18.186874,-20.803756,10.083781,10.117907,0
11,9,4,-3.961874,18.186874,-20.803756,10.085616,10.119729,0
12,9,4,-1.923748,18.186874,-20.803756,10.282699,10.315495,0
13,9,4,0.114378,18.186874,-20.803756,10.669725,10.700076,0
14,9,4,2.152504,18.186874,-20.803756,11.236820,11.263890,0
15,9,4,4.190630,18.186874,-20.803756,11.970703,11.993986,0
16,9,4,6.228756,18.186874,-20.803756,12.856044,12.875331,0
17,9,4,8.266882,18.186874,-20.803756,13.876735,13.892046,0
18,9,4,10.305008,18.186874,-20.803756,15.016907,15.028415,0
19,9,4,12.343134,18.186874,-20.803756,16.261621,16.269584,0
20,9,4,14.381260,18.186874,-20.803756,17.597273,17.601990,0
0,10,4,-26.381260,20.225000,-20.803756,18.794695,18.796892,0
1,10,4,-24.343134,20.225000,-20.803756,17.372151,17.377379,0
2,10,4,-22.305008,20.225000,-20.803756,16.028277,16.036863,0
3,10,4,-20.266882,20.225000,-20.803756,14.775339,14.787604,0
4,10,4,-18.228756,20.225000,-20.803756,13.627169,13.643398,0
5,10,4,-16.190630,20.225000,-20.803756,12.599006,12.619396,0
6,10,4,-14.152504,20.225000,-20.803756,11.707093,11.731682,0
7,10,4,-12.114378,20.225000,-20.803756,10.967964,10.996546,0
8,10,4,-10.076252,20.225000,-20.803756,10.397390,10.429442,0
9,10,4,-8.038126,20.225000,-20.803756,10.009050,10.043689,0
10,10,4,-6.000000,20.225000,-20.803756,9.813104,9.849126,0
11,10,4,-3.961874,20.225000,-20.803756,9.814963,9.850971,0
12,10,4,-1.923748,20.225000,-20.803756,10.014574,10.049175,0
13,10,4,0.114378,20.225000,-20.803756,10.406428,10.438423,0
14,10,4,2.152504,20.225000,-20.803756,10.980290,11.008802,0
15,10,4,4.190630,20.225000,-20.803756,11.722427,11.746937,0
16,10,4,6.228756,20.225000,-20.803756,12.617041,12.637351,0
17,10,4,8.266882,20.225000,-20.803756,13.647595,13.663748,0
18,10,4,10.305008,20.225000,-20.803756,14.797861,14.810054,0
19,10,4,12.343134,20.225000,-20.803756,16.052622,16.061142,0
20,10,4,14.381260,20.225000,-20.803756,17.398075,17.403244,0
0,11,4,-26.381260,22.263126,-20.803756,18.743096,18.745395,0
1,11,4,-24.343134,22.263126,-20.803756,17.317968,17.323322,0
2,11,4,-22.305008,22.263126,-20.803756,15.971404,15.980144,0
3,11,4,-20.266882,22.263126,-20.803756,14.715705,14.728160,0
4,11,4,-18.228756,22.263126,-20.803756,13.564758,13.581221,0
5,11,4,-16.190630,22.263126,-20.803756,12.533879,12.554555,0
6,11,4,-14.152504,22.263126,-20.803756,11.639410,11.664343,0
7,11,4,-12.114378,22.263126,-20.803756,10.898006,10.926994,0
8,11,4,-10.076252,22.263126,-20.803756,10.325568,10.358084,0
9,11,4,-8.038126,22.263126,-20.803756,9.935902,9.971051,0
10,11,4,-6.000000,22.263126,-20.803756,9.739268,9.775824,0
11,11,4,-3.961874,22.263126,-20.803756,9.741133,9.777676,0
12,11,4,-1.923748,22.263126,-20.803756,9.941445,9.976555,0
13,11,4,0.114378,22.263126,-20.803756,10.334637,10.367094,0
14,11,4,2.152504,22.263126,-20.803756,10.910371,10.939288,0
15,11,4,4.190630,22.263126,-20.803756,11.654789,11.679644,0
16,11,4,6.228756,22.263126,-20.803756,12.551963,12.572559,0
17,11,4,8.266882,22.263126,-20.803756,13.585236,13.601622,0
18,11,4,10.305008,22.263126,-20.803756,14.738279,14.750662,0
19,11,4,12.343134,22.263126,-20.803756,15.995800,16.004474,0
20,11,4,14.381260,22.263126,-20.803756,17.343942,17.349236,0
0,12,4,-26.381260,24.301252,-20.803756,18.830563,18.832690,0
1,12,4,-24.343134,24.301252,-20.803756,17.409810,17.414952,0
2,12,4,-22.305008,24.301252,-20.803756,16.067800,16.076279,0
3,12,4,-20.266882,24.301252,-20.803756,14.816773,14.828906,0
4,12,4,-18.228756,24.301252,-20.803756,13.670525,13.686592,0
5,12,4,-16.190630,24.301252,-20.803756,12.644240,12.664432,0
6,12,4,-14.152504,24.301252,-20.803756,11.754093,11.778444,0
7,12,4,-12.114378,24.301252,-20.803756,11.016535,11.044839,0
8,12,4,-10.076252,24.301252,-20.803756,10.447247,10.478982,0
9,12,4,-8.038126,24.301252,-20.803756,10.059824,10.094113,0
10,12,4,-6.000000,24.301252,-20.803756,9.864353,9.900007,0
11,12,4,-3.961874,24.301252,-20.803756,9.866207,9.901848,0
12,12,4,-1.923748,24.301252,-20.803756,10.065334,10.099586,0
13,12,4,0.114378,24.301252,-20.803756,10.456265,10.487943,0
14,12,4,2.152504,24.301252,-20.803756,11.028834,11.057068,0
15,12,4,4.190630,24.301252,-20.803756,11.769395,11.793669,0
16,12,4,6.228756,24.301252,-20.803756,12.662240,12.682354,0
17,12,4,8.266882,24.301252,-20.803756,13.690915,13.706906,0
18,12,4,10.305008,24.301252,-20.803756,14.839259,14.851321,0
19,12,4,12.343134,24.301252,-20.803756,16.092109,16.100523,0
20,12,4,14.381260,24.301252,-20.803756,17.435700,17.440782,0
0,13,4,-26.381260,26.339378,-20.803756,19.055887,19.057576,0
1,13,4,-24.343134,26.339378,-20.803756,17.646275,17.650882,0
2,13,4,-22.305008,26.339378,-20.803756,16.315847,16.323668,0
3,13,4,-20.266882,26.339378,-20.803756,15.076682,15.088006,0
4,13,4,-18.228756,26.339378,-20.803756,13.942338,13.957414,0
5,13,4,-16.190630,26.339378,-20.803756,12.927670,12.946658,0
6,13,4,-14.152504,26.339378,-20.803756,12.048429,12.071338,0
7,13,4,-12.114378,26.339378,-20.803756,11.320560,11.347173,0
8,13,4,-10.076252,26.339378,-20.803756,10.759196,10.789006,0
9,13,4,-8.038126,26.339378,-20.803756,10.377402,10.409584,0
10,13,4,-6.000000,26.339378,-20.803756,10.184850,10.218293,0
11,13,4,-3.961874,26.339378,-20.803756,10.186676,10.220107,0
12,13,4,-1.923748,26.339378,-20.803756,10.382831,10.414977,0
13,13,4,0.114378,26.339378,-20.803756,10.768085,10.797842,0
14,13,4,2.152504,26.339378,-20.803756,11.332693,11.359240,0
15,13,4,4.190630,26.339378,-20.803756,12.063537,12.086373,0
16,13,4,6.228756,26.339378,-20.803756,12.945458,12.964372,0
17,13,4,8.266882,26.339378,-20.803756,13.962507,13.977511,0
18,13,4,10.305008,26.339378,-20.803756,15.098945,15.110201,0
19,13,4,12.343134,26.339378,-20.803756,16.339937,16.347695,0
20,13,4,14.381260,26.339378,-20.803756,17.671952,17.676502,0
0,14,4,-26.381260,28.377504,-20.803756,19.416011,19.417023,0
1,14,4,-24.343134,28.377504,-20.803756,18.023841,18.027622,0
2,14,4,-22.305008,28.377504,-20.803756,16.711487,16.718298,0
3,14,4,-20.266882,28.377504,-20.803756,15.490772,15.500864,0
4,14,4,-18.228756,28.377504,-20.803756,14.374880,14.388456,0
5,14,4,-16.190630,28.377504,-20.803756,13.378157,13.395335,0
6,14,4,-14.152504,28.377504,-20.803756,12.515701,12.536457,0
7,14,4,-12.114378,28.377504,-20.803756,11.802693,11.826801,0
8,14,4,-10.076252,28.377504,-20.803756,11.253445,11.280423,0
9,14,4,-8.038126,28.377504,-20.803756,10.880242,10.909335,0
10,14,4,-6.000000,28.377504,-20.803756,10.692135,10.722349,0
11,14,4,-3.961874,28.377504,-20.803756,10.693919,10.724122,0
12,14,4,-1.923748,28.377504,-20.803756,10.885547,10.914609,0
13,14,4,0.114378,28.377504,-20.803756,11.262138,11.289069,0
14,14,4,2.152504,28.377504,-20.803756,11.814570,11.838619,0
15,14,4,4.190630,28.377504,-20.803756,12.530509,12.551200,0
16,14,4,6.228756,28.377504,-20.803756,13.395617,13.412727,0
17,14,4,8.266882,28.377504,-20.803756,14.394707,14.408216,0
18,14,4,10.305008,28.377504,-20.803756,15.512688,15.522716,0
19,14,4,12.343134,28.377504,-20.803756,16.735234,16.741987,0
20,14,4,14.381260,28.377504,-20.803756,18.049186,18.052912,0
0,15,4,-26.381260,30.415630,-20.803756,19.906239,19.906368,0
1,15,4,-24.343134,30.415630,-20.803756,18.537113,18.539825,0
2,15,4,-22.305008,30.415630,-20.803756,17.248538,17.254054,0
3,15,4,-20.266882,30.415630,-20.803756,16.051988,16.060510,0
4,15,4,-18.228756,30.415630,-20.803756,14.960148,14.971831,0
5,15,4,-16.190630,30.415630,-20.803756,13.986697,14.001615,0
6,15,4,-14.152504,30.415630,-20.803756,13.145907,13.164002,0
7,15,4,-12.114378,30.415630,-20.803756,12.451993,12.473034,0
8,15,4,-10.076252,30.415630,-20.803756,11.918251,11.941788,0
9,15,4,-8.038126,30.415630,-20.803756,11.556006,11.581370,0
10,15,4,-6.000000,30.415630,-20.803756,11.373558,11.399885,0
11,15,4,-3.961874,30.415630,-20.803756,11.375288,11.401605,0
12,15,4,-1.923748,30.415630,-20.803756,11.561152,11.586489,0
13,15,4,0.114378,30.415630,-20.803756,11.926692,11.950189,0
14,15,4,2.152504,30.415630,-20.803756,12.463543,12.484532,0
15,15,4,4.190630,30.415630,-20.803756,13.160330,13.178368,0
16,15,4,6.228756,30.415630,-20.803756,14.003734,14.018592,0
17,15,4,8.266882,30.415630,-20.803756,14.979530,14.991153,0
18,15,4,10.305008,30.415630,-20.803756,16.073452,16.081916,0
19,15,4,12.343134,30.415630,-20.803756,17.271836,17.277297,0
20,15,4,14.381260,30.415630,-20.803756,18.562019,18.564680,0
0,16,4,-26.381260,32.453756,-20.803756,20.520517,20.519600,0
1,16,4,-24.343134,32.453756,-20.803756,19.179189,19.180644,0
2,16,4,-22.305008,32.453756,-20.803756,17.919149,17.923155,0
3,16,4,-20.266882,32.453756,-20.803756,16.751435,16.758147,0
4,16,4,-18.228756,32.453756,-20.803756,15.688128,15.697655,0
5,16,4,-16.190630,32.453756,-20.803756,14.742125,14.754496,0
6,16,4,-14.152504,32.453756,-20.803756,13.926736,13.941868,0
7,16,4,-12.114378,32.453756,-20.803756,13.255089,13.272749,0
8,16,4,-10.076252,32.453756,-20.803756,12.739341,12.759123,0
9,16,4,-8.038126,32.453756,-20.803756,12.389768,12.411088,0
10,16,4,-6.000000,32.453756,-20.803756,12.213848,12.235976,0
11,16,4,-3.961874,32.453756,-20.803756,12.215515,12.237635,0
12,16,4,-1.923748,32.453756,-20.803756,12.394731,12.416029,0
13,16,4,0.114378,32.453756,-20.803756,12.747492,12.767239,0
14,16,4,2.152504,32.453756,-20.803756,13.266258,13.283874,0
15,16,4,4.190630,32.453756,-20.803756,13.940710,13.955792,0
16,16,4,6.228756,32.453756,-20.803756,14.758664,14.770982,0
17,16,4,8.266882,32.453756,-20.803756,15.706983,15.716457,0
18,16,4,10.305008,32.453756,-20.803756,16.772359,16.779020,0
19,16,4,12.343134,32.453756,-20.803756,17.941908,17.945865,0
20,16,4,14.381260,32.453756,-20.803756,19.203567,19.204976,0
0,17,4,-26.381260,34.491882,-20.803756,21.251779,21.249695,0
1,17,4,-24.343134,34.491882,-20.803756,19.942074,19.942141,0
2,17,4,-22.305008,34.491882,-20.803756,18.714304,18.716660,0
3,17,4,-20.266882,34.491882,-20.803756,17.578995,17.583753,0
4,17,4,-18.228756,34.491882,-20.803756,16.547546,16.554770,0
5,17,4,-16.190630,34.491882,-20.803756,15.631985,15.641671,0
6,17,4,-14.152504,34.491882,-20.803756,14.844588,14.856634,0
7,17,4,-12.114378,34.491882,-20.803756,14.197332,14.211512,0
8,17,4,-10.076252,34.491882,-20.803756,13.701193,13.717147,0
9,17,4,-8.038126,34.491882,-20.803756,13.365373,13.382601,0
10,17,4,-6.000000,34.491882,-20.803756,13.196521,13.214414,0
11,17,4,-3.961874,34.491882,-20.803756,13.198121,13.216007,0
12,17,4,-1.923748,34.491882,-20.803756,13.370139,13.387348,0
13,17,4,0.114378,34.491882,-20.803756,13.709028,13.724952,0
14,17,4,2.152504,34.491882,-20.803756,14.208084,14.222228,0
15,17,4,4.190630,34.491882,-20.803756,14.858068,14.870071,0
16,17,4,6.228756,34.491882,-20.803756,15.647974,15.657614,0
17,17,4,8.266882,34.491882,-20.803756,16.565815,16.572993,0
18,17,4,10.305008,34.491882,-20.803756,17.599316,17.604028,0
19,17,4,12.343134,34.491882,-20.803756,18.736457,18.738769,0
20,17,4,14.381260,34.491882,-20.803756,19.965853,19.965879,0
0,18,4,-26.381260,36.530008,-20.803756,22.092290,22.088960,0
1,18,4,-24.343134,36.530008,-20.803756,20.817105,20.815705,0
2,18,4,-22.305008,36.530008,-20.803756,19.624333,19.624965,0
3,18,4,-20.266882,36.530008,-20.803756,18.523932,18.526671,0
4,18,4,-18.228756,36.530008,-20.803756,17.526562,17.531438,0
5,18,4,-16.190630,36.530008,-20.803756,16.643340,16.650322,0
6,18,4,-14.152504,36.530008,-20.803756,15.885480,15.894456,0
7,18,4,-12.114378,36.530008,-20.803756,15.263800,15.274559,0
8,18,4,-10.076252,36.530008,-20.803756,14.788117,14.800341,0
9,18,4,-8.038126,36.530008,-20.803756,14.466582,14.479852,0
10,18,4,-6.000000,36.530008,-20.803756,14.305054,14.318865,0
11,18,4,-3.961874,36.530008,-20.803756,14.306584,14.320390,0
12,18,4,-1.923748,36.530008,-20.803756,14.471143,14.484397,0
13,18,4,0.114378,36.530008,-20.803756,14.795622,14.807823,0
14,18,4,2.152504,36.530008,-20.803756,15.274118,15.284846,0
15,18,4,4.190630,36.530008,-20.803756,15.898440,15.907380,0
16,18,4,6.228756,36.530008,-20.803756,16.658746,16.665690,0
17,18,4,8.266882,36.530008,-20.803756,17.544207,17.549043,0
18,18,4,10.305008,36.530008,-20.803756,18.543605,18.546304,0
19,18,4,12.343134,36.530008,-20.803756,19.645830,19.646423,0
20,18,4,14.381260,36.530008,-20.803756,20.840233,20.838796,0
0,19,4,-26.381260,38.568134,-20.803756,23.033979,23.029362,0
1,19,4,-24.343134,38.568134,-20.803756,21.795330,21.792430,0
2,19,4,-22.305008,38.568134,-20.803756,20.639353,20.638241,0
3,19,4,-20.266882,38.568134,-20.803756,19.575397,19.576118,0
4,19,4,-18.228756,38.568134,-20.803756,18.613353,18.615911,0
5,19,4,-16.190630,38.568134,-20.803756,17.763417,17.767764,0
6,19,4,-14.152504,38.568134,-20.803756,17.035755,17.041774,0
7,19,4,-12.114378,38.568134,-20.803756,16.440062,16.447561,0
8,19,4,-10.076252,38.568134,-20.803756,15.985052,15.993755,0
9,19,4,-8.038126,38.568134,-20.803756,15.677899,15.687455,0
10,19,4,-6.000000,38.568134,-20.803756,15.523723,15.533719,0
11,19,4,-3.961874,38.568134,-20.803756,15.525183,15.535175,0
12,19,4,-1.923748,38.568134,-20.803756,15.682253,15.691796,0
13,19,4,0.114378,38.568134,-20.803756,15.992226,16.000910,0
14,19,4,2.152504,38.568134,-20.803756,16.449939,16.457413,0
15,19,4,4.190630,38.568134,-20.803756,17.048184,17.054174,0
16,19,4,6.228756,38.568134,-20.803756,17.778226,17.782540,0
17,19,4,8.266882,38.568134,-20.803756,18.630353,18.632876,0
18,19,4,10.305008,38.568134,-20.803756,19.594396,19.595082,0
19,19,4,12.343134,38.568134,-20.803756,20.660162,20.659016,0
20,19,4,14.381260,38.568134,-20.803756,21.817770,21.814837,0
0,20,4,-26.381260,40.606260,-20.803756,24.068718,24.062801,0
1,20,4,-24.343134,40.606260,-20.803756,22.867833,22.863435,0
2,20,4,-22.305008,40.606260,-20.803756,21.749630,21.746796,0
3,20,4,-20.266882,40.606260,-20.803756,20.722828,20.721580,0
4,20,4,-18.228756,40.606260,-20.803756,19.796545,19.796868,0
5,20,4,-16.190630,40.606260,-20.803756,18.980070,18.981906,0
6,20,4,-14.152504,40.606260,-20.803756,18.282564,18.285798,0
7,20,4,-12.114378,40.606260,-20.803756,17.712669,17.717128,0
8,20,4,-10.076252,40.606260,-20.803756,17.278078,17.283525,0
9,20,4,-8.038126,40.606260,-20.803756,16.985075,16.991216,0
10,20,4,-6.000000,40.606260,-20.803756,16.838116,16.844615,0
11,20,4,-3.961874,40.606260,-20.803756,16.839507,16.846002,0
12,20,4,-1.923748,40.606260,-20.803756,16.989226,16.995357,0
13,20,4,0.114378,40.606260,-20.803756,17.284925,17.290356,0
14,20,4,2.152504,40.606260,-20.803756,17.722110,17.726548,0
15,20,4,4.190630,40.606260,-20.803756,18.294466,18.297676,0
16,20,4,6.228756,40.606260,-20.803756,18.994280,18.996088,0
17,20,4,8.266882,40.606260,-20.803756,19.812893,19.813188,0
18,20,4,10.305008,40.606260,-20.803756,20.741142,20.739864,0
19,20,4,12.343134,40.606260,-20.803756,21.769736,21.766873,0
20,20,4,14.381260,40.606260,-20.803756,22.889565,22.885138,0
0,0,5,-26.381260,-0.156260,-18.765630,24.968213,24.961254,0
1,0,5,-24.343134,-0.156260,-18.765630,23.798303,23.792714,0
2,0,5,-22.305008,-0.156260,-18.765630,22.710895,22.706707,0
3,0,5,-20.266882,-0.156260,-18.765630,21.714195,21.711414,0
4,0,5,-18.228756,-0.156260,-18.765630,20.816705,20.815306,0
5,0,5,-16.190630,-0.156260,-18.765630,20.027010,20.026929,0
6,0,5,-14.152504,-0.156260,-18.765630,19.353500,19.354628,0
7,0,5,-12.114378,-0.156260,-18.765630,18.804028,18.806207,0
8,0,5,-10.076252,-0.156260,-18.765630,18.385533,18.388554,0
9,0,5,-8.038126,-0.156260,-18.765630,18.103646,18.107257,0
10,0,5,-6.000000,-0.156260,-18.765630,17.962346,17.966259,0
11,0,5,-3.961874,-0.156260,-18.765630,17.963684,17.967594,0
12,0,5,-1.923748,-0.156260,-18.765630,18.107639,18.111241,0
13,0,5,0.114378,-0.156260,-18.765630,18.392122,18.395130,0
14,0,5,2.152504,-0.156260,-18.765630,18.813124,18.815285,0
15,0,5,4.190630,-0.156260,-18.765630,19.364984,19.366091,0
16,0,5,6.228756,-0.156260,-18.765630,20.040742,20.040637,0
17,0,5,8.266882,-0.156260,-18.765630,20.832531,20.831107,0
18,0,5,10.305008,-0.156260,-18.765630,21.731956,21.729149,0
19,0,5,12.343134,-0.156260,-18.765630,22.730430,22.726216,0
20,0,5,14.381260,-0.156260,-18.765630,23.819455,23.813841,0
0,1,5,-26.381260,1.881866,-18.765630,23.752999,23.747467,0
1,1,5,-24.343134,1.881866,-18.765630,22.540842,22.536886,0
2,1,5,-22.305008,1.881866,-18.765630,21.411391,21.409063,0
3,1,5,-20.266882,1.881866,-18.765630,20.373553,20.372881,0
4,1,5,-18.228756,1.881866,-18.765630,19.436673,19.437647,0
5,1,5,-16.190630,1.881866,-18.765630,18.610308,18.612872,0
6,1,5,-14.152504,1.881866,-18.765630,17.903907,17.907946,0
7,1,5,-12.114378,1.881866,-18.765630,17.326419,17.331754,0
8,1,5,-10.076252,1.881866,-18.765630,16.885829,16.892211,0
9,1,5,-8.038126,1.881866,-18.765630,16.588674,16.595793,0
10,1,5,-6.000000,1.881866,-18.765630,16.439599,16.447099,0
11,1,5,-3.961874,1.881866,-18.765630,16.441010,16.448507,0
12,1,5,-1.923748,1.881866,-18.765630,16.592884,16.599994,0
13,1,5,0.114378,1.881866,-18.765630,16.892772,16.899137,0
14,1,5,2.152504,1.881866,-18.765630,17.335988,17.341301,0
15,1,5,4.190630,1.881866,-18.765630,17.915965,17.919978,0
16,1,5,6.228756,1.881866,-18.765630,18.624694,18.627229,0
17,1,5,8.266882,1.881866,-18.765630,19.453214,19.454158,0
18,1,5,10.305008,1.881866,-18.765630,20.392070,20.391367,0
19,1,5,12.343134,1.881866,-18.765630,21.431707,21.429348,0
20,1,5,14.381260,1.881866,-18.765630,22.562785,22.558799,0
0,2,5,-26.381260,3.919992,-18.765630,22.617304,22.613243,0
1,2,5,-24.343134,3.919992,-18.765630,21.362755,21.360502,0
2,2,5,-22.305008,3.919992,-18.765630,20.190796,20.190433,0
3,2,5,-20.266882,3.919992,-18.765630,19.111042,19.112627,0
4,2,5,-18.228756,3.919992,-18.765630,18.133716,18.137263,0
5,2,5,-16.190630,3.919992,-18.765630,17.269409,17.274876,0
6,2,5,-14.152504,3.919992,-18.765630,16.528734,16.536006,0
7,2,5,-12.114378,3.919992,-18.765630,15.921863,15.930739,0
8,2,5,-10.076252,3.919992,-18.765630,15.457973,15.468159,0
9,2,5,-8.038126,3.919992,-18.765630,15.144650,15.155767,0
10,2,5,-6.000000,3.919992,-18.765630,14.987321,14.998920,0
11,2,5,-3.961874,3.919992,-18.765630,14.988811,15.000406,0
12,2,5,-1.923748,3.919992,-18.765630,15.149092,15.160196,0
13,2,5,0.114378,3.919992,-18.765630,15.465289,15.475454,0
14,2,5,2.152504,3.919992,-18.765630,15.931929,15.940778,0
15,2,5,4.190630,3.919992,-18.765630,16.541392,16.548632,0
16,2,5,6.228756,3.919992,-18.765630,17.284475,17.289907,0
17,2,5,8.266882,3.919992,-18.765630,18.150994,18.154505,0
18,2,5,10.305008,3.919992,-18.765630,19.130333,19.131881,0
19,2,5,12.343134,3.919992,-18.765630,20.211904,20.211505,0
20,2,5,14.381260,3.919992,-18.765630,21.385494,21.383206,0
0,3,5,-26.381260,5.958118,-18.765630,21.569424,21.566858,0
1,3,5,-24.343134,5.958118,-18.765630,20.272988,20.272485,0
2,3,5,-22.305008,5.958118,-18.765630,19.058696,19.060381,0
3,3,5,-20.266882,5.958118,-18.765630,17.936861,17.940829,0
4,3,5,-18.228756,5.958118,-18.765630,16.918593,16.924895,0
5,3,5,-16.190630,5.958118,-18.765630,16.015568,16.024188,0
6,3,5,-14.152504,5.958118,-18.765630,15.239645,15.250476,0
7,3,5,-12.114378,5.958118,-18.765630,14.602343,14.615165,0
8,3,5,-10.076252,5.958118,-18.765630,14.114178,14.128647,0
9,3,5,-8.038126,5.958118,-18.765630,13.783934,13.799583,0
10,3,5,-6.000000,5.958118,-18.765630,13.617943,13.634206,0
11,3,5,-3.961874,5.958118,-18.765630,13.619515,13.635773,0
12,3,5,-1.923748,5.958118,-18.765630,13.788619,13.804251,0
13,3,5,0.114378,5.958118,-18.765630,14.121885,14.136327,0
14,3,5,2.152504,5.958118,-18.765630,14.612926,14.625714,0
15,3,5,4.190630,5.958118,-18.765630,15.252922,15.263714,0
16,3,5,6.228756,5.958118,-18.765630,16.031331,16.039908,0
17,3,5,8.266882,5.958118,-18.765630,16.936621,16.942879,0
18,3,5,10.305008,5.958118,-18.765630,17.956931,17.960856,0
19,3,5,12.343134,5.958118,-18.765630,19.080596,19.082239,0
20,3,5,14.381260,5.958118,-18.765630,20.296516,20.295974,0
0,4,5,-26.381260,7.996244,-18.765630,20.618067,20.616990,0
1,4,5,-24.343134,7.996244,-18.765630,19.281048,19.282311,0
2,4,5,-22.305008,7.996244,-18.765630,18.025416,18.029193,0
3,4,5,-20.266882,7.996244,-18.765630,16.862142,16.868581,0
4,4,5,-18.228756,7.996244,-18.765630,15.803213,15.812416,0
5,4,5,-16.190630,7.996244,-18.765630,14.861405,14.873397,0
6,4,5,-14.152504,7.996244,-18.765630,14.049885,14.064579,0
7,4,5,-12.114378,7.996244,-18.765630,13.381618,13.398783,0
8,4,5,-10.076252,7.996244,-18.765630,12.868594,12.887829,0
9,4,5,-8.038126,7.996244,-18.765630,12.520934,12.541668,0
10,4,5,-6.000000,7.996244,-18.765630,12.346000,12.367519,0
11,4,5,-3.961874,7.996244,-18.765630,12.347657,12.369169,0
12,4,5,-1.923748,7.996244,-18.765630,12.525870,12.546582,0
13,4,5,0.114378,7.996244,-18.765630,12.876701,12.895901,0
14,4,5,2.152504,7.996244,-18.765630,13.392729,13.409851,0
15,4,5,4.190630,7.996244,-18.765630,14.063790,14.078436,0
16,4,5,6.228756,7.996244,-18.765630,14.877868,14.889809,0
17,4,5,8.266882,7.996244,-18.765630,15.821987,15.831139,0
18,4,5,10.305008,7.996244,-18.765630,16.882983,16.889372,0
19,4,5,12.343134,7.996244,-18.765630,18.048092,18.051821,0
20,4,5,14.381260,7.996244,-18.765630,19.305344,19.306562,0
0,5,5,-26.381260,10.034370,-18.765630,19.772160,19.772527,0
1,5,5,-24.343134,10.034370,-18.765630,18.396810,18.399808,0
2,5,5,-22.305008,10.034370,-18.765630,17.101823,17.107684,0
3,5,5,-20.266882,10.034370,-18.765630,15.898769,15.907709,0
4,5,5,-18.228756,10.034370,-18.765630,14.800468,14.812653,0
5,5,5,-16.190630,10.034370,-18.765630,13.820779,13.836293,0
6,5,5,-14.152504,10.034370,-18.765630,12.974191,12.992986,0
7,5,5,-12.114378,10.034370,-18.765630,12.275179,12.297023,0
8,5,5,-10.076252,10.034370,-18.765630,11.737302,11.761738,0
9,5,5,-8.038126,10.034370,-18.765630,11.372140,11.398475,0
10,5,5,-6.000000,10.034370,-18.765630,11.188186,11.215524,0
11,5,5,-3.961874,10.034370,-18.765630,11.189930,11.217258,0
12,5,5,-1.923748,10.034370,-18.765630,11.377328,11.403635,0
13,5,5,0.114378,10.034370,-18.765630,11.745811,11.770204,0
14,5,5,2.152504,10.034370,-18.765630,12.286816,12.308606,0
15,5,5,4.190630,10.034370,-18.765630,12.988718,13.007453,0
16,5,5,6.228756,10.034370,-18.765630,13.837929,13.853381,0
17,5,5,8.266882,10.034370,-18.765630,14.819969,14.832092,0
18,5,5,10.305008,10.034370,-18.765630,15.920354,15.929234,0
19,5,5,12.343134,10.034370,-18.765630,17.125242,17.131048,0
20,5,5,14.381260,10.034370,-18.765630,18.421834,18.424781,0
0,6,5,-26.381260,12.072496,-18.765630,19.040586,19.042305,0
1,6,5,-24.343134,12.072496,-18.765630,17.630224,17.634866,0
2,6,5,-22.305008,12.072496,-18.765630,16.299016,16.306881,0
3,6,5,-20.266882,12.072496,-18.765630,15.059053,15.070432,0
4,6,5,-18.228756,12.072496,-18.765630,13.923910,13.939051,0
5,6,5,-16.190630,12.072496,-18.765630,12.908463,12.927531,0
6,6,5,-14.152504,12.072496,-18.765630,12.028492,12.051496,0
7,6,5,-12.114378,12.072496,-18.765630,11.299975,11.326699,0
8,6,5,-10.076252,12.072496,-18.765630,10.738081,10.768018,0
9,6,5,-8.038126,12.072496,-18.765630,10.355911,10.388231,0
10,6,5,-6.000000,12.072496,-18.765630,10.163164,10.196753,0
11,6,5,-3.961874,12.072496,-18.765630,10.164992,10.198569,0
12,6,5,-1.923748,12.072496,-18.765630,10.361346,10.393630,0
13,6,5,0.114378,12.072496,-18.765630,10.746979,10.776862,0
14,6,5,2.152504,12.072496,-18.765630,11.312118,11.338776,0
15,6,5,4.190630,12.072496,-18.765630,12.043612,12.066543,0
16,6,5,6.228756,12.072496,-18.765630,12.926265,12.945259,0
17,6,5,8.266882,12.072496,-18.765630,13.944094,13.959163,0
18,6,5,10.305008,12.072496,-18.765630,15.081331,15.092641,0
19,6,5,12.343134,12.072496,-18.765630,16.323120,16.330922,0
20,6,5,14.381260,12.072496,-18.765630,17.655915,17.660500,0
0,7,5,-26.381260,14.110622,-18.765630,18.431846,18.434772,0
1,7,5,-24.343134,14.110622,-18.765630,16.990926,16.997053,0
2,7,5,-22.305008,14.110622,-18.765630,15.627885,15.637582,0
3,7,5,-20.266882,14.110622,-18.765630,14.355239,14.368881,0
4,7,5,-18.228756,14.110622,-18.765630,13.187209,13.205139,0
5,7,5,-16.190630,14.110622,-18.765630,12.139581,12.162057,0
6,7,5,-14.152504,14.110622,-18.765630,11.229316,11.256427,0
7,7,5,-12.114378,14.110622,-18.765630,10.473817,10.505383,0
8,7,5,-10.076252,14.110622,-18.765630,9.889808,9.925282,0
9,7,5,-8.038126,14.110622,-18.765630,9.491894,9.530303,0
10,7,5,-6.000000,14.110622,-18.765630,9.290977,9.330963,0
11,7,5,-3.961874,14.110622,-18.765630,9.292883,9.332854,0
12,7,5,-1.923748,14.110622,-18.765630,9.497556,9.535922,0
13,7,5,0.114378,14.110622,-18.765630,9.899066,9.934474,0
14,7,5,2.152504,14.110622,-18.765630,10.486425,10.517912,0
15,7,5,4.190630,14.110622,-18.765630,11.244978,11.272002,0
16,7,5,6.228756,14.110622,-18.765630,12.157972,12.180361,0
17,7,5,8.266882,14.110622,-18.765630,13.208005,13.225852,0
18,7,5,10.305008,14.110622,-18.765630,14.378132,14.391697,0
19,7,5,12.343134,14.110622,-18.765630,15.652594,15.662221,0
20,7,5,14.381260,14.110622,-18.765630,17.017202,17.023266,0
0,8,5,-26.381260,16.148748,-18.765630,17.953664,17.957595,0
1,8,5,-24.343134,16.148748,-18.765630,16.487771,16.495148,0
2,8,5,-22.305008,16.148748,-18.765630,15.098555,15.109812,0
3,8,5,-20.266882,16.148748,-18.765630,13.798858,13.814452,0
4,8,5,-18.228756,16.148748,-18.765630,12.603416,12.623786,0
5,8,5,-16.190630,16.148748,-18.765630,11.528765,11.554270,0
6,8,5,-14.152504,16.148748,-18.765630,10.592873,10.623695,0
7,8,5,-12.114378,16.148748,-18.765630,9.814384,9.850396,0
8,8,5,-10.076252,16.148748,-18.765630,9.211415,9.252045,0
9,8,5,-8.038126,16.148748,-18.765630,8.799934,8.844075,0
10,8,5,-6.000000,16.148748,-18.765630,8.591954,8.637997,0
11,8,5,-3.961874,16.148748,-18.765630,8.593928,8.639953,0
12,8,5,-1.923748,16.148748,-18.765630,8.805793,8.849882,0
13,8,5,0.114378,16.148748,-18.765630,9.220982,9.261534,0
14,8,5,2.152504,16.148748,-18.765630,9.827390,9.863309,0
15,8,5,4.190630,16.148748,-18.765630,10.608993,10.639716,0
16,8,5,6.228756,16.148748,-18.765630,11.547652,11.573059,0
17,8,5,8.266882,16.148748,-18.765630,12.624723,12.645001,0
18,8,5,10.305008,16.148748,-18.765630,13.822262,13.837771,0
19,8,5,12.343134,16.148748,-18.765630,15.123763,15.134944,0
20,8,5,14.381260,16.148748,-18.765630,16.514526,16.521834,0
0,9,5,-26.381260,18.186874,-18.765630,17.612566,17.617248,0
1,9,5,-24.343134,18.186874,-18.765630,16.128309,16.136626,0
2,9,5,-22.305008,18.186874,-18.765630,14.719752,14.732195,0
3,9,5,-20.266882,18.186874,-18.765630,13.399960,13.417054,0
4,9,5,-18.228756,18.186874,-18.765630,12.184038,12.206305,0
5,9,5,-16.190630,18.186874,-18.765630,11.089077,11.116969,0
6,9,5,-14.152504,18.186874,-18.765630,10.133805,10.167592,0
7,9,5,-12.114378,18.186874,-18.765630,9.337830,9.377442,0
8,9,5,-10.076252,18.186874,-18.765630,8.720361,8.765219,0
9,9,5,-8.038126,18.186874,-18.765630,8.298461,8.347348,0
10,9,5,-6.000000,18.186874,-18.765630,8.085043,8.136126,0
11,9,5,-3.961874,18.186874,-18.765630,8.087069,8.138131,0
12,9,5,-1.923748,18.186874,-18.765630,8.304472,8.353298,0
13,9,5,0.114378,18.186874,-18.765630,8.730164,8.774934,0
14,9,5,2.152504,18.186874,-18.765630,9.351139,9.390646,0
15,9,5,4.190630,18.186874,-18.765630,10.150274,10.183950,0
16,9,5,6.228756,18.186874,-18.765630,11.108338,11.136121,0
17,9,5,8.266882,18.186874,-18.765630,12.205730,12.227895,0
18,9,5,10.305008,18.186874,-18.765630,13.423746,13.440747,0
19,9,5,12.343134,18.186874,-18.765630,14.745330,14.757691,0
20,9,5,14.381260,18.186874,-18.765630,16.155417,16.163662,0
0,10,5,-26.381260,20.225000,-18.765630,17.413475,17.418608,0
1,10,5,-24.343134,20.225000,-18.765630,15.918279,15.927165,0
2,10,5,-22.305008,20.225000,-18.765630,14.498163,14.511327,0
3,10,5,-20.266882,20.225000,-18.765630,13.166317,13.184331,0
4,10,5,-18.228756,20.225000,-18.765630,11.938062,11.961503,0
5,10,5,-16.190630,20.225000,-18.765630,10.830817,10.860201,0
6,10,5,-14.152504,20.225000,-18.765630,9.863775,9.899434,0
7,10,5,-12.114378,20.225000,-18.765630,9.057134,9.099044,0
8,10,5,-10.076252,20.225000,-18.765630,8.430789,8.478369,0
9,10,5,-8.038126,20.225000,-18.765630,8.002491,8.054455,0
10,10,5,-6.000000,20.225000,-18.765630,7.785727,7.840091,0
11,10,5,-3.961874,20.225000,-18.765630,7.787785,7.842126,0
12,10,5,-1.923748,20.225000,-18.765630,8.008595,8.060493,0
13,10,5,0.114378,20.225000,-18.765630,8.440738,8.488222,0
14,10,5,2.152504,20.225000,-18.765630,9.070629,9.112425,0
15,10,5,4.190630,20.225000,-18.765630,9.880456,9.915996,0
16,10,5,6.228756,20.225000,-18.765630,10.850305,10.879574,0
17,10,5,8.266882,20.225000,-18.765630,11.959985,11.983319,0
18,10,5,10.305008,20.225000,-18.765630,13.190331,13.208249,0
19,10,5,12.343134,20.225000,-18.765630,14.523962,14.537042,0
20,10,5,14.381260,20.225000,-18.765630,15.945597,15.954408,0
0,11,5,-26.381260,22.263126,-18.765630,17.359371,17.364629,0
1,11,5,-24.343134,22.263126,-18.765630,15.861174,15.870217,0
2,11,5,-22.305008,22.263126,-18.765630,14.437881,14.451246,0
3,11,5,-20.266882,22.263126,-18.765630,13.102717,13.120987,0
4,11,5,-18.228756,22.263126,-18.765630,11.871060,11.894829,0
5,11,5,-16.190630,22.263126,-18.765630,10.760420,10.790223,0
6,11,5,-14.152504,22.263126,-18.765630,9.790118,9.826305,0
7,11,5,-12.114378,22.263126,-18.765630,8.980517,9.023078,0
8,11,5,-10.076252,22.263126,-18.765630,8.351703,8.400060,0
9,11,5,-8.038126,22.263126,-18.765630,7.921624,7.974468,0
10,11,5,-6.000000,22.263126,-18.765630,7.703927,7.759232,0
11,11,5,-3.961874,22.263126,-18.765630,7.705995,7.761275,0
12,11,5,-1.923748,22.263126,-18.765630,7.927754,7.980531,0
13,11,5,0.114378,22.263126,-18.765630,8.361693,8.409950,0
14,11,5,2.152504,22.263126,-18.765630,8.994063,9.036508,0
15,11,5,4.190630,22.263126,-18.765630,9.806858,9.842924,0
16,11,5,6.228756,22.263126,-18.765630,10.779971,10.809657,0
17,11,5,8.266882,22.263126,-18.765630,11.893047,11.916708,0
18,11,5,10.305008,22.263126,-18.765630,13.126794,13.144967,0
19,11,5,12.343134,22.263126,-18.765630,14.463741,14.477020,0
20,11,5,14.381260,22.263126,-18.765630,15.888550,15.897517,0
0,12,5,-26.381260,24.301252,-18.765630,17.451079,17.456126,0
1,12,5,-24.343134,24.301252,-18.765630,15.957962,15.966739,0
2,12,5,-22.305008,24.301252,-18.765630,14.540045,14.553071,0
3,12,5,-20.266882,24.301252,-18.765630,13.210495,13.228332,0
4,12,5,-18.228756,24.301252,-18.765630,11.984591,12.007807,0
5,12,5,-16.190630,24.301252,-18.765630,10.879692,10.908788,0
6,12,5,-14.152504,24.301252,-18.765630,9.914900,9.950196,0
7,12,5,-12.114378,24.301252,-18.765630,9.110300,9.151764,0
8,12,5,-10.076252,24.301252,-18.765630,8.485656,8.532707,0
9,12,5,-8.038126,24.301252,-18.765630,8.058585,8.109949,0
10,12,5,-6.000000,24.301252,-18.765630,7.842464,7.896187,0
11,12,5,-3.961874,24.301252,-18.765630,7.844516,7.898216,0
12,12,5,-1.923748,24.301252,-18.765630,8.064671,8.115971,0
13,12,5,0.114378,24.301252,-18.765630,8.495577,8.542533,0
14,12,5,2.152504,24.301252,-18.765630,9.123759,9.165111,0
15,12,5,4.190630,24.301252,-18.765630,9.931540,9.966720,0
16,12,5,6.228756,24.301252,-18.765630,10.899136,10.928118,0
17,12,5,8.266882,24.301252,-18.765630,12.006470,12.029580,0
18,12,5,10.305008,24.301252,-18.765630,13.234465,13.252207,0
19,12,5,12.343134,24.301252,-18.765630,14.565802,14.578744,0
20,12,5,14.381260,24.301252,-18.765630,15.985240,15.993943,0
0,13,5,-26.381260,26.339378,-18.765630,17.687205,17.691721,0
1,13,5,-24.343134,26.339378,-18.765630,16.207007,16.215115,0
2,13,5,-22.305008,26.339378,-18.765630,14.802732,14.814910,0
3,13,5,-20.266882,26.339378,-18.765630,13.487396,13.504153,0
4,13,5,-18.228756,26.339378,-18.765630,12.276025,12.297864,0
5,13,5,-16.190630,26.339378,-18.765630,11.185585,11.212937,0
6,13,5,-14.152504,26.339378,-18.765630,10.234637,10.267750,0
7,13,5,-12.114378,26.339378,-18.765630,9.442571,9.481361,0
8,13,5,-10.076252,26.339378,-18.765630,8.828349,8.872238,0
9,13,5,-8.038126,26.339378,-18.765630,8.408786,8.456581,0
10,13,5,-6.000000,26.339378,-18.765630,8.196589,8.246510,0
11,13,5,-3.961874,26.339378,-18.765630,8.198603,8.248504,0
12,13,5,-1.923748,26.339378,-18.765630,8.414762,8.462499,0
13,13,5,0.114378,26.339378,-18.765630,8.838100,8.881902,0
14,13,5,2.152504,26.339378,-18.765630,9.455812,9.494500,0
15,13,5,4.190630,26.339378,-18.765630,10.251028,10.284033,0
16,13,5,6.228756,26.339378,-18.765630,11.204763,11.232009,0
17,13,5,8.266882,26.339378,-18.765630,12.297631,12.319371,0
18,13,5,10.305008,26.339378,-18.765630,13.511097,13.527764,0
19,13,5,12.343134,26.339378,-18.765630,14.828228,14.840325,0
20,13,5,14.381260,26.339378,-18.765630,16.234037,16.242073,0
0,14,5,-26.381260,28.377504,-18.765630,18.064241,18.067935,0
1,14,5,-24.343134,28.377504,-18.765630,16.604202,16.611283,0
2,14,5,-22.305008,28.377504,-18.765630,15.221134,15.232021,0
3,14,5,-20.266882,28.377504,-18.765630,13.927806,13.942933,0
4,14,5,-18.228756,28.377504,-18.765630,12.738833,12.758618,0
5,14,5,-16.190630,28.377504,-18.765630,11.670577,11.695351,0
6,14,5,-14.152504,28.377504,-18.765630,10.740766,10.770686,0
7,14,5,-12.114378,28.377504,-18.765630,9.967745,10.002671,0
8,14,5,-10.076252,28.377504,-18.765630,9.369296,9.408660,0
9,14,5,-8.038126,28.377504,-18.765630,8.961055,9.003784,0
10,14,5,-6.000000,28.377504,-18.765630,8.754764,8.799311,0
11,14,5,-3.961874,28.377504,-18.765630,8.756722,8.801251,0
12,14,5,-1.923748,28.377504,-18.765630,8.966867,9.009546,0
13,14,5,0.114378,28.377504,-18.765630,9.378789,9.418078,0
14,14,5,2.152504,28.377504,-18.765630,9.980657,10.015493,0
15,14,5,4.190630,28.377504,-18.765630,10.756777,10.786602,0
16,14,5,6.228756,28.377504,-18.765630,11.689347,11.714025,0
17,14,5,8.266882,28.377504,-18.765630,12.760020,12.779714,0
18,14,5,10.305008,28.377504,-18.765630,13.951090,13.966134,0
19,14,5,12.343134,28.377504,-18.765630,15.246225,15.257037,0
20,14,5,14.381260,28.377504,-18.765630,16.630845,16.637858,0
0,15,5,-26.381260,30.415630,-18.765630,18.576814,18.579446,0
1,15,5,-24.343134,30.415630,-18.765630,17.143294,17.149058,0
2,15,5,-22.305008,30.415630,-18.765630,15.787981,15.797227,0
3,15,5,-20.266882,30.415630,-18.765630,14.523291,14.536372,0
4,15,5,-18.228756,30.415630,-18.765630,13.363289,13.380525,0
5,15,5,-16.190630,30.415630,-18.765630,12.323542,12.345163,0
6,15,5,-14.152504,30.415630,-18.765630,11.420717,11.446792,0
7,15,5,-12.114378,30.415630,-18.765630,10.671863,10.702200,0
8,15,5,-10.076252,30.415630,-18.765630,10.093315,10.127376,0
9,15,5,-8.038126,30.415630,-18.765630,9.699296,9.736145,0
10,15,5,-6.000000,30.415630,-18.765630,9.500403,9.538747,0
11,15,5,-3.961874,30.415630,-18.765630,9.502290,9.540619,0
12,15,5,-1.923748,30.415630,-18.765630,9.704902,9.741710,0
13,15,5,0.114378,30.415630,-18.765630,10.102483,10.136482,0
14,15,5,2.152504,30.415630,-18.765630,10.684356,10.714618,0
15,15,5,4.190630,30.415630,-18.765630,11.436245,11.462237,0
16,15,5,6.228756,30.415630,-18.765630,12.341788,12.363326,0
17,15,5,8.266882,30.415630,-18.765630,13.383936,13.401091,0
18,15,5,10.305008,30.415630,-18.765630,14.546034,14.559041,0
19,15,5,12.343134,30.415630,-18.765630,15.812543,15.821721,0
20,15,5,14.381260,30.415630,-18.765630,17.169429,17.175130,0
0,16,5,-26.381260,32.453756,-18.765630,19.218049,19.219431,0
1,16,5,-24.343134,32.453756,-18.765630,17.816347,17.820577,0
2,16,5,-22.305008,32.453756,-18.765630,16.494122,16.501482,0
3,16,5,-20.266882,32.453756,-18.765630,15.263341,15.274102,0
4,16,5,-18.228756,32.453756,-18.765630,14.137391,14.151779,0
5,16,5,-16.190630,32.453756,-18.765630,13.130897,13.149053,0
6,16,5,-14.152504,32.453756,-18.765630,12.259310,12.281227,0
7,16,5,-12.114378,32.453756,-18.765630,11.538225,11.563681,0
8,16,5,-10.076252,32.453756,-18.765630,10.982397,11.010897,0
9,16,5,-8.038126,32.453756,-18.765630,10.604532,10.635282,0
10,16,5,-6.000000,32.453756,-18.765630,10.414013,10.445959,0
11,16,5,-3.961874,32.453756,-18.765630,10.415819,10.447754,0
12,16,5,-1.923748,32.453756,-18.765630,10.609904,10.640621,0
13,16,5,0.114378,32.453756,-18.765630,10.991196,11.019645,0
14,16,5,2.152504,32.453756,-18.765630,11.550240,11.575634,0
15,16,5,4.190630,32.453756,-18.765630,12.274281,12.296128,0
16,16,5,6.228756,32.453756,-18.765630,13.148535,13.166620,0
17,16,5,8.266882,32.453756,-18.765630,14.157405,14.171723,0
18,16,5,10.305008,32.453756,-18.765630,15.285446,15.296141,0
19,16,5,12.343134,32.453756,-18.765630,16.518056,16.525356,0
20,16,5,14.381260,32.453756,-18.765630,17.841873,17.846047,0
0,17,5,-26.381260,34.491882,-18.765630,19.979980,19.979981,0
1,17,5,-24.343134,34.491882,-18.765630,18.614254,18.616810,0
2,17,5,-22.305008,34.491882,-18.765630,17.329177,17.334505,0
3,17,5,-20.266882,34.491882,-18.765630,16.136171,16.144467,0
4,17,5,-18.228756,34.491882,-18.765630,15.047847,15.059260,0
5,17,5,-16.190630,34.491882,-18.765630,14.077789,14.092385,0
6,17,5,-14.152504,34.491882,-18.765630,13.240147,13.257866,0
7,17,5,-12.114378,34.491882,-18.765630,12.549000,12.569609,0
8,17,5,-10.076252,34.491882,-18.765630,12.017498,12.040554,0
9,17,5,-8.038126,34.491882,-18.765630,11.656834,11.681678,0
10,17,5,-6.000000,34.491882,-18.765630,11.475201,11.500988,0
11,17,5,-3.961874,34.491882,-18.765630,11.476923,11.502700,0
12,17,5,-1.923748,34.491882,-18.765630,11.661957,11.686775,0
13,17,5,0.114378,34.491882,-18.765630,12.025903,12.048919,0
14,17,5,2.152504,34.491882,-18.765630,12.560502,12.581061,0
15,17,5,4.190630,34.491882,-18.765630,13.254514,13.272177,0
16,17,5,6.228756,34.491882,-18.765630,14.094765,14.109301,0
17,17,5,8.266882,34.491882,-18.765630,15.067164,15.078518,0
18,17,5,10.305008,34.491882,-18.765630,16.157568,16.165807,0
19,17,5,12.343134,34.491882,-18.765630,17.352408,17.357683,0
20,17,5,14.381260,34.491882,-18.765630,18.639095,18.641601,0
0,18,5,-26.381260,36.530008,-18.765630,20.853973,20.852514,0
1,18,5,-24.343134,36.530008,-18.765630,19.527257,19.528065,0
2,18,5,-22.305008,36.530008,-18.765630,18.282152,18.285387,0
3,18,5,-20.266882,36.530008,-18.765630,17.129463,17.135259,0
4,18,5,-18.228756,36.530008,-18.765630,16.080954,16.089398,0
5,18,5,-16.190630,36.530008,-18.765630,15.149117,15.160221,0
6,18,5,-14.152504,36.530008,-18.765630,14.346778,14.360448,0
7,18,5,-12.114378,36.530008,-18.765630,13.686520,13.702528,0
8,18,5,-10.076252,36.530008,-18.765630,13.179942,13.197901,0
9,18,5,-8.038126,36.530008,-18.765630,12.836806,12.856175,0
10,18,5,-6.000000,36.530008,-18.765630,12.664198,12.684303,0
11,18,5,-3.961874,36.530008,-18.765630,12.665833,12.685932,0
12,18,5,-1.923748,36.530008,-18.765630,12.841677,12.861025,0
13,18,5,0.114378,36.530008,-18.765630,13.187945,13.205872,0
14,18,5,2.152504,36.530008,-18.765630,13.697494,13.713461,0
15,18,5,4.190630,36.530008,-18.765630,14.360521,14.374145,0
16,18,5,6.228756,36.530008,-18.765630,15.165400,15.176454,0
17,18,5,8.266882,36.530008,-18.765630,16.099537,16.107930,0
18,18,5,10.305008,36.530008,-18.765630,17.150107,17.155854,0
19,18,5,12.343134,36.530008,-18.765630,18.304630,18.307819,0
20,18,5,14.381260,36.530008,-18.765630,19.551358,19.552122,0
0,19,5,-26.381260,38.568134,-18.765630,21.831103,21.828150,0
1,19,5,-24.343134,38.568134,-18.765630,20.545391,20.544434,0
2,19,5,-22.305008,38.568134,-18.765630,19.341971,19.343121,0
3,19,5,-20.266882,38.568134,-18.765630,18.230976,18.234318,0
4,19,5,-18.228756,38.568134,-18.765630,17.223288,17.228863,0
5,19,5,-16.190630,38.568134,-18.765630,16.330299,16.338082,0
6,19,5,-14.152504,38.568134,-18.765630,15.563540,15.573421,0
7,19,5,-12.114378,38.568134,-18.765630,14.934170,14.945935,0
8,19,5,-10.076252,38.568134,-18.765630,14.452349,14.465665,0
9,19,5,-8.038126,38.568134,-18.765630,14.126533,14.140959,0
10,19,5,-6.000000,38.568134,-18.765630,13.962812,13.977815,0
11,19,5,-3.961874,38.568134,-18.765630,13.964363,13.979360,0
12,19,5,-1.923748,38.568134,-18.765630,14.131155,14.145565,0
13,19,5,0.114378,38.568134,-18.765630,14.459953,14.473244,0
14,19,5,2.152504,38.568134,-18.765630,14.944619,14.956351,0
15,19,5,4.190630,38.568134,-18.765630,15.576656,15.586500,0
16,19,5,6.228756,38.568134,-18.765630,16.345881,16.353623,0
17,19,5,8.266882,38.568134,-18.765630,17.241121,17.246654,0
18,19,5,10.305008,38.568134,-18.765630,18.250845,18.254146,0
19,19,5,12.343134,38.568134,-18.765630,19.363667,19.364777,0
20,19,5,14.381260,38.568134,-18.765630,20.568717,20.567721,0
0,20,5,-26.381260,40.606260,-18.765630,22.902477,22.898032,0
1,20,5,-24.343134,40.606260,-18.765630,21.658854,21.656155,0
2,20,5,-22.305008,40.606260,-18.765630,20.497882,20.497003,0
3,20,5,-20.266882,40.606260,-18.765630,19.428995,19.429984,0
4,20,5,-18.228756,40.606260,-18.765630,18.462186,18.465050,0
5,20,5,-16.190630,40.606260,-18.765630,17.607773,17.612466,0
6,20,5,-14.152504,40.606260,-18.765630,16.876061,16.882467,0
7,20,5,-12.114378,40.606260,-18.765630,16.276893,16.284816,0
8,20,5,-10.076252,40.606260,-18.765630,15.819124,15.828283,0
9,20,5,-8.038126,40.606260,-18.765630,15.510055,15.520091,0
10,20,5,-6.000000,40.606260,-18.765630,15.354901,15.365389,0
11,20,5,-3.961874,40.606260,-18.765630,15.356370,15.366854,0
12,20,5,-1.923748,40.606260,-18.765630,15.514437,15.524460,0
13,20,5,0.114378,40.606260,-18.765630,15.826342,15.835482,0
14,20,5,2.152504,40.606260,-18.765630,16.286829,16.294726,0
15,20,5,4.190630,40.606260,-18.765630,16.888562,16.894937,0
16,20,5,6.228756,40.606260,-18.765630,17.622662,17.627321,0
17,20,5,8.266882,40.606260,-18.765630,18.479272,18.482101,0
18,20,5,10.305008,40.606260,-18.765630,19.448085,19.449038,0
19,20,5,12.343134,40.606260,-18.765630,20.518785,20.517871,0
20,20,5,14.381260,40.606260,-18.765630,21.681388,21.678655,0
0,0,6,-26.381260,-0.156260,-16.727504,23.950770,23.944996,0
1,0,6,-24.343134,-0.156260,-16.727504,22.745699,22.741465,0
2,0,6,-22.305008,-0.156260,-16.727504,21.623321,21.620675,0
3,0,6,-20.266882,-0.156260,-16.727504,20.592426,20.591391,0
4,0,6,-18.228756,-0.156260,-16.727504,19.662215,19.662779,0
5,0,6,-16.190630,-0.156260,-16.727504,18.842077,18.844181,0
6,0,6,-14.152504,-0.156260,-16.727504,18.141278,18.144809,0
7,0,6,-12.114378,-0.156260,-16.727504,17.568574,17.573355,0
8,0,6,-10.076252,-0.156260,-16.727504,17.131764,17.137555,0
9,0,6,-8.038126,-0.156260,-16.727504,16.837226,16.843727,0
10,0,6,-6.000000,-0.156260,-16.727504,16.689485,16.696352,0
11,0,6,-3.961874,-0.156260,-16.727504,16.690884,16.697747,0
12,0,6,-1.923748,-0.156260,-16.727504,16.841399,16.847890,0
13,0,6,0.114378,-0.156260,-16.727504,17.138647,17.144421,0
14,0,6,2.152504,-0.156260,-16.727504,17.578062,17.582822,0
15,0,6,4.190630,-0.156260,-16.727504,18.153238,18.156743,0
16,0,6,6.228756,-0.156260,-16.727504,18.856352,18.858428,0
17,0,6,8.266882,-0.156260,-16.727504,19.678635,19.679169,0
18,0,6,10.305008,-0.156260,-16.727504,20.610816,20.609750,0
19,0,6,12.343134,-0.156260,-16.727504,21.643506,21.640829,0
20,0,6,14.381260,-0.156260,-16.727504,22.767509,22.763245,0
0,1,6,-26.381260,1.881866,-16.727504,22.698984,22.694813,0
1,1,6,-24.343134,1.881866,-16.727504,21.447585,21.445202,0
2,1,6,-22.305008,1.881866,-16.727504,20.278795,20.278283,0
3,1,6,-20.266882,1.881866,-16.727504,19.202178,19.203590,0
4,1,6,-18.228756,1.881866,-16.727504,18.227891,18.231239,0
5,1,6,-16.190630,1.881866,-16.727504,17.366444,17.371686,0
6,1,6,-14.152504,1.881866,-16.727504,16.628362,16.635382,0
7,1,6,-12.114378,1.881866,-16.727504,16.023721,16.032319,0
8,1,6,-10.076252,1.881866,-16.727504,15.561603,15.571490,0
9,1,6,-8.038126,1.881866,-16.727504,15.249513,15.260315,0
10,1,6,-6.000000,1.881866,-16.727504,15.092815,15.104090,0
11,1,6,-3.961874,1.881866,-16.727504,15.094299,15.105569,0
12,1,6,-1.923748,1.881866,-16.727504,15.253938,15.264726,0
13,1,6,0.114378,1.881866,-16.727504,15.568891,15.578758,0
14,1,6,2.152504,1.881866,-16.727504,16.033749,16.042320,0
15,1,6,4.190630,1.881866,-16.727504,16.640974,16.647962,0
16,1,6,6.228756,1.881866,-16.727504,17.381459,17.386666,0
17,1,6,8.266882,1.881866,-16.727504,18.245113,18.248426,0
18,1,6,10.305008,1.881866,-16.727504,19.221411,19.222787,0
19,1,6,12.343134,1.881866,-16.727504,20.299844,20.299296,0
20,1,6,14.381260,1.881866,-16.727504,21.470265,21.467848,0
0,2,6,-26.381260,3.919992,-16.727504,21.526610,21.524108,0
1,2,6,-24.343134,3.919992,-16.727504,20.228401,20.227974,0
2,2,6,-22.305008,3.919992,-16.727504,19.012311,19.014084,0
3,2,6,-20.266882,3.919992,-16.727504,17.888680,17.892752,0
4,2,6,-18.228756,3.919992,-16.727504,16.868658,16.875082,0
5,2,6,-16.190630,3.919992,-16.727504,15.963966,15.972726,0
6,2,6,-14.152504,3.919992,-16.727504,15.186519,15.197510,0
7,2,6,-12.114378,3.919992,-16.727504,14.547896,14.560897,0
8,2,6,-10.076252,3.919992,-16.727504,14.058675,14.073338,0
9,2,6,-8.038126,3.919992,-16.727504,13.727692,13.743547,0
10,2,6,-6.000000,3.919992,-16.727504,13.561322,13.577799,0
11,2,6,-3.961874,3.919992,-16.727504,13.562898,13.579369,0
12,2,6,-1.923748,3.919992,-16.727504,13.732388,13.748226,0
13,2,6,0.114378,3.919992,-16.727504,14.066398,14.081035,0
14,2,6,2.152504,3.919992,-16.727504,14.558502,14.571468,0
15,2,6,4.190630,3.919992,-16.727504,15.199823,15.210774,0
16,2,6,6.228756,3.919992,-16.727504,15.979758,15.988476,0
17,2,6,8.266882,3.919992,-16.727504,16.886717,16.893097,0
18,2,6,10.305008,3.919992,-16.727504,17.908784,17.912813,0
19,2,6,12.343134,3.919992,-16.727504,19.034245,19.035976,0
20,2,6,14.381260,3.919992,-16.727504,20.251963,20.251496,0
0,3,6,-26.381260,5.958118,-16.727504,20.442506,20.441718,0
1,3,6,-24.343134,5.958118,-16.727504,19.097711,19.099321,0
2,3,6,-22.305008,5.958118,-16.727504,17.834122,17.838313,0
3,3,6,-20.266882,5.958118,-16.727504,16.662831,16.669764,0
4,3,6,-18.228756,5.958118,-16.727504,15.595994,15.605782,0
5,3,6,-16.190630,5.958118,-16.727504,14.646604,14.659283,0
6,3,6,-14.152504,5.958118,-16.727504,13.828090,13.843578,0
7,3,6,-12.114378,5.958118,-16.727504,13.153710,13.171774,0
8,3,6,-10.076252,5.958118,-16.727504,12.635759,12.655988,0
9,3,6,-8.038126,5.958118,-16.727504,12.284636,12.306436,0
10,3,6,-6.000000,5.958118,-16.727504,12.107920,12.130545,0
11,3,6,-3.961874,5.958118,-16.727504,12.109594,12.132212,0
12,3,6,-1.923748,5.958118,-16.727504,12.289622,12.311399,0
13,3,6,0.114378,5.958118,-16.727504,12.643945,12.664139,0
14,3,6,2.152504,5.958118,-16.727504,13.164926,13.182945,0
15,3,6,4.190630,5.958118,-16.727504,13.842119,13.857556,0
16,3,6,6.228756,5.958118,-16.727504,14.663205,14.675830,0
17,3,6,8.266882,5.958118,-16.727504,15.614914,15.624648,0
18,3,6,10.305008,5.958118,-16.727504,16.683822,16.690703,0
19,3,6,12.343134,5.958118,-16.727504,17.856948,17.861089,0
20,3,6,14.381260,5.958118,-16.727504,19.122155,19.123718,0
0,4,6,-26.381260,7.996244,-16.727504,19.456071,19.457010,0
1,4,6,-24.343134,7.996244,-16.727504,18.065814,18.069505,0
2,4,6,-22.305008,7.996244,-16.727504,16.755438,16.762140,0
3,4,6,-20.266882,7.996244,-16.727504,15.536738,15.546697,0
4,4,6,-18.228756,7.996244,-16.727504,14.422857,14.436272,0
5,4,6,-16.190630,7.996244,-16.727504,13.428084,13.445068,0
6,4,6,-14.152504,7.996244,-16.727504,12.567448,12.587976,0
7,4,6,-12.114378,7.996244,-16.727504,11.856048,11.879892,0
8,4,6,-10.076252,7.996244,-16.727504,11.308109,11.334789,0
9,4,6,-8.038126,7.996244,-16.727504,10.935832,10.964601,0
10,4,6,-6.000000,7.996244,-16.727504,10.748204,10.778080,0
11,4,6,-3.961874,7.996244,-16.727504,10.749983,10.779848,0
12,4,6,-1.923748,7.996244,-16.727504,10.941123,10.969861,0
13,4,6,0.114378,7.996244,-16.727504,11.316780,11.343413,0
14,4,6,2.152504,7.996244,-16.727504,11.867898,11.891683,0
15,4,6,4.190630,7.996244,-16.727504,12.582224,12.602687,0
16,4,6,6.228756,7.996244,-16.727504,13.445509,13.462426,0
17,4,6,8.266882,7.996244,-16.727504,14.442646,14.455995,0
18,4,6,10.305008,7.996244,-16.727504,15.558617,15.568512,0
19,4,6,12.343134,7.996244,-16.727504,16.779147,16.785791,0
20,4,6,14.381260,7.996244,-16.727504,18.091122,18.094759,0
0,5,6,-26.381260,10.034370,-16.727504,18.577050,18.579681,0
1,5,6,-24.343134,10.034370,-16.727504,17.143542,17.149305,0
2,5,6,-22.305008,10.034370,-16.727504,15.788241,15.797487,0
3,5,6,-20.266882,10.034370,-16.727504,14.523564,14.536645,0
4,5,6,-18.228756,10.034370,-16.727504,13.363575,13.380810,0
5,5,6,-16.190630,10.034370,-16.727504,12.323840,12.345461,0
6,5,6,-14.152504,10.034370,-16.727504,11.421027,11.447101,0
7,5,6,-12.114378,10.034370,-16.727504,10.672184,10.702520,0
8,5,6,-10.076252,10.034370,-16.727504,10.093645,10.127704,0
9,5,6,-8.038126,10.034370,-16.727504,9.699633,9.736480,0
10,5,6,-6.000000,10.034370,-16.727504,9.500743,9.539084,0
11,5,6,-3.961874,10.034370,-16.727504,9.502629,9.540957,0
12,5,6,-1.923748,10.034370,-16.727504,9.705238,9.742044,0
13,5,6,0.114378,10.034370,-16.727504,10.102813,10.136810,0
14,5,6,2.152504,10.034370,-16.727504,10.684678,10.714937,0
15,5,6,4.190630,10.034370,-16.727504,11.436556,11.462546,0
16,5,6,6.228756,10.034370,-16.727504,12.342086,12.363623,0
17,5,6,8.266882,10.034370,-16.727504,13.384221,13.401376,0
18,5,6,10.305008,10.034370,-16.727504,14.546307,14.559313,0
19,5,6,12.343134,10.034370,-16.727504,15.812803,15.821980,0
20,5,6,14.381260,10.034370,-16.727504,17.169676,17.175377,0
0,6,6,-26.381260,12.072496,-16.727504,17.815244,17.819477,0
1,6,6,-24.343134,12.072496,-16.727504,16.341956,16.349709,0
2,6,6,-22.305008,12.072496,-16.727504,14.944960,14.956691,0
3,6,6,-20.266882,12.072496,-16.727504,13.637191,13.653383,0
4,6,6,-18.228756,12.072496,-16.727504,12.433535,12.454658,0
5,6,6,-16.190630,12.072496,-16.727504,11.350751,11.377200,0
6,6,6,-14.152504,12.072496,-16.727504,10.407110,10.439100,0
7,6,6,-12.114378,12.072496,-16.727504,9.621640,9.659066,0
8,6,6,-10.076252,12.072496,-16.727504,9.012891,9.055175,0
9,6,6,-8.038126,12.072496,-16.727504,8.597261,8.643254,0
10,6,6,-6.000000,12.072496,-16.727504,8.387117,8.435125,0
11,6,6,-3.961874,12.072496,-16.727504,8.389112,8.437100,0
12,6,6,-1.923748,12.072496,-16.727504,8.603180,8.649119,0
13,6,6,0.114378,12.072496,-16.727504,9.022552,9.064754,0
14,6,6,2.152504,12.072496,-16.727504,9.634767,9.672095,0
15,6,6,4.190630,12.072496,-16.727504,10.423370,10.455256,0
16,6,6,6.228756,12.072496,-16.727504,11.369787,11.396134,0
17,6,6,8.266882,12.072496,-16.727504,12.454997,12.476024,0
18,6,6,10.305008,12.072496,-16.727504,13.660749,13.676852,0
19,6,6,12.343134,12.072496,-16.727504,14.970317,14.981969,0
20,6,6,14.381260,12.072496,-16.727504,16.368853,16.376536,0
0,7,6,-26.381260,14.110622,-16.727504,17.180131,17.185808,0
1,7,6,-24.343134,14.110622,-16.727504,15.671902,15.681474,0
2,7,6,-22.305008,14.110622,-16.727504,14.237976,14.252016,0
3,7,6,-20.266882,14.110622,-16.727504,12.891685,12.910822,0
4,7,6,-18.228756,14.110622,-16.727504,11.648600,11.673486,0
5,7,6,-16.190630,14.110622,-16.727504,10.526533,10.557768,0
6,7,6,-14.152504,14.110622,-16.727504,9.545236,9.583238,0
7,7,6,-12.114378,14.110622,-16.727504,8.725633,8.770443,0
8,7,6,-10.076252,14.110622,-16.727504,8.088464,8.139511,0
9,7,6,-8.038126,14.110622,-16.727504,7.652345,7.708253,0
10,7,6,-6.000000,14.110622,-16.727504,7.431484,7.490068,0
11,7,6,-3.961874,14.110622,-16.727504,7.433582,7.492139,0
12,7,6,-1.923748,14.110622,-16.727504,7.658563,7.714398,0
13,7,6,0.114378,14.110622,-16.727504,8.098591,8.149531,0
14,7,6,2.152504,14.110622,-16.727504,8.739353,8.784039,0
15,7,6,4.190630,14.110622,-16.727504,9.562175,9.600048,0
16,7,6,6.228756,14.110622,-16.727504,10.546295,10.577406,0
17,7,6,8.266882,14.110622,-16.727504,11.670801,11.695574,0
18,7,6,10.305008,14.110622,-16.727504,12.915974,12.935010,0
19,7,6,12.343134,14.110622,-16.727504,14.264040,14.277991,0
20,7,6,14.381260,14.110622,-16.727504,15.699472,15.708966,0
0,8,6,-26.381260,16.148748,-16.727504,16.680404,16.687294,0
1,8,6,-24.343134,16.148748,-16.727504,15.143460,15.154581,0
2,8,6,-22.305008,16.148748,-16.727504,13.678961,13.694996,0
3,8,6,-20.266882,16.148748,-16.727504,12.300517,12.322244,0
4,8,6,-18.228756,16.148748,-16.727504,11.024226,11.052486,0
5,8,6,-16.190630,16.148748,-16.727504,9.868760,9.904383,0
6,8,6,-14.152504,16.148748,-16.727504,8.855127,8.898779,0
7,8,6,-12.114378,16.148748,-16.727504,8.005927,8.057854,0
8,8,6,-10.076252,16.148748,-16.727504,7.343898,7.403587,0
9,8,6,-8.038126,16.148748,-16.727504,6.889728,6.955592,0
10,8,6,-6.000000,16.148748,-16.727504,6.659380,6.728692,0
11,8,6,-3.961874,16.148748,-16.727504,6.661569,6.730847,0
12,8,6,-1.923748,16.148748,-16.727504,6.896210,6.961980,0
13,8,6,0.114378,16.148748,-16.727504,7.354433,7.413988,0
14,8,6,2.152504,16.148748,-16.727504,8.020164,8.071938,0
15,8,6,4.190630,16.148748,-16.727504,8.872651,8.916148,0
16,8,6,6.228756,16.148748,-16.727504,9.889141,9.924619,0
17,8,6,8.266882,16.148748,-16.727504,11.047054,11.075184,0
18,8,6,10.305008,16.148748,-16.727504,12.325419,12.347032,0
19,8,6,12.343134,16.148748,-16.727504,13.705612,13.721549,0
20,8,6,14.381260,16.148748,-16.727504,15.171585,15.182621,0
0,9,6,-26.381260,18.186874,-16.727504,16.323469,16.331270,0
1,9,6,-24.343134,18.186874,-16.727504,14.765316,14.777613,0
2,9,6,-22.305008,18.186874,-16.727504,13.278101,13.295670,0
3,9,6,-20.266882,18.186874,-16.727504,11.875609,11.899356,0
4,9,6,-18.228756,18.186874,-16.727504,10.574301,10.605238,0
5,9,6,-16.190630,18.186874,-16.727504,9.393470,9.432644,0
6,9,6,-14.152504,18.186874,-16.727504,8.355077,8.403400,0
7,9,6,-12.114378,18.186874,-16.727504,7.483028,7.540973,0
8,9,6,-10.076252,18.186874,-16.727504,6.801662,6.868816,0
9,9,6,-8.038126,18.186874,-16.727504,6.333364,6.407976,0
10,9,6,-6.000000,18.186874,-16.727504,6.095560,6.174388,0
11,9,6,-3.961874,18.186874,-16.727504,6.097821,6.176607,0
12,9,6,-1.923748,18.186874,-16.727504,6.340052,6.414550,0
13,9,6,0.114378,18.186874,-16.727504,6.812516,6.879510,0
14,9,6,2.152504,18.186874,-16.727504,7.497666,7.555431,0
15,9,6,4.190630,18.186874,-16.727504,8.373052,8.421197,0
16,9,6,6.228756,18.186874,-16.727504,9.414324,9.453334,0
17,9,6,8.266882,18.186874,-16.727504,10.597602,10.628395,0
18,9,6,10.305008,18.186874,-16.727504,11.900971,11.924594,0
19,9,6,12.343134,18.186874,-16.727504,13.305190,13.322653,0
20,9,6,14.381260,18.186874,-16.727504,14.793851,14.806057,0
0,10,6,-26.381260,20.225000,-16.727504,16.114945,16.123297,0
1,10,6,-24.343134,20.225000,-16.727504,14.544120,14.557133,0
2,10,6,-22.305008,20.225000,-16.727504,13.043278,13.061789,0
3,10,6,-20.266882,20.225000,-16.727504,11.626293,11.651293,0
4,10,6,-18.228756,20.225000,-16.727504,10.309830,10.342449,0
5,10,6,-16.190630,20.225000,-16.727504,9.113548,9.154984,0
6,10,6,-14.152504,20.225000,-16.727504,8.059982,8.111331,0
7,10,6,-12.114378,20.225000,-16.727504,7.173849,7.235759,0
8,10,6,-10.076252,20.225000,-16.727504,6.480497,6.552652,0
9,10,6,-8.038126,20.225000,-16.727504,6.003403,6.083953,0
10,10,6,-6.000000,20.225000,-16.727504,5.760943,5.846280,0
11,10,6,-3.961874,20.225000,-16.727504,5.763249,5.848539,0
12,10,6,-1.923748,20.225000,-16.727504,6.010220,6.090641,0
13,10,6,0.114378,20.225000,-16.727504,6.491550,6.563525,0
14,10,6,2.152504,20.225000,-16.727504,7.188734,7.250446,0
15,10,6,4.190630,20.225000,-16.727504,8.078233,8.129389,0
16,10,6,6.228756,20.225000,-16.727504,9.134690,9.175951,0
17,10,6,8.266882,20.225000,-16.727504,10.333419,10.365884,0
18,10,6,10.305008,20.225000,-16.727504,11.651934,11.676803,0
19,10,6,12.343134,20.225000,-16.727504,13.070631,13.089031,0
20,10,6,14.381260,20.225000,-16.727504,14.572902,14.585820,0
0,11,6,-26.381260,22.263126,-16.727504,16.058253,16.066758,0
1,11,6,-24.343134,22.263126,-16.727504,14.483947,14.497158,0
2,11,6,-22.305008,22.263126,-16.727504,12.979353,12.998126,0
3,11,6,-20.266882,22.263126,-16.727504,11.558369,11.583720,0
4,11,6,-18.228756,22.263126,-16.727504,10.237713,10.270806,0
5,11,6,-16.190630,22.263126,-16.727504,9.037145,9.079224,0
6,11,6,-14.152504,22.263126,-16.727504,7.979359,8.031573,0
7,11,6,-12.114378,22.263126,-16.727504,7.089296,7.152351,0
8,11,6,-10.076252,22.263126,-16.727504,6.392592,6.466201,0
9,11,6,-8.038126,22.263126,-16.727504,5.913031,5.995320,0
10,11,6,-6.000000,22.263126,-16.727504,5.669264,5.756515,0
11,11,6,-3.961874,22.263126,-16.727504,5.671582,5.758784,0
12,11,6,-1.923748,22.263126,-16.727504,5.919884,6.002040,0
13,11,6,0.114378,22.263126,-16.727504,6.403700,6.477123,0
14,11,6,2.152504,22.263126,-16.727504,7.104250,7.167100,0
15,11,6,4.190630,22.263126,-16.727504,7.997687,8.049703,0
16,11,6,6.228756,22.263126,-16.727504,9.058368,9.100267,0
17,11,6,8.266882,22.263126,-16.727504,10.261382,10.294318,0
18,11,6,10.305008,22.263126,-16.727504,11.584086,11.609304,0
19,11,6,12.343134,22.263126,-16.727504,13.006778,13.025439,0
20,11,6,14.381260,22.263126,-16.727504,14.512796,14.525912,0
0,12,6,-26.381260,24.301252,-16.727504,16.154342,16.162589,0
1,12,6,-24.343134,24.301252,-16.727504,14.585927,14.598803,0
2,12,6,-22.305008,24.301252,-16.727504,13.087680,13.106011,0
3,12,6,-20.266882,24.301252,-16.727504,11.673459,11.698219,0
4,12,6,-18.228756,24.301252,-16.727504,10.359891,10.392185,0
5,12,6,-16.190630,24.301252,-16.727504,9.166566,9.207563,0
6,12,6,-14.152504,24.301252,-16.727504,8.115909,8.166668,0
7,12,6,-12.114378,24.301252,-16.727504,7.232480,7.293613,0
8,12,6,-10.076252,24.301252,-16.727504,6.541435,6.612604,0
9,12,6,-8.038126,24.301252,-16.727504,6.066035,6.145409,0
10,12,6,-6.000000,24.301252,-16.727504,5.824473,5.908518,0
11,12,6,-3.961874,24.301252,-16.727504,5.826770,5.910769,0
12,12,6,-1.923748,24.301252,-16.727504,6.072827,6.152076,0
13,12,6,0.114378,24.301252,-16.727504,6.552449,6.623442,0
14,12,6,2.152504,24.301252,-16.727504,7.247318,7.308256,0
15,12,6,4.190630,24.301252,-16.727504,8.134107,8.184675,0
16,12,6,6.228756,24.301252,-16.727504,9.187653,9.228477,0
17,12,6,8.266882,24.301252,-16.727504,10.383425,10.415568,0
18,12,6,10.305008,24.301252,-16.727504,11.699047,11.723676,0
19,12,6,12.343134,24.301252,-16.727504,13.114983,13.133203,0
20,12,6,14.381260,24.301252,-16.727504,14.614662,14.627444,0
0,13,6,-26.381260,26.339378,-16.727504,16.401608,16.409206,0
1,13,6,-24.343134,26.339378,-16.727504,14.848149,14.860183,0
2,13,6,-22.305008,26.339378,-16.727504,13.365972,13.383197,0
3,13,6,-20.266882,26.339378,-16.727504,11.968825,11.992117,0
4,13,6,-18.228756,26.339378,-16.727504,10.673092,10.703422,0
5,13,6,-16.190630,26.339378,-16.727504,9.497928,9.536291,0
6,13,6,-14.152504,26.339378,-16.727504,8.465083,8.512332,0
7,13,6,-12.114378,26.339378,-16.727504,7.598168,7.654717,0
8,13,6,-10.076252,26.339378,-16.727504,6.921158,6.986568,0
9,13,6,-8.038126,26.339378,-16.727504,6.456049,6.528604,0
10,13,6,-6.000000,26.339378,-16.727504,6.219931,6.296515,0
11,13,6,-3.961874,26.339378,-16.727504,6.222175,6.298719,0
12,13,6,-1.923748,26.339378,-16.727504,6.462691,6.535137,0
13,13,6,0.114378,26.339378,-16.727504,6.931940,6.997196,0
14,13,6,2.152504,26.339378,-16.727504,7.612715,7.669091,0
15,13,6,4.190630,26.339378,-16.727504,8.482956,8.530033,0
16,13,6,6.228756,26.339378,-16.727504,9.518676,9.556880,0
17,13,6,8.266882,26.339378,-16.727504,10.696288,10.726477,0
18,13,6,10.305008,26.339378,-16.727504,11.994085,12.017255,0
19,13,6,12.343134,26.339378,-16.727504,13.392965,13.410085,0
20,13,6,14.381260,26.339378,-16.727504,14.876594,14.888538,0
0,14,6,-26.381260,28.377504,-16.727504,16.796031,16.802633,0
1,14,6,-24.343134,28.377504,-16.727504,15.265831,15.276583,0
2,14,6,-22.305008,28.377504,-16.727504,13.808529,13.824088,0
3,14,6,-20.266882,28.377504,-16.727504,12.437678,12.458782,0
4,14,6,-18.228756,28.377504,-16.727504,11.169253,11.196696,0
5,14,6,-16.190630,28.377504,-16.727504,10.021726,10.056277,0
6,14,6,-14.152504,28.377504,-16.727504,9.015806,9.058066,0
7,14,6,-12.114378,28.377504,-16.727504,8.173690,8.223848,0
8,14,6,-10.076252,28.377504,-16.727504,7.517632,7.575153,0
9,14,6,-8.038126,28.377504,-16.727504,7.067808,7.131157,0
10,14,6,-6.000000,28.377504,-16.727504,6.839748,6.906340,0
11,14,6,-3.961874,28.377504,-16.727504,6.841914,6.908475,0
12,14,6,-1.923748,28.377504,-16.727504,7.074226,7.137487,0
13,14,6,0.114378,28.377504,-16.727504,7.528068,7.585463,0
14,14,6,2.152504,28.377504,-16.727504,8.187803,8.237815,0
15,14,6,4.190630,28.377504,-16.727504,9.033190,9.075302,0
16,14,6,6.228756,28.377504,-16.727504,10.041960,10.076372,0
17,14,6,8.266882,28.377504,-16.727504,11.191933,11.219250,0
18,14,6,10.305008,28.377504,-16.727504,12.462435,12.483429,0
19,14,6,12.343134,28.377504,-16.727504,13.835043,13.850505,0
20,14,6,14.381260,28.377504,-16.727504,15.293825,15.304494,0
0,15,6,-26.381260,30.415630,-16.727504,17.331485,17.336808,0
1,15,6,-24.343134,30.415630,-16.727504,15.831736,15.840861,0
2,15,6,-22.305008,30.415630,-16.727504,14.406801,14.420269,0
3,15,6,-20.266882,30.415630,-16.727504,13.069919,13.088322,0
4,15,6,-18.228756,30.415630,-16.727504,11.836500,11.860440,0
5,15,6,-16.190630,30.415630,-16.727504,10.724101,10.754122,0
6,15,6,-14.152504,30.415630,-16.727504,9.752108,9.788570,0
7,15,6,-12.114378,30.415630,-16.727504,8.940970,8.983872,0
8,15,6,-10.076252,30.415630,-16.727504,8.310875,8.359638,0
9,15,6,-8.038126,30.415630,-16.727504,7.879870,7.933176,0
10,15,6,-6.000000,30.415630,-16.727504,7.661689,7.717487,0
11,15,6,-3.961874,30.415630,-16.727504,7.663761,7.719534,0
12,15,6,-1.923748,30.415630,-16.727504,7.886013,7.939251,0
13,15,6,0.114378,30.415630,-16.727504,8.320885,8.369548,0
14,15,6,2.152504,30.415630,-16.727504,8.954543,8.997328,0
15,15,6,4.190630,30.415630,-16.727504,9.768878,9.805219,0
16,15,6,6.228756,30.415630,-16.727504,10.743684,10.773587,0
17,15,6,8.266882,30.415630,-16.727504,11.858520,11.882351,0
18,15,6,10.305008,30.415630,-16.727504,13.094029,13.112334,0
19,15,6,12.343134,30.415630,-16.727504,14.432692,14.446074,0
20,15,6,14.381260,30.415630,-16.727504,15.859142,15.868191,0
0,16,6,-26.381260,32.453756,-16.727504,18.000183,18.004015,0
1,16,6,-24.343134,32.453756,-16.727504,16.536759,16.544011,0
2,16,6,-22.305008,32.453756,-16.727504,15.150137,15.161237,0
3,16,6,-20.266882,32.453756,-16.727504,13.853127,13.868524,0
4,16,6,-18.228756,32.453756,-16.727504,12.660417,12.680539,0
5,16,6,-16.190630,32.453756,-16.727504,11.588467,11.613663,0
6,16,6,-14.152504,32.453756,-16.727504,10.655145,10.685584,0
7,16,6,-12.114378,32.453756,-16.727504,9.878969,9.914519,0
8,16,6,-10.076252,32.453756,-16.727504,9.277911,9.318003,0
9,16,6,-8.038126,32.453756,-16.727504,8.867801,8.911341,0
10,16,6,-6.000000,32.453756,-16.727504,8.660536,8.705942,0
11,16,6,-3.961874,32.453756,-16.727504,8.662503,8.707891,0
12,16,6,-1.923748,32.453756,-16.727504,8.873640,8.917129,0
13,16,6,0.114378,32.453756,-16.727504,9.287447,9.327462,0
14,16,6,2.152504,32.453756,-16.727504,9.891935,9.927393,0
15,16,6,4.190630,32.453756,-16.727504,10.671220,10.701561,0
16,16,6,6.228756,32.453756,-16.727504,11.607305,11.632403,0
17,16,6,8.266882,32.453756,-16.727504,12.681674,12.701704,0
18,16,6,10.305008,32.453756,-16.727504,13.876481,13.891793,0
19,16,6,12.343134,32.453756,-16.727504,15.175296,15.186320,0
20,16,6,14.381260,32.453756,-16.727504,16.563467,16.570650,0
0,17,6,-26.381260,34.491882,-16.727504,18.793183,18.795383,0
1,17,6,-24.343134,34.491882,-16.727504,17.370563,17.375795,0
2,17,6,-22.305008,34.491882,-16.727504,16.026611,16.035201,0
3,17,6,-20.266882,34.491882,-16.727504,14.773592,14.785862,0
4,17,6,-18.228756,34.491882,-16.727504,13.625341,13.641576,0
5,17,6,-16.190630,34.491882,-16.727504,12.597099,12.617496,0
6,17,6,-14.152504,34.491882,-16.727504,11.705111,11.729709,0
7,17,6,-12.114378,34.491882,-16.727504,10.965915,10.994509,0
8,17,6,-10.076252,34.491882,-16.727504,10.395286,10.427352,0
9,17,6,-8.038126,34.491882,-16.727504,10.006908,10.041562,0
10,17,6,-6.000000,34.491882,-16.727504,9.810942,9.846979,0
11,17,6,-3.961874,34.491882,-16.727504,9.812801,9.848824,0
12,17,6,-1.923748,34.491882,-16.727504,10.012432,10.047048,0
13,17,6,0.114378,34.491882,-16.727504,10.404326,10.436334,0
14,17,6,2.152504,34.491882,-16.727504,10.978242,11.006766,0
15,17,6,4.190630,34.491882,-16.727504,11.720445,11.744966,0
16,17,6,6.228756,34.491882,-16.727504,12.615134,12.635453,0
17,17,6,8.266882,34.491882,-16.727504,13.645768,13.661928,0
18,17,6,10.305008,34.491882,-16.727504,14.796115,14.808314,0
19,17,6,12.343134,34.491882,-16.727504,16.050957,16.059482,0
20,17,6,14.381260,34.491882,-16.727504,17.396489,17.401661,0
0,18,6,-26.381260,36.530008,-16.727504,19.700880,19.701374,0
1,18,6,-24.343134,36.530008,-16.727504,18.322197,18.325349,0
2,18,6,-22.305008,36.530008,-16.727504,17.023773,17.029821,0
3,18,6,-20.266882,36.530008,-16.727504,15.817230,15.826395,0
4,18,6,-18.228756,36.530008,-16.727504,14.715459,14.727915,0
5,18,6,-16.190630,36.530008,-16.727504,13.732415,13.748253,0
6,18,6,-14.152504,36.530008,-16.727504,12.882707,12.901882,0
7,18,6,-12.114378,36.530008,-16.727504,12.180947,12.203228,0
8,18,6,-10.076252,36.530008,-16.727504,11.640841,11.665766,0
9,18,6,-8.038126,36.530008,-16.727504,11.274103,11.300968,0
10,18,6,-6.000000,36.530008,-16.727504,11.089337,11.117227,0
11,18,6,-3.961874,36.530008,-16.727504,11.091088,11.118969,0
12,18,6,-1.923748,36.530008,-16.727504,11.279315,11.306151,0
13,18,6,0.114378,36.530008,-16.727504,11.649385,11.674267,0
14,18,6,2.152504,36.530008,-16.727504,12.192631,12.214858,0
15,18,6,4.190630,36.530008,-16.727504,12.897289,12.916403,0
16,18,6,6.228756,36.530008,-16.727504,13.749626,13.765401,0
17,18,6,8.266882,36.530008,-16.727504,14.735024,14.747418,0
18,18,6,10.305008,36.530008,-16.727504,15.838881,15.847985,0
19,18,6,12.343134,36.530008,-16.727504,17.047257,17.053249,0
20,18,6,14.381260,36.530008,-16.727504,18.347285,18.350385,0
0,19,6,-26.381260,38.568134,-16.727504,20.713457,20.712225,0
1,19,6,-24.343134,38.568134,-16.727504,19.380624,19.381702,0
2,19,6,-22.305008,38.568134,-16.727504,18.129271,18.132827,0
3,19,6,-20.266882,38.568134,-16.727504,16.970303,16.976479,0
4,19,6,-18.228756,38.568134,-16.727504,15.915615,15.924508,0
5,19,6,-16.190630,38.568134,-16.727504,14.977869,14.989497,0
6,19,6,-14.152504,38.568134,-16.727504,14.170091,14.184365,0
7,19,6,-12.114378,38.568134,-16.727504,13.505090,13.521780,0
8,19,6,-10.076252,38.568134,-16.727504,12.994696,13.013407,0
9,19,6,-8.038126,38.568134,-16.727504,12.648883,12.669055,0
10,19,6,-6.000000,38.568134,-16.727504,12.474898,12.495836,0
11,19,6,-3.961874,38.568134,-16.727504,12.476547,12.497478,0
12,19,6,-1.923748,38.568134,-16.727504,12.653793,12.673944,0
13,19,6,0.114378,38.568134,-16.727504,13.002761,13.021438,0
14,19,6,2.152504,38.568134,-16.727504,13.516145,13.532793,0
15,19,6,4.190630,38.568134,-16.727504,14.183930,14.198156,0
16,19,6,6.228756,38.568134,-16.727504,14.994258,15.005836,0
17,19,6,8.266882,38.568134,-16.727504,15.934311,15.943153,0
18,19,6,10.305008,38.568134,-16.727504,16.991064,16.997191,0
19,19,6,12.343134,38.568134,-16.727504,18.151867,18.155375,0
20,19,6,14.381260,38.568134,-16.727504,19.404841,19.405874,0
0,20,6,-26.381260,40.606260,-16.727504,21.821235,21.818296,0
1,20,6,-24.343134,40.606260,-16.727504,20.535122,20.534181,0
2,20,6,-22.305008,40.606260,-16.727504,19.331296,19.332465,0
3,20,6,-20.266882,40.606260,-16.727504,18.219896,18.223261,0
4,20,6,-18.228756,40.606260,-16.727504,17.211813,17.217415,0
5,20,6,-16.190630,40.606260,-16.727504,16.318451,16.326265,0
6,20,6,-14.152504,40.606260,-16.727504,15.551350,15.561267,0
7,20,6,-12.114378,40.606260,-16.727504,14.921686,14.933490,0
8,20,6,-10.076252,40.606260,-16.727504,14.439629,14.452988,0
9,20,6,-8.038126,40.606260,-16.727504,14.113649,14.128120,0
10,20,6,-6.000000,40.606260,-16.727504,13.949844,13.964893,0
11,20,6,-3.961874,40.606260,-16.727504,13.951395,13.966439,0
12,20,6,-1.923748,40.606260,-16.727504,14.118273,14.132728,0
13,20,6,0.114378,40.606260,-16.727504,14.447237,14.460570,0
14,20,6,2.152504,40.606260,-16.727504,14.932140,14.943910,0
15,20,6,4.190630,40.606260,-16.727504,15.564472,15.574351,0
16,20,6,6.228756,40.606260,-16.727504,16.334039,16.341813,0
17,20,6,8.266882,40.606260,-16.727504,17.229654,17.235214,0
18,20,6,10.305008,40.606260,-16.727504,18.239773,18.243096,0
19,20,6,12.343134,40.606260,-16.727504,19.353000,19.354129,0
20,20,6,14.381260,40.606260,-16.727504,20.558456,20.557476,0
0,0,7,-26.381260,-0.156260,-14.689378,23.024870,23.020264,0
1,0,7,-24.343134,-0.156260,-14.689378,21.785877,21.782991,0
2,0,7,-22.305008,-0.156260,-14.689378,20.629555,20.628459,0
3,0,7,-20.266882,-0.156260,-14.689378,19.565259,19.565998,0
4,0,7,-18.228756,-0.156260,-14.689378,18.602887,18.605466,0
5,0,7,-16.190630,-0.156260,-14.689378,17.752643,17.757013,0
6,0,7,-14.152504,-0.156260,-14.689378,17.024701,17.030747,0
7,0,7,-12.114378,-0.156260,-14.689378,16.428770,16.436298,0
8,0,7,-10.076252,-0.156260,-14.689378,15.973570,15.982304,0
9,0,7,-8.038126,-0.156260,-14.689378,15.666285,15.675873,0
10,0,7,-6.000000,-0.156260,-14.689378,15.512042,15.522072,0
11,0,7,-3.961874,-0.156260,-14.689378,15.513502,15.523528,0
12,0,7,-1.923748,-0.156260,-14.689378,15.670641,15.680217,0
13,0,7,0.114378,-0.156260,-14.689378,15.980747,15.989462,0
14,0,7,2.152504,-0.156260,-14.689378,16.438651,16.446153,0
15,0,7,4.190630,-0.156260,-14.689378,17.037136,17.043152,0
16,0,7,6.228756,-0.156260,-14.689378,17.767457,17.771794,0
17,0,7,8.266882,-0.156260,-14.689378,18.619893,18.622437,0
18,0,7,10.305008,-0.156260,-14.689378,19.584264,19.584969,0
19,0,7,12.343134,-0.156260,-14.689378,20.650371,20.649241,0
20,0,7,14.381260,-0.156260,-14.689378,21.808324,21.805404,0
0,1,7,-26.381260,1.881866,-14.689378,21.737797,21.734981,0
1,1,7,-24.343134,1.881866,-14.689378,20.448282,20.447485,0
2,1,7,-22.305008,1.881866,-14.689378,19.241009,19.242347,0
3,1,7,-20.266882,1.881866,-14.689378,18.126175,18.129738,0
4,1,7,-18.228756,1.881866,-14.689378,17.114743,17.120574,0
5,1,7,-16.190630,1.881866,-14.689378,16.218205,16.226282,0
6,1,7,-14.152504,1.881866,-14.689378,15.448207,15.458422,0
7,1,7,-12.114378,1.881866,-14.689378,14.816036,14.828172,0
8,1,7,-10.076252,1.881866,-14.689378,14.331975,14.345696,0
9,1,7,-8.038126,1.881866,-14.689378,14.004597,14.019451,0
10,1,7,-6.000000,1.881866,-14.689378,13.840075,13.855519,0
11,1,7,-3.961874,1.881866,-14.689378,13.841634,13.857072,0
12,1,7,-1.923748,1.881866,-14.689378,14.009241,14.024079,0
13,1,7,0.114378,1.881866,-14.689378,14.339616,14.353310,0
14,1,7,2.152504,1.881866,-14.689378,14.826532,14.838634,0
15,1,7,4.190630,1.881866,-14.689378,15.461380,15.471557,0
16,1,7,6.228756,1.881866,-14.689378,16.233850,16.241887,0
17,1,7,8.266882,1.881866,-14.689378,17.132645,17.138433,0
18,1,7,10.305008,1.881866,-14.689378,18.146116,18.149636,0
19,1,7,12.343134,1.881866,-14.689378,19.262777,19.264075,0
20,1,7,14.381260,1.881866,-14.689378,20.471680,20.470844,0
0,2,7,-26.381260,3.919992,-14.689378,20.529804,20.528872,0
1,2,7,-24.343134,3.919992,-14.689378,19.188888,19.190324,0
2,2,7,-22.305008,3.919992,-14.689378,17.929268,17.933252,0
3,2,7,-20.266882,3.919992,-14.689378,16.761979,16.768665,0
4,2,7,-18.228756,3.919992,-14.689378,15.699091,15.708586,0
5,2,7,-16.190630,3.919992,-14.689378,14.753489,14.765823,0
6,2,7,-14.152504,3.919992,-14.689378,13.938470,13.953560,0
7,2,7,-12.114378,3.919992,-14.689378,13.267147,13.284759,0
8,2,7,-10.076252,3.919992,-14.689378,12.751660,12.771389,0
9,2,7,-8.038126,3.919992,-14.689378,12.402270,12.423533,0
10,2,7,-6.000000,3.919992,-14.689378,12.226444,12.248514,0
11,2,7,-3.961874,3.919992,-14.689378,12.228111,12.250172,0
12,2,7,-1.923748,3.919992,-14.689378,12.407231,12.428472,0
13,2,7,0.114378,3.919992,-14.689378,12.759806,12.779501,0
14,2,7,2.152504,3.919992,-14.689378,13.278310,13.295879,0
15,2,7,4.190630,3.919992,-14.689378,13.952437,13.967477,0
16,2,7,6.228756,3.919992,-14.689378,14.770021,14.782303,0
17,2,7,8.266882,3.919992,-14.689378,15.717938,15.727381,0
18,2,7,10.305008,3.919992,-14.689378,16.782895,16.789530,0
19,2,7,12.343134,3.919992,-14.689378,17.952020,17.955955,0
20,2,7,14.381260,3.919992,-14.689378,19.213258,19.214648,0
0,3,7,-26.381260,5.958118,-14.689378,19.410290,19.411313,0
1,3,7,-24.343134,5.958118,-14.689378,18.017846,18.021640,0
2,3,7,-22.305008,5.958118,-14.689378,16.705209,16.712036,0
3,3,7,-20.266882,5.958118,-14.689378,15.484206,15.494317,0
4,3,7,-18.228756,5.958118,-14.689378,14.368027,14.381625,0
5,3,7,-16.190630,5.958118,-14.689378,13.371024,13.388229,0
6,3,7,-14.152504,5.958118,-14.689378,12.508307,12.529096,0
7,3,7,-12.114378,5.958118,-14.689378,11.795069,11.819215,0
8,3,7,-10.076252,5.958118,-14.689378,11.245634,11.272655,0
9,3,7,-8.038126,5.958118,-14.689378,10.872298,10.901437,0
10,3,7,-6.000000,5.958118,-14.689378,10.684122,10.714385,0
11,3,7,-3.961874,5.958118,-14.689378,10.685906,10.716158,0
12,3,7,-1.923748,5.958118,-14.689378,10.877605,10.906713,0
13,3,7,0.114378,5.958118,-14.689378,11.254329,11.281303,0
14,3,7,2.152504,5.958118,-14.689378,11.806950,11.831037,0
15,3,7,4.190630,5.958118,-14.689378,12.523120,12.543844,0
16,3,7,6.228756,5.958118,-14.689378,13.388489,13.405627,0
17,3,7,8.266882,5.958118,-14.689378,14.387859,14.401391,0
18,3,7,10.305008,5.958118,-14.689378,15.506128,15.516175,0
19,3,7,12.343134,5.958118,-14.689378,16.728962,16.735730,0
20,3,7,14.381260,5.958118,-14.689378,18.043196,18.046935,0
0,4,7,-26.381260,7.996244,-14.689378,18.389336,18.392349,0
1,4,7,-24.343134,7.996244,-14.689378,16.946232,16.952467,0
2,4,7,-22.305008,7.996244,-14.689378,15.580906,15.590738,0
3,4,7,-20.266882,7.996244,-14.689378,14.305906,14.319715,0
4,4,7,-18.228756,7.996244,-14.689378,13.135498,13.153635,0
5,4,7,-16.190630,7.996244,-14.689378,12.085533,12.108264,0
6,4,7,-14.152504,7.996244,-14.689378,11.173058,11.200480,0
7,4,7,-12.114378,7.996244,-14.689378,10.415582,10.447518,0
8,4,7,-10.076252,7.996244,-14.689378,9.829948,9.865848,0
9,4,7,-8.038126,7.996244,-14.689378,9.430873,9.469755,0
10,4,7,-6.000000,7.996244,-14.689378,9.229353,9.269837,0
11,4,7,-3.961874,7.996244,-14.689378,9.231265,9.271733,0
12,4,7,-1.923748,7.996244,-14.689378,9.436552,9.475389,0
13,4,7,0.114378,7.996244,-14.689378,9.839232,9.875066,0
14,4,7,2.152504,7.996244,-14.689378,10.428225,10.460080,0
15,4,7,4.190630,7.996244,-14.689378,11.188759,11.216094,0
16,4,7,6.228756,7.996244,-14.689378,12.103966,12.126610,0
17,4,7,8.266882,7.996244,-14.689378,13.156338,13.174392,0
18,4,7,10.305008,7.996244,-14.689378,14.328844,14.342575,0
19,4,7,12.343134,7.996244,-14.689378,15.605659,15.615420,0
20,4,7,14.381260,7.996244,-14.689378,16.972550,16.978721,0
0,5,7,-26.381260,10.034370,-14.689378,17.477511,17.482498,0
1,5,7,-24.343134,10.034370,-14.689378,15.985852,15.994553,0
2,5,7,-22.305008,10.034370,-14.689378,14.569476,14.582405,0
3,5,7,-20.266882,10.034370,-14.689378,13.241534,13.259248,0
4,5,7,-18.228756,10.034370,-14.689378,12.017277,12.040335,0
5,5,7,-16.190630,10.034370,-14.689378,10.914019,10.942914,0
6,5,7,-14.152504,10.034370,-14.689378,9.950801,9.985845,0
7,5,7,-12.114378,10.034370,-14.689378,9.147629,9.188782,0
8,5,7,-10.076252,10.034370,-14.689378,8.524173,8.570856,0
9,5,7,-8.038126,10.034370,-14.689378,8.097960,8.148907,0
10,5,7,-6.000000,10.034370,-14.689378,7.882287,7.935566,0
11,5,7,-3.961874,10.034370,-14.689378,7.884335,7.937591,0
12,5,7,-1.923748,10.034370,-14.689378,8.104034,8.154917,0
13,5,7,0.114378,10.034370,-14.689378,8.534075,8.580664,0
14,5,7,2.152504,10.034370,-14.689378,9.161063,9.202106,0
15,5,7,4.190630,10.034370,-14.689378,9.967413,10.002341,0
16,5,7,6.228756,10.034370,-14.689378,10.933433,10.962215,0
17,5,7,8.266882,10.034370,-14.689378,12.039125,12.062078,0
18,5,7,10.305008,10.034370,-14.689378,13.265474,13.283093,0
19,5,7,12.343134,10.034370,-14.689378,14.595203,14.608049,0
20,5,7,14.381260,10.034370,-14.689378,16.013102,16.021729,0
0,6,7,-26.381260,12.072496,-14.689378,16.685564,16.692441,0
1,6,7,-24.343134,12.072496,-14.689378,15.148923,15.160027,0
2,6,7,-22.305008,12.072496,-14.689378,13.684746,13.700760,0
3,6,7,-20.266882,12.072496,-14.689378,12.306643,12.328342,0
4,6,7,-18.228756,12.072496,-14.689378,11.030706,11.058929,0
5,6,7,-16.190630,12.072496,-14.689378,9.875596,9.911171,0
6,6,7,-14.152504,12.072496,-14.689378,8.862311,8.905899,0
7,6,7,-12.114378,12.072496,-14.689378,8.013430,8.065276,0
8,6,7,-10.076252,12.072496,-14.689378,7.351671,7.411261,0
9,6,7,-8.038126,12.072496,-14.689378,6.897697,6.963445,0
10,6,7,-6.000000,12.072496,-14.689378,6.667453,6.736639,0
11,6,7,-3.961874,12.072496,-14.689378,6.669640,6.738793,0
12,6,7,-1.923748,12.072496,-14.689378,6.904176,6.969831,0
13,6,7,0.114378,12.072496,-14.689378,7.362202,7.421657,0
14,6,7,2.152504,12.072496,-14.689378,8.027661,8.079355,0
15,6,7,4.190630,12.072496,-14.689378,8.879828,8.923263,0
16,6,7,6.228756,12.072496,-14.689378,9.895971,9.931401,0
17,6,7,8.266882,12.072496,-14.689378,11.053527,11.081620,0
18,6,7,10.305008,12.072496,-14.689378,12.331538,12.353123,0
19,6,7,12.343134,12.072496,-14.689378,13.711391,13.727307,0
20,6,7,14.381260,12.072496,-14.689378,15.177041,15.188061,0
0,7,7,-26.381260,14.110622,-14.689378,16.024003,16.032600,0
1,7,7,-24.343134,14.110622,-14.689378,14.447585,14.460917,0
2,7,7,-22.305008,14.110622,-14.689378,12.940714,12.959648,0
3,7,7,-20.266882,14.110622,-14.689378,11.517302,11.542867,0
4,7,7,-18.228756,14.110622,-14.689378,10.194099,10.227481,0
5,7,7,-16.190630,14.110622,-14.689378,8.990923,9.033395,0
6,7,7,-14.152504,14.110622,-14.689378,7.930567,7.983313,0
7,7,7,-12.114378,14.110622,-14.689378,7.038109,7.101868,0
8,7,7,-10.076252,14.110622,-14.689378,6.339358,6.413867,0
9,7,7,-8.038126,14.110622,-14.689378,5.858291,5.941660,0
10,7,7,-6.000000,14.110622,-14.689378,5.613725,5.702166,0
11,7,7,-3.961874,14.110622,-14.689378,5.616051,5.704441,0
12,7,7,-1.923748,14.110622,-14.689378,5.865166,5.948399,0
13,7,7,0.114378,14.110622,-14.689378,6.350500,6.424820,0
14,7,7,2.152504,14.110622,-14.689378,7.053105,7.116657,0
15,7,7,4.190630,14.110622,-14.689378,7.948942,8.001487,0
16,7,7,6.228756,14.110622,-14.689378,9.012195,9.054485,0
17,7,7,8.266882,14.110622,-14.689378,10.217816,10.251040,0
18,7,7,10.305008,14.110622,-14.689378,11.543066,11.568497,0
19,7,7,12.343134,14.110622,-14.689378,12.968184,12.987004,0
20,7,7,14.381260,14.110622,-14.689378,14.476475,14.489711,0
0,8,7,-26.381260,16.148748,-14.689378,15.502559,15.512616,0
1,8,7,-24.343134,16.148748,-14.689378,13.893260,13.908512,0
2,8,7,-22.305008,16.148748,-14.689378,12.350783,12.372280,0
3,8,7,-20.266882,16.148748,-14.689378,10.889199,10.918239,0
4,8,7,-18.228756,16.148748,-14.689378,9.525721,9.563871,0
5,8,7,-16.190630,16.148748,-14.689378,8.281076,8.330138,0
6,8,7,-14.152504,16.148748,-14.689378,7.179567,7.241401,0
7,8,7,-12.114378,16.148748,-14.689378,6.248496,6.324577,0
8,8,7,-10.076252,16.148748,-14.689378,5.516555,5.607132,0
9,8,7,-8.038126,16.148748,-14.689378,5.010923,5.113915,0
10,8,7,-6.000000,16.148748,-14.689378,4.753282,4.863580,0
11,8,7,-3.961874,16.148748,-14.689378,4.755734,4.865959,0
12,8,7,-1.923748,16.148748,-14.689378,5.018160,5.120957,0
13,8,7,0.114378,16.148748,-14.689378,5.528249,5.618565,0
14,8,7,2.152504,16.148748,-14.689378,6.264175,6.339981,0
15,8,7,4.190630,16.148748,-14.689378,7.198697,7.260276,0
16,8,7,6.228756,16.148748,-14.689378,8.303126,8.351966,0
17,8,7,8.266882,16.148748,-14.689378,9.550206,9.588170,0
18,8,7,10.305008,16.148748,-14.689378,10.915698,10.944584,0
19,8,7,12.343134,16.148748,-14.689378,12.378943,12.400312,0
20,8,7,14.381260,16.148748,-14.689378,13.922791,13.937937,0
0,9,7,-26.381260,18.186874,-14.689378,15.129594,15.140757,0
1,9,7,-24.343134,18.186874,-14.689378,13.495895,13.512620,0
2,9,7,-22.305008,18.186874,-14.689378,11.926803,11.950299,0
3,9,7,-20.266882,18.186874,-14.689378,10.436452,10.468255,0
4,9,7,-18.228756,18.186874,-14.689378,9.042334,9.084369,0
5,9,7,-16.190630,18.186874,-14.689378,7.765809,7.820400,0
6,9,7,-14.152504,18.186874,-14.689378,6.632304,6.702036,0
7,9,7,-12.114378,18.186874,-14.689378,5.670860,5.758078,0
8,9,7,-10.076252,18.186874,-14.689378,4.912520,5.018215,0
9,9,7,-8.038126,18.186874,-14.689378,4.387167,4.509264,0
10,9,7,-6.000000,18.186874,-14.689378,4.118964,4.250973,0
11,9,7,-3.961874,18.186874,-14.689378,4.121518,4.253428,0
12,9,7,-1.923748,18.186874,-14.689378,4.394696,4.516532,0
13,9,7,0.114378,18.186874,-14.689378,4.924655,5.030011,0
14,9,7,2.152504,18.186874,-14.689378,5.687078,5.773953,0
15,9,7,4.190630,18.186874,-14.689378,6.652024,6.721449,0
16,9,7,6.228756,18.186874,-14.689378,7.788461,7.842794,0
17,9,7,8.266882,18.186874,-14.689378,9.067407,9.109230,0
18,9,7,10.305008,18.186874,-14.689378,10.463508,10.495139,0
19,9,7,12.343134,18.186874,-14.689378,11.955481,11.978838,0
20,9,7,14.381260,18.186874,-14.689378,13.525902,13.542512,0
0,10,7,-26.381260,20.225000,-14.689378,14.911498,14.923333,0
1,10,7,-24.343134,20.225000,-14.689378,13.263172,13.280800,0
2,10,7,-22.305008,20.225000,-14.689378,11.678048,11.702784,0
3,10,7,-20.266882,20.225000,-14.689378,10.170266,10.203807,0
4,10,7,-18.228756,20.225000,-14.689378,8.757460,8.801983,0
5,10,7,-16.190630,20.225000,-14.689378,7.461343,7.519556,0
6,10,7,-14.152504,20.225000,-14.689378,6.308013,6.383060,0
7,10,7,-12.114378,20.225000,-14.689378,5.327589,5.422539,0
8,10,7,-10.076252,20.225000,-14.689378,4.552617,4.669157,0
9,10,7,-8.038126,20.225000,-14.689378,4.014752,4.150952,0
10,10,7,-6.000000,20.225000,-14.689378,3.739815,3.888128,0
11,10,7,-3.961874,20.225000,-14.689378,3.742434,3.890624,0
12,10,7,-1.923748,20.225000,-14.689378,4.022466,4.158349,0
13,10,7,0.114378,20.225000,-14.689378,4.565031,4.681169,0
14,10,7,2.152504,20.225000,-14.689378,5.344147,5.438701,0
15,10,7,4.190630,20.225000,-14.689378,6.328100,6.402802,0
16,10,7,6.228756,20.225000,-14.689378,7.484367,7.542295,0
17,10,7,8.266882,20.225000,-14.689378,8.782892,8.827186,0
18,10,7,10.305008,20.225000,-14.689378,10.197660,10.231019,0
19,10,7,12.343134,20.225000,-14.689378,11.707039,11.731628,0
20,10,7,14.381260,20.225000,-14.689378,13.293465,13.310974,0
0,11,7,-26.381260,22.263126,-14.689378,14.852176,14.864198,0
1,11,7,-24.343134,22.263126,-14.689378,13.199826,13.217705,0
2,11,7,-22.305008,22.263126,-14.689378,11.610278,11.635361,0
3,11,7,-20.266882,22.263126,-14.689378,10.097674,10.131705,0
4,11,7,-18.228756,22.263126,-14.689378,8.679682,8.724912,0
5,11,7,-16.190630,22.263126,-14.689378,7.378107,7.437361,0
6,11,7,-14.152504,22.263126,-14.689378,6.219232,6.295828,0
7,11,7,-12.114378,22.263126,-14.689378,5.233476,5.330717,0
8,11,7,-10.076252,22.263126,-14.689378,4.453813,4.573623,0
9,11,7,-8.038126,22.263126,-14.689378,3.912405,4.052927,0
10,11,7,-6.000000,22.263126,-14.689378,3.635558,3.788913,0
11,11,7,-3.961874,22.263126,-14.689378,3.638196,3.791421,0
12,11,7,-1.923748,22.263126,-14.689378,3.920173,4.060359,0
13,11,7,0.114378,22.263126,-14.689378,4.466305,4.585695,0
14,11,7,2.152504,22.263126,-14.689378,5.250129,5.346959,0
15,11,7,4.190630,22.263126,-14.689378,6.239421,6.315661,0
16,11,7,6.228756,22.263126,-14.689378,7.401234,7.460196,0
17,11,7,8.266882,22.263126,-14.689378,8.705214,8.750210,0
18,11,7,10.305008,22.263126,-14.689378,10.125162,10.159007,0
19,11,7,12.343134,22.263126,-14.689378,11.639356,11.664289,0
20,11,7,14.381260,22.263126,-14.689378,13.230198,13.247957,0
0,12,7,-26.381260,24.301252,-14.689378,14.952715,14.964422,0
1,12,7,-24.343134,24.301252,-14.689378,13.307174,13.324629,0
2,12,7,-22.305008,24.301252,-14.689378,11.725107,11.749605,0
3,12,7,-20.266882,24.301252,-14.689378,10.220655,10.253861,0
4,12,7,-18.228756,24.301252,-14.689378,8.811427,8.855466,0
5,12,7,-16.190630,24.301252,-14.689378,7.519069,7.576573,0
6,12,7,-14.152504,24.301252,-14.689378,6.369553,6.443550,0
7,12,7,-12.114378,24.301252,-14.689378,5.392790,5.486197,0
8,12,7,-10.076252,24.301252,-14.689378,4.621034,4.735387,0
9,12,7,-8.038126,24.301252,-14.689378,4.085593,4.218923,0
10,12,7,-6.000000,24.301252,-14.689378,3.811964,3.956939,0
11,12,7,-3.961874,24.301252,-14.689378,3.814571,3.959427,0
12,12,7,-1.923748,24.301252,-14.689378,4.093272,4.226296,0
13,12,7,0.114378,24.301252,-14.689378,4.633393,4.747358,0
14,12,7,2.152504,24.301252,-14.689378,5.409281,5.502304,0
15,12,7,4.190630,24.301252,-14.689378,6.389569,6.463229,0
16,12,7,6.228756,24.301252,-14.689378,7.542021,7.599246,0
17,12,7,8.266882,24.301252,-14.689378,8.836790,8.880604,0
18,12,7,10.305008,24.301252,-14.689378,10.247985,10.281009,0
19,12,7,12.343134,24.301252,-14.689378,11.754039,11.778390,0
20,12,7,14.381260,24.301252,-14.689378,13.337413,13.354750,0
0,13,7,-26.381260,26.339378,-14.689378,15.211280,15.222197,0
1,13,7,-24.343134,26.339378,-14.689378,13.582990,13.599385,0
2,13,7,-22.305008,26.339378,-14.689378,12.019813,12.042859,0
3,13,7,-20.266882,26.339378,-14.689378,10.535872,10.567048,0
4,13,7,-18.228756,26.339378,-14.689378,9.148605,9.189751,0
5,13,7,-16.190630,26.339378,-14.689378,7.879232,7.932545,0
6,13,7,-14.152504,26.339378,-14.689378,6.752934,6.820817,0
7,13,7,-12.114378,26.339378,-14.689378,5.798359,5.882932,0
8,13,7,-10.076252,26.339378,-14.689378,5.046012,5.148064,0
9,13,7,-8.038126,26.339378,-14.689378,4.525151,4.642586,0
10,13,7,-6.000000,26.339378,-14.689378,4.259359,4.386031,0
11,13,7,-3.961874,26.339378,-14.689378,4.261889,4.388469,0
12,13,7,-1.923748,26.339378,-14.689378,4.532613,4.649804,0
13,13,7,0.114378,26.339378,-14.689378,5.058046,5.159780,0
14,13,7,2.152504,26.339378,-14.689378,5.814455,5.898702,0
15,13,7,4.190630,26.339378,-14.689378,6.772520,6.840109,0
16,13,7,6.228756,26.339378,-14.689378,7.901749,7.954812,0
17,13,7,8.266882,26.339378,-14.689378,9.173546,9.214486,0
18,13,7,10.305008,26.339378,-14.689378,10.562804,10.593812,0
19,13,7,12.343134,26.339378,-14.689378,12.048376,12.071285,0
20,13,7,14.381260,26.339378,-14.689378,13.612892,13.629174,0
0,14,7,-26.381260,28.377504,-14.689378,15.623284,15.632995,0
1,14,7,-24.343134,28.377504,-14.689378,14.021724,14.036517,0
2,14,7,-22.305008,28.377504,-14.689378,12.487652,12.508533,0
3,14,7,-20.266882,28.377504,-14.689378,11.035111,11.063309,0
4,14,7,-18.228756,28.377504,-14.689378,9.681213,9.718196,0
5,14,7,-16.190630,28.377504,-14.689378,8.446477,8.493905,0
6,14,7,-14.152504,28.377504,-14.689378,7.354849,7.414398,0
7,14,7,-12.114378,28.377504,-14.689378,6.433093,6.506028,0
8,14,7,-10.076252,28.377504,-14.689378,5.709196,5.795607,0
9,14,7,-8.038126,28.377504,-14.689378,5.209541,5.307378,0
10,14,7,-6.000000,28.377504,-14.689378,4.955090,5.059603,0
11,14,7,-3.961874,28.377504,-14.689378,4.957512,5.061958,0
12,14,7,-1.923748,28.377504,-14.689378,5.216691,5.314349,0
13,14,7,0.114378,28.377504,-14.689378,5.720756,5.806925,0
14,14,7,2.152504,28.377504,-14.689378,6.448607,6.521285,0
15,14,7,4.190630,28.377504,-14.689378,7.373796,7.433105,0
16,14,7,6.228756,28.377504,-14.689378,8.468341,8.515558,0
17,14,7,8.266882,28.377504,-14.689378,9.705515,9.742319,0
18,14,7,10.305008,28.377504,-14.689378,11.061436,11.089484,0
19,14,7,12.343134,28.377504,-14.689378,12.515649,12.536405,0
20,14,7,14.381260,28.377504,-14.689378,14.051103,14.065793,0
0,15,7,-26.381260,30.415630,-14.689378,16.181774,16.189948,0
1,15,7,-24.343134,30.415630,-14.689378,14.615033,14.627814,0
2,15,7,-22.305008,30.415630,-14.689378,13.118588,13.136793,0
3,15,7,-20.266882,30.415630,-14.689378,11.706284,11.730877,0
4,15,7,-18.228756,30.415630,-14.689378,10.394723,10.426793,0
5,15,7,-16.190630,30.415630,-14.689378,9.203446,9.244141,0
6,15,7,-14.152504,30.415630,-14.689378,8.154803,8.205156,0
7,15,7,-12.114378,30.415630,-14.689378,7.273245,7.333845,0
8,15,7,-10.076252,30.415630,-14.689378,6.583793,6.654288,0
9,15,7,-8.038126,30.415630,-14.689378,6.109564,6.188136,0
10,15,7,-6.000000,30.415630,-14.689378,5.868623,5.951786,0
11,15,7,-3.961874,30.415630,-14.689378,5.870914,5.954032,0
12,15,7,-1.923748,30.415630,-14.689378,6.116340,6.194787,0
13,15,7,0.114378,30.415630,-14.689378,6.594782,6.665102,0
14,15,7,2.152504,30.415630,-14.689378,7.288050,7.348457,0
15,15,7,4.190630,30.415630,-14.689378,8.172964,8.223129,0
16,15,7,6.228756,30.415630,-14.689378,9.224495,9.265018,0
17,15,7,8.266882,30.415630,-14.689378,10.418219,10.450138,0
18,15,7,10.305008,30.415630,-14.689378,11.731835,11.756298,0
19,15,7,12.343134,30.415630,-14.689378,13.145856,13.163951,0
20,15,7,14.381260,30.415630,-14.689378,14.643735,14.656423,0
0,16,7,-26.381260,32.453756,-14.689378,16.877974,16.884376,0
1,16,7,-24.343134,32.453756,-14.689378,15.352516,15.363012,0
2,16,7,-22.305008,32.453756,-14.689378,13.900271,13.915497,0
3,16,7,-20.266882,32.453756,-14.689378,12.534743,12.555415,0
4,16,7,-18.228756,32.453756,-14.689378,11.271825,11.298702,0
5,16,7,-16.190630,32.453756,-14.689378,10.129845,10.163658,0
6,16,7,-14.152504,32.453756,-14.689378,9.129305,9.170610,0
7,16,7,-12.114378,32.453756,-14.689378,8.292121,8.341072,0
8,16,7,-10.076252,32.453756,-14.689378,7.640211,7.696262,0
9,16,7,-8.038126,32.453756,-14.689378,7.193403,7.255053,0
10,16,7,-6.000000,32.453756,-14.689378,6.966929,7.031687,0
11,16,7,-3.961874,32.453756,-14.689378,6.969081,7.033808,0
12,16,7,-1.923748,32.453756,-14.689378,7.199777,7.261342,0
13,16,7,0.114378,32.453756,-14.689378,7.650580,7.706508,0
14,16,7,2.152504,32.453756,-14.689378,8.306148,8.354958,0
15,16,7,4.190630,32.453756,-14.689378,9.146591,9.187754,0
16,16,7,6.228756,32.453756,-14.689378,10.149976,10.183653,0
17,16,7,8.266882,32.453756,-14.689378,11.294400,11.321155,0
18,16,7,10.305008,32.453756,-14.689378,12.559399,12.579962,0
19,16,7,12.343134,32.453756,-14.689378,13.926687,13.941819,0
20,16,7,14.381260,32.453756,-14.689378,15.380419,15.390832,0
0,17,7,-26.381260,34.491882,-14.689378,17.701898,17.706381,0
1,17,7,-24.343134,34.491882,-14.689378,16.222497,16.230563,0
2,17,7,-22.305008,34.491882,-14.689378,14.819061,14.831187,0
3,17,7,-20.266882,34.491882,-14.689378,13.504598,13.521290,0
4,17,7,-18.228756,34.491882,-14.689378,12.294118,12.315874,0
5,17,7,-16.190630,34.491882,-14.689378,11.204563,11.231810,0
6,17,7,-14.152504,34.491882,-14.689378,10.254461,10.287443,0
7,17,7,-12.114378,34.491882,-14.689378,9.463158,9.501789,0
8,17,7,-10.076252,34.491882,-14.689378,8.849571,8.893272,0
9,17,7,-8.038126,34.491882,-14.689378,8.430464,8.478048,0
10,17,7,-6.000000,34.491882,-14.689378,8.218505,8.268202,0
11,17,7,-3.961874,34.491882,-14.689378,8.220517,8.270193,0
12,17,7,-1.923748,34.491882,-14.689378,8.436434,8.483960,0
13,17,7,0.114378,34.491882,-14.689378,8.859311,8.902926,0
14,17,7,2.152504,34.491882,-14.689378,9.476387,9.514915,0
15,17,7,4.190630,34.491882,-14.689378,10.270837,10.303711,0
16,17,7,6.228756,34.491882,-14.689378,11.223725,11.250866,0
17,17,7,8.266882,34.491882,-14.689378,12.315707,12.337365,0
18,17,7,10.305008,34.491882,-14.689378,13.528282,13.544884,0
19,17,7,12.343134,34.491882,-14.689378,14.844541,14.856586,0
20,17,7,14.381260,34.491882,-14.689378,16.249511,16.257506,0
0,18,7,-26.381260,36.530008,-14.689378,18.642930,18.645428,0
1,18,7,-24.343134,36.530008,-14.689378,17.212759,17.218358,0
2,18,7,-22.305008,36.530008,-14.689378,15.860938,15.869982,0
3,18,7,-20.266882,36.530008,-14.689378,14.599840,14.612671,0
4,18,7,-18.228756,36.530008,-14.689378,13.443459,13.460384,0
5,18,7,-16.190630,36.530008,-14.689378,12.407259,12.428500,0
6,18,7,-14.152504,36.530008,-14.689378,11.507779,11.533394,0
7,18,7,-12.114378,36.530008,-14.689378,10.761908,10.791702,0
8,18,7,-10.076252,36.530008,-14.689378,10.185809,10.219246,0
9,18,7,-8.038126,36.530008,-14.689378,9.793536,9.829698,0
10,18,7,-6.000000,36.530008,-14.689378,9.595549,9.633170,0
11,18,7,-3.961874,36.530008,-14.689378,9.597427,9.635034,0
12,18,7,-1.923748,36.530008,-14.689378,9.799116,9.835238,0
13,18,7,0.114378,36.530008,-14.689378,10.194938,10.228314,0
14,18,7,2.152504,36.530008,-14.689378,10.774351,10.804070,0
15,18,7,4.190630,36.530008,-14.689378,11.523247,11.548781,0
16,18,7,6.228756,36.530008,-14.689378,12.425440,12.446599,0
17,18,7,8.266882,36.530008,-14.689378,13.464037,13.480884,0
18,18,7,10.305008,36.530008,-14.689378,14.622516,14.635273,0
19,18,7,12.343134,36.530008,-14.689378,15.885434,15.894411,0
20,18,7,14.381260,36.530008,-14.689378,17.238829,17.244367,0
0,19,7,-26.381260,38.568134,-14.689378,19.690329,19.690843,0
1,19,7,-24.343134,38.568134,-14.689378,18.311151,18.314326,0
2,19,7,-22.305008,38.568134,-14.689378,17.012217,17.018293,0
3,19,7,-20.266882,38.568134,-14.689378,15.805156,15.814354,0
4,19,7,-18.228756,38.568134,-14.689378,14.702869,14.715366,0
5,19,7,-16.190630,38.568134,-14.689378,13.719326,13.735212,0
6,19,7,-14.152504,38.568134,-14.689378,12.869154,12.888386,0
7,19,7,-12.114378,38.568134,-14.689378,12.166985,12.189332,0
8,19,7,-10.076252,38.568134,-14.689378,11.626547,11.651546,0
9,19,7,-8.038126,38.568134,-14.689378,11.259575,11.286519,0
10,19,7,-6.000000,38.568134,-14.689378,11.074687,11.102660,0
11,19,7,-3.961874,38.568134,-14.689378,11.076440,11.104403,0
12,19,7,-1.923748,38.568134,-14.689378,11.264789,11.291705,0
13,19,7,0.114378,38.568134,-14.689378,11.635097,11.660052,0
14,19,7,2.152504,38.568134,-14.689378,12.178676,12.200968,0
15,19,7,4.190630,38.568134,-14.689378,12.883744,12.902915,0
16,19,7,6.228756,38.568134,-14.689378,13.736546,13.752369,0
17,19,7,8.266882,38.568134,-14.689378,14.722444,14.734878,0
18,19,7,10.305008,38.568134,-14.689378,15.826816,15.835954,0
19,19,7,12.343134,38.568134,-14.689378,17.035711,17.041730,0
20,19,7,14.381260,38.568134,-14.689378,18.336249,18.339371,0
0,20,7,-26.381260,40.606260,-14.689378,20.833630,20.832203,0
1,20,7,-24.343134,40.606260,-14.689378,19.506032,19.506879,0
2,20,7,-22.305008,40.606260,-14.689378,18.260026,18.263307,0
3,20,7,-20.266882,40.606260,-14.689378,17.106433,17.112283,0
4,20,7,-18.228756,40.606260,-14.689378,16.057034,16.065542,0
5,20,7,-16.190630,40.606260,-14.689378,15.124347,15.135526,0
6,20,7,-14.152504,40.606260,-14.689378,14.321226,14.334983,0
7,20,7,-12.114378,40.606260,-14.689378,13.660287,13.676392,0
8,20,7,-10.076252,40.606260,-14.689378,13.153160,13.171227,0
9,20,7,-8.038126,40.606260,-14.689378,12.809640,12.829123,0
10,20,7,-6.000000,40.606260,-14.689378,12.636834,12.657059,0
11,20,7,-3.961874,40.606260,-14.689378,12.638472,12.658689,0
12,20,7,-1.923748,40.606260,-14.689378,12.814517,12.833979,0
13,20,7,0.114378,40.606260,-14.689378,13.161172,13.179206,0
14,20,7,2.152504,40.606260,-14.689378,13.671273,13.687337,0
15,20,7,4.190630,40.606260,-14.689378,14.334983,14.348693,0
16,20,7,6.228756,40.606260,-14.689378,15.140645,15.151775,0
17,20,7,8.266882,40.606260,-14.689378,16.075633,16.084091,0
18,20,7,10.305008,40.606260,-14.689378,17.127094,17.132896,0
19,20,7,12.343134,40.606260,-14.689378,18.282522,18.285756,0
20,20,7,14.381260,40.606260,-14.689378,19.530149,19.530952,0
0,0,8,-26.381260,-0.156260,-12.651252,22.198151,22.194671,0
1,0,8,-24.343134,-0.156260,-12.651252,20.927182,20.925606,0
2,0,8,-22.305008,-0.156260,-12.651252,19.738669,19.739096,0
3,0,8,-20.266882,-0.156260,-12.651252,18.642501,18.645000,0
4,0,8,-18.228756,-0.156260,-12.651252,17.649245,17.653845,0
5,0,8,-16.190630,-0.156260,-12.651252,16.769913,16.776580,0
6,0,8,-14.152504,-0.156260,-12.651252,16.015592,16.024212,0
7,0,8,-12.114378,-0.156260,-12.651252,15.396966,15.407331,0
8,0,8,-10.076252,-0.156260,-12.651252,14.923718,14.935515,0
9,0,8,-8.038126,-0.156260,-12.651252,14.603880,14.616698,0
10,0,8,-6.000000,-0.156260,-12.651252,14.443220,14.456567,0
11,0,8,-3.961874,-0.156260,-12.651252,14.444742,14.458084,0
12,0,8,-1.923748,-0.156260,-12.651252,14.608416,14.621219,0
13,0,8,0.114378,-0.156260,-12.651252,14.931184,14.942958,0
14,0,8,2.152504,-0.156260,-12.651252,15.407232,15.417567,0
15,0,8,4.190630,-0.156260,-12.651252,16.028490,16.037075,0
16,0,8,6.228756,-0.156260,-12.651252,16.785249,16.791878,0
17,0,8,8.266882,-0.156260,-12.651252,17.666815,17.671375,0
18,0,8,10.305008,-0.156260,-12.651252,18.662095,18.664555,0
19,0,8,12.343134,-0.156260,-12.651252,19.760086,19.760475,0
20,0,8,14.381260,-0.156260,-12.651252,20.950230,20.948618,0
0,1,8,-26.381260,1.881866,-12.651252,20.877810,20.876313,0
1,1,8,-24.343134,1.881866,-12.651252,19.552126,19.552889,0
2,1,8,-22.305008,1.881866,-12.651252,18.308074,18.311256,0
3,1,8,-20.266882,1.881866,-12.651252,17.156443,17.162175,0
4,1,8,-18.228756,1.881866,-12.651252,16.108975,16.117343,0
5,1,8,-16.190630,1.881866,-12.651252,15.178132,15.189148,0
6,1,8,-14.152504,1.881866,-12.651252,14.376707,14.390276,0
7,1,8,-12.114378,1.881866,-12.651252,13.717245,13.733139,0
8,1,8,-10.076252,1.881866,-12.651252,13.211308,13.229142,0
9,1,8,-8.038126,1.881866,-12.651252,12.868622,12.887856,0
10,1,8,-6.000000,1.881866,-12.651252,12.696244,12.716211,0
11,1,8,-3.961874,1.881866,-12.651252,12.697877,12.717837,0
12,1,8,-1.923748,1.881866,-12.651252,12.873486,12.892700,0
13,1,8,0.114378,1.881866,-12.651252,13.219300,13.237102,0
14,1,8,2.152504,1.881866,-12.651252,13.728206,13.744060,0
15,1,8,4.190630,1.881866,-12.651252,14.390434,14.403957,0
16,1,8,6.228756,1.881866,-12.651252,15.194397,15.205364,0
17,1,8,8.266882,1.881866,-12.651252,16.127538,16.135857,0
18,1,8,10.305008,1.881866,-12.651252,17.177068,17.182751,0
19,1,8,12.343134,1.881866,-12.651252,18.330533,18.333668,0
20,1,8,14.381260,1.881866,-12.651252,19.576207,19.576927,0
0,2,8,-26.381260,3.919992,-12.651252,19.636026,19.636637,0
1,2,8,-24.343134,3.919992,-12.651252,18.254296,18.257589,0
2,2,8,-22.305008,3.919992,-12.651252,16.952728,16.958948,0
3,2,8,-20.266882,3.919992,-12.651252,15.742991,15.752363,0
4,2,8,-18.228756,3.919992,-12.651252,14.638041,14.650747,0
5,2,8,-16.190630,3.919992,-12.651252,13.651921,13.668057,0
6,2,8,-14.152504,3.919992,-12.651252,12.799350,12.818877,0
7,2,8,-12.114378,3.919992,-12.651252,12.095067,12.117753,0
8,2,8,-10.076252,3.919992,-12.651252,11.552913,11.578292,0
9,2,8,-8.038126,3.919992,-12.651252,11.184728,11.212085,0
10,2,8,-6.000000,3.919992,-12.651252,10.999213,11.027617,0
11,2,8,-3.961874,3.919992,-12.651252,11.000972,11.029365,0
12,2,8,-1.923748,3.919992,-12.651252,11.189960,11.217288,0
13,2,8,0.114378,3.919992,-12.651252,11.561490,11.586825,0
14,2,8,2.152504,3.919992,-12.651252,12.106795,12.129425,0
15,2,8,4.190630,3.919992,-12.651252,12.813983,12.833448,0
16,2,8,6.228756,3.919992,-12.651252,13.669188,13.685260,0
17,2,8,8.266882,3.919992,-12.651252,14.657665,14.670308,0
18,2,8,10.305008,3.919992,-12.651252,15.764701,15.774013,0
19,2,8,12.343134,3.919992,-12.651252,16.976272,16.982434,0
20,2,8,14.381260,3.919992,-12.651252,18.279442,18.282682,0
0,3,8,-26.381260,5.958118,-12.651252,18.482696,18.485518,0
1,3,8,-24.343134,5.958118,-12.651252,17.044381,17.050380,0
2,3,8,-22.305008,5.958118,-12.651252,15.684061,15.693599,0
3,3,8,-20.266882,5.958118,-12.651252,14.414218,14.427662,0
4,3,8,-18.228756,5.958118,-12.651252,13.249019,13.266703,0
5,3,8,-16.190630,5.958118,-12.651252,12.204171,12.226344,0
6,3,8,-14.152504,5.958118,-12.651252,11.296533,11.323276,0
7,3,8,-12.114378,5.958118,-12.651252,10.543381,10.574510,0
8,3,8,-10.076252,5.958118,-12.651252,9.961302,9.996273,0
9,3,8,-8.038126,5.958118,-12.651252,9.564765,9.602619,0
10,3,8,-6.000000,5.958118,-12.651252,9.364564,9.403965,0
11,3,8,-3.961874,5.958118,-12.651252,9.366463,9.405850,0
12,3,8,-1.923748,5.958118,-12.651252,9.570408,9.608219,0
13,3,8,0.114378,5.958118,-12.651252,9.970528,10.005435,0
14,3,8,2.152504,5.958118,-12.651252,10.555949,10.587000,0
15,3,8,4.190630,5.958118,-12.651252,11.312147,11.338806,0
16,3,8,6.228756,5.958118,-12.651252,12.222511,12.244599,0
17,3,8,8.266882,5.958118,-12.651252,13.269762,13.287365,0
18,3,8,10.305008,5.958118,-12.651252,14.437059,14.450426,0
19,3,8,12.343134,5.958118,-12.651252,15.708719,15.718187,0
20,3,8,14.381260,5.958118,-12.651252,17.070607,17.076543,0
0,4,8,-26.381260,7.996244,-12.651252,17.428554,17.433653,0
1,4,8,-24.343134,7.996244,-12.651252,15.934193,15.943035,0
2,4,8,-22.305008,7.996244,-12.651252,14.514959,14.528068,0
3,4,8,-20.266882,7.996244,-12.651252,13.184035,13.201978,0
4,4,8,-18.228756,7.996244,-12.651252,11.956724,11.980075,0
5,4,8,-16.190630,7.996244,-12.651252,10.850421,10.879689,0
6,4,8,-14.152504,7.996244,-12.651252,9.884283,9.919796,0
7,4,8,-12.114378,7.996244,-12.651252,9.078462,9.120192,0
8,4,8,-10.076252,7.996244,-12.651252,8.452800,8.500168,0
9,4,8,-8.038126,7.996244,-12.651252,8.024996,8.076718,0
10,4,8,-6.000000,7.996244,-12.651252,7.808490,7.862596,0
11,4,8,-3.961874,7.996244,-12.651252,7.810546,7.864628,0
12,4,8,-1.923748,7.996244,-12.651252,8.031093,8.082749,0
13,4,8,0.114378,7.996244,-12.651252,8.462738,8.510009,0
14,4,8,2.152504,7.996244,-12.651252,9.091943,9.133560,0
15,4,8,4.190630,7.996244,-12.651252,9.900948,9.936343,0
16,4,8,6.228756,7.996244,-12.651252,10.869892,10.899045,0
17,4,8,8.266882,7.996244,-12.651252,11.978629,12.001874,0
18,4,8,10.305008,7.996244,-12.651252,13.208032,13.225879,0
19,4,8,12.343134,7.996244,-12.651252,14.540742,14.553766,0
20,4,8,14.381260,7.996244,-12.651252,15.961495,15.970262,0
0,5,8,-26.381260,10.034370,-12.651252,16.484977,16.492361,0
1,5,8,-24.343134,10.034370,-12.651252,14.936495,14.948252,0
2,5,8,-22.305008,10.034370,-12.651252,13.459652,13.476516,0
3,5,8,-20.266882,10.034370,-12.651252,12.068158,12.090972,0
4,5,8,-18.228756,10.034370,-12.651252,10.778311,10.808006,0
5,5,8,-16.190630,10.034370,-12.651252,9.609122,9.646641,0
6,5,8,-14.152504,10.034370,-12.651252,8.582115,8.628251,0
7,5,8,-12.114378,10.034370,-12.651252,7.720594,7.775705,0
8,5,8,-10.076252,10.034370,-12.651252,7.048154,7.111775,0
9,5,8,-8.038126,10.034370,-12.651252,6.586387,6.656841,0
10,5,8,-6.000000,10.034370,-12.651252,6.352034,6.426328,0
11,5,8,-3.961874,10.034370,-12.651252,6.354261,6.428517,0
12,5,8,-1.923748,10.034370,-12.651252,6.592980,6.663329,0
13,5,8,0.114378,10.034370,-12.651252,7.058861,7.122334,0
14,5,8,2.152504,10.034370,-12.651252,7.735047,7.789991,0
15,5,8,4.190630,10.034370,-12.651252,8.599882,8.645851,0
16,5,8,6.228756,10.034370,-12.651252,9.629758,9.667123,0
17,5,8,8.266882,10.034370,-12.651252,10.801395,10.830953,0
18,5,8,10.305008,10.034370,-12.651252,12.093310,12.116004,0
19,5,8,12.343134,10.034370,-12.651252,13.486542,13.503302,0
20,5,8,14.381260,10.034370,-12.651252,14.964843,14.976512,0
0,6,8,-26.381260,12.072496,-12.651252,15.663667,15.673263,0
1,6,8,-24.343134,12.072496,-12.651252,14.064677,14.079319,0
2,6,8,-22.305008,12.072496,-12.651252,12.533395,12.554073,0
3,6,8,-20.266882,12.072496,-12.651252,11.083851,11.111772,0
4,6,8,-18.228756,12.072496,-12.651252,9.733122,9.769723,0
5,6,8,-16.190630,12.072496,-12.651252,8.501658,8.548555,0
6,6,8,-14.152504,12.072496,-12.651252,7.413285,7.472096,0
7,6,8,-12.114378,12.072496,-12.651252,6.494593,6.566518,0
8,6,8,-10.076252,12.072496,-12.651252,5.773336,5.858419,0
9,6,8,-8.038126,12.072496,-12.651252,5.275639,5.371844,0
10,6,8,-6.000000,12.072496,-12.651252,5.022232,5.124920,0
11,6,8,-3.961874,12.072496,-12.651252,5.024644,5.127267,0
12,6,8,-1.923748,12.072496,-12.651252,5.282760,5.378791,0
13,6,8,0.114378,12.072496,-12.651252,5.784852,5.869700,0
14,6,8,2.152504,12.072496,-12.651252,6.510052,6.581727,0
15,6,8,4.190630,12.072496,-12.651252,7.432173,7.490748,0
16,6,8,6.228756,12.072496,-12.651252,8.523460,8.570149,0
17,6,8,8.266882,12.072496,-12.651252,9.757364,9.793788,0
18,6,8,10.305008,12.072496,-12.651252,11.110118,11.137891,0
19,6,8,12.343134,12.072496,-12.651252,12.561337,12.581892,0
20,6,8,14.381260,12.072496,-12.651252,14.094006,14.108546,0
0,7,8,-26.381260,14.110622,-12.651252,14.976182,14.987816,0
1,7,8,-24.343134,14.110622,-12.651252,13.332223,13.349580,0
2,7,8,-22.305008,14.110622,-12.651252,11.751891,11.776253,0
3,7,8,-20.266882,14.110622,-12.651252,10.249327,10.282343,0
4,7,8,-18.228756,14.110622,-12.651252,8.842126,8.885893,0
5,7,8,-16.190630,14.110622,-12.651252,7.551897,7.609002,0
6,7,8,-14.152504,14.110622,-12.651252,6.404537,6.477947,0
7,7,8,-12.114378,14.110622,-12.651252,5.429843,5.522390,0
8,7,8,-10.076252,14.110622,-12.651252,4.659903,4.773041,0
9,7,8,-8.038126,14.110622,-12.651252,4.125830,4.257571,0
10,7,8,-6.000000,14.110622,-12.651252,3.852937,3.996069,0
11,7,8,-3.961874,14.110622,-12.651252,3.855537,3.998553,0
12,7,8,-1.923748,14.110622,-12.651252,4.133489,4.264930,0
13,7,8,0.114378,14.110622,-12.651252,4.672232,4.784989,0
14,7,8,2.152504,14.110622,-12.651252,5.446298,5.538466,0
15,7,8,4.190630,14.110622,-12.651252,6.424513,6.497590,0
16,7,8,6.228756,14.110622,-12.651252,7.574808,7.631638,0
17,7,8,8.266882,14.110622,-12.651252,8.867450,8.910994,0
18,7,8,10.305008,14.110622,-12.651252,10.276620,10.309456,0
19,7,8,12.343134,14.110622,-12.651252,11.780789,11.805006,0
20,7,8,14.381260,14.110622,-12.651252,13.362431,13.379670,0
0,8,8,-26.381260,16.148748,-12.651252,14.433341,14.446720,0
1,8,8,-24.343134,16.148748,-12.651252,12.751981,12.771709,0
2,8,8,-22.305008,16.148748,-12.651252,11.130420,11.158080,0
3,8,8,-20.266882,16.148748,-12.651252,9.582735,9.620453,0
4,8,8,-18.228756,16.148748,-12.651252,8.126784,8.177429,0
5,8,8,-16.190630,16.148748,-12.651252,6.784995,6.852397,0
6,8,8,-14.152504,16.148748,-12.651252,5.584951,5.674017,0
7,8,8,-12.114378,16.148748,-12.651252,4.559293,4.675617,0
8,8,8,-10.076252,16.148748,-12.651252,3.744238,3.892343,0
9,8,8,-8.038126,16.148748,-12.651252,3.175927,3.355163,0
10,8,8,-6.000000,16.148748,-12.651252,2.884497,3.084028,0
11,8,8,-3.961874,16.148748,-12.651252,2.887277,3.086597,0
12,8,8,-1.923748,16.148748,-12.651252,3.184095,3.362811,0
13,8,8,0.114378,16.148748,-12.651252,3.757328,3.904819,0
14,8,8,2.152504,16.148748,-12.651252,4.576662,4.692426,0
15,8,8,4.190630,16.148748,-12.651252,5.605907,5.694517,0
16,8,8,6.228756,16.148748,-12.651252,6.808888,6.875935,0
17,8,8,8.266882,16.148748,-12.651252,8.153049,8.203420,0
18,8,8,10.305008,16.148748,-12.651252,9.610907,9.648413,0
19,8,8,12.343134,16.148748,-12.651252,11.160125,11.187618,0
20,8,8,14.381260,16.148748,-12.651252,12.782923,12.802519,0
0,9,8,-26.381260,18.186874,-12.651252,14.044515,14.059228,0
1,9,8,-24.343134,18.186874,-12.651252,12.335263,12.356832,0
2,9,8,-22.305008,18.186874,-12.651252,10.682689,10.712961,0
3,9,8,-20.266882,18.186874,-12.651252,9.100714,9.142257,0
4,9,8,-18.228756,18.186874,-12.651252,7.607265,7.663707,0
5,9,8,-16.190630,18.186874,-12.651252,6.225265,6.301755,0
6,9,8,-14.152504,18.186874,-12.651252,4.983487,5.087222,0
7,9,8,-12.114378,18.186874,-12.651252,3.916778,4.057110,0
8,9,8,-10.076252,18.186874,-12.651252,3.064774,3.251336,0
9,9,8,-8.038126,18.186874,-12.651252,2.468013,2.703886,0
10,9,8,-6.000000,18.186874,-12.651252,2.161023,2.431320,0
11,9,8,-3.961874,18.186874,-12.651252,2.163954,2.433885,0
12,9,8,-1.923748,18.186874,-12.651252,2.476607,2.711623,0
13,9,8,0.114378,18.186874,-12.651252,3.078491,3.264123,0
14,9,8,2.152504,18.186874,-12.651252,3.934890,4.074444,0
15,9,8,4.190630,18.186874,-12.651252,5.005226,5.108372,0
16,9,8,6.228756,18.186874,-12.651252,6.249930,6.325985,0
17,9,8,8.266882,18.186874,-12.651252,7.634259,7.690381,0
18,9,8,10.305008,18.186874,-12.651252,9.129557,9.170861,0
19,9,8,12.343134,18.186874,-12.651252,10.713004,10.743092,0
20,9,8,14.381260,18.186874,-12.651252,12.366755,12.388180,0
0,10,8,-26.381260,20.225000,-12.651252,13.816919,13.832447,0
1,10,8,-24.343134,20.225000,-12.651252,12.090892,12.113598,0
2,10,8,-22.305008,20.225000,-12.651252,10.419551,10.451462,0
3,10,8,-20.266882,20.225000,-12.651252,8.816675,8.860667,0
4,10,8,-18.228756,20.225000,-12.651252,7.300175,7.360425,0
5,10,8,-16.190630,20.225000,-12.651252,5.893204,5.975883,0
6,10,8,-14.152504,20.225000,-12.651252,4.625209,4.739431,0
7,10,8,-12.114378,20.225000,-12.651252,3.532387,3.691007,0
8,10,8,-10.076252,20.225000,-12.651252,2.656580,2.874752,0
9,10,8,-8.038126,20.225000,-12.651252,2.041281,2.327330,0
10,10,8,-6.000000,20.225000,-12.651252,1.724072,2.060134,0
11,10,8,-3.961874,20.225000,-12.651252,1.727104,2.062626,0
12,10,8,-1.923748,20.225000,-12.651252,2.050154,2.334987,0
13,10,8,0.114378,20.225000,-12.651252,2.670704,2.887639,0
14,10,8,2.152504,20.225000,-12.651252,3.550975,3.708625,0
15,10,8,4.190630,20.225000,-12.651252,4.647444,4.760969,0
16,10,8,6.228756,20.225000,-12.651252,5.918350,6.000536,0
17,10,8,8.266882,20.225000,-12.651252,7.327619,7.387516,0
18,10,8,10.305008,20.225000,-12.651252,8.845930,8.889662,0
19,10,8,12.343134,20.225000,-12.651252,10.450236,10.481951,0
20,10,8,14.381260,20.225000,-12.651252,12.122715,12.145270,0
0,11,8,-26.381260,22.263126,-12.651252,13.754984,13.770739,0
1,11,8,-24.343134,22.263126,-12.651252,12.024333,12.047356,0
2,11,8,-22.305008,22.263126,-12.651252,10.347803,10.380176,0
3,11,8,-20.266882,22.263126,-12.651252,8.739129,8.783817,0
4,11,8,-18.228756,22.263126,-12.651252,7.216206,7.277553,0
5,11,8,-16.190630,22.263126,-12.651252,5.802243,5.886737,0
6,11,8,-14.152504,22.263126,-12.651252,4.526864,4.644243,0
7,11,8,-12.114378,22.263126,-12.651252,3.426640,3.590961,0
8,11,8,-10.076252,22.263126,-12.651252,2.544042,2.772503,0
9,11,8,-8.038126,22.263126,-12.651252,1.923424,2.226522,0
10,11,8,-6.000000,22.263126,-12.651252,1.603270,1.962296,0
11,11,8,-3.961874,22.263126,-12.651252,1.606330,1.964754,0
12,11,8,-1.923748,22.263126,-12.651252,1.932377,2.234126,0
13,11,8,0.114378,22.263126,-12.651252,2.558283,2.785398,0
14,11,8,2.152504,22.263126,-12.651252,3.445363,3.608651,0
15,11,8,4.190630,22.263126,-12.651252,4.549238,4.665887,0
16,11,8,6.228756,22.263126,-12.651252,5.827524,5.911508,0
17,11,8,8.266882,22.263126,-12.651252,7.243776,7.304760,0
18,11,8,10.305008,22.263126,-12.651252,8.768497,8.812921,0
19,11,8,12.343134,22.263126,-12.651252,10.378591,10.410764,0
20,11,8,14.381260,22.263126,-12.651252,12.056247,12.079118,0
0,12,8,-26.381260,24.301252,-12.651252,13.859944,13.875317,0
1,12,8,-24.343134,24.301252,-12.651252,12.137115,12.159602,0
2,12,8,-22.305008,24.301252,-12.651252,10.469358,10.500952,0
3,12,8,-20.266882,24.301252,-12.651252,8.870482,8.913998,0
4,12,8,-18.228756,24.301252,-12.651252,7.358405,7.417909,0
5,12,8,-16.190630,24.301252,-12.651252,5.956241,6.037693,0
6,12,8,-14.152504,24.301252,-12.651252,4.693311,4.805421,0
7,12,8,-12.114378,24.301252,-12.651252,3.605554,3.760412,0
8,12,8,-10.076252,24.301252,-12.651252,2.734383,2.945880,0
9,12,8,-8.038126,24.301252,-12.651252,2.122708,2.397886,0
10,12,8,-6.000000,24.301252,-12.651252,1.807502,2.129080,0
11,12,8,-3.961874,24.301252,-12.651252,1.810514,2.131592,0
12,12,8,-1.923748,24.301252,-12.651252,2.131527,2.405570,0
13,12,8,0.114378,24.301252,-12.651252,2.748428,2.958756,0
14,12,8,2.152504,24.301252,-12.651252,3.624049,3.777978,0
15,12,8,4.190630,24.301252,-12.651252,4.715450,4.826886,0
16,12,8,6.228756,24.301252,-12.651252,5.981294,6.062265,0
17,12,8,8.266882,24.301252,-12.651252,7.385763,7.444920,0
18,12,8,10.305008,24.301252,-12.651252,8.899657,8.942918,0
19,12,8,12.343134,24.301252,-12.651252,10.499972,10.531373,0
20,12,8,14.381260,24.301252,-12.651252,12.168875,12.191213,0
0,13,8,-26.381260,26.339378,-12.651252,14.129716,14.144131,0
1,13,8,-24.343134,26.339378,-12.651252,12.426658,12.447812,0
2,13,8,-22.305008,26.339378,-12.651252,10.780991,10.810670,0
3,13,8,-20.266882,26.339378,-12.651252,9.206678,9.247347,0
4,13,8,-18.228756,26.339378,-12.651252,7.721644,7.776743,0
5,13,8,-16.190630,26.339378,-12.651252,6.348711,6.423061,0
6,13,8,-14.152504,26.339378,-12.651252,5.116394,5.216600,0
7,13,8,-12.114378,26.339378,-12.651252,4.059046,4.193440,0
8,13,8,-10.076252,26.339378,-12.651252,3.215518,3.392256,0
9,13,8,-8.038126,26.339378,-12.651252,2.625317,2.846269,0
10,13,8,-6.000000,26.339378,-12.651252,2.321928,2.573216,0
11,13,8,-3.961874,26.339378,-12.651252,2.324825,2.575791,0
12,13,8,-1.923748,26.339378,-12.651252,2.633813,2.854004,0
13,13,8,0.114378,26.339378,-12.651252,3.229091,3.404986,0
14,13,8,2.152504,26.339378,-12.651252,4.076988,4.210661,0
15,13,8,4.190630,26.339378,-12.651252,5.137955,5.237606,0
16,13,8,6.228756,26.339378,-12.651252,6.373201,6.447137,0
17,13,8,8.266882,26.339378,-12.651252,7.748475,7.803265,0
18,13,8,10.305008,26.339378,-12.651252,9.235372,9.275807,0
19,13,8,12.343134,26.339378,-12.651252,10.811169,10.840669,0
20,13,8,14.381260,26.339378,-12.651252,12.458027,12.479041,0
0,14,8,-26.381260,28.377504,-12.651252,14.559099,14.572063,0
1,14,8,-24.343134,28.377504,-12.651252,12.886559,12.905719,0
2,14,8,-22.305008,28.377504,-12.651252,11.274758,11.301620,0
3,14,8,-20.266882,28.377504,-12.651252,9.737802,9.774369,0
4,14,8,-18.228756,28.377504,-12.651252,8.293501,8.342438,0
5,14,8,-16.190630,28.377504,-12.651252,6.964107,7.028905,0
6,14,8,-14.152504,28.377504,-12.651252,5.776811,5.861823,0
7,14,8,-12.114378,28.377504,-12.651252,4.763571,4.873563,0
8,14,8,-10.076252,28.377504,-12.651252,3.959583,4.098086,0
9,14,8,-8.038126,28.377504,-12.651252,3.399721,3.565546,0
10,14,8,-6.000000,28.377504,-12.651252,3.112884,3.296216,0
11,14,8,-3.961874,28.377504,-12.651252,3.115619,3.298770,0
12,14,8,-1.923748,28.377504,-12.651252,3.407763,3.573136,0
13,14,8,0.114378,28.377504,-12.651252,3.972486,4.110445,0
14,14,8,2.152504,28.377504,-12.651252,4.780717,4.890201,0
15,14,8,4.190630,28.377504,-12.651252,5.797530,5.882120,0
16,14,8,6.228756,28.377504,-12.651252,6.987764,7.052227,0
17,14,8,8.266882,28.377504,-12.651252,8.319541,8.368217,0
18,14,8,10.305008,28.377504,-12.651252,9.765764,9.802128,0
19,14,8,12.343134,28.377504,-12.651252,11.304272,11.330973,0
20,14,8,14.381260,28.377504,-12.651252,12.917328,12.936359,0
0,15,8,-26.381260,30.415630,-12.651252,15.140256,15.151387,0
1,15,8,-24.343134,30.415630,-12.651252,13.507265,13.523947,0
2,15,8,-22.305008,30.415630,-12.651252,11.938948,11.962385,0
3,15,8,-20.266882,30.415630,-12.651252,10.449437,10.481158,0
4,15,8,-18.228756,30.415630,-12.651252,9.056219,9.098136,0
5,15,8,-16.190630,30.415630,-12.651252,7.780633,7.835055,0
6,15,8,-14.152504,30.415630,-12.651252,6.648075,6.717561,0
7,15,8,-12.114378,30.415630,-12.651252,5.687535,5.774400,0
8,15,8,-10.076252,30.415630,-12.651252,4.929984,5.035192,0
9,15,8,-8.038126,30.415630,-12.651252,4.405223,4.526694,0
10,15,8,-6.000000,30.415630,-12.651252,4.137338,4.268629,0
11,15,8,-3.961874,30.415630,-12.651252,4.139889,4.271081,0
12,15,8,-1.923748,30.415630,-12.651252,4.412744,4.533955,0
13,15,8,0.114378,30.415630,-12.651252,4.942106,5.046977,0
14,15,8,2.152504,30.415630,-12.651252,5.703737,5.790262,0
15,15,8,4.190630,30.415630,-12.651252,6.667777,6.736958,0
16,15,8,6.228756,30.415630,-12.651252,7.803267,7.857432,0
17,15,8,8.266882,30.415630,-12.651252,9.081274,9.122981,0
18,15,8,10.305008,30.415630,-12.651252,10.476477,10.508026,0
19,15,8,12.343134,30.415630,-12.651252,11.967612,11.990909,0
20,15,8,14.381260,30.415630,-12.651252,13.537258,13.553826,0
0,16,8,-26.381260,32.453756,-12.651252,15.863373,15.872409,0
1,16,8,-24.343134,32.453756,-12.651252,14.276974,14.290882,0
2,16,8,-22.305008,32.453756,-12.651252,12.759326,12.779023,0
3,16,8,-20.266882,32.453756,-12.651252,11.324398,11.350990,0
4,16,8,-18.228756,32.453756,-12.651252,9.989089,10.023867,0
5,16,8,-16.190630,32.453756,-12.651252,8.773500,8.817878,0
6,16,8,-14.152504,32.453756,-12.651252,7.700879,7.756219,0
7,16,8,-12.114378,32.453756,-12.651252,6.796964,6.864188,0
8,16,8,-10.076252,32.453756,-12.651252,6.088407,6.167368,0
9,16,8,-8.038126,32.453756,-12.651252,5.600109,5.688844,0
10,16,8,-6.000000,32.453756,-12.651252,5.351703,5.446078,0
11,16,8,-3.961874,32.453756,-12.651252,5.354066,5.448385,0
12,16,8,-1.923748,32.453756,-12.651252,5.607091,5.695675,0
13,16,8,0.114378,32.453756,-12.651252,6.099712,6.178464,0
14,16,8,2.152504,32.453756,-12.651252,6.812162,6.879161,0
15,16,8,4.190630,32.453756,-12.651252,7.719478,7.774602,0
16,16,8,6.228756,32.453756,-12.651252,8.795004,8.839190,0
17,16,8,8.266882,32.453756,-12.651252,10.013037,10.047648,0
18,16,8,10.305008,32.453756,-12.651252,11.350384,11.376835,0
19,16,8,12.343134,32.453756,-12.651252,12.787005,12.806584,0
20,16,8,14.381260,32.453756,-12.651252,14.306058,14.319867,0
0,17,8,-26.381260,34.491882,-12.651252,16.717375,16.724172,0
1,17,8,-24.343134,34.491882,-12.651252,15.182594,15.193596,0
2,17,8,-22.305008,34.491882,-12.651252,13.720404,13.736286,0
3,17,8,-20.266882,34.491882,-12.651252,12.344398,12.365924,0
4,17,8,-18.228756,34.491882,-12.651252,11.070635,11.098631,0
5,17,8,-16.190630,34.491882,-12.651252,9.917721,9.952997,0
6,17,8,-14.152504,34.491882,-12.651252,8.906570,8.949771,0
7,17,8,-12.114378,34.491882,-12.651252,8.059651,8.111004,0
8,17,8,-10.076252,34.491882,-12.651252,7.399547,7.458530,0
9,17,8,-8.038126,34.491882,-12.651252,6.946778,7.011822,0
10,17,8,-6.000000,34.491882,-12.651252,6.717168,6.785593,0
11,17,8,-3.961874,34.491882,-12.651252,6.719350,6.787741,0
12,17,8,-1.923748,34.491882,-12.651252,6.953239,7.018191,0
13,17,8,0.114378,34.491882,-12.651252,7.410050,7.468902,0
14,17,8,2.152504,34.491882,-12.651252,8.073848,8.125050,0
15,17,8,4.190630,34.491882,-12.651252,8.924049,8.967098,0
16,17,8,6.228756,34.491882,-12.651252,9.938055,9.973188,0
17,17,8,8.266882,34.491882,-12.651252,11.093415,11.121282,0
18,17,8,10.305008,34.491882,-12.651252,12.369253,12.390667,0
19,17,8,12.343134,34.491882,-12.651252,13.747011,13.762795,0
20,17,8,14.381260,34.491882,-12.651252,15.210676,15.221594,0
0,18,8,-26.381260,36.530008,-12.651252,17.690615,17.695122,0
1,18,8,-24.343134,36.530008,-12.651252,16.210602,16.218699,0
2,18,8,-22.305008,36.530008,-12.651252,14.806521,14.818687,0
3,18,8,-20.266882,36.530008,-12.651252,13.491388,13.508130,0
4,18,8,-18.228756,36.530008,-12.651252,12.280223,12.302044,0
5,18,8,-16.190630,36.530008,-12.651252,11.189989,11.217317,0
6,18,8,-14.152504,36.530008,-12.651252,10.239238,10.272320,0
7,18,8,-12.114378,36.530008,-12.651252,9.447349,9.486102,0
8,18,8,-10.076252,36.530008,-12.651252,8.833274,8.877119,0
9,18,8,-8.038126,36.530008,-12.651252,8.413817,8.461563,0
10,18,8,-6.000000,36.530008,-12.651252,8.201675,8.251545,0
11,18,8,-3.961874,36.530008,-12.651252,8.203689,8.253538,0
12,18,8,-1.923748,36.530008,-12.651252,8.419792,8.467480,0
13,18,8,0.114378,36.530008,-12.651252,8.843023,8.886781,0
14,18,8,2.152504,36.530008,-12.651252,9.460587,9.499238,0
15,18,8,4.190630,36.530008,-12.651252,10.255625,10.288600,0
16,18,8,6.228756,36.530008,-12.651252,11.209163,11.236385,0
17,18,8,8.266882,36.530008,-12.651252,12.301826,12.323547,0
18,18,8,10.305008,36.530008,-12.651252,13.515085,13.531737,0
19,18,8,12.343134,36.530008,-12.651252,14.832013,14.844098,0
20,18,8,14.381260,36.530008,-12.651252,16.237628,16.245654,0
0,19,8,-26.381260,38.568134,-12.651252,18.771436,18.773679,0
1,19,8,-24.343134,38.568134,-12.651252,17.347728,17.353013,0
2,19,8,-22.305008,38.568134,-12.651252,16.002643,16.011299,0
3,19,8,-20.266882,38.568134,-12.651252,14.748462,14.760813,0
4,19,8,-18.228756,38.568134,-12.651252,13.599042,13.615377,0
5,19,8,-16.190630,38.568134,-12.651252,12.569657,12.590176,0
6,19,8,-14.152504,38.568134,-12.651252,11.676594,11.701338,0
7,19,8,-12.114378,38.568134,-12.651252,10.936441,10.965206,0
8,19,8,-10.076252,38.568134,-12.651252,10.365029,10.397290,0
9,19,8,-8.038126,38.568134,-12.651252,9.976093,10.010961,0
10,19,8,-6.000000,38.568134,-12.651252,9.779838,9.816099,0
11,19,8,-3.961874,38.568134,-12.651252,9.781700,9.817947,0
12,19,8,-1.923748,38.568134,-12.651252,9.981625,10.016455,0
13,19,8,0.114378,38.568134,-12.651252,10.374082,10.406284,0
14,19,8,2.152504,38.568134,-12.651252,10.948785,10.977479,0
15,19,8,4.190630,38.568134,-12.651252,11.691948,11.716613,0
16,19,8,6.228756,38.568134,-12.651252,12.587714,12.608153,0
17,19,8,8.266882,38.568134,-12.651252,13.619492,13.635749,0
18,19,8,10.305008,38.568134,-12.651252,14.771007,14.783286,0
19,19,8,12.343134,38.568134,-12.651252,16.027011,16.035601,0
20,19,8,14.381260,38.568134,-12.651252,17.373675,17.378900,0
0,20,8,-26.381260,40.606260,-12.651252,19.948602,19.948657,0
1,20,8,-24.343134,40.606260,-12.651252,18.581431,18.584053,0
2,20,8,-22.305008,40.606260,-12.651252,17.294868,17.300275,0
3,20,8,-20.266882,40.606260,-12.651252,16.100357,16.108749,0
4,20,8,-18.228756,40.606260,-12.651252,15.010540,15.022067,0
5,20,8,-16.190630,40.606260,-12.651252,14.039042,14.053774,0
6,20,8,-14.152504,40.606260,-12.651252,13.200063,13.217941,0
7,20,8,-12.114378,40.606260,-12.651252,12.507742,12.528534,0
8,20,8,-10.076252,40.606260,-12.651252,11.975289,11.998550,0
9,20,8,-8.038126,40.606260,-12.651252,11.613955,11.639019,0
10,20,8,-6.000000,40.606260,-12.651252,11.431976,11.457991,0
11,20,8,-3.961874,40.606260,-12.651252,11.433701,11.459707,0
12,20,8,-1.923748,40.606260,-12.651252,11.619088,11.644126,0
13,20,8,0.114378,40.606260,-12.651252,11.983710,12.006930,0
14,20,8,2.152504,40.606260,-12.651252,12.519264,12.540005,0
15,20,8,4.190630,40.606260,-12.651252,13.214454,13.232276,0
16,20,8,6.228756,40.606260,-12.651252,14.056043,14.070716,0
17,20,8,8.266882,40.606260,-12.651252,15.029884,15.041352,0
18,20,8,10.305008,40.606260,-12.651252,16.121782,16.130116,0
19,20,8,12.343134,40.606260,-12.651252,17.318127,17.323481,0
20,20,8,14.381260,40.606260,-12.651252,18.606300,18.608872,0
0,0,9,-26.381260,-0.156260,-10.613126,21.478167,21.475738,0
1,0,9,-24.343134,-0.156260,-10.613126,20.177947,20.177606,0
2,0,9,-22.305008,-0.156260,-10.613126,18.959815,18.961690,0
3,0,9,-20.266882,-0.156260,-10.613126,17.834144,17.838336,0
4,0,9,-18.228756,-0.156260,-10.613126,16.812129,16.818691,0
5,0,9,-16.190630,-0.156260,-10.613126,15.905542,15.914463,0
6,0,9,-14.152504,-0.156260,-10.613126,15.126363,15.137536,0
7,0,9,-12.114378,-0.156260,-10.613126,14.486238,14.499442,0
8,0,9,-10.076252,-0.156260,-10.613126,13.995815,14.010700,0
9,0,9,-8.038126,-0.156260,-10.613126,13.663991,13.680083,0
10,0,9,-6.000000,-0.156260,-10.613126,13.497190,13.513910,0
11,0,9,-3.961874,-0.156260,-10.613126,13.498770,13.515484,0
12,0,9,-1.923748,-0.156260,-10.613126,13.668699,13.684773,0
13,0,9,0.114378,-0.156260,-10.613126,14.003557,14.018415,0
14,0,9,2.152504,-0.156260,-10.613126,14.496870,14.510038,0
15,0,9,4.190630,-0.156260,-10.613126,15.139698,15.150830,0
16,0,9,6.228756,-0.156260,-10.613126,15.921369,15.930246,0
17,0,9,8.266882,-0.156260,-10.613126,16.830225,16.836743,0
18,0,9,10.305008,-0.156260,-10.613126,17.854286,17.858433,0
19,0,9,12.343134,-0.156260,-10.613126,18.981787,18.983619,0
20,0,9,14.381260,-0.156260,-10.613126,20.201546,20.201165,0
0,1,9,-26.381260,1.881866,-10.613126,20.127389,20.127135,0
1,1,9,-24.343134,1.881866,-10.613126,18.768406,18.770655,0
2,1,9,-22.305008,1.881866,-10.613126,17.490261,17.495219,0
3,1,9,-20.266882,1.881866,-10.613126,16.304272,16.312123,0
4,1,9,-18.228756,1.881866,-10.613126,15.222901,15.233783,0
5,1,9,-16.190630,1.881866,-10.613126,14.259543,14.273510,0
6,1,9,-14.152504,1.881866,-10.613126,13.428110,13.445095,0
7,1,9,-12.114378,1.881866,-10.613126,12.742415,12.762184,0
8,1,9,-10.076252,1.881866,-10.613126,12.215325,12.237446,0
9,1,9,-8.038126,1.881866,-10.613126,11.857770,11.881605,0
10,1,9,-6.000000,1.881866,-10.613126,11.677741,11.702478,0
11,1,9,-3.961874,1.881866,-10.613126,11.679447,11.704176,0
12,1,9,-1.923748,1.881866,-10.613126,11.862849,11.886659,0
13,1,9,0.114378,1.881866,-10.613126,12.223659,12.245741,0
14,1,9,2.152504,1.881866,-10.613126,12.753824,12.773544,0
15,1,9,4.190630,1.881866,-10.613126,13.442368,13.459298,0
16,1,9,6.228756,1.881866,-10.613126,14.276397,14.290306,0
17,1,9,8.266882,1.881866,-10.613126,15.242090,15.252914,0
18,1,9,10.305008,1.881866,-10.613126,16.325537,16.333333,0
19,1,9,12.343134,1.881866,-10.613126,17.513362,17.518268,0
20,1,9,14.381260,1.881866,-10.613126,18.793119,18.795320,0
0,2,9,-26.381260,3.919992,-10.613126,18.854502,18.856582,0
1,2,9,-24.343134,3.919992,-10.613126,17.434941,17.440025,0
2,2,9,-22.305008,3.919992,-10.613126,16.094171,16.102580,0
3,2,9,-20.266882,3.919992,-10.613126,14.844417,14.856463,0
4,2,9,-18.228756,3.919992,-10.613126,13.699447,13.715407,0
5,2,9,-16.190630,3.919992,-10.613126,12.674411,12.694473,0
6,2,9,-14.152504,3.919992,-10.613126,11.785438,11.809632,0
7,2,9,-12.114378,3.919992,-10.613126,11.048924,11.077044,0
8,2,9,-10.076252,3.919992,-10.613126,10.480492,10.512016,0
9,2,9,-8.038126,3.919992,-10.613126,10.093676,10.127735,0
10,2,9,-6.000000,3.919992,-10.613126,9.898520,9.933932,0
11,2,9,-3.961874,3.919992,-10.613126,9.900371,9.935770,0
12,2,9,-1.923748,3.919992,-10.613126,10.099178,10.133199,0
13,2,9,0.114378,3.919992,-10.613126,10.489496,10.520963,0
14,2,9,2.152504,3.919992,-10.613126,11.061205,11.089255,0
15,2,9,4.190630,3.919992,-10.613126,11.800719,11.824837,0
16,2,9,6.228756,3.919992,-10.613126,12.692388,12.712372,0
17,2,9,8.266882,3.919992,-10.613126,13.719813,13.735698,0
18,2,9,10.305008,3.919992,-10.613126,14.866879,14.878854,0
19,2,9,12.343134,3.919992,-10.613126,16.118458,16.126801,0
20,2,9,14.381260,3.919992,-10.613126,17.460808,17.465833,0
0,3,9,-26.381260,5.958118,-10.613126,17.669849,17.674403,0
1,3,9,-24.343134,5.958118,-10.613126,16.188709,16.196865,0
2,3,9,-22.305008,5.958118,-10.613126,14.783440,14.795679,0
3,3,9,-20.266882,5.958118,-10.613126,13.467071,13.483906,0
4,3,9,-18.228756,5.958118,-10.613126,12.254645,12.276584,0
5,3,9,-16.190630,5.958118,-10.613126,11.163158,11.190635,0
6,3,9,-14.152504,5.958118,-10.613126,10.211209,10.244477,0
7,3,9,-12.114378,5.958118,-10.613126,9.418238,9.457218,0
8,3,9,-10.076252,5.958118,-10.613126,8.803265,8.847377,0
9,3,9,-8.038126,5.958118,-10.613126,8.383161,8.431207,0
10,3,9,-6.000000,5.958118,-10.613126,8.170682,8.220870,0
11,3,9,-3.961874,5.958118,-10.613126,8.172699,8.222867,0
12,3,9,-1.923748,5.958118,-10.613126,8.389146,8.437133,0
13,3,9,0.114378,5.958118,-10.613126,8.813028,8.857052,0
14,3,9,2.152504,5.958118,-10.613126,9.431495,9.470371,0
15,3,9,4.190630,5.958118,-10.613126,10.227618,10.260777,0
16,3,9,6.228756,5.958118,-10.613126,11.182355,11.209725,0
17,3,9,8.266882,5.958118,-10.613126,12.276271,12.298110,0
18,3,9,10.305008,5.958118,-10.613126,13.490792,13.507536,0
19,3,9,12.343134,5.958118,-10.613126,14.808956,14.821114,0
20,3,9,14.381260,5.958118,-10.613126,16.215757,16.223841,0
0,4,9,-26.381260,7.996244,-10.613126,16.584762,16.591892,0
1,4,9,-24.343134,7.996244,-10.613126,15.042194,15.053624,0
2,4,9,-22.305008,7.996244,-10.613126,13.571681,13.588119,0
3,4,9,-20.266882,7.996244,-10.613126,12.186885,12.209139,0
4,4,9,-18.228756,7.996244,-10.613126,10.904002,10.932956,0
5,4,9,-16.190630,7.996244,-10.613126,9.741868,9.778406,0
6,4,9,-14.152504,7.996244,-10.613126,8.721744,8.766590,0
7,4,9,-12.114378,7.996244,-10.613126,7.866570,7.920024,0
8,4,9,-10.076252,7.996244,-10.613126,7.199498,7.261067,0
9,4,9,-8.038126,7.996244,-10.613126,6.741651,6.809704,0
10,4,9,-6.000000,7.996244,-10.613126,6.509365,6.581050,0
11,4,9,-3.961874,7.996244,-10.613126,6.511572,6.583222,0
12,4,9,-1.923748,7.996244,-10.613126,6.748186,6.816141,0
13,4,9,0.114378,7.996244,-10.613126,7.210116,7.271544,0
14,4,9,2.152504,7.996244,-10.613126,7.880911,7.934206,0
15,4,9,4.190630,7.996244,-10.613126,8.739386,8.784072,0
16,4,9,6.228756,7.996244,-10.613126,9.762374,9.798762,0
17,4,9,8.266882,7.996244,-10.613126,10.926955,10.955775,0
18,4,9,10.305008,7.996244,-10.613126,12.211909,12.234046,0
19,4,9,12.343134,7.996244,-10.613126,13.598449,13.614785,0
20,4,9,14.381260,7.996244,-10.613126,15.070427,15.081771,0
0,5,9,-26.381260,10.034370,-10.613126,15.611384,15.621129,0
1,5,9,-24.343134,10.034370,-10.613126,14.009064,14.023903,0
2,5,9,-22.305008,10.034370,-10.613126,12.474168,12.495109,0
3,5,9,-20.266882,10.034370,-10.613126,11.020742,11.049022,0
4,5,9,-18.228756,10.034370,-10.613126,9.665907,9.703003,0
5,5,9,-16.190630,10.034370,-10.613126,8.430202,8.477789,0
6,5,9,-14.152504,10.034370,-10.613126,7.337610,7.397379,0
7,5,9,-12.114378,10.034370,-10.613126,6.414947,6.488183,0
8,5,9,-10.076252,10.034370,-10.613126,5.690267,5.777075,0
9,5,9,-8.038126,10.034370,-10.613126,5.190031,5.288357,0
10,5,9,-6.000000,10.034370,-10.613126,4.935270,5.040331,0
11,5,9,-3.961874,10.034370,-10.613126,4.937695,5.042688,0
12,5,9,-1.923748,10.034370,-10.613126,5.197189,5.295335,0
13,5,9,0.114378,10.034370,-10.613126,5.701840,5.788405,0
14,5,9,2.152504,10.034370,-10.613126,6.430476,6.503454,0
15,5,9,4.190630,10.034370,-10.613126,7.356575,7.416103,0
16,5,9,6.228756,10.034370,-10.613126,8.452084,8.499458,0
17,5,9,8.266882,10.034370,-10.613126,9.690227,9.727143,0
18,5,9,10.305008,10.034370,-10.613126,11.047084,11.075214,0
19,5,9,12.343134,10.034370,-10.613126,12.502181,12.522998,0
20,5,9,14.381260,10.034370,-10.613126,14.038458,14.053193,0
0,6,9,-26.381260,12.072496,-10.613126,14.762336,14.774642,0
1,6,9,-24.343134,12.072496,-10.613126,13.103850,13.122115,0
2,6,9,-22.305008,12.072496,-10.613126,11.507553,11.533169,0
3,6,9,-20.266882,12.072496,-10.613126,9.987578,10.022366,0
4,6,9,-18.228756,12.072496,-10.613126,8.561643,8.607971,0
5,6,9,-16.190630,12.072496,-10.613126,7.251694,7.312575,0
6,6,9,-14.152504,12.072496,-10.613126,6.084291,6.163327,0
7,6,9,-12.114378,12.072496,-10.613126,5.090317,5.191201,0
8,6,9,-10.076252,12.072496,-10.613126,4.303404,4.428470,0
9,6,9,-8.038126,12.072496,-10.613126,3.756513,3.904042,0
10,6,9,-6.000000,12.072496,-10.613126,3.476703,3.638284,0
11,6,9,-3.961874,12.072496,-10.613126,3.479370,3.640807,0
12,6,9,-1.923748,12.072496,-10.613126,3.764361,3.911525,0
13,6,9,0.114378,12.072496,-10.613126,4.316018,4.440630,0
14,6,9,2.152504,12.072496,-10.613126,5.107116,5.207563,0
15,6,9,4.190630,12.072496,-10.613126,6.104639,6.183300,0
16,6,9,6.228756,12.072496,-10.613126,7.274980,7.335557,0
17,6,9,8.266882,12.072496,-10.613126,8.587328,8.633415,0
18,6,9,10.305008,12.072496,-10.613126,10.015209,10.049806,0
19,6,9,12.343134,12.072496,-10.613126,11.536762,11.562226,0
20,6,9,14.381260,12.072496,-10.613126,13.134342,13.152485,0
0,7,9,-26.381260,14.110622,-10.613126,14.050216,14.064909,0
1,7,9,-24.343134,14.110622,-10.613126,12.341380,12.362921,0
2,7,9,-22.305008,14.110622,-10.613126,10.689270,10.719502,0
3,7,9,-20.266882,14.110622,-10.613126,9.107810,9.149295,0
4,7,9,-18.228756,14.110622,-10.613126,7.614928,7.671279,0
5,7,9,-16.190630,14.110622,-10.613126,6.233540,6.309883,0
6,7,9,-14.152504,14.110622,-10.613126,4.992400,5.095893,0
7,7,9,-12.114378,14.110622,-10.613126,3.926324,4.066245,0
8,7,9,-10.076252,14.110622,-10.613126,3.074895,3.260770,0
9,7,9,-8.038126,14.110622,-10.613126,2.478579,2.713398,0
10,7,9,-6.000000,14.110622,-10.613126,2.171833,2.440780,0
11,7,9,-3.961874,14.110622,-10.613126,2.174762,2.443345,0
12,7,9,-1.923748,14.110622,-10.613126,2.487166,2.721135,0
13,7,9,0.114378,14.110622,-10.613126,3.088602,3.273553,0
14,7,9,2.152504,14.110622,-10.613126,3.944425,4.083571,0
15,7,9,4.190630,14.110622,-10.613126,5.014128,5.117033,0
16,7,9,6.228756,14.110622,-10.613126,6.258193,6.334103,0
17,7,9,8.266882,14.110622,-10.613126,7.641912,7.697942,0
18,7,9,10.305008,14.110622,-10.613126,9.136644,9.177888,0
19,7,9,12.343134,14.110622,-10.613126,10.719576,10.749624,0
20,7,9,14.381260,14.110622,-10.613126,12.372864,12.394261,0
0,8,9,-26.381260,16.148748,-10.613126,13.486930,13.503689,0
1,8,9,-24.343134,16.148748,-10.613126,11.735964,11.760407,0
2,8,9,-22.305008,16.148748,-10.613126,10.036564,10.071013,0
3,8,9,-20.266882,16.148748,-10.613126,8.402220,8.450079,0
4,8,9,-18.228756,16.148748,-10.613126,6.850721,6.917152,0
5,8,9,-16.190630,16.148748,-10.613126,5.405459,5.498571,0
6,8,9,-14.152504,16.148748,-10.613126,4.096795,4.229679,0
7,8,9,-12.114378,16.148748,-10.613126,2.962942,3.156654,0
8,8,9,-10.076252,16.148748,-10.613126,2.049234,2.334188,0
9,8,9,-8.038126,16.148748,-10.613126,1.404061,1.806986,0
10,8,9,-6.000000,16.148748,-10.613126,1.070241,1.569145,0
11,8,9,-3.961874,16.148748,-10.613126,1.073436,1.571552,0
12,8,9,-1.923748,16.148748,-10.613126,1.413386,1.814179,0
13,8,9,0.114378,16.148748,-10.613126,2.064010,2.346957,0
14,8,9,2.152504,16.148748,-10.613126,2.982282,3.174602,0
15,8,9,4.190630,16.148748,-10.613126,4.119803,4.251779,0
16,8,9,6.228756,16.148748,-10.613126,5.431348,5.523860,0
17,8,9,8.266882,16.148748,-10.613126,6.878852,6.944873,0
18,8,9,10.305008,16.148748,-10.613126,8.432096,8.479664,0
19,8,9,12.343134,16.148748,-10.613126,10.067804,10.102039,0
20,8,9,14.381260,16.148748,-10.613126,11.768282,11.792562,0
0,9,9,-26.381260,18.186874,-10.613126,13.082886,13.101236,0
1,9,9,-24.343134,18.186874,-10.613126,11.300346,11.327068,0
2,9,9,-22.305008,18.186874,-10.613126,9.565136,9.602987,0
3,9,9,-20.266882,18.186874,-10.613126,7.890242,7.943433,0
4,9,9,-18.228756,18.186874,-10.613126,6.293108,6.368412,0
5,9,9,-16.190630,18.186874,-10.613126,4.797201,4.906201,0
6,9,9,-14.152504,18.186874,-10.613126,3.433834,3.597757,0
7,9,9,-12.114378,18.186874,-10.613126,2.243725,2.503964,0
8,9,9,-10.076252,18.186874,-10.613126,1.276993,1.712576,0
9,9,9,-8.038126,18.186874,-10.613126,0.589380,1.295024,0
10,9,9,-6.000000,18.186874,-10.613126,0.239519,1.174500,0
11,9,9,-3.961874,18.186874,-10.613126,0.242663,1.218980,0
12,9,9,-1.923748,18.186874,-10.613126,0.599340,1.314995,0
13,9,9,0.114378,18.186874,-10.613126,1.292691,1.724370,0
14,9,9,2.152504,18.186874,-10.613126,2.264106,2.521964,0
15,9,9,4.190630,18.186874,-10.613126,3.457890,3.620492,0
16,9,9,6.228756,18.186874,-10.613126,4.824079,4.932295,0
17,9,9,8.266882,18.186874,-10.613126,6.322140,6.396944,0
18,9,9,10.305008,18.186874,-10.613126,7.920922,7.973774,0
19,9,9,12.343134,18.186874,-10.613126,9.597088,9.634698,0
20,9,9,14.381260,18.186874,-10.613126,11.333291,11.359835,0
0,10,9,-26.381260,20.225000,-10.613126,12.846148,12.865477,0
1,10,9,-24.343134,20.225000,-10.613126,11.044551,11.072696,0
2,10,9,-22.305008,20.225000,-10.613126,9.287572,9.327586,0
3,10,9,-20.266882,20.225000,-10.613126,7.587805,7.644479,0
4,10,9,-18.228756,20.225000,-10.613126,5.962368,6.043702,0
5,10,9,-16.190630,20.225000,-10.613126,4.434625,4.555087,0
6,10,9,-14.152504,20.225000,-10.613126,3.036309,3.224825,0
7,10,9,-12.114378,20.225000,-10.613126,1.809576,2.130797,0
8,10,9,-10.076252,20.225000,-10.613126,0.807630,1.406609,0
9,10,9,-8.038126,20.225000,-10.613126,0.122588,1.072100,0
10,10,9,-6.000000,20.225000,-10.613126,0.003426,0.460954,1
11,10,9,-3.961874,20.225000,-10.613126,0.003588,0.899678,1
12,10,9,-1.923748,20.225000,-10.613126,0.130194,1.316305,0
13,10,9,0.114378,20.225000,-10.613126,0.823945,1.421885,0
14,10,9,2.152504,20.225000,-10.613126,1.830642,2.148397,0
15,10,9,4.190630,20.225000,-10.613126,3.061040,3.247857,0
16,10,9,6.228756,20.225000,-10.613126,4.462130,4.581660,0
17,10,9,8.266882,20.225000,-10.613126,5.991962,6.072729,0
18,10,9,10.305008,20.225000,-10.613126,7.618981,7.675283,0
19,10,9,12.343134,20.225000,-10.613126,9.319959,9.359714,0
20,10,9,14.381260,20.225000,-10.613126,11.077877,11.105832,0
0,11,9,-26.381260,22.263126,-10.613126,12.781695,12.801297,0
1,11,9,-24.343134,22.263126,-10.613126,10.974836,11.003380,0
2,11,9,-22.305008,22.263126,-10.613126,9.211824,9.252451,0
3,11,9,-20.266882,22.263126,-10.613126,7.505135,7.562809,0
4,11,9,-18.228756,22.263126,-10.613126,5.871777,5.954879,0
5,11,9,-16.190630,22.263126,-10.613126,4.335065,4.458996,0
6,11,9,-14.152504,22.263126,-10.613126,2.926820,3.123176,0
7,11,9,-12.114378,22.263126,-10.613126,1.689582,2.031930,0
8,11,9,-10.076252,22.263126,-10.613126,0.677460,1.335848,0
9,11,9,-8.038126,22.263126,-10.613126,0.044585,1.014974,0
10,11,9,-6.000000,22.263126,-10.613126,0.000440,0.521453,1
11,11,9,-3.961874,22.263126,-10.613126,0.000465,0.985808,1
12,11,9,-1.923748,22.263126,-10.613126,0.048825,1.421725,0
13,11,9,0.114378,22.263126,-10.613126,0.693949,1.357405,0
14,11,9,2.152504,22.263126,-10.613126,1.710845,2.049325,0
15,11,9,4.190630,22.263126,-10.613126,2.951744,3.146270,0
16,11,9,6.228756,22.263126,-10.613126,4.362747,4.485698,0
17,11,9,8.266882,22.263126,-10.613126,5.901529,5.984044,0
18,11,9,10.305008,22.263126,-10.613126,7.536449,7.593742,0
19,11,9,12.343134,22.263126,-10.613126,9.244332,9.284694,0
20,11,9,14.381260,22.263126,-10.613126,11.008267,11.036618,0
0,12,9,-26.381260,24.301252,-10.613126,12.890916,12.910057,0
1,12,9,-24.343134,24.301252,-10.613126,11.092955,11.120825,0
2,12,9,-22.305008,24.301252,-10.613126,9.340138,9.379733,0
3,12,9,-20.266882,24.301252,-10.613126,7.645141,7.701134,0
4,12,9,-18.228756,24.301252,-10.613126,6.025150,6.105290,0
5,12,9,-16.190630,24.301252,-10.613126,4.503560,4.621706,0
6,12,9,-14.152504,24.301252,-10.613126,3.112032,3.295420,0
7,12,9,-12.114378,24.301252,-10.613126,1.892456,2.200311,0
8,12,9,-10.076252,24.301252,-10.613126,0.897433,1.459273,0
9,12,9,-8.038126,24.301252,-10.613126,0.198684,1.117755,0
10,12,9,-6.000000,24.301252,-10.613126,0.010691,0.793798,0
11,12,9,-3.961874,24.301252,-10.613126,0.011144,1.069960,0
12,12,9,-1.923748,24.301252,-10.613126,0.207790,1.270977,0
13,12,9,0.114378,24.301252,-10.613126,0.913627,1.472289,0
14,12,9,2.152504,24.301252,-10.613126,1.913388,2.218024,0
15,12,9,4.190630,24.301252,-10.613126,3.136632,3.318403,0
16,12,9,6.228756,24.301252,-10.613126,4.530943,4.648188,0
17,12,9,8.266882,24.301252,-10.613126,6.054636,6.134222,0
18,12,9,10.305008,24.301252,-10.613126,7.676222,7.731849,0
19,12,9,12.343134,24.301252,-10.613126,9.372442,9.411781,0
20,12,9,14.381260,24.301252,-10.613126,11.126208,11.153891,0
0,13,9,-26.381260,26.339378,-10.613126,13.171465,13.189458,0
1,13,9,-24.343134,26.339378,-10.613126,11.395947,11.422154,0
2,13,9,-22.305008,26.339378,-10.613126,9.668730,9.705805,0
3,13,9,-20.266882,26.339378,-10.613126,8.002926,8.054886,0
4,13,9,-18.228756,26.339378,-10.613126,6.416075,6.489292,0
5,13,9,-16.190630,26.339378,-10.613126,4.931654,5.036815,0
6,13,9,-14.152504,26.339378,-10.613126,3.580787,3.736902,0
7,13,9,-12.114378,26.339378,-10.613126,2.403644,2.646111,0
8,13,9,-10.076252,26.339378,-10.613126,1.449247,1.841460,0
9,13,9,-8.038126,26.339378,-10.613126,0.771498,1.388066,0
10,13,9,-6.000000,26.339378,-10.613126,0.420183,1.233377,0
11,13,9,-3.961874,26.339378,-10.613126,0.423525,1.248401,0
12,13,9,-1.923748,26.339378,-10.613126,0.781319,1.397851,0
13,13,9,0.114378,26.339378,-10.613126,1.464730,1.853495,0
14,13,9,2.152504,26.339378,-10.613126,2.423784,2.664156,0
15,13,9,4.190630,26.339378,-10.613126,3.604602,3.759507,0
16,13,9,6.228756,26.339378,-10.613126,4.958307,5.062731,0
17,13,9,8.266882,26.339378,-10.613126,6.444903,6.517643,0
18,13,9,10.305008,26.339378,-10.613126,8.033426,8.085058,0
19,13,9,12.343134,26.339378,-10.613126,9.700523,9.737364,0
20,13,9,14.381260,26.339378,-10.613126,11.428753,11.454785,0
0,14,9,-26.381260,28.377504,-10.613126,13.617506,13.633771,0
1,14,9,-24.343134,28.377504,-10.613126,11.876498,11.900240,0
2,14,9,-22.305008,28.377504,-10.613126,10.188324,10.221744,0
3,14,9,-20.266882,28.377504,-10.613126,8.566602,8.612883,0
4,14,9,-18.228756,28.377504,-10.613126,7.029184,7.093068,0
5,14,9,-16.190630,28.377504,-10.613126,5.599384,5.688135,0
6,14,9,-14.152504,28.377504,-10.613126,4.307211,4.432139,0
7,14,9,-12.114378,28.377504,-10.613126,3.190074,3.368411,0
8,14,9,-10.076252,28.377504,-10.613126,2.291883,2.546548,0
9,14,9,-8.038126,28.377504,-10.613126,1.658995,2.007111,0
10,14,9,-6.000000,28.377504,-10.613126,1.332028,1.753071,0
11,14,9,-3.961874,28.377504,-10.613126,1.335155,1.755435,0
12,14,9,-1.923748,28.377504,-10.613126,1.668134,2.014534,0
13,14,9,0.114378,28.377504,-10.613126,2.306392,2.559418,0
14,14,9,2.152504,28.377504,-10.613126,3.209107,3.386245,0
15,14,9,4.190630,28.377504,-10.613126,4.329904,4.454019,0
16,14,9,6.228756,28.377504,-10.613126,5.624972,5.713170,0
17,14,9,8.266882,28.377504,-10.613126,7.057038,7.120536,0
18,14,9,10.305008,28.377504,-10.613126,8.596228,8.642231,0
19,14,9,12.343134,28.377504,-10.613126,10.219342,10.252556,0
20,14,9,14.381260,28.377504,-10.613126,11.908618,11.932202,0
0,15,9,-26.381260,30.415630,-10.613126,14.220293,14.234394,0
1,15,9,-24.343134,30.415630,-10.613126,12.523769,12.544489,0
2,15,9,-22.305008,30.415630,-10.613126,10.885375,10.914437,0
3,15,9,-20.266882,30.415630,-10.613126,9.319116,9.358877,0
4,15,9,-18.228756,30.415630,-10.613126,7.842903,7.896621,0
5,15,9,-16.190630,30.415630,-10.613126,6.479448,6.551620,0
6,15,9,-14.152504,30.415630,-10.613126,5.256989,5.353650,0
7,15,9,-12.114378,30.415630,-10.613126,4.209361,4.337895,0
8,15,9,-10.076252,30.415630,-10.613126,3.374601,3.541849,0
9,15,9,-8.038126,30.415630,-10.613126,2.791166,2.998001,0
10,15,9,-6.000000,30.415630,-10.613126,2.491482,2.725025,0
11,15,9,-3.961874,30.415630,-10.613126,2.494342,2.727604,0
12,15,9,-1.923748,30.415630,-10.613126,2.799560,3.005721,0
13,15,9,0.114378,30.415630,-10.613126,3.388025,3.554510,0
14,15,9,2.152504,30.415630,-10.613126,4.227127,4.354995,0
15,15,9,4.190630,30.415630,-10.613126,5.278365,5.374503,0
16,15,9,6.228756,30.415630,-10.613126,6.503756,6.575532,0
17,15,9,8.266882,30.415630,-10.613126,7.869562,7.922982,0
18,15,9,10.305008,30.415630,-10.613126,9.347651,9.387186,0
19,15,9,12.343134,30.415630,-10.613126,10.915410,10.944298,0
20,15,9,14.381260,30.415630,-10.613126,12.555009,12.575592,0
0,16,9,-26.381260,32.453756,-10.613126,14.968950,14.980606,0
1,16,9,-24.343134,32.453756,-10.613126,13.324503,13.341891,0
2,16,9,-22.305008,32.453756,-10.613126,11.743637,11.768041,0
3,16,9,-20.266882,32.453756,-10.613126,10.240492,10.273566,0
4,16,9,-18.228756,32.453756,-10.613126,8.832667,8.876517,0
5,16,9,-16.190630,32.453756,-10.613126,7.541782,7.599010,0
6,16,9,-14.152504,32.453756,-10.613126,6.393759,6.467349,0
7,16,9,-12.114378,32.453756,-10.613126,5.418429,5.511239,0
8,16,9,-10.076252,32.453756,-10.613126,4.647930,4.761440,0
9,16,9,-8.038126,32.453756,-10.613126,4.113437,4.245664,0
10,16,9,-6.000000,32.453756,-10.613126,3.840317,3.984013,0
11,16,9,-3.961874,32.453756,-10.613126,3.842919,3.986498,0
12,16,9,-1.923748,32.453756,-10.613126,4.121102,4.253027,0
13,16,9,0.114378,32.453756,-10.613126,4.660269,4.773396,0
14,16,9,2.152504,32.453756,-10.613126,5.434895,5.527325,0
15,16,9,4.190630,32.453756,-10.613126,6.413748,6.487004,0
16,16,9,6.228756,32.453756,-10.613126,7.564706,7.621657,0
17,16,9,8.266882,32.453756,-10.613126,8.858003,8.901629,0
18,16,9,10.305008,32.453756,-10.613126,10.267796,10.300690,0
19,16,9,12.343134,32.453756,-10.613126,11.772545,11.796804,0
20,16,9,14.381260,32.453756,-10.613126,13.354721,13.371990,0
0,17,9,-26.381260,34.491882,-10.613126,15.851319,15.860389,0
1,17,9,-24.343134,34.491882,-10.613126,14.264166,14.278117,0
2,17,9,-22.305008,34.491882,-10.613126,12.745703,12.765458,0
3,17,9,-20.266882,34.491882,-10.613126,11.309902,11.336573,0
4,17,9,-18.228756,34.491882,-10.613126,9.973674,10.008559,0
5,17,9,-16.190630,34.491882,-10.613126,8.757141,8.801666,0
6,17,9,-14.152504,34.491882,-10.613126,7.683585,7.739127,0
7,17,9,-12.114378,34.491882,-10.613126,6.778795,6.846291,0
8,17,9,-10.076252,34.491882,-10.613126,6.069489,6.148799,0
9,17,9,-8.038126,34.491882,-10.613126,5.580636,5.669796,0
10,17,9,-6.000000,34.491882,-10.613126,5.331936,5.426781,0
11,17,9,-3.961874,34.491882,-10.613126,5.334301,5.429090,0
12,17,9,-1.923748,34.491882,-10.613126,5.587626,5.676634,0
13,17,9,0.114378,34.491882,-10.613126,6.080806,6.159907,0
14,17,9,2.152504,34.491882,-10.613126,6.794009,6.861277,0
15,17,9,4.190630,34.491882,-10.613126,7.702202,7.757526,0
16,17,9,6.228756,34.491882,-10.613126,8.778663,8.822995,0
17,17,9,8.266882,34.491882,-10.613126,9.997639,10.032357,0
18,17,9,10.305008,34.491882,-10.613126,11.335904,11.362434,0
19,17,9,12.343134,34.491882,-10.613126,12.773397,12.793034,0
20,17,9,14.381260,34.491882,-10.613126,14.293265,14.307117,0
0,18,9,-26.381260,36.530008,-10.613126,16.854737,16.861195,0
1,18,9,-24.343134,36.530008,-10.613126,15.327937,15.338506,0
2,18,9,-22.305008,36.530008,-10.613126,13.874262,13.889582,0
3,18,9,-20.266882,36.530008,-10.613126,12.507229,12.528023,0
4,18,9,-18.228756,36.530008,-10.613126,11.242755,11.269792,0
5,18,9,-16.190630,36.530008,-10.613126,10.099209,10.133230,0
6,18,9,-14.152504,36.530008,-10.613126,9.097150,9.138724,0
7,18,9,-12.114378,36.530008,-10.613126,8.258575,8.307864,0
8,18,9,-10.076252,36.530008,-10.613126,7.605495,7.661958,0
9,18,9,-8.038126,36.530008,-10.613126,7.157838,7.219963,0
10,18,9,-6.000000,36.530008,-10.613126,6.930917,6.996187,0
11,18,9,-3.961874,36.530008,-10.613126,6.933073,6.998312,0
12,18,9,-1.923748,36.530008,-10.613126,7.164224,7.226263,0
13,18,9,0.114378,36.530008,-10.613126,7.615883,7.672222,0
14,18,9,2.152504,36.530008,-10.613126,8.272626,8.321773,0
15,18,9,4.190630,36.530008,-10.613126,9.114464,9.155893,0
16,18,9,6.228756,36.530008,-10.613126,10.119369,10.153253,0
17,18,9,8.266882,36.530008,-10.613126,11.265360,11.292273,0
18,18,9,10.305008,36.530008,-10.613126,12.531914,12.552598,0
19,18,9,12.343134,36.530008,-10.613126,13.900705,13.915931,0
20,18,9,14.381260,36.530008,-10.613126,15.355866,15.366351,0
0,19,9,-26.381260,38.568134,-10.613126,17.966667,17.970570,0
1,19,9,-24.343134,38.568134,-10.613126,16.501465,16.508806,0
2,19,9,-22.305008,38.568134,-10.613126,15.112975,15.124188,0
3,19,9,-20.266882,38.568134,-10.613126,13.814030,13.829569,0
4,19,9,-18.228756,38.568134,-10.613126,12.619353,12.639654,0
5,19,9,-16.190630,38.568134,-10.613126,11.545459,11.570877,0
6,19,9,-14.152504,38.568134,-10.613126,10.610287,10.641001,0
7,19,9,-12.114378,38.568134,-10.613126,9.832446,9.868329,0
8,19,9,-10.076252,38.568134,-10.613126,9.230013,9.270491,0
9,19,9,-8.038126,38.568134,-10.613126,8.818916,8.862888,0
10,19,9,-6.000000,38.568134,-10.613126,8.611137,8.657001,0
11,19,9,-3.961874,38.568134,-10.613126,8.613109,8.658955,0
12,19,9,-1.923748,38.568134,-10.613126,8.824770,8.868690,0
13,19,9,0.114378,38.568134,-10.613126,9.239571,9.279972,0
14,19,9,2.152504,38.568134,-10.613126,9.845441,9.881230,0
15,19,9,4.190630,38.568134,-10.613126,10.626395,10.657010,0
16,19,9,6.228756,38.568134,-10.613126,11.564332,11.589652,0
17,19,9,8.266882,38.568134,-10.613126,12.640646,12.660854,0
18,19,9,10.305008,38.568134,-10.613126,13.837420,13.852874,0
19,19,9,12.343134,38.568134,-10.613126,15.138169,15.149306,0
20,19,9,14.381260,38.568134,-10.613126,16.528207,16.535480,0
0,20,9,-26.381260,40.606260,-10.613126,19.175150,19.176613,0
1,20,9,-24.343134,40.606260,-10.613126,17.771364,17.775693,0
2,20,9,-22.305008,40.606260,-10.613126,16.446980,16.454461,0
3,20,9,-20.266882,40.606260,-10.613126,15.213994,15.224902,0
4,20,9,-18.228756,40.606260,-10.613126,14.085837,14.100405,0
5,20,9,-16.190630,40.606260,-10.613126,13.077195,13.095568,0
6,20,9,-14.152504,40.606260,-10.613126,12.203599,12.225774,0
7,20,9,-12.114378,40.606260,-10.613126,11.480734,11.506492,0
8,20,9,-10.076252,40.606260,-10.613126,10.923455,10.952295,0
9,20,9,-8.038126,40.606260,-10.613126,10.544560,10.575682,0
10,20,9,-6.000000,40.606260,-10.613126,10.353508,10.385844,0
11,20,9,-3.961874,40.606260,-10.613126,10.355320,10.387644,0
12,20,9,-1.923748,40.606260,-10.613126,10.549947,10.581036,0
13,20,9,0.114378,40.606260,-10.613126,10.932278,10.961067,0
14,20,9,2.152504,40.606260,-10.613126,11.492781,11.518474,0
15,20,9,4.190630,40.606260,-10.613126,12.218606,12.240711,0
16,20,9,6.228756,40.606260,-10.613126,13.094873,13.113174,0
17,20,9,8.266882,40.606260,-10.613126,14.105891,14.120389,0
18,20,9,10.305008,40.606260,-10.613126,15.236140,15.246982,0
19,20,9,12.343134,40.606260,-10.613126,16.470955,16.478375,0
20,20,9,14.381260,40.606260,-10.613126,17.796930,17.801203,0
0,0,10,-26.381260,-0.156260,-8.575000,20.872132,20.870644,0
1,0,10,-24.343134,-0.156260,-8.575000,19.546202,19.546976,0
2,0,10,-22.305008,-0.156260,-8.575000,18.301900,18.305094,0
3,0,10,-20.266882,-0.156260,-8.575000,17.150017,17.155764,0
4,0,10,-18.228756,-0.156260,-8.575000,16.102300,16.110687,0
5,0,10,-16.190630,-0.156260,-8.575000,15.171221,15.182258,0
6,0,10,-14.152504,-0.156260,-8.575000,14.369579,14.383172,0
7,0,10,-12.114378,-0.156260,-8.575000,13.709928,13.725849,0
8,0,10,-10.076252,-0.156260,-8.575000,13.203838,13.221701,0
9,0,10,-8.038126,-0.156260,-8.575000,12.861045,12.880311,0
10,0,10,-6.000000,-0.156260,-8.575000,12.688612,12.708612,0
11,0,10,-3.961874,-0.156260,-8.575000,12.690246,12.710239,0
12,0,10,-1.923748,-0.156260,-8.575000,12.865911,12.885156,0
13,0,10,0.114378,-0.156260,-8.575000,13.211833,13.229664,0
14,0,10,2.152504,-0.156260,-8.575000,13.720892,13.736772,0
15,0,10,4.190630,-0.156260,-8.575000,14.383309,14.396857,0
16,0,10,6.228756,-0.156260,-8.575000,15.187490,15.198478,0
17,0,10,8.266882,-0.156260,-8.575000,16.120869,16.129205,0
18,0,10,10.305008,-0.156260,-8.575000,17.170646,17.176345,0
19,0,10,12.343134,-0.156260,-8.575000,18.324363,18.327511,0
20,0,10,14.381260,-0.156260,-8.575000,19.570288,19.571018,0
0,1,10,-26.381260,1.881866,-8.575000,19.494601,19.495469,0
1,1,10,-24.343134,1.881866,-8.575000,18.106178,18.109783,0
2,1,10,-22.305008,1.881866,-8.575000,16.797699,16.804297,0
3,1,10,-20.266882,1.881866,-8.575000,15.580931,15.590762,0
4,1,10,-18.228756,1.881866,-8.575000,14.468975,14.482237,0
5,1,10,-16.190630,1.881866,-8.575000,13.476070,13.492870,0
6,1,10,-14.152504,1.881866,-8.575000,12.617176,12.637486,0
7,1,10,-12.114378,1.881866,-8.575000,11.907315,11.930906,0
8,1,10,-10.076252,1.881866,-8.575000,11.360627,11.387023,0
9,1,10,-8.038126,1.881866,-8.575000,10.989235,11.017696,0
10,1,10,-6.000000,1.881866,-8.575000,10.802064,10.831619,0
11,1,10,-3.961874,1.881866,-8.575000,10.803839,10.833383,0
12,1,10,-1.923748,1.881866,-8.575000,10.994514,11.022944,0
13,1,10,0.114378,1.881866,-8.575000,11.369278,11.395628,0
14,1,10,2.152504,1.881866,-8.575000,11.919138,11.942671,0
15,1,10,4.190630,1.881866,-8.575000,12.631921,12.652167,0
16,1,10,6.228756,1.881866,-8.575000,13.493460,13.510195,0
17,1,10,8.266882,1.881866,-8.575000,14.488729,14.501925,0
18,1,10,10.305008,1.881866,-8.575000,15.602773,15.612542,0
19,1,10,12.343134,1.881866,-8.575000,16.821373,16.827913,0
20,1,10,14.381260,1.881866,-8.575000,18.131451,18.135003,0
0,2,10,-26.381260,3.919992,-8.575000,18.194221,18.197640,0
1,2,10,-24.343134,3.919992,-8.575000,16.741002,16.747740,0
2,2,10,-22.305008,3.919992,-8.575000,15.365087,15.375545,0
3,2,10,-20.266882,3.919992,-8.575000,14.079156,14.093748,0
4,2,10,-18.228756,3.919992,-8.575000,12.897687,12.916800,0
5,2,10,-16.190630,3.919992,-8.575000,11.836834,11.860772,0
6,2,10,-14.152504,3.919992,-8.575000,10.914049,10.942944,0
7,2,10,-12.114378,3.919992,-8.575000,10.147336,10.181032,0
8,2,10,-10.076252,3.919992,-8.575000,9.554094,9.592029,0
9,2,10,-8.038126,3.919992,-8.575000,9.149581,9.190719,0
10,2,10,-6.000000,3.919992,-8.575000,8.945231,8.988096,0
11,2,10,-3.961874,3.919992,-8.575000,8.947170,8.990019,0
12,2,10,-1.923748,3.919992,-8.575000,9.155339,9.196429,0
13,2,10,0.114378,3.919992,-8.575000,9.563502,9.601365,0
14,2,10,2.152504,3.919992,-8.575000,10.160139,10.193748,0
15,2,10,4.190630,3.919992,-8.575000,10.929934,10.958737,0
16,2,10,6.228756,3.919992,-8.575000,11.855467,11.879313,0
17,2,10,8.266882,3.919992,-8.575000,12.918734,12.937759,0
18,2,10,10.305008,3.919992,-8.575000,14.102300,14.116811,0
19,2,10,12.343134,3.919992,-8.575000,15.390041,15.400427,0
20,2,10,14.381260,3.919992,-8.575000,16.767514,16.774186,0
0,3,10,-26.381260,5.958118,-8.575000,16.981717,16.987867,0
1,3,10,-24.343134,5.958118,-8.575000,15.462220,15.472394,0
2,3,10,-22.305008,5.958118,-8.575000,14.016321,14.031134,0
3,3,10,-20.266882,5.958118,-8.575000,12.657467,12.677602,0
4,3,10,-18.228756,5.958118,-8.575000,11.401441,11.427619,0
5,3,10,-16.190630,5.958118,-8.575000,10.266393,10.299297,0
6,3,10,-14.152504,5.958118,-8.575000,9.272564,9.312698,0
7,3,10,-12.114378,5.958118,-8.575000,8.441521,8.488998,0
8,3,10,-10.076252,5.958118,-8.575000,7.794769,7.849031,0
9,3,10,-8.038126,5.958118,-8.575000,7.351706,7.411296,0
10,3,10,-6.000000,5.958118,-8.575000,7.127201,7.189739,0
11,3,10,-3.961874,5.958118,-8.575000,7.129333,7.191843,0
12,3,10,-1.923748,5.958118,-8.575000,7.358026,7.417535,0
13,3,10,0.114378,5.958118,-8.575000,7.805053,7.859198,0
14,3,10,2.152504,5.958118,-8.575000,8.455441,8.502783,0
15,3,10,4.190630,5.958118,-8.575000,9.289729,9.329725,0
16,3,10,6.228756,5.958118,-8.575000,10.286396,10.319168,0
17,3,10,8.266882,5.958118,-8.575000,11.423887,11.449945,0
18,3,10,10.305008,5.958118,-8.575000,12.681996,12.702024,0
19,3,10,12.343134,5.958118,-8.575000,14.042615,14.057335,0
20,3,10,14.381260,5.958118,-8.575000,15.490007,15.500101,0
0,4,10,-26.381260,7.996244,-8.575000,15.868948,15.877970,0
1,4,10,-24.343134,7.996244,-8.575000,14.282899,14.296786,0
2,4,10,-22.305008,7.996244,-8.575000,12.765628,12.785298,0
3,4,10,-20.266882,7.996244,-8.575000,11.331103,11.357659,0
4,4,10,-18.228756,7.996244,-8.575000,9.996219,10.030946,0
5,4,10,-16.190630,7.996244,-8.575000,8.781065,8.825376,0
6,4,10,-14.152504,7.996244,-8.575000,7.708876,7.764123,0
7,4,10,-12.114378,7.996244,-8.575000,6.805365,6.872465,0
8,4,10,-10.076252,7.996244,-8.575000,6.097155,6.175954,0
9,4,10,-8.038126,7.996244,-8.575000,5.609112,5.697652,0
10,4,10,-6.000000,7.996244,-8.575000,5.360842,5.455001,0
11,4,10,-3.961874,7.996244,-8.575000,5.363204,5.457306,0
12,4,10,-1.923748,7.996244,-8.575000,5.616090,5.704480,0
13,4,10,0.114378,7.996244,-8.575000,6.108454,6.187045,0
14,4,10,2.152504,7.996244,-8.575000,6.820556,6.887431,0
15,4,10,4.190630,7.996244,-8.575000,7.727467,7.782499,0
16,4,10,6.228756,7.996244,-8.575000,8.802561,8.846679,0
17,4,10,8.266882,7.996244,-8.575000,10.020158,10.054720,0
18,4,10,10.305008,7.996244,-8.575000,11.357081,11.383496,0
19,4,10,12.343134,7.996244,-8.575000,12.793299,12.812851,0
20,4,10,14.381260,7.996244,-8.575000,14.311976,14.325764,0
0,5,10,-26.381260,10.034370,-8.575000,14.868743,14.880713,0
1,5,10,-24.343134,10.034370,-8.575000,13.217519,13.235328,0
2,5,10,-22.305008,10.034370,-8.575000,11.629210,11.654195,0
3,5,10,-20.266882,10.034370,-8.575000,10.117956,10.151850,0
4,5,10,-18.228756,10.034370,-8.575000,8.701417,8.746448,0
5,5,10,-16.190630,10.034370,-8.575000,7.401372,7.460333,0
6,5,10,-14.152504,10.034370,-8.575000,6.244052,6.320211,0
7,5,10,-12.114378,10.034370,-8.575000,5.259793,5.356385,0
8,5,10,-10.076252,10.034370,-8.575000,4.481447,4.600329,0
9,5,10,-8.038126,10.034370,-8.575000,3.941035,4.080327,0
10,5,10,-6.000000,10.034370,-8.575000,3.664725,3.816643,0
11,5,10,-3.961874,10.034370,-8.575000,3.667358,3.819147,0
12,5,10,-1.923748,10.034370,-8.575000,3.948788,4.087749,0
13,5,10,0.114378,10.034370,-8.575000,4.493918,4.612384,0
14,5,10,2.152504,10.034370,-8.575000,5.276419,5.372605,0
15,5,10,4.190630,10.034370,-8.575000,6.264213,6.340018,0
16,5,10,6.228756,10.034370,-8.575000,7.424470,7.483141,0
17,5,10,8.266882,10.034370,-8.575000,8.726921,8.771719,0
18,5,10,10.305008,10.034370,-8.575000,10.145418,10.179126,0
19,5,10,12.343134,10.034370,-8.575000,11.658263,11.683100,0
20,5,10,14.381260,10.034370,-8.575000,13.247869,13.265558,0
0,6,10,-26.381260,12.072496,-8.575000,13.994571,14.009461,0
1,6,10,-24.343134,12.072496,-8.575000,12.281667,12.303481,0
2,6,10,-22.305008,12.072496,-8.575000,10.625015,10.655639,0
3,6,10,-20.266882,12.072496,-8.575000,9.038507,9.080574,0
4,6,10,-18.228756,12.072496,-8.575000,7.540073,7.597321,0
5,6,10,-16.190630,12.072496,-8.575000,6.152688,6.230474,0
6,6,10,-14.152504,12.072496,-8.575000,4.905276,5.011174,0
7,6,10,-12.114378,12.072496,-8.575000,3.832978,3.977003,0
8,6,10,-10.076252,12.072496,-8.575000,2.975899,3.168676,0
9,6,10,-8.038126,12.072496,-8.575000,2.375199,2.620678,0
10,6,10,-6.000000,12.072496,-8.575000,2.066044,2.348713,0
11,6,10,-3.961874,12.072496,-8.575000,2.068997,2.351268,0
12,6,10,-1.923748,12.072496,-8.575000,2.383853,2.628409,0
13,6,10,0.114378,12.072496,-8.575000,2.989703,3.181493,0
14,6,10,2.152504,12.072496,-8.575000,3.851191,3.994401,0
15,6,10,4.190630,12.072496,-8.575000,4.927122,5.032409,0
16,6,10,6.228756,12.072496,-8.575000,6.177456,6.254797,0
17,6,10,8.266882,12.072496,-8.575000,7.567164,7.624085,0
18,6,10,10.305008,12.072496,-8.575000,9.067440,9.109262,0
19,6,10,12.343134,12.072496,-8.575000,10.655410,10.685848,0
20,6,10,14.381260,12.072496,-8.575000,12.313231,12.334900,0
0,7,10,-26.381260,14.110622,-8.575000,13.260008,13.277649,0
1,7,10,-24.343134,14.110622,-8.575000,11.491454,11.517155,0
2,7,10,-22.305008,14.110622,-8.575000,9.772145,9.808462,0
3,7,10,-20.266882,14.110622,-8.575000,8.115313,8.166078,0
4,7,10,-18.228756,14.110622,-8.575000,6.538582,6.609797,0
5,7,10,-16.190630,14.110622,-8.575000,5.065421,5.166959,0
6,7,10,-14.152504,14.110622,-8.575000,3.726754,3.875684,0
7,7,10,-12.114378,14.110622,-8.575000,2.562203,2.788949,0
8,7,10,-10.076252,14.110622,-8.575000,1.619718,1.975442,0
9,7,10,-8.038126,14.110622,-8.575000,0.951556,1.492584,0
10,7,10,-6.000000,14.110622,-8.575000,0.604941,1.306656,0
11,7,10,-3.961874,14.110622,-8.575000,0.608258,1.314267,0
12,7,10,-1.923748,14.110622,-8.575000,0.961232,1.500613,0
13,7,10,0.114378,14.110622,-8.575000,1.634993,1.987778,0
14,7,10,2.152504,14.110622,-8.575000,2.582109,2.807002,0
15,7,10,4.190630,14.110622,-8.575000,3.750335,3.898154,0
16,7,10,6.228756,14.110622,-8.575000,5.091853,5.192697,0
17,7,10,8.266882,14.110622,-8.575000,6.567210,6.637967,0
18,7,10,10.305008,14.110622,-8.575000,8.145634,8.196083,0
19,7,10,12.343134,14.110622,-8.575000,9.803781,9.839870,0
20,7,10,14.381260,14.110622,-8.575000,11.524121,11.549650,0
0,8,10,-26.381260,16.148748,-8.575000,12.678003,12.698049,0
1,8,10,-24.343134,16.148748,-8.575000,10.862611,10.891807,0
2,8,10,-22.305008,16.148748,-8.575000,9.089797,9.131432,0
3,8,10,-20.266882,16.148748,-8.575000,7.371830,7.431164,0
4,8,10,-18.228756,16.148748,-8.575000,5.725530,5.811599,0
5,8,10,-16.190630,16.148748,-8.575000,4.174101,4.303974,0
6,8,10,-14.152504,16.148748,-8.575000,2.749487,2.959727,0
7,8,10,-12.114378,16.148748,-8.575000,1.494827,1.876675,0
8,8,10,-10.076252,16.148748,-8.575000,0.466212,1.225141,0
9,8,10,-8.038126,16.148748,-8.575000,0.003981,0.443835,1
10,8,10,-6.000000,16.148748,-8.575000,0.000013,1.158025,1
11,8,10,-3.961874,16.148748,-8.575000,0.000013,1.542341,1
12,8,10,-1.923748,16.148748,-8.575000,0.004559,1.497856,1
13,8,10,0.114378,16.148748,-8.575000,0.482905,1.290686,0
14,8,10,2.152504,16.148748,-8.575000,1.516419,1.893674,0
15,8,10,4.190630,16.148748,-8.575000,2.774730,2.982897,0
16,8,10,6.228756,16.148748,-8.575000,4.202074,4.330883,0
17,8,10,8.266882,16.148748,-8.575000,5.755539,5.840988,0
18,8,10,10.305008,16.148748,-8.575000,7.403370,7.462306,0
19,8,10,12.343134,16.148748,-8.575000,9.122501,9.163863,0
20,8,10,14.381260,16.148748,-8.575000,10.896212,10.925212,0
0,9,10,-26.381260,18.186874,-8.575000,12.259965,12.281879,0
1,9,10,-24.343134,18.186874,-8.575000,10.409304,10.441280,0
2,9,10,-22.305008,18.186874,-8.575000,8.595709,8.641717,0
3,9,10,-20.266882,18.186874,-8.575000,6.830439,6.897168,0
4,9,10,-18.228756,18.186874,-8.575000,5.129279,5.229153,0
5,9,10,-16.190630,18.186874,-8.575000,3.514649,3.674203,0
6,9,10,-14.152504,18.186874,-8.575000,2.018563,2.307769,0
7,9,10,-12.114378,18.186874,-8.575000,0.686332,1.336977,0
8,9,10,-10.076252,18.186874,-8.575000,0.000533,0.929975,1
9,9,10,-8.038126,18.186874,-8.575000,0.000000,2.555523,1
10,9,10,-6.000000,18.186874,-8.575000,0.000000,3.405162,1
11,9,10,-3.961874,18.186874,-8.575000,0.000000,3.609767,1
12,9,10,-1.923748,18.186874,-8.575000,0.000000,3.199370,1
13,9,10,0.114378,18.186874,-8.575000,0.000693,2.125339,1
14,9,10,2.152504,18.186874,-8.575000,0.709393,1.367600,0
15,9,10,4.190630,18.186874,-8.575000,2.045211,2.330724,0
16,9,10,6.228756,18.186874,-8.575000,3.543883,3.701902,0
17,9,10,8.266882,18.186874,-8.575000,5.160390,5.259467,0
18,9,10,10.305008,18.186874,-8.575000,6.862931,6.929183,0
19,9,10,12.343134,18.186874,-8.575000,8.629233,8.674928,0
20,9,10,14.381260,18.186874,-8.575000,10.443612,10.475370,0
0,10,10,-26.381260,20.225000,-8.575000,12.014797,12.037867,0
1,10,10,-24.343134,20.225000,-8.575000,10.142778,10.176504,0
2,10,10,-22.305008,20.225000,-8.575000,8.304276,8.353105,0
3,10,10,-20.266882,20.225000,-8.575000,6.509800,6.581478,0
4,10,10,-18.228756,20.225000,-8.575000,4.774294,4.883968,0
5,10,10,-16.190630,20.225000,-8.575000,3.119385,3.302288,0
6,10,10,-14.152504,20.225000,-8.575000,1.576699,1.941073,0
7,10,10,-12.114378,20.225000,-8.575000,0.204347,1.049048,0
8,10,10,-10.076252,20.225000,-8.575000,0.000000,2.189572,1
9,10,10,-8.038126,20.225000,-8.575000,0.000000,3.708739,1
10,10,10,-6.000000,20.225000,-8.575000,0.000000,4.456273,1
11,10,10,-3.961874,20.225000,-8.575000,0.000000,4.626370,1
12,10,10,-1.923748,20.225000,-8.575000,0.000000,4.234141,1
13,10,10,0.114378,20.225000,-8.575000,0.000000,3.150890,1
14,10,10,2.152504,20.225000,-8.575000,0.225802,1.376114,0
15,10,10,4.190630,20.225000,-8.575000,1.604275,1.963153,0
16,10,10,6.228756,20.225000,-8.575000,3.149430,3.330369,0
17,10,10,8.266882,20.225000,-8.575000,4.806100,4.914839,0
18,10,10,10.305008,20.225000,-8.575000,6.542882,6.614028,0
19,10,10,12.343134,20.225000,-8.575000,8.338302,8.386792,0
20,10,10,14.381260,20.225000,-8.575000,10.177516,10.211009,0
0,11,10,-26.381260,22.263126,-8.575000,11.948018,11.971411,0
1,11,10,-24.343134,22.263126,-8.575000,10.070092,10.104311,0
2,11,10,-22.305008,22.263126,-8.575000,8.224673,8.274307,0
3,11,10,-20.266882,22.263126,-8.575000,6.422041,6.495159,0
4,11,10,-18.228756,22.263126,-8.575000,4.676879,4.789493,0
5,11,10,-16.190630,22.263126,-8.575000,3.010541,3.200856,0
6,11,10,-14.152504,22.263126,-8.575000,1.454478,1.845430,0
7,11,10,-12.114378,22.263126,-8.575000,0.097607,0.991039,0
8,11,10,-10.076252,22.263126,-8.575000,0.000000,2.527016,1
9,11,10,-8.038126,22.263126,-8.575000,0.000000,3.995329,1
10,11,10,-6.000000,22.263126,-8.575000,0.000000,4.722868,1
11,11,10,-3.961874,22.263126,-8.575000,0.000000,4.885577,1
12,11,10,-1.923748,22.263126,-8.575000,0.000000,4.497194,1
13,11,10,0.114378,22.263126,-8.575000,0.000000,3.435836,1
14,11,10,2.152504,22.263126,-8.575000,0.113935,1.560580,0
15,11,10,4.190630,22.263126,-8.575000,1.482321,1.867139,0
16,11,10,6.228756,22.263126,-8.575000,3.040818,3.229023,0
17,11,10,8.266882,22.263126,-8.575000,4.708881,4.820516,0
18,11,10,10.305008,22.263126,-8.575000,6.455289,6.527857,0
19,11,10,12.343134,22.263126,-8.575000,8.258839,8.308125,0
20,11,10,14.381260,22.263126,-8.575000,10.104949,10.138931,0
0,12,10,-26.381260,24.301252,-8.575000,12.061172,12.084020,0
1,12,10,-24.343134,24.301252,-8.575000,10.193232,10.226620,0
2,12,10,-22.305008,24.301252,-8.575000,8.359500,8.407780,0
3,12,10,-20.266882,24.301252,-8.575000,6.570636,6.641339,0
4,12,10,-18.228756,24.301252,-8.575000,4.841759,4.949464,0
5,12,10,-16.190630,24.301252,-8.575000,3.194668,3.372714,0
6,12,10,-14.152504,24.301252,-8.575000,1.661093,2.008787,0
7,12,10,-12.114378,24.301252,-8.575000,0.291174,1.113448,0
8,12,10,-10.076252,24.301252,-8.575000,0.000000,1.946755,1
9,12,10,-8.038126,24.301252,-8.575000,0.000000,3.503734,1
10,12,10,-6.000000,24.301252,-8.575000,0.000000,4.266760,1
11,12,10,-3.961874,24.301252,-8.575000,0.000000,4.442369,1
12,12,10,-1.923748,24.301252,-8.575000,0.000000,4.047063,1
13,12,10,0.114378,24.301252,-8.575000,0.000000,2.949851,1
14,12,10,2.152504,24.301252,-8.575000,0.314087,1.312014,0
15,12,10,4.190630,24.301252,-8.575000,1.688487,2.031088,0
16,12,10,6.228756,24.301252,-8.575000,3.224555,3.400731,0
17,12,10,8.266882,24.301252,-8.575000,4.873430,4.980229,0
18,12,10,10.305008,24.301252,-8.575000,6.603604,6.673786,0
19,12,10,12.343134,24.301252,-8.575000,8.393430,8.441376,0
20,12,10,14.381260,24.301252,-8.575000,10.227888,10.261046,0
0,13,10,-26.381260,26.339378,-8.575000,12.351654,12.373147,0
1,13,10,-24.343134,26.339378,-8.575000,10.508850,10.540195,0
2,13,10,-22.305008,26.339378,-8.575000,8.704378,8.749382,0
3,13,10,-20.266882,26.339378,-8.575000,6.949744,7.014746,0
4,13,10,-18.228756,26.339378,-8.575000,5.261001,5.357564,0
5,13,10,-16.190630,26.339378,-8.575000,3.660797,3.812907,0
6,13,10,-14.152504,26.339378,-8.575000,2.181196,2.448980,0
7,13,10,-12.114378,26.339378,-8.575000,0.867058,1.440335,0
8,13,10,-10.076252,26.339378,-8.575000,0.006261,0.938886,1
9,13,10,-8.038126,26.339378,-8.575000,0.000000,2.068747,1
10,13,10,-6.000000,26.339378,-8.575000,0.000000,2.974168,1
11,13,10,-3.961874,26.339378,-8.575000,0.000000,3.196968,1
12,13,10,-1.923748,26.339378,-8.575000,0.000000,2.782055,1
13,13,10,0.114378,26.339378,-8.575000,0.007856,1.924477,1
14,13,10,2.152504,26.339378,-8.575000,0.889781,1.459167,0
15,13,10,4.190630,26.339378,-8.575000,2.207518,2.472085,0
16,13,10,6.228756,26.339378,-8.575000,3.689742,3.840443,0
17,13,10,8.266882,26.339378,-8.575000,5.291862,5.387672,0
18,13,10,10.305008,26.339378,-8.575000,6.982021,7.046566,0
19,13,10,12.343134,26.339378,-8.575000,8.737717,8.782418,0
20,13,10,14.381260,26.339378,-8.575000,10.543000,10.574132,0
0,14,10,-26.381260,28.377504,-8.575000,12.812998,12.832467,0
1,14,10,-24.343134,28.377504,-8.575000,11.008699,11.037048,0
2,14,10,-22.305008,28.377504,-8.575000,9.248622,9.288950,0
3,14,10,-20.266882,28.377504,-8.575000,7.545303,7.602489,0
4,14,10,-18.228756,28.377504,-8.575000,5.915804,5.998040,0
5,14,10,-16.190630,28.377504,-8.575000,4.383465,4.505691,0
6,14,10,-14.152504,28.377504,-8.575000,2.980065,3.172544,0
7,14,10,-12.114378,28.377504,-8.575000,1.747959,2.079753,0
8,14,10,-10.076252,28.377504,-8.575000,0.740802,1.369591,0
9,14,10,-8.038126,28.377504,-8.575000,0.072568,1.025787,0
10,14,10,-6.000000,28.377504,-8.575000,0.000556,0.348308,1
11,14,10,-3.961874,28.377504,-8.575000,0.000595,0.963122,1
12,14,10,-1.923748,28.377504,-8.575000,0.078643,1.399445,0
13,14,10,0.114378,28.377504,-8.575000,0.757207,1.387272,0
14,14,10,2.152504,28.377504,-8.575000,1.769126,2.097251,0
15,14,10,4.190630,28.377504,-8.575000,3.004895,3.195608,0
16,14,10,6.228756,28.377504,-8.575000,4.411060,4.532330,0
17,14,10,8.266882,28.377504,-8.575000,5.945479,6.027138,0
18,14,10,10.305008,28.377504,-8.575000,7.576550,7.633359,0
19,14,10,12.343134,28.377504,-8.575000,9.281071,9.321137,0
20,14,10,14.381260,28.377504,-8.575000,11.042078,11.070237,0
0,15,10,-26.381260,30.415630,-8.575000,13.435566,13.452522,0
1,15,10,-24.343134,30.415630,-8.575000,11.680651,11.705373,0
2,15,10,-22.305008,30.415630,-8.575000,9.976789,10.011651,0
3,15,10,-20.266882,30.415630,-8.575000,8.337417,8.385915,0
4,15,10,-18.228756,30.415630,-8.575000,6.780293,6.847765,0
5,15,10,-16.190630,30.415630,-8.575000,5.328833,5.423752,0
6,15,10,-14.152504,30.415630,-8.575000,4.013531,4.149781,0
7,15,10,-12.114378,30.415630,-8.575000,2.872918,3.073332,0
8,15,10,-10.076252,30.415630,-8.575000,1.952904,2.251581,0
9,15,10,-8.038126,30.415630,-8.575000,1.302718,1.731432,0
10,15,10,-6.000000,30.415630,-8.575000,0.966093,1.502380,0
11,15,10,-3.961874,30.415630,-8.575000,0.969315,1.504850,0
12,15,10,-1.923748,30.415630,-8.575000,1.312119,1.738499,0
13,15,10,0.114378,30.415630,-8.575000,1.967790,2.264282,0
14,15,10,2.152504,30.415630,-8.575000,2.892382,3.091315,0
15,15,10,4.190630,30.415630,-8.575000,4.036665,4.171967,0
16,15,10,6.228756,30.415630,-8.575000,5.354842,5.449142,0
17,15,10,8.266882,30.415630,-8.575000,6.808534,6.875587,0
18,15,10,10.305008,30.415630,-8.575000,8.367392,8.415593,0
19,15,10,12.343134,30.415630,-8.575000,10.008118,10.042763,0
20,15,10,14.381260,30.415630,-8.575000,11.713046,11.737605,0
0,16,10,-26.381260,32.453756,-8.575000,14.207456,14.221602,0
1,16,10,-24.343134,32.453756,-8.575000,12.510009,12.530791,0
2,16,10,-22.305008,32.453756,-8.575000,10.870589,10.899738,0
3,16,10,-20.266882,32.453756,-8.575000,9.303195,9.343083,0
4,16,10,-18.228756,32.453756,-8.575000,7.825739,7.879650,0
5,16,10,-16.190630,32.453756,-8.575000,6.460951,6.533426,0
6,16,10,-14.152504,32.453756,-8.575000,5.237107,5.334258,0
7,16,10,-12.114378,32.453756,-8.575000,4.188116,4.317454,0
8,16,10,-10.076252,32.453756,-8.575000,3.352128,3.520666,0
9,16,10,-8.038126,32.453756,-8.575000,2.767746,2.976484,0
10,16,10,-6.000000,32.453756,-8.575000,2.467545,2.703466,0
11,16,10,-3.961874,32.453756,-8.575000,2.470410,2.706045,0
12,16,10,-1.923748,32.453756,-8.575000,2.776155,2.984206,0
13,16,10,0.114378,32.453756,-8.575000,3.365573,3.533337,0
14,16,10,2.152504,32.453756,-8.575000,4.205906,4.334571,0
15,16,10,4.190630,32.453756,-8.575000,5.258509,5.355133,0
16,16,10,6.228756,32.453756,-8.575000,6.485284,6.557361,0
17,16,10,8.266882,32.453756,-8.575000,7.852422,7.906034,0
18,16,10,10.305008,32.453756,-8.575000,9.331752,9.371413,0
19,16,10,12.343134,32.453756,-8.575000,10.900645,10.929618,0
20,16,10,14.381260,32.453756,-8.575000,12.541268,12.561911,0
0,17,10,-26.381260,34.491882,-8.575000,15.115478,15.126684,0
1,17,10,-24.343134,34.491882,-8.575000,13.480841,13.497623,0
2,17,10,-22.305008,34.491882,-8.575000,11.910722,11.934297,0
3,17,10,-20.266882,34.491882,-8.575000,10.419256,10.451169,0
4,17,10,-18.228756,34.491882,-8.575000,9.023947,9.066138,0
5,17,10,-16.190630,34.491882,-8.575000,7.746176,7.800992,0
6,17,10,-14.152504,34.491882,-8.575000,6.611414,6.681473,0
7,17,10,-12.114378,34.491882,-8.575000,5.648770,5.736458,0
8,17,10,-10.076252,34.491882,-8.575000,4.889382,4.995728,0
9,17,10,-8.038126,34.491882,-8.575000,4.363242,4.486176,0
10,17,10,-6.000000,34.491882,-8.575000,4.094616,4.227587,0
11,17,10,-3.961874,34.491882,-8.575000,4.097175,4.230044,0
12,17,10,-1.923748,34.491882,-8.575000,4.370783,4.493452,0
13,17,10,0.114378,34.491882,-8.575000,4.901534,5.007538,0
14,17,10,2.152504,34.491882,-8.575000,5.665010,5.752352,0
15,17,10,4.190630,34.491882,-8.575000,6.631157,6.700906,0
16,17,10,6.228756,34.491882,-8.575000,7.768852,7.823408,0
17,17,10,8.266882,34.491882,-8.575000,9.049043,9.091021,0
18,17,10,10.305008,34.491882,-8.575000,10.446334,10.478074,0
19,17,10,12.343134,34.491882,-8.575000,11.939420,11.962855,0
20,17,10,14.381260,34.491882,-8.575000,13.510866,13.527534,0
0,18,10,-26.381260,36.530008,-8.575000,16.146019,16.154289,0
1,18,10,-24.343134,36.530008,-8.575000,14.577097,14.590001,0
2,18,10,-22.305008,36.530008,-8.575000,13.078302,13.096671,0
3,18,10,-20.266882,36.530008,-8.575000,11.663499,11.688308,0
4,18,10,-18.228756,36.530008,-8.575000,10.349320,10.381682,0
5,18,10,-16.190630,36.530008,-8.575000,9.155371,9.196461,0
6,18,10,-14.152504,36.530008,-8.575000,8.104102,8.154985,0
7,18,10,-12.114378,36.530008,-8.575000,7.220104,7.281400,0
8,18,10,-10.076252,36.530008,-8.575000,6.528572,6.599948,0
9,18,10,-8.038126,36.530008,-8.575000,6.052816,6.132436,0
10,18,10,-6.000000,36.530008,-8.575000,5.811065,5.895381,0
11,18,10,-3.961874,36.530008,-8.575000,5.813364,5.897633,0
12,18,10,-1.923748,36.530008,-8.575000,6.059614,6.139108,0
13,18,10,0.114378,36.530008,-8.575000,6.539595,6.610794,0
14,18,10,2.152504,36.530008,-8.575000,7.234951,7.296052,0
15,18,10,4.190630,36.530008,-8.575000,8.122311,8.173003,0
16,18,10,6.228756,36.530008,-8.575000,9.176470,9.217386,0
17,18,10,8.266882,36.530008,-8.575000,10.372866,10.405076,0
18,18,10,10.305008,36.530008,-8.575000,11.689097,11.713777,0
19,18,10,12.343134,36.530008,-8.575000,13.105616,13.123874,0
20,18,10,14.381260,36.530008,-8.575000,14.605841,14.618652,0
0,19,10,-26.381260,38.568134,-8.575000,17.285734,17.291163,0
1,19,10,-24.343134,38.568134,-8.575000,15.783432,15.792691,0
2,19,10,-22.305008,38.568134,-8.575000,14.355792,14.369432,0
3,19,10,-20.266882,38.568134,-8.575000,13.016081,13.034704,0
4,19,10,-18.228756,38.568134,-8.575000,11.779759,11.803982,0
5,19,10,-16.190630,38.568134,-8.575000,10.664459,10.694841,0
6,19,10,-14.152504,38.568134,-8.575000,9.689676,9.726596,0
7,19,10,-12.114378,38.568134,-8.575000,8.876003,8.919471,0
8,19,10,-10.076252,38.568134,-8.575000,8.243790,8.293229,0
9,19,10,-8.038126,38.568134,-8.575000,7.811256,7.865330,0
10,19,10,-6.000000,38.568134,-8.575000,7.592273,7.648893,0
11,19,10,-3.961874,38.568134,-8.575000,7.594353,7.650948,0
12,19,10,-1.923748,38.568134,-8.575000,7.817421,7.871426,0
13,19,10,0.114378,38.568134,-8.575000,8.253835,8.303172,0
14,19,10,2.152504,38.568134,-8.575000,8.889620,8.932968,0
15,19,10,4.190630,38.568134,-8.575000,9.706497,9.743293,0
16,19,10,6.228756,38.568134,-8.575000,10.684096,10.714359,0
17,19,10,8.266882,38.568134,-8.575000,11.801834,11.825946,0
18,19,10,10.305008,38.568134,-8.575000,13.040245,13.058769,0
19,19,10,12.343134,38.568134,-8.575000,14.381735,14.395288,0
20,19,10,14.381260,38.568134,-8.575000,15.810888,15.820070,0
0,20,10,-26.381260,40.606260,-8.575000,18.522020,18.524762,0
1,20,10,-24.343134,40.606260,-8.575000,17.085712,17.091612,0
2,20,10,-22.305008,40.606260,-8.575000,15.727489,15.736904,0
3,20,10,-20.266882,40.606260,-8.575000,14.459805,14.473096,0
4,20,10,-18.228756,40.606260,-8.575000,13.296784,13.314279,0
5,20,10,-16.190630,40.606260,-8.575000,12.254074,12.276015,0
6,20,10,-14.152504,40.606260,-8.575000,11.348454,11.374916,0
7,20,10,-12.114378,40.606260,-8.575000,10.597105,10.627901,0
8,20,10,-10.076252,40.606260,-8.575000,10.016508,10.051096,0
9,20,10,-8.038126,40.606260,-8.575000,9.621028,9.658459,0
10,20,10,-6.000000,40.606260,-8.575000,9.421376,9.460332,0
11,20,10,-3.961874,40.606260,-8.575000,9.423270,9.462211,0
12,20,10,-1.923748,40.606260,-8.575000,9.626655,9.664044,0
13,20,10,0.114378,40.606260,-8.575000,10.025710,10.060234,0
14,20,10,2.152504,40.606260,-8.575000,10.609642,10.640360,0
15,20,10,4.190630,40.606260,-8.575000,11.364032,11.390410,0
16,20,10,6.228756,40.606260,-8.575000,12.272374,12.294231,0
17,20,10,8.266882,40.606260,-8.575000,13.317486,13.334901,0
18,20,10,10.305008,40.606260,-8.575000,14.482604,14.495820,0
19,20,10,12.343134,40.606260,-8.575000,15.752107,15.761453,0
20,20,10,14.381260,40.606260,-8.575000,17.111900,17.117738,0
0,0,11,-26.381260,-0.156260,-6.536874,20.386628,20.385934,0
1,0,11,-24.343134,-0.156260,-6.536874,19.039340,19.041062,0
2,0,11,-22.305008,-0.156260,-6.536874,17.773195,17.777520,0
3,0,11,-20.266882,-0.156260,-6.536874,16.599327,16.606420,0
4,0,11,-18.228756,-0.156260,-6.536874,15.529945,15.539924,0
5,0,11,-16.190630,-0.156260,-6.536874,14.578113,14.591015,0
6,0,11,-14.152504,-0.156260,-6.536874,13.757343,13.773089,0
7,0,11,-12.114378,-0.156260,-6.536874,13.080989,13.099347,0
8,0,11,-10.076252,-0.156260,-6.536874,12.561445,12.582000,0
9,0,11,-8.038126,-0.156260,-6.536874,12.209203,12.231352,0
10,0,11,-6.000000,-0.156260,-6.536874,12.031910,12.054897,0
11,0,11,-3.961874,-0.156260,-6.536874,12.033590,12.056569,0
12,0,11,-1.923748,-0.156260,-6.536874,12.214205,12.236331,0
13,0,11,0.114378,-0.156260,-6.536874,12.569657,12.590176,0
14,0,11,2.152504,-0.156260,-6.536874,13.092238,13.110551,0
15,0,11,4.190630,-0.156260,-6.536874,13.771412,13.787106,0
16,0,11,6.228756,-0.156260,-6.536874,14.594758,14.607605,0
17,0,11,8.266882,-0.156260,-6.536874,15.548913,15.558836,0
18,0,11,10.305008,-0.156260,-6.536874,16.620366,16.627406,0
19,0,11,12.343134,-0.156260,-6.536874,17.796070,17.800345,0
20,0,11,14.381260,-0.156260,-6.536874,19.063831,19.065506,0
0,1,11,-26.381260,1.881866,-6.536874,18.986869,18.988692,0
1,1,11,-24.343134,1.881866,-6.536874,17.573864,17.578633,0
2,1,11,-22.305008,1.881866,-6.536874,16.239911,16.247931,0
3,1,11,-20.266882,1.881866,-6.536874,14.997139,15.008708,0
4,1,11,-18.228756,1.881866,-6.536874,13.859179,13.874554,0
5,1,11,-16.190630,1.881866,-6.536874,12.840986,12.860336,0
6,1,11,-14.152504,1.881866,-6.536874,11.958439,11.981781,0
7,1,11,-12.114378,1.881866,-6.536874,11.227635,11.254754,0
8,1,11,-10.076252,1.881866,-6.536874,10.663872,10.694259,0
9,1,11,-8.038126,1.881866,-6.536874,10.280376,10.313188,0
10,1,11,-6.000000,1.881866,-6.536874,10.086941,10.121045,0
11,1,11,-3.961874,1.881866,-6.536874,10.088776,10.122867,0
12,1,11,-1.923748,1.881866,-6.536874,10.285829,10.318605,0
13,1,11,0.114378,1.881866,-6.536874,10.672801,10.703132,0
14,1,11,2.152504,1.881866,-6.536874,11.239817,11.266870,0
15,1,11,4.190630,1.881866,-6.536874,11.973605,11.996873,0
16,1,11,6.228756,1.881866,-6.536874,12.858838,12.878113,0
17,1,11,8.266882,1.881866,-6.536874,13.879415,13.894717,0
18,1,11,10.305008,1.881866,-6.536874,15.019470,15.030970,0
19,1,11,12.343134,1.881866,-6.536874,16.264068,16.272024,0
20,1,11,14.381260,1.881866,-6.536874,17.599606,17.604317,0
0,2,11,-26.381260,3.919992,-6.536874,17.663537,17.668105,0
1,2,11,-24.343134,3.919992,-6.536874,16.182054,16.190228,0
2,2,11,-22.305008,3.919992,-6.536874,14.776424,14.788686,0
3,2,11,-20.266882,3.919992,-6.536874,13.459679,13.476542,0
4,2,11,-18.228756,3.919992,-6.536874,12.246869,12.268843,0
5,2,11,-16.190630,3.919992,-6.536874,11.155000,11.182523,0
6,2,11,-14.152504,3.919992,-6.536874,10.202686,10.236011,0
7,2,11,-12.114378,3.919992,-6.536874,9.409386,9.448435,0
8,2,11,-10.076252,3.919992,-6.536874,8.794139,8.838332,0
9,2,11,-8.038126,3.919992,-6.536874,8.373838,8.421976,0
10,2,11,-6.000000,3.919992,-6.536874,8.161256,8.211542,0
11,2,11,-3.961874,3.919992,-6.536874,8.163274,8.213539,0
12,2,11,-1.923748,3.919992,-6.536874,8.379826,8.427905,0
13,2,11,0.114378,3.919992,-6.536874,8.803906,8.848012,0
14,2,11,2.152504,3.919992,-6.536874,9.422648,9.461594,0
15,2,11,4.190630,3.919992,-6.536874,10.219102,10.252318,0
16,2,11,6.228756,3.919992,-6.536874,11.174204,11.201620,0
17,2,11,8.266882,3.919992,-6.536874,12.268502,12.290376,0
18,2,11,10.305008,3.919992,-6.536874,13.483407,13.500179,0
19,2,11,12.343134,3.919992,-6.536874,14.801946,14.814127,0
20,2,11,14.381260,3.919992,-6.536874,16.209109,16.217211,0
0,3,11,-26.381260,5.958118,-6.536874,16.427660,16.435191,0
1,3,11,-24.343134,5.958118,-6.536874,14.875760,14.887707,0
2,3,11,-22.305008,5.958118,-6.536874,13.395254,13.412366,0
3,3,11,-20.266882,5.958118,-6.536874,11.999879,12.023021,0
4,3,11,-18.228756,5.958118,-6.536874,10.705992,10.736122,0
5,3,11,-16.190630,5.958118,-6.536874,9.532703,9.570800,0
6,3,11,-14.152504,5.958118,-6.536874,8.501691,8.548588,0
7,3,11,-12.114378,5.958118,-6.536874,7.636471,7.692565,0
8,3,11,-10.076252,5.958118,-6.536874,6.960897,7.025741,0
9,3,11,-8.038126,5.958118,-6.536874,6.496840,6.568728,0
10,3,11,-6.000000,5.958118,-6.536874,6.261276,6.337133,0
11,3,11,-3.961874,5.958118,-6.536874,6.263515,6.339333,0
12,3,11,-1.923748,5.958118,-6.536874,6.503466,6.575247,0
13,3,11,0.114378,5.958118,-6.536874,6.971656,7.036347,0
14,3,11,2.152504,5.958118,-6.536874,7.650988,7.706912,0
15,3,11,4.190630,5.958118,-6.536874,8.519531,8.566258,0
16,3,11,6.228756,5.958118,-6.536874,9.553416,9.591356,0
17,3,11,8.266882,5.958118,-6.536874,10.729153,10.759143,0
18,3,11,10.305008,5.958118,-6.536874,12.025105,12.048126,0
19,3,11,12.343134,5.958118,-6.536874,13.422214,13.439222,0
20,3,11,14.381260,5.958118,-6.536874,14.904174,14.916032,0
0,4,11,-26.381260,7.996244,-6.536874,15.291531,15.302208,0
1,4,11,-24.343134,7.996244,-6.536874,13.668520,13.684594,0
2,4,11,-22.305008,7.996244,-6.536874,12.111106,12.133716,0
3,4,11,-20.266882,7.996244,-6.536874,10.633402,10.663974,0
4,4,11,-18.228756,7.996244,-6.536874,9.252787,9.293081,0
5,4,11,-16.190630,7.996244,-6.536874,7.990346,8.042441,0
6,4,11,-14.152504,7.996244,-6.536874,6.871017,6.937152,0
7,4,11,-12.114378,7.996244,-6.536874,5.923068,6.005162,0
8,4,11,-10.076252,7.996244,-6.536874,5.176490,5.275158,0
9,4,11,-8.038126,7.996244,-6.536874,4.659945,4.773082,0
10,4,11,-6.000000,7.996244,-6.536874,4.396466,4.518240,0
11,4,11,-3.961874,7.996244,-6.536874,4.398975,4.520662,0
12,4,11,-1.923748,7.996244,-6.536874,4.667343,4.780251,0
13,4,11,0.114378,7.996244,-6.536874,5.188428,5.286795,0
14,4,11,2.152504,7.996244,-6.536874,5.939046,6.020830,0
15,4,11,4.190630,7.996244,-6.536874,6.890475,6.956327,0
16,4,11,6.228756,7.996244,-6.536874,8.012732,8.064586,0
17,4,11,8.266882,7.996244,-6.536874,9.277600,9.317694,0
18,4,11,10.305008,7.996244,-6.536874,10.660213,10.690622,0
19,4,11,12.343134,7.996244,-6.536874,12.139556,12.162032,0
20,4,11,14.381260,7.996244,-6.536874,13.698318,13.714282,0
0,5,11,-26.381260,10.034370,-6.536874,14.268562,14.282498,0
1,5,11,-24.343134,10.034370,-6.536874,12.575498,12.595991,0
2,5,11,-22.305008,10.034370,-6.536874,10.940951,10.969691,0
3,5,11,-20.266882,10.034370,-6.536874,9.378946,9.418234,0
4,5,11,-18.228756,10.034370,-6.536874,7.907383,7.960384,0
5,5,11,-16.190630,10.034370,-6.536874,6.548912,6.619961,0
6,5,11,-14.152504,10.034370,-6.536874,5.331625,5.426478,0
7,5,11,-12.114378,10.034370,-6.536874,4.289082,4.414667,0
8,5,11,-10.076252,10.034370,-6.536874,3.458897,3.621445,0
9,5,11,-8.038126,10.034370,-6.536874,2.878983,3.078933,0
10,5,11,-6.000000,10.034370,-6.536874,2.581224,2.806198,0
11,5,11,-3.961874,10.034370,-6.536874,2.584066,2.808777,0
12,5,11,-1.923748,10.034370,-6.536874,2.887324,3.086640,0
13,5,11,0.114378,10.034370,-6.536874,3.472243,3.634066,0
14,5,11,2.152504,10.034370,-6.536874,4.306756,4.431701,0
15,5,11,4.190630,10.034370,-6.536874,5.352904,5.447251,0
16,5,11,6.228756,10.034370,-6.536874,6.573125,6.643788,0
17,5,11,8.266882,10.034370,-6.536874,7.933951,7.986660,0
18,5,11,10.305008,10.034370,-6.536874,9.407398,9.446462,0
19,5,11,12.343134,10.034370,-6.536874,10.970911,10.999477,0
20,5,11,14.381260,10.034370,-6.536874,12.606670,12.627026,0
0,6,11,-26.381260,12.072496,-6.536874,13.372952,13.390150,0
1,6,11,-24.343134,12.072496,-6.536874,11.613197,11.638265,0
2,6,11,-22.305008,12.072496,-6.536874,9.903861,9.939236,0
3,6,11,-20.266882,12.072496,-6.536874,8.258311,8.307603,0
4,6,11,-18.228756,12.072496,-6.536874,6.694262,6.763037,0
5,6,11,-16.190630,12.072496,-6.536874,5.235156,5.332355,0
6,6,11,-14.152504,12.072496,-6.536874,3.911643,4.052197,0
7,6,11,-12.114378,12.072496,-6.536874,2.762643,2.971799,0
8,6,11,-10.076252,12.072496,-6.536874,1.834782,2.151838,0
9,6,11,-8.038126,12.072496,-6.536874,1.178337,1.642309,0
10,6,11,-6.000000,12.072496,-6.536874,0.838208,1.425976,0
11,6,11,-3.961874,12.072496,-6.536874,0.841465,1.429619,0
12,6,11,-1.923748,12.072496,-6.536874,1.187834,1.649556,0
13,6,11,0.114378,12.072496,-6.536874,1.849804,2.164439,0
14,6,11,2.152504,12.072496,-6.536874,2.782262,2.989817,0
15,6,11,4.190630,12.072496,-6.536874,3.934933,4.074485,0
16,6,11,6.228756,12.072496,-6.536874,5.261314,5.357868,0
17,6,11,8.266882,12.072496,-6.536874,6.722640,6.790982,0
18,6,11,10.305008,12.072496,-6.536874,8.288409,8.337397,0
19,6,11,12.343134,12.072496,-6.536874,9.935299,9.970452,0
20,6,11,14.381260,12.072496,-6.536874,11.645689,11.670590,0
0,7,11,-26.381260,14.110622,-6.536874,12.619138,12.639439,0
1,7,11,-24.343134,14.110622,-6.536874,10.798864,10.828438,0
2,7,11,-22.305008,14.110622,-6.536874,9.020432,9.062652,0
3,7,11,-20.266882,14.110622,-6.536874,7.295985,7.356289,0
4,7,11,-18.228756,14.110622,-6.536874,5.642223,5.730051,0
5,7,11,-16.190630,14.110622,-6.536874,4.082279,4.215740,0
6,7,11,-14.152504,14.110622,-6.536874,2.648146,2.867062,0
7,7,11,-12.114378,14.110622,-6.536874,1.383297,1.791187,0
8,7,11,-10.076252,14.110622,-6.536874,0.346403,1.149715,0
9,7,11,-8.038126,14.110622,-6.536874,0.000663,0.645120,1
10,7,11,-6.000000,14.110622,-6.536874,0.000001,1.505657,1
11,7,11,-3.961874,14.110622,-6.536874,0.000001,1.933534,1
12,7,11,-1.923748,14.110622,-6.536874,0.000775,1.855065,1
13,7,11,0.114378,14.110622,-6.536874,0.362971,1.297723,0
14,7,11,2.152504,14.110622,-6.536874,1.405082,1.807976,0
15,7,11,4.190630,14.110622,-6.536874,2.673575,2.890260,0
16,7,11,6.228756,14.110622,-6.536874,4.110421,4.242766,0
17,7,11,8.266882,14.110622,-6.536874,5.672382,5.759568,0
18,7,11,10.305008,14.110622,-6.536874,7.327655,7.387552,0
19,7,11,12.343134,14.110622,-6.536874,9.053248,9.095190,0
20,7,11,14.381260,14.110622,-6.536874,10.832563,10.861937,0
0,8,11,-26.381260,16.148748,-6.536874,12.020999,12.044039,0
1,8,11,-24.343134,16.148748,-6.536874,10.149526,10.183207,0
2,8,11,-22.305008,16.148748,-6.536874,8.311664,8.360419,0
3,8,11,-20.266882,16.148748,-6.536874,6.517940,6.589487,0
4,8,11,-18.228756,16.148748,-6.536874,4.783325,4.892733,0
5,8,11,-16.190630,16.148748,-6.536874,3.129467,3.311707,0
6,8,11,-14.152504,16.148748,-6.536874,1.588008,1.950064,0
7,8,11,-12.114378,16.148748,-6.536874,0.215736,1.042959,0
8,8,11,-10.076252,16.148748,-6.536874,0.000000,2.386009,1
9,8,11,-8.038126,16.148748,-6.536874,0.000000,3.738794,1
10,8,11,-6.000000,16.148748,-6.536874,0.000000,4.419836,1
11,8,11,-3.961874,16.148748,-6.536874,0.000000,4.644701,1
12,8,11,-1.923748,16.148748,-6.536874,0.000000,4.391270,1
13,8,11,0.114378,16.148748,-6.536874,0.000000,3.445551,1
14,8,11,2.152504,16.148748,-6.536874,0.237439,1.395826,0
15,8,11,4.190630,16.148748,-6.536874,1.615559,1.972190,0
16,8,11,6.228756,16.148748,-6.536874,3.159491,3.339780,0
17,8,11,8.266882,16.148748,-6.536874,4.815113,4.923589,0
18,8,11,10.305008,16.148748,-6.536874,6.551007,6.622023,0
19,8,11,12.343134,16.148748,-6.536874,8.345677,8.394094,0
20,8,11,14.381260,16.148748,-6.536874,10.184254,10.217701,0
0,9,11,-26.381260,18.186874,-6.536874,11.590856,11.616038,0
1,9,11,-24.343134,18.186874,-6.536874,9.680662,9.717649,0
2,9,11,-22.305008,18.186874,-6.536874,7.797232,7.851465,0
3,9,11,-20.266882,18.186874,-6.536874,5.949441,6.031023,0
4,9,11,-18.228756,18.186874,-6.536874,4.150258,4.281048,0
5,9,11,-16.190630,18.186874,-6.536874,2.419118,2.659971,0
6,9,11,-14.152504,18.186874,-6.536874,0.785827,1.390944,0
7,9,11,-12.114378,18.186874,-6.536874,0.000006,2.244308,1
8,9,11,-10.076252,18.186874,-6.536874,0.000000,4.275942,1
9,9,11,-8.038126,18.186874,-6.536874,0.000000,5.439387,1
10,9,11,-6.000000,18.186874,-6.536874,0.000000,6.041972,1
11,9,11,-3.961874,18.186874,-6.536874,0.000000,6.213563,1
12,9,11,-1.923748,18.186874,-6.536874,0.000000,5.944966,1
13,9,11,0.114378,18.186874,-6.536874,0.000000,5.107253,1
14,9,11,2.152504,18.186874,-6.536874,0.000009,3.390773,1
15,9,11,4.190630,18.186874,-6.536874,0.815231,1.420114,0
16,9,11,6.228756,18.186874,-6.536874,2.450717,2.688333,0
17,9,11,8.266882,18.186874,-6.536874,4.183363,4.312882,0
18,9,11,10.305008,18.186874,-6.536874,5.983609,6.064536,0
19,9,11,12.343134,18.186874,-6.536874,7.832170,7.886009,0
20,9,11,14.381260,18.186874,-6.536874,9.716172,9.752898,0
0,10,11,-26.381260,20.225000,-6.536874,11.338375,11.364891,0
1,10,11,-24.343134,20.225000,-6.536874,9.404663,9.443749,0
2,10,11,-22.305008,20.225000,-6.536874,7.493281,7.551100,0
3,10,11,-20.266882,20.225000,-6.536874,5.611897,5.700377,0
4,10,11,-18.228756,20.225000,-6.536874,3.771907,3.918720,0
5,10,11,-16.190630,20.225000,-6.536874,1.990791,2.283939,0
6,10,11,-14.152504,20.225000,-6.536874,0.300197,1.096952,0
7,10,11,-12.114378,20.225000,-6.536874,0.000000,3.354098,1
8,10,11,-10.076252,20.225000,-6.536874,0.000000,5.227843,1
9,10,11,-8.038126,20.225000,-6.536874,0.000000,6.331547,1
10,10,11,-6.000000,20.225000,-6.536874,0.000000,6.912560,1
11,10,11,-3.961874,20.225000,-6.536874,0.000000,7.058330,1
12,10,11,-1.923748,20.225000,-6.536874,0.000000,6.768644,1
13,10,11,0.114378,20.225000,-6.536874,0.000000,5.961135,1
14,10,11,2.152504,20.225000,-6.536874,0.000000,4.400665,1
15,10,11,4.190630,20.225000,-6.536874,0.329719,1.337999,0
16,10,11,6.228756,20.225000,-6.536874,2.023422,2.311958,0
17,10,11,8.266882,20.225000,-6.536874,3.805853,3.951106,0
18,10,11,10.305008,20.225000,-6.536874,5.646754,5.734484,0
19,10,11,12.343134,20.225000,-6.536874,7.528789,7.586175,0
20,10,11,14.381260,20.225000,-6.536874,9.440650,9.479455,0
0,11,11,-26.381260,22.263126,-6.536874,11.269576,11.296466,0
1,11,11,-24.343134,22.263126,-6.536874,9.329350,9.369030,0
2,11,11,-22.305008,22.263126,-6.536874,7.410188,7.469038,0
3,11,11,-20.266882,22.263126,-6.536874,5.519395,5.609909,0
4,11,11,-18.228756,22.263126,-6.536874,3.667877,3.819640,0
5,11,11,-16.190630,22.263126,-6.536874,1.872475,2.183463,0
6,11,11,-14.152504,22.263126,-6.536874,0.176355,1.010937,0
7,11,11,-12.114378,22.263126,-6.536874,0.000000,3.639411,1
8,11,11,-10.076252,22.263126,-6.536874,0.000000,5.473181,1
9,11,11,-8.038126,22.263126,-6.536874,0.000000,6.565779,1
10,11,11,-6.000000,22.263126,-6.536874,0.000000,7.143372,1
11,11,11,-3.961874,22.263126,-6.536874,0.000000,7.282343,1
12,11,11,-1.923748,22.263126,-6.536874,0.000000,6.985113,1
13,11,11,0.114378,22.263126,-6.536874,0.000000,6.181871,1
14,11,11,2.152504,22.263126,-6.536874,0.000000,4.656890,1
15,11,11,4.190630,22.263126,-6.536874,0.203039,1.463838,0
16,11,11,6.228756,22.263126,-6.536874,1.905403,2.211270,0
17,11,11,8.266882,22.263126,-6.536874,3.702061,3.852170,0
18,11,11,10.305008,22.263126,-6.536874,5.554445,5.644181,0
19,11,11,12.343134,22.263126,-6.536874,7.445856,7.504260,0
20,11,11,14.381260,22.263126,-6.536874,9.365469,9.404863,0
0,12,11,-26.381260,24.301252,-6.536874,11.386145,11.412405,0
1,12,11,-24.343134,24.301252,-6.536874,9.456930,9.495609,0
2,12,11,-22.305008,24.301252,-6.536874,7.550908,7.608025,0
3,12,11,-20.266882,24.301252,-6.536874,5.675991,5.763100,0
4,12,11,-18.228756,24.301252,-6.536874,3.843901,3.987436,0
5,12,11,-16.190630,24.301252,-6.536874,2.072530,2.354321,0
6,12,11,-14.152504,24.301252,-6.536874,0.391311,1.163748,0
7,12,11,-12.114378,24.301252,-6.536874,0.000000,3.150899,1
8,12,11,-10.076252,24.301252,-6.536874,0.000000,5.054296,1
9,12,11,-8.038126,24.301252,-6.536874,0.000000,6.166931,1
10,12,11,-6.000000,24.301252,-6.536874,0.000000,6.750925,1
11,12,11,-3.961874,24.301252,-6.536874,0.000000,6.901452,1
12,12,11,-1.923748,24.301252,-6.536874,0.000000,6.616527,1
13,12,11,0.114378,24.301252,-6.536874,0.000000,5.805094,1
14,12,11,2.152504,24.301252,-6.536874,0.000000,4.217944,1
15,12,11,4.190630,24.301252,-6.536874,0.421347,1.306774,0
16,12,11,6.228756,24.301252,-6.536874,2.104959,2.382452,0
17,12,11,8.266882,24.301252,-6.536874,3.877683,4.019720,0
18,12,11,10.305008,24.301252,-6.536874,5.710715,5.797094,0
19,12,11,12.343134,24.301252,-6.536874,7.586306,7.642998,0
20,12,11,14.381260,24.301252,-6.536874,9.492826,9.531228,0
0,13,11,-26.381260,26.339378,-6.536874,11.685238,11.709937,0
1,13,11,-24.343134,26.339378,-6.536874,9.783683,9.819917,0
2,13,11,-22.305008,26.339378,-6.536874,7.910467,7.963434,0
3,13,11,-20.266882,26.339378,-6.536874,6.074870,6.154081,0
4,13,11,-18.228756,26.339378,-6.536874,4.290367,4.415905,0
5,13,11,-16.190630,26.339378,-6.536874,2.576985,2.802352,0
6,13,11,-14.152504,26.339378,-6.536874,0.965090,1.499909,0
7,13,11,-12.114378,26.339378,-6.536874,0.000088,1.844102,1
8,13,11,-10.076252,26.339378,-6.536874,0.000000,3.894701,1
9,13,11,-8.038126,26.339378,-6.536874,0.000000,5.089375,1
10,13,11,-6.000000,26.339378,-6.536874,0.000000,5.703996,1
11,13,11,-3.961874,26.339378,-6.536874,0.000000,5.885890,1
12,13,11,-1.923748,26.339378,-6.536874,0.000000,5.622732,1
13,13,11,0.114378,26.339378,-6.536874,0.000000,4.767351,1
14,13,11,2.152504,26.339378,-6.536874,0.000138,2.995190,1
15,13,11,4.190630,26.339378,-6.536874,0.994060,1.521865,0
16,13,11,6.228756,26.339378,-6.536874,2.608220,2.830717,0
17,13,11,8.266882,26.339378,-6.536874,4.323171,4.447526,0
18,13,11,10.305008,26.339378,-6.536874,6.108789,6.187374,0
19,13,11,12.343134,26.339378,-6.536874,7.945197,7.997783,0
20,13,11,14.381260,26.339378,-6.536874,9.819018,9.854997,0
0,14,11,-26.381260,28.377504,-6.536874,12.159809,12.182190,0
1,14,11,-24.343134,28.377504,-6.536874,10.300485,10.333164,0
2,14,11,-22.305008,28.377504,-6.536874,8.476807,8.523942,0
3,14,11,-20.266882,28.377504,-6.536874,6.699742,6.768432,0
4,14,11,-18.228756,28.377504,-6.536874,4.984756,5.088457,0
5,14,11,-16.190630,28.377504,-6.536874,3.353980,3.522411,0
6,14,11,-14.152504,28.377504,-6.536874,1.839316,2.155631,0
7,14,11,-12.114378,28.377504,-6.536874,0.486765,1.230208,0
8,14,11,-10.076252,28.377504,-6.536874,0.000007,1.698067,1
9,14,11,-8.038126,28.377504,-6.536874,0.000000,3.113688,1
10,14,11,-6.000000,28.377504,-6.536874,0.000000,3.837615,1
11,14,11,-3.961874,28.377504,-6.536874,0.000000,4.085689,1
12,14,11,-1.923748,28.377504,-6.536874,0.000000,3.833245,1
13,14,11,0.114378,28.377504,-6.536874,0.000008,2.854546,1
14,14,11,2.152504,28.377504,-6.536874,0.510152,1.301559,0
15,14,11,4.190630,28.377504,-6.536874,1.866332,2.178318,0
16,14,11,6.228756,28.377504,-6.536874,3.383538,3.550278,0
17,14,11,8.266882,28.377504,-6.536874,5.016147,5.118998,0
18,14,11,10.305008,28.377504,-6.536874,6.732471,6.800663,0
19,14,11,12.343134,28.377504,-6.536874,8.510533,8.557346,0
20,14,11,14.381260,28.377504,-6.536874,10.334967,10.367423,0
0,15,11,-26.381260,30.415630,-6.536874,12.799405,12.818932,0
1,15,11,-24.343134,30.415630,-6.536874,10.993996,11.022429,0
2,15,11,-22.305008,30.415630,-6.536874,9.232646,9.273103,0
3,15,11,-20.266882,30.415630,-6.536874,7.527865,7.585262,0
4,15,11,-18.228756,30.415630,-6.536874,5.896693,5.979303,0
5,15,11,-16.190630,30.415630,-6.536874,4.362459,4.485421,0
6,15,11,-14.152504,30.415630,-6.536874,2.956961,3.151106,0
7,15,11,-12.114378,30.415630,-6.536874,1.722633,2.058940,0
8,15,11,-10.076252,30.415630,-6.536874,0.713316,1.354551,0
9,15,11,-8.038126,30.415630,-6.536874,0.052053,0.997780,0
10,15,11,-6.000000,30.415630,-6.536874,0.000469,0.311258,1
11,15,11,-3.961874,30.415630,-6.536874,0.000474,1.090215,1
12,15,11,-1.923748,30.415630,-6.536874,0.057447,1.490534,0
13,15,11,0.114378,30.415630,-6.536874,0.729759,1.374176,0
14,15,11,2.152504,30.415630,-6.536874,1.743842,2.076393,0
15,15,11,4.190630,30.415630,-6.536874,2.981831,3.174184,0
16,15,11,6.228756,30.415630,-6.536874,4.390092,4.512087,0
17,15,11,8.266882,30.415630,-6.536874,5.926401,6.008431,0
18,15,11,10.305008,30.415630,-6.536874,7.559141,7.616159,0
19,15,11,12.343134,30.415630,-6.536874,9.265120,9.305315,0
20,15,11,14.381260,30.415630,-6.536874,11.027397,11.055639,0
0,16,11,-26.381260,32.453756,-6.536874,13.591199,13.607563,0
1,16,11,-24.343134,32.453756,-6.536874,11.848194,11.872076,0
2,16,11,-22.305008,32.453756,-6.536874,10.157772,10.191397,0
3,16,11,-20.266882,32.453756,-6.536874,8.533525,8.580119,0
4,16,11,-18.228756,32.453756,-6.536874,6.993295,7.057681,0
5,16,11,-16.190630,32.453756,-6.536874,5.560413,5.650017,0
6,16,11,-14.152504,32.453756,-6.536874,4.264961,4.391428,0
7,16,11,-12.114378,32.453756,-6.536874,3.144510,3.325768,0
8,16,11,-10.076252,32.453756,-6.536874,2.243249,2.503545,0
9,16,11,-8.038126,32.453756,-6.536874,1.607938,1.966021,0
10,16,11,-6.000000,32.453756,-6.536874,1.279621,1.714646,0
11,16,11,-3.961874,32.453756,-6.536874,1.282762,1.716995,0
12,16,11,-1.923748,32.453756,-6.536874,1.617114,1.973398,0
13,16,11,0.114378,32.453756,-6.536874,2.257811,2.516401,0
14,16,11,2.152504,32.453756,-6.536874,3.163603,3.343628,0
15,16,11,4.190630,32.453756,-6.536874,4.287717,4.413352,0
16,16,11,6.228756,32.453756,-6.536874,5.586061,5.675103,0
17,16,11,8.266882,32.453756,-6.536874,7.021204,7.085200,0
18,16,11,10.305008,32.453756,-6.536874,8.563201,8.609514,0
19,16,11,12.343134,32.453756,-6.536874,10.188834,10.222252,0
20,16,11,14.381260,32.453756,-6.536874,11.880354,11.904077,0
0,17,11,-26.381260,34.491882,-6.536874,14.521079,14.534168,0
1,17,11,-24.343134,34.491882,-6.536874,12.845883,12.865213,0
2,17,11,-22.305008,34.491882,-6.536874,11.231146,11.258246,0
3,17,11,-20.266882,34.491882,-6.536874,9.690964,9.727874,0
4,17,11,-18.228756,34.491882,-6.536874,8.243164,8.292610,0
5,17,11,-16.190630,34.491882,-6.536874,6.910053,6.975623,0
6,17,11,-14.152504,34.491882,-6.536874,5.718939,5.805146,0
7,17,11,-12.114378,34.491882,-6.536874,4.701986,4.813832,0
8,17,11,-10.076252,34.491882,-6.536874,3.894695,4.035986,0
9,17,11,-8.038126,34.491882,-6.536874,3.332314,3.502003,0
10,17,11,-6.000000,34.491882,-6.536874,3.044109,3.232086,0
11,17,11,-3.961874,34.491882,-6.536874,3.046857,3.234646,0
12,17,11,-1.923748,34.491882,-6.536874,3.340393,3.509612,0
13,17,11,0.114378,34.491882,-6.536874,3.907653,4.048380,0
14,17,11,2.152504,34.491882,-6.536874,4.719199,4.830521,0
15,17,11,4.190630,34.491882,-6.536874,5.739729,5.825504,0
16,17,11,6.228756,34.491882,-6.536874,6.933780,6.999010,0
17,17,11,8.266882,34.491882,-6.536874,8.269272,8.318453,0
18,17,11,10.305008,34.491882,-6.536874,9.718989,9.755694,0
19,17,11,12.343134,34.491882,-6.536874,11.260716,11.287655,0
20,17,11,14.381260,34.491882,-6.536874,12.876704,12.895905,0
0,18,11,-26.381260,36.530008,-6.536874,15.574603,15.584453,0
1,18,11,-24.343134,36.530008,-6.536874,13.969931,13.984909,0
2,18,11,-22.305008,36.530008,-6.536874,12.432482,12.453610,0
3,18,11,-20.266882,36.530008,-6.536874,10.976310,10.999451,0
4,18,11,-18.228756,36.530008,-6.536874,9.618568,9.656017,0
5,18,11,-16.190630,36.530008,-6.536874,8.379859,8.427938,0
6,18,11,-14.152504,36.530008,-6.536874,7.284274,7.344730,0
7,18,11,-12.114378,36.530008,-6.536874,6.358790,6.432970,0
8,18,11,-10.076252,36.530008,-6.536874,5.631677,5.719731,0
9,18,11,-8.038126,36.530008,-6.536874,5.129635,5.229499,0
10,18,11,-6.000000,36.530008,-6.536874,4.873910,4.980695,0
11,18,11,-3.961874,36.530008,-6.536874,4.876344,4.983059,0
12,18,11,-1.923748,36.530008,-6.536874,5.136819,5.236499,0
13,18,11,0.114378,36.530008,-6.536874,5.643291,5.731096,0
14,18,11,2.152504,36.530008,-6.536874,6.374370,6.448286,0
15,18,11,4.190630,36.530008,-6.536874,7.303294,7.363504,0
16,18,11,6.228756,36.530008,-6.536874,8.401798,8.449661,0
17,18,11,8.266882,36.530008,-6.536874,9.642944,9.680210,0
18,18,11,10.305008,36.530008,-6.536874,11.002705,11.033914,0
19,18,11,12.343134,36.530008,-6.536874,12.460544,12.481546,0
20,18,11,14.381260,36.530008,-6.536874,13.999371,14.014244,0
0,19,11,-26.381260,38.568134,-6.536874,16.737730,16.720047,0
1,19,11,-24.343134,38.568134,-6.536874,15.204137,15.176437,0
2,19,11,-22.305008,38.568134,-6.536874,13.743216,13.729801,0
3,19,11,-20.266882,38.568134,-6.536874,12.368548,12.373532,0
4,19,11,-18.228756,38.568134,-6.536874,11.096172,11.094120,0
5,19,11,-16.190630,38.568134,-6.536874,9.944658,9.928522,0
6,19,11,-14.152504,38.568134,-6.536874,8.934867,8.977822,0
7,19,11,-12.114378,38.568134,-6.536874,8.089198,8.140237,0
8,19,11,-10.076252,38.568134,-6.536874,7.430146,7.488747,0
9,19,11,-8.038126,38.568134,-6.536874,6.978144,7.042744,0
10,19,11,-6.000000,38.568134,-6.536874,6.748938,6.816881,0
11,19,11,-3.961874,38.568134,-6.536874,6.751116,6.819026,0
12,19,11,-1.923748,38.568134,-6.536874,6.984594,7.049103,0
13,19,11,0.114378,38.568134,-6.536874,7.440632,7.499102,0
14,19,11,2.152504,38.568134,-6.536874,8.103373,8.154263,0
15,19,11,4.190630,38.568134,-6.536874,8.952321,8.995125,0
16,19,11,6.228756,38.568134,-6.536874,9.964966,10.052425,0
17,19,11,8.266882,38.568134,-6.536874,11.118926,11.347424,0
18,19,11,10.305008,38.568134,-6.536874,12.393378,12.645678,0
19,19,11,12.343134,38.568134,-6.536874,13.769799,13.962089,0
20,19,11,14.381260,38.568134,-6.536874,15.232197,15.339452,0
0,20,11,-26.381260,40.606260,-6.536874,17.997317,18.010010,0
1,20,11,-24.343134,40.606260,-6.536874,16.533741,16.615014,0
2,20,11,-22.305008,40.606260,-6.536874,15.146959,15.308168,0
3,20,11,-20.266882,40.606260,-6.536874,13.849784,14.065444,0
4,20,11,-18.228756,40.606260,-6.536874,12.656906,12.846768,0
5,20,11,-16.190630,40.606260,-6.536874,11.584790,11.633240,0
6,20,11,-14.152504,40.606260,-6.536874,10.651310,10.681773,0
7,20,11,-12.114378,40.606260,-6.536874,9.874991,9.910570,0
8,20,11,-10.076252,40.606260,-6.536874,9.273817,9.313941,0
9,20,11,-8.038126,40.606260,-6.536874,8.863622,8.907199,0
10,20,11,-6.000000,40.606260,-6.536874,8.656314,8.701759,0
11,20,11,-3.961874,40.606260,-6.536874,8.658281,8.703708,0
12,20,11,-1.923748,40.606260,-6.536874,8.869463,8.912989,0
13,20,11,0.114378,40.606260,-6.536874,9.283354,9.323402,0
14,20,11,2.152504,40.606260,-6.536874,9.887960,9.923447,0
15,20,11,4.190630,40.606260,-6.536874,10.667387,10.697752,0
16,20,11,6.228756,40.606260,-6.536874,11.603630,11.914491,0
17,20,11,8.266882,40.606260,-6.536874,12.678166,13.259882,0
18,20,11,10.305008,40.606260,-6.536874,13.873141,14.508959,0
19,20,11,12.343134,40.606260,-6.536874,15.172121,15.723815,0
20,20,11,14.381260,40.606260,-6.536874,16.560451,16.969477,0
0,0,12,-26.381260,-0.156260,-4.498748,20.027298,20.027217,0
1,0,12,-24.343134,-0.156260,-4.498748,18.663744,18.666201,0
2,0,12,-22.305008,-0.156260,-4.498748,17.380901,17.386109,0
3,0,12,-20.266882,-0.156260,-4.498748,16.190157,16.198309,0
4,0,12,-18.228756,-0.156260,-4.498748,15.104077,15.115317,0
5,0,12,-16.190630,-0.156260,-4.498748,14.136181,14.150573,0
6,0,12,-14.152504,-0.156260,-4.498748,13.300544,13.318025,0
7,0,12,-12.114378,-0.156260,-4.498748,12.611158,12.631494,0
8,0,12,-10.076252,-0.156260,-4.498748,12.081082,12.103834,0
9,0,12,-8.038126,-0.156260,-4.498748,11.721423,11.745939,0
10,0,12,-6.000000,-0.156260,-4.498748,11.540309,11.565754,0
11,0,12,-3.961874,-0.156260,-4.498748,11.542026,11.567462,0
12,0,12,-1.923748,-0.156260,-4.498748,11.726532,11.751022,0
13,0,12,0.114378,-0.156260,-4.498748,12.089464,12.112177,0
14,0,12,2.152504,-0.156260,-4.498748,12.622630,12.642916,0
15,0,12,4.190630,-0.156260,-4.498748,13.314876,13.332301,0
16,0,12,6.228756,-0.156260,-4.498748,14.153117,14.167450,0
17,0,12,8.266882,-0.156260,-4.498748,15.123352,15.134534,0
18,0,12,10.305008,-0.156260,-4.498748,16.211512,16.219607,0
19,0,12,12.343134,-0.156260,-4.498748,17.404090,17.409245,0
20,0,12,14.381260,-0.156260,-4.498748,18.688544,18.690952,0
0,1,12,-26.381260,1.881866,-4.498748,18.610610,18.613173,0
1,1,12,-24.343134,1.881866,-4.498748,17.178803,17.184483,0
2,1,12,-22.305008,1.881866,-4.498748,15.825278,15.834420,0
3,1,12,-20.266882,1.881866,-4.498748,14.562427,14.575380,0
4,1,12,-18.228756,1.881866,-4.498748,13.404279,13.421355,0
5,1,12,-16.190630,1.881866,-4.498748,12.366348,12.387775,0
6,1,12,-14.152504,1.881866,-4.498748,11.465237,11.491076,0
7,1,12,-12.114378,1.881866,-4.498748,10.717911,10.747970,0
8,1,12,-10.076252,1.881866,-4.498748,10.140618,10.174359,0
9,1,12,-8.038126,1.881866,-4.498748,9.747494,9.783990,0
10,1,12,-6.000000,1.881866,-4.498748,9.549065,9.587038,0
11,1,12,-3.961874,1.881866,-4.498748,9.550948,9.588906,0
12,1,12,-1.923748,1.881866,-4.498748,9.753087,9.789543,0
13,1,12,0.114378,1.881866,-4.498748,10.149766,10.183446,0
14,1,12,2.152504,1.881866,-4.498748,10.730379,10.760362,0
15,1,12,4.190630,1.881866,-4.498748,11.480734,11.506492,0
16,1,12,6.228756,1.881866,-4.498748,12.384561,12.405905,0
17,1,12,8.266882,1.881866,-4.498748,13.424891,13.441888,0
18,1,12,10.305008,1.881866,-4.498748,14.585135,14.598014,0
19,1,12,12.343134,1.881866,-4.498748,15.849806,15.858881,0
20,1,12,14.381260,1.881866,-4.498748,17.204905,17.210523,0
0,2,12,-26.381260,3.919992,-4.498748,17.269726,17.275192,0
1,2,12,-24.343134,3.919992,-4.498748,15.766528,15.775834,0
2,2,12,-22.305008,3.919992,-4.498748,14.337939,14.351639,0
3,2,12,-20.266882,3.919992,-4.498748,12.997235,13.015935,0
4,2,12,-18.228756,3.919992,-4.498748,11.759893,11.784215,0
5,2,12,-16.190630,3.919992,-4.498748,10.643574,10.674084,0
6,2,12,-14.152504,3.919992,-4.498748,9.667810,9.704892,0
7,2,12,-12.114378,3.919992,-4.498748,8.853245,8.896913,0
8,2,12,-10.076252,3.919992,-4.498748,8.220287,8.269966,0
9,2,12,-8.038126,3.919992,-4.498748,7.787214,7.841561,0
10,2,12,-6.000000,3.919992,-4.498748,7.567949,7.624861,0
11,2,12,-3.961874,3.919992,-4.498748,7.570032,7.626919,0
12,2,12,-1.923748,3.919992,-4.498748,7.793387,7.847664,0
13,2,12,0.114378,3.919992,-4.498748,8.230344,8.279920,0
14,2,12,2.152504,3.919992,-4.498748,8.866877,8.910425,0
15,2,12,4.190630,3.919992,-4.498748,9.684649,9.721606,0
16,2,12,6.228756,3.919992,-4.498748,10.663229,10.693619,0
17,2,12,8.266882,3.919992,-4.498748,11.781987,11.806198,0
18,2,12,10.305008,3.919992,-4.498748,13.021418,13.040019,0
19,2,12,12.343134,3.919992,-4.498748,14.363900,14.377513,0
20,2,12,14.381260,3.919992,-4.498748,15.794001,15.803230,0
0,3,12,-26.381260,5.958118,-4.498748,16.015899,16.024518,0
1,3,12,-24.343134,5.958118,-4.498748,14.438981,14.452342,0
2,3,12,-22.305008,5.958118,-4.498748,12.931570,12.950542,0
3,3,12,-20.266882,5.958118,-4.498748,11.507582,11.533198,0
4,3,12,-18.228756,5.958118,-4.498748,10.183774,10.217225,0
5,3,12,-16.190630,5.958118,-4.498748,8.979980,9.022545,0
6,3,12,-14.152504,5.958118,-4.498748,7.919013,7.971886,0
7,3,12,-12.114378,5.958118,-4.498748,7.025985,7.089914,0
8,3,12,-10.076252,5.958118,-4.498748,6.326748,6.401473,0
9,3,12,-8.038126,5.958118,-4.498748,5.845323,5.928950,0
10,3,12,-6.000000,5.958118,-4.498748,5.600567,5.689293,0
11,3,12,-3.961874,5.958118,-4.498748,5.602895,5.691570,0
12,3,12,-1.923748,5.958118,-4.498748,5.852204,5.935694,0
13,3,12,0.114378,5.958118,-4.498748,6.337898,6.412433,0
14,3,12,2.152504,5.958118,-4.498748,7.040992,7.104711,0
15,3,12,4.190630,5.958118,-4.498748,7.937399,7.990070,0
16,3,12,6.228756,5.958118,-4.498748,9.001263,9.043646,0
17,3,12,8.266882,5.958118,-4.498748,10.207503,10.240795,0
18,3,12,10.305008,5.958118,-4.498748,11.533357,11.558838,0
19,3,12,12.343134,5.958118,-4.498748,12.959050,12.977908,0
20,3,12,14.381260,5.958118,-4.498748,14.467880,14.481145,0
0,4,12,-26.381260,7.996244,-4.498748,14.861751,14.873742,0
1,4,12,-24.343134,7.996244,-4.498748,13.210051,13.227890,0
2,4,12,-22.305008,7.996244,-4.498748,11.621219,11.646246,0
3,4,12,-20.266882,7.996244,-4.498748,10.109396,10.143348,0
4,4,12,-18.228756,7.996244,-4.498748,8.692244,8.737359,0
5,4,12,-16.190630,7.996244,-4.498748,7.391554,7.450638,0
6,4,12,-14.152504,7.996244,-4.498748,6.233578,6.309921,0
7,4,12,-12.114378,7.996244,-4.498748,5.248688,5.345553,0
8,4,12,-10.076252,7.996244,-4.498748,4.469786,4.589059,0
9,4,12,-8.038126,7.996244,-4.498748,3.928955,4.068763,0
10,4,12,-6.000000,7.996244,-4.498748,3.652418,3.804940,0
11,4,12,-3.961874,7.996244,-4.498748,3.655054,3.807446,0
12,4,12,-1.923748,7.996244,-4.498748,3.936714,4.076190,0
13,4,12,0.114378,7.996244,-4.498748,4.482266,4.601121,0
14,4,12,2.152504,7.996244,-4.498748,5.265325,5.361782,0
15,4,12,4.190630,7.996244,-4.498748,6.253751,6.329739,0
16,4,12,6.228756,7.996244,-4.498748,7.414664,7.473458,0
17,4,12,8.266882,7.996244,-4.498748,8.717759,8.762642,0
18,4,12,10.305008,7.996244,-4.498748,10.136869,10.170635,0
19,4,12,12.343134,7.996244,-4.498748,11.650283,11.675160,0
20,4,12,14.381260,7.996244,-4.498748,13.240410,13.258129,0
0,5,12,-26.381260,10.034370,-4.498748,13.821139,13.836652,0
1,5,12,-24.343134,10.034370,-4.498748,12.095426,12.118110,0
2,5,12,-22.305008,10.034370,-4.498748,10.424437,10.456317,0
3,5,12,-20.266882,10.034370,-4.498748,8.821955,8.865900,0
4,5,12,-18.228756,10.034370,-4.498748,7.305890,7.366066,0
5,5,12,-16.190630,10.034370,-4.498748,5.899392,5.981949,0
6,5,12,-14.152504,10.034370,-4.498748,4.631896,4.745908,0
7,5,12,-12.114378,10.034370,-4.498748,3.539574,3.697817,0
8,5,12,-10.076252,10.034370,-4.498748,2.664224,2.881725,0
9,5,12,-8.038126,10.034370,-4.498748,2.049284,2.334232,0
10,5,12,-6.000000,10.034370,-4.498748,1.732273,2.066861,0
11,5,12,-3.961874,10.034370,-4.498748,1.735302,2.069360,0
12,5,12,-1.923748,10.034370,-4.498748,2.058152,2.341893,0
13,5,12,0.114378,10.034370,-4.498748,2.678341,2.894611,0
14,5,12,2.152504,10.034370,-4.498748,3.558152,3.715431,0
15,5,12,4.190630,10.034370,-4.498748,4.654121,4.767439,0
16,5,12,6.228756,10.034370,-4.498748,5.924529,6.006595,0
17,5,12,8.266882,10.034370,-4.498748,7.333325,7.393150,0
18,5,12,10.305008,10.034370,-4.498748,8.851201,8.894888,0
19,5,12,12.343134,10.034370,-4.498748,10.455115,10.486800,0
20,5,12,14.381260,10.034370,-4.498748,12.127243,12.149777,0
0,6,12,-26.381260,12.072496,-4.498748,12.908837,12.927903,0
1,6,12,-24.343134,12.072496,-4.498748,11.112327,11.140089,0
2,6,12,-22.305008,12.072496,-4.498748,9.361171,9.400599,0
3,6,12,-20.266882,12.072496,-4.498748,7.668075,7.723798,0
4,6,12,-18.228756,12.072496,-4.498748,6.050251,6.129920,0
5,6,12,-16.190630,12.072496,-4.498748,4.531106,4.648346,0
6,6,12,-14.152504,12.072496,-4.498748,3.142272,3.323675,0
7,6,12,-12.114378,12.072496,-4.498748,1.925530,2.228302,0
8,6,12,-10.076252,12.072496,-4.498748,0.933243,1.480006,0
9,6,12,-8.038126,12.072496,-4.498748,0.232585,1.085209,0
10,6,12,-6.000000,12.072496,-4.498748,0.015858,0.919234,0
11,6,12,-3.961874,12.072496,-4.498748,0.016509,1.386097,0
12,6,12,-1.923748,12.072496,-4.498748,0.242052,1.333243,0
13,6,12,0.114378,12.072496,-4.498748,0.949389,1.494579,0
14,6,12,2.152504,12.072496,-4.498748,1.946409,2.246062,0
15,6,12,4.190630,12.072496,-4.498748,3.166819,3.346637,0
16,6,12,6.228756,12.072496,-4.498748,4.558441,4.674792,0
17,6,12,8.266882,12.072496,-4.498748,6.079694,6.158815,0
18,6,12,10.305008,12.072496,-4.498748,7.699118,7.754478,0
19,6,12,12.343134,12.072496,-4.498748,9.393442,9.432616,0
20,6,12,14.381260,12.072496,-4.498748,11.145551,11.173126,0
0,7,12,-26.381260,14.110622,-4.498748,12.139967,12.162441,0
1,7,12,-24.343134,14.110622,-4.498748,10.278916,10.311737,0
2,7,12,-22.305008,14.110622,-4.498748,8.453226,8.500589,0
3,7,12,-20.266882,14.110622,-4.498748,6.673802,6.742891,0
4,7,12,-18.228756,14.110622,-4.498748,4.956044,5.060531,0
5,7,12,-16.190630,14.110622,-4.498748,3.322020,3.492312,0
6,7,12,-14.152504,14.110622,-4.498748,1.803602,2.125816,0
7,7,12,-12.114378,14.110622,-4.498748,0.447260,1.195215,0
8,7,12,-10.076252,14.110622,-4.498748,0.000008,2.254770,1
9,7,12,-8.038126,14.110622,-4.498748,0.000000,3.388842,1
10,7,12,-6.000000,14.110622,-4.498748,0.000000,3.912605,1
11,7,12,-3.961874,14.110622,-4.498748,0.000000,4.264288,1
12,7,12,-1.923748,14.110622,-4.498748,0.000000,4.271111,1
13,7,12,0.114378,14.110622,-4.498748,0.000011,3.420111,1
14,7,12,2.152504,14.110622,-4.498748,0.470636,1.309921,0
15,7,12,4.190630,14.110622,-4.498748,1.830693,2.148446,0
16,7,12,6.228756,14.110622,-4.498748,3.351643,3.520210,0
17,7,12,8.266882,14.110622,-4.498748,4.987491,5.091117,0
18,7,12,10.305008,14.110622,-4.498748,6.706579,6.775165,0
19,7,12,12.343134,14.110622,-4.498748,8.486993,8.534031,0
20,7,12,14.381260,14.110622,-4.498748,10.313434,10.346029,0
0,8,12,-26.381260,16.148748,-4.498748,11.529161,11.554665,0
1,8,12,-24.343134,16.148748,-4.498748,9.613277,9.650765,0
2,8,12,-22.305008,16.148748,-4.498748,7.723101,7.778184,0
3,8,12,-20.266882,16.148748,-4.498748,5.867234,5.950426,0
4,8,12,-18.228756,16.148748,-4.498748,4.058291,4.192715,0
5,8,12,-16.190630,16.148748,-4.498748,2.315280,2.567308,0
6,8,12,-14.152504,16.148748,-4.498748,0.667617,1.322233,0
7,8,12,-12.114378,16.148748,-4.498748,0.000001,2.971763,1
8,8,12,-10.076252,16.148748,-4.498748,0.000000,4.809236,1
9,8,12,-8.038126,16.148748,-4.498748,0.000000,5.783595,1
10,8,12,-6.000000,16.148748,-4.498748,0.000000,6.251707,1
11,8,12,-3.961874,16.148748,-4.498748,0.000000,6.491153,1
12,8,12,-1.923748,16.148748,-4.498748,0.000000,6.417722,1
13,8,12,0.114378,16.148748,-4.498748,0.000000,5.732362,1
14,8,12,2.152504,16.148748,-4.498748,0.000001,4.099352,1
15,8,12,4.190630,16.148748,-4.498748,0.697302,1.366419,0
16,8,12,6.228756,16.148748,-4.498748,2.347123,2.595637,0
17,8,12,8.266882,16.148748,-4.498748,4.091597,4.224687,0
18,8,12,10.305008,16.148748,-4.498748,5.901568,5.984082,0
19,8,12,12.343134,16.148748,-4.498748,7.758177,7.812855,0
20,8,12,14.381260,16.148748,-4.498748,9.648902,9.686124,0
0,9,12,-26.381260,18.186874,-4.498748,11.089481,11.117371,0
1,9,12,-24.343134,18.186874,-4.498748,9.131983,9.173267,0
2,9,12,-22.305008,18.186874,-4.498748,7.192115,7.253782,0
3,9,12,-20.266882,18.186874,-4.498748,5.276147,5.372340,0
4,9,12,-18.228756,18.186874,-4.498748,3.393567,3.559739,0
5,9,12,-16.190630,18.186874,-4.498748,1.559291,1.927250,0
6,9,12,-14.152504,18.186874,-4.498748,0.009426,1.643809,1
7,9,12,-12.114378,18.186874,-4.498748,0.000000,4.704766,1
8,9,12,-10.076252,18.186874,-4.498748,0.000000,6.323453,1
9,9,12,-8.038126,18.186874,-4.498748,0.000000,7.257719,1
10,9,12,-6.000000,18.186874,-4.498748,0.000000,7.734187,1
11,9,12,-3.961874,18.186874,-4.498748,0.000000,7.910963,1
12,9,12,-1.923748,18.186874,-4.498748,0.000000,7.749965,1
13,9,12,0.114378,18.186874,-4.498748,0.000000,7.084318,1
14,9,12,2.152504,18.186874,-4.498748,0.000000,5.711664,1
15,9,12,4.190630,18.186874,-4.498748,0.013547,2.632031,0
16,9,12,6.228756,18.186874,-4.498748,1.593032,1.954196,0
17,9,12,8.266882,18.186874,-4.498748,3.428398,3.592621,0
18,9,12,10.305008,18.186874,-4.498748,5.311718,5.407048,0
19,9,12,12.343134,18.186874,-4.498748,7.228207,7.289397,0
20,9,12,14.381260,18.186874,-4.498748,9.168455,9.209437,0
0,10,12,-26.381260,20.225000,-4.498748,10.831227,10.860608,0
1,10,12,-24.343134,20.225000,-4.498748,8.848390,8.892101,0
2,10,12,-22.305008,20.225000,-4.498748,6.877931,6.943965,0
3,10,12,-20.266882,20.225000,-4.498748,4.924418,5.029781,0
4,10,12,-18.228756,20.225000,-4.498748,2.994905,3.186325,0
5,10,12,-16.190630,20.225000,-4.498748,1.100792,1.588437,0
6,10,12,-14.152504,20.225000,-4.498748,0.000003,3.058039,1
7,10,12,-12.114378,20.225000,-4.498748,0.000000,5.595119,1
8,10,12,-10.076252,20.225000,-4.498748,0.000000,7.136766,1
9,10,12,-8.038126,20.225000,-4.498748,0.000000,8.080787,1
10,10,12,-6.000000,20.225000,-4.498748,0.000000,8.583742,1
11,10,12,-3.961874,20.225000,-4.498748,0.000000,8.722811,1
12,10,12,-1.923748,20.225000,-4.498748,0.000000,8.489100,1
13,10,12,0.114378,20.225000,-4.498748,0.000000,7.804091,1
14,10,12,2.152504,20.225000,-4.498748,0.000000,6.516123,1
15,10,12,4.190630,20.225000,-4.498748,0.000006,4.151412,1
16,10,12,6.228756,20.225000,-4.498748,1.135799,1.614267,0
17,10,12,8.266882,20.225000,-4.498748,3.030719,3.219624,0
18,10,12,10.305008,20.225000,-4.498748,4.960768,5.065125,0
19,10,12,12.343134,20.225000,-4.498748,6.914653,6.980157,0
20,10,12,14.381260,20.225000,-4.498748,8.885380,8.928766,0
0,11,12,-26.381260,22.263126,-4.498748,10.760831,10.790631,0
1,11,12,-24.343134,22.263126,-4.498748,8.770968,8.815369,0
2,11,12,-22.305008,22.263126,-4.498748,6.791979,6.859278,0
3,11,12,-20.266882,22.263126,-4.498748,4.827922,4.936026,0
4,11,12,-18.228756,22.263126,-4.498748,2.885092,3.084577,0
5,11,12,-16.190630,22.263126,-4.498748,0.973752,1.504894,0
6,11,12,-14.152504,22.263126,-4.498748,0.000000,3.341575,1
7,11,12,-12.114378,22.263126,-4.498748,0.000000,5.824930,1
8,11,12,-10.076252,22.263126,-4.498748,0.000000,7.351864,1
9,11,12,-8.038126,22.263126,-4.498748,0.000000,8.303371,1
10,11,12,-6.000000,22.263126,-4.498748,0.000000,8.817925,1
11,11,12,-3.961874,22.263126,-4.498748,0.000000,8.946036,1
12,11,12,-1.923748,22.263126,-4.498748,0.000000,8.687845,1
13,11,12,0.114378,22.263126,-4.498748,0.000000,7.993287,1
14,11,12,2.152504,22.263126,-4.498748,0.000000,6.722167,1
15,11,12,4.190630,22.263126,-4.498748,0.000000,4.437041,1
16,11,12,6.228756,22.263126,-4.498748,1.009125,1.531676,0
17,11,12,8.266882,22.263126,-4.498748,2.921187,3.117961,0
18,11,12,10.305008,22.263126,-4.498748,4.864492,4.971545,0
19,11,12,12.343134,22.263126,-4.498748,6.828877,6.895629,0
20,11,12,14.381260,22.263126,-4.498748,8.808101,8.852170,0
0,12,12,-26.381260,24.301252,-4.498748,10.880100,10.909194,0
1,12,12,-24.343134,24.301252,-4.498748,8.902111,8.945351,0
2,12,12,-22.305008,24.301252,-4.498748,6.937525,7.002701,0
3,12,12,-20.266882,24.301252,-4.498748,4.991253,5.094777,0
4,12,12,-18.228756,24.301252,-4.498748,3.070850,3.256999,0
5,12,12,-16.190630,24.301252,-4.498748,1.188458,1.649038,0
6,12,12,-14.152504,24.301252,-4.498748,0.000012,2.840312,1
7,12,12,-12.114378,24.301252,-4.498748,0.000000,5.432580,1
8,12,12,-10.076252,24.301252,-4.498748,0.000000,6.985965,1
9,12,12,-8.038126,24.301252,-4.498748,0.000000,7.926103,1
10,12,12,-6.000000,24.301252,-4.498748,0.000000,8.422323,1
11,12,12,-3.961874,24.301252,-4.498748,0.000000,8.568775,1
12,12,12,-1.923748,24.301252,-4.498748,0.000000,8.350652,1
13,12,12,0.114378,24.301252,-4.498748,0.000000,7.671127,1
14,12,12,2.152504,24.301252,-4.498748,0.000000,6.370004,1
15,12,12,4.190630,24.301252,-4.498748,0.000022,3.939765,1
16,12,12,6.228756,24.301252,-4.498748,1.223215,1.674711,0
17,12,12,8.266882,24.301252,-4.498748,3.106472,3.290230,0
18,12,12,10.305008,24.301252,-4.498748,5.027453,5.130000,0
19,12,12,12.343134,24.301252,-4.498748,6.974126,7.038782,0
20,12,12,14.381260,24.301252,-4.498748,8.939002,8.981921,0
0,13,12,-26.381260,26.339378,-4.498748,11.185988,11.213338,0
1,13,12,-24.343134,26.339378,-4.498748,9.237785,9.278201,0
2,13,12,-22.305008,26.339378,-4.498748,7.309075,7.369211,0
3,13,12,-20.266882,26.339378,-4.498748,5.406697,5.499780,0
4,13,12,-18.228756,26.339378,-4.498748,3.540924,3.699097,0
5,13,12,-16.190630,26.339378,-4.498748,1.727752,2.063129,0
6,13,12,-14.152504,26.339378,-4.498748,0.060523,1.102000,0
7,13,12,-12.114378,26.339378,-4.498748,0.000000,4.349730,1
8,13,12,-10.076252,26.339378,-4.498748,0.000000,6.007342,1
9,13,12,-8.038126,26.339378,-4.498748,0.000000,6.944336,1
10,13,12,-6.000000,26.339378,-4.498748,0.000000,7.415586,1
11,13,12,-3.961874,26.339378,-4.498748,0.000000,7.605968,1
12,13,12,-1.923748,26.339378,-4.498748,0.000000,7.467292,1
13,13,12,0.114378,26.339378,-4.498748,0.000000,6.803074,1
14,13,12,2.152504,26.339378,-4.498748,0.000000,5.387860,1
15,13,12,4.190630,26.339378,-4.498748,0.077298,1.894623,0
16,13,12,6.228756,26.339378,-4.498748,1.761051,2.090588,0
17,13,12,8.266882,26.339378,-4.498748,3.575405,3.731795,0
18,13,12,10.305008,26.339378,-4.498748,5.441986,5.534254,0
19,13,12,12.343134,26.339378,-4.498748,7.344938,7.404614,0
20,13,12,14.381260,26.339378,-4.498748,9.274067,9.314190,0
0,14,12,-26.381260,28.377504,-4.498748,11.670971,11.695743,0
1,14,12,-24.343134,28.377504,-4.498748,9.768116,9.804463,0
2,14,12,-22.305008,28.377504,-4.498748,7.893365,7.946521,0
3,14,12,-20.266882,28.377504,-4.498748,6.055937,6.135499,0
4,14,12,-18.228756,28.377504,-4.498748,4.269233,4.395543,0
5,14,12,-16.190630,28.377504,-4.498748,2.553198,2.780791,0
6,14,12,-14.152504,28.377504,-4.498748,0.938116,1.482956,0
7,14,12,-12.114378,28.377504,-4.498748,0.000002,2.377860,1
8,14,12,-10.076252,28.377504,-4.498748,0.000000,4.270819,1
9,14,12,-8.038126,28.377504,-4.498748,0.000000,5.274423,1
10,14,12,-6.000000,28.377504,-4.498748,0.000000,5.747877,1
11,14,12,-3.961874,28.377504,-4.498748,0.000000,6.008996,1
12,14,12,-1.923748,28.377504,-4.498748,0.000000,5.957458,1
13,14,12,0.114378,28.377504,-4.498748,0.000000,5.249735,1
14,14,12,2.152504,28.377504,-4.498748,0.000009,3.491789,1
15,14,12,4.190630,28.377504,-4.498748,0.967151,1.505366,0
16,14,12,6.228756,28.377504,-4.498748,2.584487,2.809160,0
17,14,12,8.266882,28.377504,-4.498748,4.302083,4.427197,0
18,14,12,10.305008,28.377504,-4.498748,6.089893,6.168826,0
19,14,12,12.343134,28.377504,-4.498748,7.928126,7.980899,0
20,14,12,14.381260,28.377504,-4.498748,9.803478,9.839568,0
0,15,12,-26.381260,30.415630,-4.498748,12.323925,12.345545,0
1,15,12,-24.343134,30.415630,-4.498748,10.478752,10.510287,0
2,15,12,-22.305008,30.415630,-4.498748,8.671532,8.716837,0
3,15,12,-20.266882,30.415630,-4.498748,6.913697,6.979215,0
4,15,12,-18.228756,30.415630,-4.498748,5.221223,5.318768,0
5,15,12,-16.190630,30.415630,-4.498748,3.616691,3.770988,0
6,15,12,-14.152504,30.415630,-4.498748,2.132155,2.406115,0
7,15,12,-12.114378,30.415630,-4.498748,0.812605,1.408243,0
8,15,12,-10.076252,30.415630,-4.498748,0.000038,1.550007,1
9,15,12,-8.038126,30.415630,-4.498748,0.000000,2.522143,1
10,15,12,-6.000000,30.415630,-4.498748,0.000000,3.080136,1
11,15,12,-3.961874,30.415630,-4.498748,0.000000,3.487364,1
12,15,12,-1.923748,30.415630,-4.498748,0.000000,3.518948,1
13,15,12,0.114378,30.415630,-4.498748,0.000412,2.614908,1
14,15,12,2.152504,30.415630,-4.498748,0.835431,1.429174,0
15,15,12,4.190630,30.415630,-4.498748,2.158575,2.429182,0
16,15,12,6.228756,30.415630,-4.498748,3.645722,3.798574,0
17,15,12,8.266882,30.415630,-4.498748,5.252159,5.348939,0
18,15,12,10.305008,30.415630,-4.498748,6.946039,7.011093,0
19,15,12,12.343134,30.415630,-4.498748,8.704927,8.749926,0
20,15,12,14.381260,30.415630,-4.498748,10.512950,10.544270,0
0,16,12,-26.381260,32.453756,-4.498748,13.131267,13.149422,0
1,16,12,-24.343134,32.453756,-4.498748,11.352570,11.379009,0
2,16,12,-22.305008,32.453756,-4.498748,9.621736,9.659161,0
3,16,12,-20.266882,32.453756,-4.498748,7.951821,8.004335,0
4,16,12,-18.228756,32.453756,-4.498748,6.360324,6.434477,0
5,16,12,-16.190630,32.453756,-4.498748,4.870718,4.907310,0
6,16,12,-14.152504,32.453756,-4.498748,3.514215,3.574426,0
7,16,12,-12.114378,32.453756,-4.498748,2.331235,2.581492,0
8,16,12,-10.076252,32.453756,-4.498748,1.371294,1.782249,0
9,16,12,-8.038126,32.453756,-4.498748,0.689058,1.344112,0
10,16,12,-6.000000,32.453756,-4.498748,0.335135,1.201308,0
11,16,12,-3.961874,32.453756,-4.498748,0.338504,1.233369,0
12,16,12,-1.923748,32.453756,-4.498748,0.698948,1.357605,0
13,16,12,0.114378,32.453756,-4.498748,1.386873,1.794148,0
14,16,12,2.152504,32.453756,-4.498748,2.351484,2.599522,0
15,16,12,4.190630,32.453756,-4.498748,3.538139,3.755733,0
16,16,12,6.228756,32.453756,-4.498748,4.897472,5.061621,0
17,16,12,8.266882,32.453756,-4.498748,6.389244,6.462909,0
18,16,12,10.305008,32.453756,-4.498748,7.982402,8.034583,0
19,16,12,12.343134,32.453756,-4.498748,9.653601,9.690788,0
20,16,12,14.381260,32.453756,-4.498748,11.385438,11.411702,0
0,17,12,-26.381260,34.491882,-4.498748,14.078146,14.092741,0
1,17,12,-24.343134,34.491882,-4.498748,12.371345,12.392749,0
2,17,12,-22.305008,34.491882,-4.498748,10.721504,10.721373,0
3,17,12,-20.266882,34.491882,-4.498748,9.142564,9.138333,0
4,17,12,-18.228756,34.491882,-4.498748,7.652451,7.735999,0
5,17,12,-16.190630,34.491882,-4.498748,6.274047,6.483550,0
6,17,12,-14.152504,34.491882,-4.498748,5.036025,5.238933,0
7,17,12,-12.114378,34.491882,-4.498748,3.973037,3.975995,0
8,17,12,-10.076252,34.491882,-4.498748,3.124406,3.306978,0
9,17,12,-8.038126,34.491882,-4.498748,2.530258,2.760033,0
10,17,12,-6.000000,34.491882,-4.498748,2.224703,2.487201,0
11,17,12,-3.961874,34.491882,-4.498748,2.227621,2.489770,0
12,17,12,-1.923748,34.491882,-4.498748,2.538813,2.767771,0
13,17,12,0.114378,34.491882,-4.498748,3.138066,3.319744,0
14,17,12,2.152504,34.491882,-4.498748,3.991082,4.230231,0
15,17,12,4.190630,34.491882,-4.498748,5.057694,5.832518,0
16,17,12,6.228756,34.491882,-4.498748,6.298643,7.059143,0
17,17,12,8.266882,34.491882,-4.498748,7.679380,8.175358,0
18,17,12,10.305008,34.491882,-4.498748,9.171348,9.402736,0
19,17,12,12.343134,34.491882,-4.498748,10.751765,10.814052,0
20,17,12,14.381260,34.491882,-4.498748,12.402788,12.424050,0
0,18,12,-26.381260,36.530008,-4.498748,15.149459,15.133601,0
1,18,12,-24.343134,36.530008,-4.498748,13.517079,13.505434,0
2,18,12,-22.305008,36.530008,-4.498748,11.949430,12.034935,0
3,18,12,-20.266882,36.530008,-4.498748,10.460643,10.746635,0
4,18,12,-18.228756,36.530008,-4.498748,9.068199,9.628759,0
5,18,12,-16.190630,36.530008,-4.498748,7.793422,8.591126,0
6,18,12,-14.152504,36.530008,-4.498748,6.661680,7.426896,0
7,18,12,-12.114378,36.530008,-4.498748,5.701918,5.887531,0
8,18,12,-10.076252,36.530008,-4.498748,4.945047,5.049837,0
9,18,12,-8.038126,36.530008,-4.498748,4.420796,4.541731,0
10,18,12,-6.000000,36.530008,-4.498748,4.153185,4.283862,0
11,18,12,-3.961874,36.530008,-4.498748,4.155733,4.286312,0
12,18,12,-1.923748,36.530008,-4.498748,4.428309,4.548987,0
13,18,12,0.114378,36.530008,-4.498748,4.957158,5.061614,0
14,18,12,2.152504,36.530008,-4.498748,5.718107,6.349101,0
15,18,12,4.190630,36.530008,-4.498748,6.681367,8.160150,0
16,18,12,6.228756,36.530008,-4.498748,7.816041,9.355989,0
17,18,12,8.266882,36.530008,-4.498748,9.093239,10.316002,0
18,18,12,10.305008,36.530008,-4.498748,10.487669,11.298718,0
19,18,12,12.343134,36.530008,-4.498748,11.978080,12.428999,0
20,18,12,14.381260,36.530008,-4.498748,13.547060,13.742339,0
0,19,12,-26.381260,38.568134,-4.498748,16.330626,16.375928,0
1,19,12,-24.343134,38.568134,-4.498748,14.772904,14.978437,0
2,19,12,-22.305008,38.568134,-4.498748,13.286152,13.754026,0
3,19,12,-20.266882,38.568134,-4.498748,11.884152,12.703223,0
4,19,12,-18.228756,38.568134,-4.498748,10.583357,11.780582,0
5,19,12,-16.190630,38.568134,-4.498748,9.403048,10.871770,0
6,19,12,-14.152504,38.568134,-4.498748,8.365166,9.823882,0
7,19,12,-12.114378,38.568134,-4.498748,7.493591,8.108773,0
8,19,12,-10.076252,38.568134,-4.498748,6.812627,6.879618,0
9,19,12,-8.038126,38.568134,-4.498748,6.344623,6.419043,0
10,19,12,-6.000000,38.568134,-4.498748,6.106975,6.185594,0
11,19,12,-3.961874,38.568134,-4.498748,6.109234,6.187811,0
12,19,12,-1.923748,38.568134,-4.498748,6.351307,6.425613,0
13,19,12,0.114378,38.568134,-4.498748,6.823474,6.890306,0
14,19,12,2.152504,38.568134,-4.498748,7.508220,8.645191,0
15,19,12,4.190630,38.568134,-4.498748,8.383131,10.605842,0
16,19,12,6.228756,38.568134,-4.498748,9.423892,11.722386,0
17,19,12,8.266882,38.568134,-4.498748,10.606649,12.604736,0
18,19,12,10.305008,38.568134,-4.498748,11.909505,13.437526,0
19,19,12,12.343134,38.568134,-4.498748,13.313233,14.362925,0
20,19,12,14.381260,38.568134,-4.498748,14.801431,15.446953,0
0,20,12,-26.381260,40.606260,-4.498748,17.608086,17.926719,0
1,20,12,-24.343134,40.606260,-4.498748,16.123585,16.734743,0
2,20,12,-22.305008,40.606260,-4.498748,14.714770,15.709370,0
3,20,12,-20.266882,40.606260,-4.498748,13.394709,14.829953,0
4,20,12,-18.228756,40.606260,-4.498748,12.178513,14.031842,0
5,20,12,-16.190630,40.606260,-4.498748,11.083279,13.279411,0
6,20,12,-14.152504,40.606260,-4.498748,10.127746,12.359663,0
7,20,12,-12.114378,40.606260,-4.498748,9.331534,10.569948,0
8,20,12,-10.076252,40.606260,-4.498748,8.713869,8.758787,0
9,20,12,-8.038126,40.606260,-4.498748,8.291828,8.340782,0
10,20,12,-6.000000,40.606260,-4.498748,8.078336,8.129491,0
11,20,12,-3.961874,40.606260,-4.498748,8.080363,8.131496,0
12,20,12,-1.923748,40.606260,-4.498748,8.297841,8.346734,0
13,20,12,0.114378,40.606260,-4.498748,8.723676,8.768504,0
14,20,12,2.152504,40.606260,-4.498748,9.344848,11.133675,0
15,20,12,4.190630,40.606260,-4.498748,10.144220,13.153349,0
16,20,12,6.228756,40.606260,-4.498748,11.102545,14.169851,0
17,20,12,8.266882,40.606260,-4.498748,12.200210,14.930182,0
18,20,12,10.305008,40.606260,-4.498748,13.418500,15.679259,0
19,20,12,12.343134,40.606260,-4.498748,14.740353,16.466545,0
20,20,12,14.381260,40.606260,-4.498748,16.150698,17.376263,0
0,0,13,-26.381260,-0.156260,-2.460622,19.798546,19.798866,0
1,0,13,-24.343134,-0.156260,-2.460622,18.424425,18.427366,0
2,0,13,-22.305008,-0.156260,-2.460622,17.130705,17.136498,0
3,0,13,-20.266882,-0.156260,-2.460622,15.928938,15.937794,0
4,0,13,-18.228756,-0.156260,-2.460622,14.831915,14.844000,0
5,0,13,-16.190630,-0.156260,-2.460622,13.853460,13.868856,0
6,0,13,-14.152504,-0.156260,-2.460622,13.008021,13.026677,0
7,0,13,-12.114378,-0.156260,-2.460622,12.310020,12.331703,0
8,0,13,-10.076252,-0.156260,-2.460622,11.772963,11.797219,0
9,0,13,-8.038126,-0.156260,-2.460622,11.408379,11.434520,0
10,0,13,-6.000000,-0.156260,-2.460622,11.224724,11.251860,0
11,0,13,-3.961874,-0.156260,-2.460622,11.226465,11.253592,0
12,0,13,-1.923748,-0.156260,-2.460622,11.413559,11.439672,0
13,0,13,0.114378,-0.156260,-2.460622,11.781458,11.805672,0
14,0,13,2.152504,-0.156260,-2.460622,12.321639,12.343270,0
15,0,13,4.190630,-0.156260,-2.460622,13.022528,13.041124,0
16,0,13,6.228756,-0.156260,-2.460622,13.870588,13.885922,0
17,0,13,8.266882,-0.156260,-2.460622,14.851392,14.863416,0
18,0,13,10.305008,-0.156260,-2.460622,15.950499,15.959296,0
19,0,13,12.343134,-0.156260,-2.460622,17.154100,17.159838,0
20,0,13,14.381260,-0.156260,-2.460622,18.449426,18.452316,0
0,1,13,-26.381260,1.881866,-2.460622,18.370859,18.373910,0
1,1,13,-24.343134,1.881866,-2.460622,16.926803,16.933085,0
2,1,13,-22.305008,1.881866,-2.460622,15.560482,15.570372,0
3,1,13,-20.266882,1.881866,-2.460622,14.284456,14.298338,0
4,1,13,-18.228756,1.881866,-2.460622,13.113011,13.131239,0
5,1,13,-16.190630,1.881866,-2.460622,12.062026,12.084869,0
6,1,13,-14.152504,1.881866,-2.460622,11.148587,11.176145,0
7,1,13,-12.114378,1.881866,-2.460622,10.390248,10.422346,0
8,1,13,-10.076252,1.881866,-2.460622,9.803903,9.839991,0
9,1,13,-8.038126,1.881866,-2.460622,9.404321,9.443410,0
10,1,13,-6.000000,1.881866,-2.460622,9.202537,9.243240,0
11,1,13,-3.961874,1.881866,-2.460622,9.204452,9.245139,0
12,1,13,-1.923748,1.881866,-2.460622,9.410008,9.449052,0
13,1,13,0.114378,1.881866,-2.460622,9.813199,9.849219,0
14,1,13,2.152504,1.881866,-2.460622,10.402905,10.434922,0
15,1,13,4.190630,1.881866,-2.460622,11.164305,11.191775,0
16,1,13,6.228756,1.881866,-2.460622,12.080478,12.103233,0
17,1,13,8.266882,1.881866,-2.460622,13.133870,13.152014,0
18,1,13,10.305008,1.881866,-2.460622,14.307413,14.321217,0
19,1,13,12.343134,1.881866,-2.460622,15.585254,15.595073,0
20,1,13,14.381260,1.881866,-2.460622,16.953139,16.959358,0
0,2,13,-26.381260,3.919992,-2.460622,17.018541,17.024601,0
1,2,13,-24.343134,3.919992,-2.460622,15.501147,15.511209,0
2,2,13,-22.305008,3.919992,-2.460622,14.057487,14.072154,0
3,2,13,-20.266882,3.919992,-2.460622,12.700984,12.720931,0
4,2,13,-18.228756,3.919992,-2.460622,11.447384,11.473317,0
5,2,13,-16.190630,3.919992,-2.460622,10.314772,10.347359,0
6,2,13,-14.152504,3.919992,-2.460622,9.323298,9.363026,0
7,2,13,-12.114378,3.919992,-2.460622,8.494409,8.541375,0
8,2,13,-10.076252,3.919992,-2.460622,7.849462,7.903107,0
9,2,13,-8.038126,3.919992,-2.460622,7.407710,7.466591,0
10,2,13,-6.000000,3.919992,-2.460622,7.183892,7.245668,0
11,2,13,-3.961874,3.919992,-2.460622,7.186018,7.247766,0
12,2,13,-1.923748,3.919992,-2.460622,7.414010,7.472812,0
13,2,13,0.114378,3.919992,-2.460622,7.859717,7.913247,0
14,2,13,2.152504,3.919992,-2.460622,8.508291,8.555125,0
15,2,13,4.190630,3.919992,-2.460622,9.340420,9.380013,0
16,2,13,6.228756,3.919992,-2.460622,10.334729,10.367186,0
17,2,13,8.266882,3.919992,-2.460622,11.469783,11.495598,0
18,2,13,10.305008,3.919992,-2.460622,12.725468,12.745309,0
19,2,13,12.343134,3.919992,-2.460622,14.083738,14.098313,0
20,2,13,14.381260,3.919992,-2.460622,15.528894,15.538875,0
0,3,13,-26.381260,5.958118,-2.460622,15.752984,15.762328,0
1,3,13,-24.343134,5.958118,-2.460622,14.159651,14.173962,0
2,3,13,-22.305008,5.958118,-2.460622,12.634499,12.654734,0
3,3,13,-20.266882,5.958118,-2.460622,11.191534,11.218853,0
4,3,13,-18.228756,5.958118,-2.460622,9.847753,9.883526,0
5,3,13,-16.190630,5.958118,-2.460622,8.623450,8.669200,0
6,3,13,-14.152504,5.958118,-2.460622,7.542193,7.599416,0
7,3,13,-12.114378,5.958118,-2.460622,6.630186,6.699951,0
8,3,13,-10.076252,5.958118,-2.460622,5.914681,5.996939,0
9,3,13,-8.038126,5.958118,-2.460622,5.421246,5.513991,0
10,3,13,-6.000000,5.958118,-2.460622,5.170108,5.268937,0
11,3,13,-3.961874,5.958118,-2.460622,5.172497,5.271266,0
12,3,13,-1.923748,5.958118,-2.460622,5.428303,5.520886,0
13,3,13,0.114378,5.958118,-2.460622,5.926101,6.008136,0
14,3,13,2.152504,5.958118,-2.460622,6.645527,6.715053,0
15,3,13,4.190630,5.958118,-2.460622,7.560951,7.617947,0
16,3,13,6.228756,5.958118,-2.460622,8.645118,8.690666,0
17,3,13,8.266882,5.958118,-2.460622,9.871862,9.907463,0
18,3,13,10.305008,5.958118,-2.460622,11.217674,11.244849,0
19,3,13,12.343134,5.958118,-2.460622,12.662323,12.682437,0
20,3,13,14.381260,5.958118,-2.460622,14.188870,14.203080,0
0,4,13,-26.381260,7.996244,-2.460622,14.587020,14.599893,0
1,4,13,-24.343134,7.996244,-2.460622,12.916426,12.935461,0
2,4,13,-22.305008,7.996244,-2.460622,11.306775,11.333462,0
3,4,13,-20.266882,7.996244,-2.460622,9.772177,9.808494,0
4,4,13,-18.228756,7.996244,-2.460622,8.330433,8.379001,0
5,4,13,-16.190630,7.996244,-2.460622,7.003753,7.067992,0
6,4,13,-14.152504,7.996244,-2.460622,5.819241,5.903391,0
7,4,13,-12.114378,7.996244,-2.460622,4.808705,4.917367,0
8,4,13,-10.076252,7.996244,-2.460622,4.007120,4.143635,0
9,4,13,-8.038126,7.996244,-2.460622,3.449089,3.612172,0
10,4,13,-6.000000,7.996244,-2.460622,3.163245,3.343293,0
11,4,13,-3.961874,7.996244,-2.460622,3.165971,3.345843,0
12,4,13,-1.923748,7.996244,-2.460622,3.457103,3.619749,0
13,4,13,0.114378,7.996244,-2.460622,4.019982,4.155967,0
14,4,13,2.152504,7.996244,-2.460622,4.825802,4.933967,0
15,4,13,4.190630,7.996244,-2.460622,5.839907,5.923643,0
16,4,13,6.228756,7.996244,-2.460622,7.027357,7.091267,0
17,4,13,8.266882,7.996244,-2.460622,8.356423,8.404733,0
18,4,13,10.305008,7.996244,-2.460622,9.800093,9.836208,0
19,4,13,12.343134,7.996244,-2.460622,11.336246,11.362774,0
20,4,13,14.381260,7.996244,-2.460622,12.947157,12.966063,0
0,5,13,-26.381260,10.034370,-2.460622,13.534802,13.551378,0
1,5,13,-24.343134,10.034370,-2.460622,11.787500,11.811684,0
2,5,13,-22.305008,10.034370,-2.460622,10.092234,10.126303,0
3,5,13,-20.266882,10.034370,-2.460622,8.462544,8.509817,0
4,5,13,-18.228756,10.034370,-2.460622,6.916244,6.981725,0
5,5,13,-16.190630,10.034370,-2.460622,5.476699,5.568174,0
6,5,13,-14.152504,10.034370,-2.460622,4.174144,4.304015,0
7,5,13,-12.114378,10.034370,-2.460622,3.046496,3.234310,0
8,5,13,-10.076252,10.034370,-2.460622,2.138560,2.411699,0
9,5,13,-8.038126,10.034370,-2.460622,1.497966,1.879139,0
10,5,13,-6.000000,10.034370,-2.460622,1.166704,1.634384,0
11,5,13,-3.961874,10.034370,-2.460622,1.169873,1.636917,0
12,5,13,-1.923748,10.034370,-2.460622,1.507222,1.886473,0
13,5,13,0.114378,10.034370,-2.460622,2.153237,2.424517,0
14,5,13,2.152504,10.034370,-2.460622,3.065722,3.252219,0
15,5,13,4.190630,10.034370,-2.460622,4.197035,4.326035,0
16,5,13,6.228756,10.034370,-2.460622,5.502476,5.593370,0
17,5,13,8.266882,10.034370,-2.460622,6.944272,7.009352,0
18,5,13,10.305008,10.034370,-2.460622,8.492328,8.539315,0
19,5,13,12.343134,10.034370,-2.460622,10.123393,10.157250,0
20,5,13,14.381260,10.034370,-2.460622,11.819745,11.843768,0
0,6,13,-26.381260,12.072496,-2.460622,12.611481,12.631816,0
1,6,13,-24.343134,12.072496,-2.460622,10.790571,10.820193,0
2,6,13,-22.305008,12.072496,-2.460622,9.011404,9.053701,0
3,6,13,-20.266882,12.072496,-2.460622,7.286110,7.346543,0
4,6,13,-18.228756,12.072496,-2.460622,5.631372,5.719433,0
5,6,13,-16.190630,12.072496,-2.460622,4.070311,4.204252,0
6,6,13,-14.152504,12.072496,-2.460622,2.634928,2.855019,0
7,6,13,-12.114378,12.072496,-2.460622,1.368737,1.780200,0
8,6,13,-10.076252,12.072496,-2.460622,0.330718,1.115094,0
9,6,13,-8.038126,12.072496,-2.460622,0.000282,1.879068,1
10,6,13,-6.000000,12.072496,-2.460622,0.000002,1.617027,1
11,6,13,-3.961874,12.072496,-2.460622,0.000002,2.531330,1
12,6,13,-1.923748,12.072496,-2.460622,0.000345,3.031809,1
13,6,13,0.114378,12.072496,-2.460622,0.347271,1.335999,0
14,6,13,2.152504,12.072496,-2.460622,1.390547,1.797032,0
15,6,13,4.190630,12.072496,-2.460622,2.660382,2.878220,0
16,6,13,6.228756,12.072496,-2.460622,4.098476,4.231293,0
17,6,13,8.266882,12.072496,-2.460622,5.661551,5.748966,0
18,6,13,10.305008,12.072496,-2.460622,7.317797,7.377821,0
19,6,13,12.343134,12.072496,-2.460622,9.044235,9.086254,0
20,6,13,14.381260,12.072496,-2.460622,10.824282,10.853705,0
0,7,13,-26.381260,14.110622,-2.460622,11.832640,11.856599,0
1,7,13,-24.343134,14.110622,-2.460622,9.944415,9.979504,0
2,7,13,-22.305008,14.110622,-2.460622,8.086906,8.137970,0
3,7,13,-20.266882,14.110622,-2.460622,6.269975,6.345680,0
4,7,13,-18.228756,14.110622,-2.460622,4.507808,4.625814,0
5,7,13,-16.190630,14.110622,-2.460622,2.821233,3.025668,0
6,7,13,-14.152504,14.110622,-2.460622,1.241305,1.686534,0
7,7,13,-12.114378,14.110622,-2.460622,0.011292,1.680068,0
8,7,13,-10.076252,14.110622,-2.460622,0.000000,4.239935,1
9,7,13,-8.038126,14.110622,-2.460622,0.000000,5.106914,1
10,7,13,-6.000000,14.110622,-2.460622,0.000000,5.186138,1
11,7,13,-3.961874,14.110622,-2.460622,0.000000,5.681877,1
12,7,13,-1.923748,14.110622,-2.460622,0.000000,6.043927,1
13,7,13,0.114378,14.110622,-2.460622,0.000000,5.328242,1
14,7,13,2.152504,14.110622,-2.460622,0.014903,2.684759,0
15,7,13,4.190630,14.110622,-2.460622,1.269629,1.707893,0
16,7,13,6.228756,14.110622,-2.460622,2.851921,3.053953,0
17,7,13,8.266882,14.110622,-2.460622,4.540156,4.657101,0
18,7,13,10.305008,14.110622,-2.460622,6.303513,6.378637,0
19,7,13,12.343134,14.110622,-2.460622,8.121317,8.172019,0
20,7,13,14.381260,14.110622,-2.460622,9.979481,10.014325,0
0,8,13,-26.381260,16.148748,-2.460622,11.213419,11.240617,0
1,8,13,-24.343134,16.148748,-2.460622,9.267842,9.308014,0
2,8,13,-22.305008,16.148748,-2.460622,7.342277,7.401987,0
3,8,13,-20.266882,16.148748,-2.460622,5.443719,5.535947,0
4,8,13,-18.228756,16.148748,-2.460622,3.582655,3.738674,0
5,8,13,-16.190630,16.148748,-2.460622,1.775366,2.102376,0
6,8,13,-14.152504,16.148748,-2.460622,0.093958,1.059703,0
7,8,13,-12.114378,16.148748,-2.460622,0.000000,4.785366,1
8,8,13,-10.076252,16.148748,-2.460622,0.000000,6.383771,1
9,8,13,-8.038126,16.148748,-2.460622,0.000000,7.167401,1
10,8,13,-6.000000,16.148748,-2.460622,0.000000,7.349117,1
11,8,13,-3.961874,16.148748,-2.460622,0.000000,7.689028,1
12,8,13,-1.923748,16.148748,-2.460622,0.000000,7.871874,1
13,8,13,0.114378,16.148748,-2.460622,0.000000,7.282100,1
14,8,13,2.152504,16.148748,-2.460622,0.000000,5.836159,1
15,8,13,4.190630,16.148748,-2.460622,0.114652,1.799324,0
16,8,13,6.228756,16.148748,-2.460622,1.808542,2.129969,0
17,8,13,8.266882,16.148748,-2.460622,3.617038,3.771318,0
18,8,13,10.305008,16.148748,-2.460622,5.478930,5.570354,0
19,8,13,12.343134,16.148748,-2.460622,7.378076,7.437330,0
20,8,13,14.381260,16.148748,-2.460622,9.304070,9.343952,0
0,9,13,-26.381260,18.186874,-2.460622,10.767388,10.797149,0
1,9,13,-24.343134,18.186874,-2.460622,8.778182,8.822518,0
2,9,13,-22.305008,18.186874,-2.460622,6.799992,6.867171,0
3,9,13,-20.266882,18.186874,-2.460622,4.836922,4.944766,0
4,9,13,-18.228756,18.186874,-2.460622,2.895343,3.094052,0
5,9,13,-16.190630,18.186874,-2.460622,0.985625,1.512265,0
6,9,13,-14.152504,18.186874,-2.460622,0.000000,3.702431,1
7,9,13,-12.114378,18.186874,-2.460622,0.000000,6.257588,1
8,9,13,-10.076252,18.186874,-2.460622,0.000000,7.703792,1
9,9,13,-8.038126,18.186874,-2.460622,0.000000,8.510992,1
10,9,13,-6.000000,18.186874,-2.460622,0.000000,8.812481,1
11,9,13,-3.961874,18.186874,-2.460622,0.000000,9.041333,1
12,9,13,-1.923748,18.186874,-2.460622,0.000000,9.035865,1
13,9,13,0.114378,18.186874,-2.460622,0.000000,8.441330,1
14,9,13,2.152504,18.186874,-2.460622,0.000000,7.194133,1
15,9,13,4.190630,18.186874,-2.460622,0.000001,4.776086,1
16,9,13,6.228756,18.186874,-2.460622,1.020964,1.539292,0
17,9,13,8.266882,18.186874,-2.460622,2.931411,3.127428,0
18,9,13,10.305008,18.186874,-2.460622,4.873472,4.980269,0
19,9,13,12.343134,18.186874,-2.460622,6.836873,6.903508,0
20,9,13,14.381260,18.186874,-2.460622,8.815302,8.859307,0
0,10,13,-26.381260,20.225000,-2.460622,10.505282,10.536650,0
1,10,13,-24.343134,20.225000,-2.460622,8.489465,8.536479,0
2,10,13,-22.305008,20.225000,-2.460622,6.478796,6.550979,0
3,10,13,-20.266882,20.225000,-2.460622,4.475271,4.594360,0
4,10,13,-18.228756,20.225000,-2.460622,2.482054,2.716529,0
5,10,13,-16.190630,20.225000,-2.460622,0.504833,1.224931,0
6,10,13,-14.152504,20.225000,-2.460622,0.000000,4.780167,1
7,10,13,-12.114378,20.225000,-2.460622,0.000000,7.028199,1
8,10,13,-10.076252,20.225000,-2.460622,0.000000,8.431350,1
9,10,13,-8.038126,20.225000,-2.460622,0.000000,9.293281,1
10,10,13,-6.000000,20.225000,-2.460622,0.000739,9.719285,1
11,10,13,-3.961874,20.225000,-2.460622,0.000689,9.868097,1
12,10,13,-1.923748,20.225000,-2.460622,0.000000,9.694085,1
13,10,13,0.114378,20.225000,-2.460622,0.000000,9.062923,1
14,10,13,2.152504,20.225000,-2.460622,0.000000,7.883515,1
15,10,13,4.190630,20.225000,-2.460622,0.000000,5.821474,1
16,10,13,6.228756,20.225000,-2.460622,0.541505,1.322668,0
17,10,13,8.266882,20.225000,-2.460622,2.519218,2.750056,0
18,10,13,10.305008,20.225000,-2.460622,4.512668,4.630514,0
19,10,13,12.343134,20.225000,-2.460622,6.516351,6.587924,0
20,10,13,14.381260,20.225000,-2.460622,8.527131,8.573786,0
0,11,13,-26.381260,22.263126,-2.460622,10.433820,10.465640,0
1,11,13,-24.343134,22.263126,-2.460622,8.410618,8.458395,0
2,11,13,-22.305008,22.263126,-2.460622,6.390882,6.464521,0
3,11,13,-20.266882,22.263126,-2.460622,4.375973,4.498460,0
4,11,13,-18.228756,22.263126,-2.460622,2.368057,2.614301,0
5,11,13,-16.190630,22.263126,-2.460622,0.372494,1.136746,0
6,11,13,-14.152504,22.263126,-2.460622,0.000000,5.033714,1
7,11,13,-12.114378,22.263126,-2.460622,0.000000,7.229304,1
8,11,13,-10.076252,22.263126,-2.460622,0.000000,8.626166,1
9,11,13,-8.038126,22.263126,-2.460622,0.000015,9.511954,1
10,11,13,-6.000000,22.263126,-2.460622,0.005861,9.999981,1
11,11,13,-3.961874,22.263126,-2.460622,0.005581,10.120878,1
12,11,13,-1.923748,22.263126,-2.460622,0.000013,9.874030,1
13,11,13,0.114378,22.263126,-2.460622,0.000000,9.226642,1
14,11,13,2.152504,22.263126,-2.460622,0.000000,8.061067,1
15,11,13,4.190630,22.263126,-2.460622,0.000000,6.059312,1
16,11,13,6.228756,22.263126,-2.460622,0.409140,1.325880,0
17,11,13,8.266882,22.263126,-2.460622,2.405535,2.647805,0
18,11,13,10.305008,22.263126,-2.460622,4.413609,4.534791,0
19,11,13,12.343134,22.263126,-2.460622,6.428625,6.501634,0
20,11,13,14.381260,22.263126,-2.460622,8.448436,8.495845,0
0,12,13,-26.381260,24.301252,-2.460622,10.554892,10.585949,0
1,12,13,-24.343134,24.301252,-2.460622,8.544168,8.590661,0
2,12,13,-22.305008,24.301252,-2.460622,6.539740,6.610936,0
3,12,13,-20.266882,24.301252,-2.460622,4.544027,4.660845,0
4,12,13,-18.228756,24.301252,-2.460622,2.560852,2.787725,0
5,12,13,-16.190630,24.301252,-2.460622,0.596715,1.281400,0
6,12,13,-14.152504,24.301252,-2.460622,0.000000,4.595501,1
7,12,13,-12.114378,24.301252,-2.460622,0.000000,6.886503,1
8,12,13,-10.076252,24.301252,-2.460622,0.000000,8.295410,1
9,12,13,-8.038126,24.301252,-2.460622,0.000000,9.143549,1
10,12,13,-6.000000,24.301252,-2.460622,0.000530,9.540249,1
11,12,13,-3.961874,24.301252,-2.460622,0.000497,9.706055,1
12,12,13,-1.923748,24.301252,-2.460622,0.000000,9.569696,1
13,12,13,0.114378,24.301252,-2.460622,0.000000,8.947940,1
14,12,13,2.152504,24.301252,-2.460622,0.000000,7.757816,1
15,12,13,4.190630,24.301252,-2.460622,0.000000,5.645493,1
16,12,13,6.228756,24.301252,-2.460622,0.633188,1.343287,0
17,12,13,8.266882,24.301252,-2.460622,2.597802,2.821250,0
18,12,13,10.305008,24.301252,-2.460622,4.581259,4.696876,0
19,12,13,12.343134,24.301252,-2.460622,6.577165,6.647764,0
20,12,13,14.381260,24.301252,-2.460622,8.581730,8.627869,0
0,13,13,-26.381260,26.339378,-2.460622,10.865311,10.894491,0
1,13,13,-24.343134,26.339378,-2.460622,8.885858,8.929239,0
2,13,13,-22.305008,26.339378,-2.460622,6.919498,6.984933,0
3,13,13,-20.266882,26.339378,-2.460622,4.971042,5.075117,0
4,13,13,-18.228756,26.339378,-2.460622,3.047894,3.235611,0
5,13,13,-16.190630,26.339378,-2.460622,1.161975,1.630525,0
6,13,13,-14.152504,26.339378,-2.460622,0.000003,3.214511,1
7,13,13,-12.114378,26.339378,-2.460622,0.000000,5.954058,1
8,13,13,-10.076252,26.339378,-2.460622,0.000000,7.424528,1
9,13,13,-8.038126,26.339378,-2.460622,0.000000,8.220327,1
10,13,13,-6.000000,26.339378,-2.460622,0.000000,8.489428,1
11,13,13,-3.961874,26.339378,-2.460622,0.000000,8.744126,1
12,13,13,-1.923748,26.339378,-2.460622,0.000000,8.786957,1
13,13,13,0.114378,26.339378,-2.460622,0.000000,8.199120,1
14,13,13,2.152504,26.339378,-2.460622,0.000000,6.918756,1
15,13,13,4.190630,26.339378,-2.460622,0.000006,4.287304,1
16,13,13,6.228756,26.339378,-2.460622,1.196808,1.656155,0
17,13,13,8.266882,26.339378,-2.460622,3.083574,3.268863,0
18,13,13,10.305008,26.339378,-2.460622,5.007287,5.110377,0
19,13,13,12.343134,26.339378,-2.460622,6.956136,7.021047,0
20,13,13,14.381260,26.339378,-2.460622,8.922778,8.965838,0
0,14,13,-26.381260,28.377504,-2.460622,11.357224,11.383638,0
1,14,13,-24.343134,28.377504,-2.460622,9.425289,9.464213,0
2,14,13,-22.305008,28.377504,-2.460622,7.516026,7.573567,0
3,14,13,-20.266882,28.377504,-2.460622,5.637200,5.725135,0
4,14,13,-18.228756,28.377504,-2.460622,3.800337,3.945842,0
5,14,13,-16.190630,28.377504,-2.460622,2.023083,2.311656,0
6,14,13,-14.152504,28.377504,-2.460622,0.335356,1.119538,0
7,14,13,-12.114378,28.377504,-2.460622,0.000000,4.252170,1
8,14,13,-10.076252,28.377504,-2.460622,0.000000,5.925695,1
9,14,13,-8.038126,28.377504,-2.460622,0.000000,6.716123,1
10,14,13,-6.000000,28.377504,-2.460622,0.000000,6.869704,1
11,14,13,-3.961874,28.377504,-2.460622,0.000000,7.243889,1
12,14,13,-1.923748,28.377504,-2.460622,0.000000,7.474819,1
13,14,13,0.114378,28.377504,-2.460622,0.000000,6.872092,1
14,14,13,2.152504,28.377504,-2.460622,0.000000,5.326923,1
15,14,13,4.190630,28.377504,-2.460622,0.365306,1.326463,0
16,14,13,6.228756,28.377504,-2.460622,2.055634,2.339721,0
17,14,13,8.266882,28.377504,-2.460622,3.834218,3.978188,0
18,14,13,10.305008,28.377504,-2.460622,5.672004,5.759198,0
19,14,13,12.343134,28.377504,-2.460622,7.551490,7.608601,0
20,14,13,14.381260,28.377504,-2.460622,9.461240,9.499886,0
0,15,13,-26.381260,30.415630,-2.460622,12.019044,12.042093,0
1,15,13,-24.343134,30.415630,-2.460622,10.147398,10.181093,0
2,15,13,-22.305008,30.415630,-2.460622,8.309335,8.358113,0
3,15,13,-20.266882,30.415630,-2.460622,6.515374,6.586962,0
4,15,13,-18.228756,30.415630,-2.460622,4.780478,4.889969,0
5,15,13,-16.190630,30.415630,-2.460622,3.126288,3.242001,0
6,15,13,-14.152504,30.415630,-2.460622,1.584443,2.568742,0
7,15,13,-12.114378,30.415630,-2.460622,0.208693,2.605642,0
8,15,13,-10.076252,30.415630,-2.460622,0.000000,3.486039,1
9,15,13,-8.038126,30.415630,-2.460622,0.000000,4.405670,1
10,15,13,-6.000000,30.415630,-2.460622,0.000000,4.459501,1
11,15,13,-3.961874,30.415630,-2.460622,0.000000,5.012513,1
12,15,13,-1.923748,30.415630,-2.460622,0.000000,5.415387,1
13,15,13,0.114378,30.415630,-2.460622,0.000001,4.609377,1
14,15,13,2.152504,30.415630,-2.460622,0.230935,3.882179,0
15,15,13,4.190630,30.415630,-2.460622,1.612002,3.695487,0
16,15,13,6.228756,30.415630,-2.460622,3.156319,3.803051,0
17,15,13,8.266882,30.415630,-2.460622,4.812271,4.920830,0
18,15,13,10.305008,30.415630,-2.460622,6.548445,6.619502,0
19,15,13,12.343134,30.415630,-2.460622,8.343352,8.391791,0
20,15,13,14.381260,30.415630,-2.460622,10.182129,10.215591,0
0,16,13,-26.381260,32.453756,-2.460622,12.836676,12.856044,0
1,16,13,-24.343134,32.453756,-2.460622,11.034307,11.062510,0
2,16,13,-22.305008,32.453756,-2.460622,9.276444,9.316547,0
3,16,13,-20.266882,32.453756,-2.460622,7.575664,7.585398,0
4,16,13,-18.228756,32.453756,-2.460622,5.949069,6.220273,0
5,16,13,-16.190630,32.453756,-2.460622,4.420016,5.485402,0
6,16,13,-14.152504,32.453756,-2.460622,3.020252,5.424851,0
7,16,13,-12.114378,32.453756,-2.460622,1.791990,5.634130,0
8,16,13,-10.076252,32.453756,-2.460622,0.788554,5.493028,0
9,16,13,-8.038126,32.453756,-2.460622,0.087688,1.006513,0
10,16,13,-6.000000,32.453756,-2.460622,0.021705,0.522698,0
11,16,13,-3.961874,32.453756,-2.460622,0.022044,1.632025,0
12,16,13,-1.923748,32.453756,-2.460622,0.096303,1.476939,0
13,16,13,0.114378,32.453756,-2.460622,0.804896,6.480197,0
14,16,13,2.152504,32.453756,-2.460622,1.813085,6.815435,0
15,16,13,4.190630,32.453756,-2.460622,3.045011,6.598599,0
16,16,13,6.228756,32.453756,-2.460622,4.447546,6.464784,0
17,16,13,8.266882,32.453756,-2.460622,5.978685,6.851132,0
18,16,13,10.305008,32.453756,-2.460622,7.606860,7.859844,0
19,16,13,12.343134,32.453756,-2.460622,9.308849,9.348692,0
20,16,13,14.381260,32.453756,-2.460622,11.067648,11.095661,0
0,17,13,-26.381260,34.491882,-2.460622,13.794766,13.810375,0
1,17,13,-24.343134,34.491882,-2.460622,12.067088,12.051502,0
2,17,13,-22.305008,34.491882,-2.460622,10.393895,10.468504,0
3,17,13,-20.266882,34.491882,-2.460622,8.788951,9.212164,0
4,17,13,-18.228756,34.491882,-2.460622,7.270161,8.413675,0
5,17,13,-16.190630,34.491882,-2.460622,5.860699,8.126656,0
6,17,13,-14.152504,34.491882,-2.460622,4.590076,8.192626,0
7,17,13,-12.114378,34.491882,-2.460622,3.494622,8.502966,0
8,17,13,-10.076252,34.491882,-2.460622,2.616402,8.378503,0
9,17,13,-8.038126,34.491882,-2.460622,1.999214,2.178449,0
10,17,13,-6.000000,34.491882,-2.460622,1.680960,2.024934,0
11,17,13,-3.961874,34.491882,-2.460622,1.684002,2.027414,0
12,17,13,-1.923748,34.491882,-2.460622,2.008116,2.740940,0
13,17,13,0.114378,34.491882,-2.460622,2.630567,9.276224,0
14,17,13,2.152504,34.491882,-2.460622,3.513257,9.616282,0
15,17,13,4.190630,34.491882,-2.460622,4.612360,9.370936,0
16,17,13,6.228756,34.491882,-2.460622,5.885893,9.224462,0
17,17,13,8.266882,34.491882,-2.460622,7.297650,9.323506,0
18,17,13,10.305008,34.491882,-2.460622,8.818246,9.864705,0
19,17,13,12.343134,34.491882,-2.460622,10.424617,10.858615,0
20,17,13,14.381260,34.491882,-2.460622,12.098944,12.213801,0
0,18,13,-26.381260,36.530008,-2.460622,14.877773,14.880860,0
1,18,13,-24.343134,36.530008,-2.460622,13.227161,13.394591,0
2,18,13,-22.305008,36.530008,-2.460622,11.639526,12.179905,0
3,18,13,-20.266882,36.530008,-2.460622,10.129007,11.319916,0
4,18,13,-18.228756,36.530008,-2.460622,8.713258,10.864408,0
5,18,13,-16.190630,36.530008,-2.460622,7.414045,10.764961,0
6,18,13,-14.152504,36.530008,-2.460622,6.257571,10.933812,0
7,18,13,-12.114378,36.530008,-2.460622,5.274125,11.283134,0
8,18,13,-10.076252,36.530008,-2.460622,4.496495,11.167406,0
9,18,13,-8.038126,36.530008,-2.460622,3.956624,4.778514,0
10,18,13,-6.000000,36.530008,-2.460622,3.680605,3.831749,0
11,18,13,-3.961874,36.530008,-2.460622,3.683235,3.834251,0
12,18,13,-1.923748,36.530008,-2.460622,3.964368,5.431143,0
13,18,13,0.114378,36.530008,-2.460622,4.508953,12.012324,0
14,18,13,2.152504,36.530008,-2.460622,5.290737,12.350964,0
15,18,13,4.190630,36.530008,-2.460622,6.277716,12.096829,0
16,18,13,6.228756,36.530008,-2.460622,7.437127,11.906381,0
17,18,13,8.266882,36.530008,-2.460622,8.738747,11.903974,0
18,18,13,10.305008,36.530008,-2.460622,10.156454,12.188742,0
19,18,13,12.343134,36.530008,-2.460622,11.668566,12.842372,0
20,18,13,14.381260,36.530008,-2.460622,13.257500,13.848465,0
0,19,13,-26.381260,38.568134,-2.460622,16.070758,16.327779,0
1,19,13,-24.343134,38.568134,-2.460622,14.497220,15.126892,0
2,19,13,-22.305008,38.568134,-2.460622,12.993455,14.211955,0
3,19,13,-20.266882,38.568134,-2.460622,11.573356,13.625298,0
4,19,13,-18.228756,38.568134,-2.460622,10.253628,13.362721,0
5,19,13,-16.190630,38.568134,-2.460622,9.054008,13.351153,0
6,19,13,-14.152504,38.568134,-2.460622,7.997157,13.604567,0
7,19,13,-12.114378,38.568134,-2.460622,7.107964,13.957772,0
8,19,13,-10.076252,38.568134,-2.460622,6.412003,13.845500,0
9,19,13,-8.038126,38.568134,-2.460622,5.932989,7.606752,0
10,19,13,-6.000000,38.568134,-2.460622,5.689512,5.776335,0
11,19,13,-3.961874,38.568134,-2.460622,5.691827,5.778602,0
12,19,13,-1.923748,38.568134,-2.460622,5.939834,8.275691,0
13,19,13,0.114378,38.568134,-2.460622,6.423099,14.656282,0
14,19,13,2.152504,38.568134,-2.460622,7.122903,14.993879,0
15,19,13,4.190630,38.568134,-2.460622,8.015468,14.750689,0
16,19,13,6.228756,38.568134,-2.460622,9.075213,14.514854,0
17,19,13,8.266882,38.568134,-2.460622,10.277279,14.468358,0
18,19,13,10.305008,38.568134,-2.460622,11.599056,14.619522,0
19,19,13,12.343134,38.568134,-2.460622,13.020865,15.052779,0
20,19,13,14.381260,38.568134,-2.460622,14.526054,15.794564,0
0,20,13,-26.381260,40.606260,-2.460622,17.359888,18.058642,0
1,20,13,-24.343134,40.606260,-2.460622,15.861720,17.095987,0
2,20,13,-22.305008,40.606260,-2.460622,14.438458,16.405390,0
3,20,13,-20.266882,40.606260,-2.460622,13.103326,15.998445,0
4,20,13,-18.228756,40.606260,-2.460622,11.871701,15.841091,0
5,20,13,-16.190630,40.606260,-2.460622,10.761094,15.908084,0
6,20,13,-14.152504,40.606260,-2.460622,9.790823,16.197374,0
7,20,13,-12.114378,40.606260,-2.460622,8.981251,16.537787,0
8,20,13,-10.076252,40.606260,-2.460622,8.352461,16.424298,0
9,20,13,-8.038126,40.606260,-2.460622,7.922399,10.426667,0
10,20,13,-6.000000,40.606260,-2.460622,7.704711,7.760007,0
11,20,13,-3.961874,40.606260,-2.460622,7.706778,7.762050,0
12,20,13,-1.923748,40.606260,-2.460622,7.928528,11.094810,0
13,20,13,0.114378,40.606260,-2.460622,8.362450,17.211552,0
14,20,13,2.152504,40.606260,-2.460622,8.994796,17.550607,0
15,20,13,4.190630,40.606260,-2.460622,9.807563,17.328058,0
16,20,13,6.228756,40.606260,-2.460622,10.780644,17.077324,0
17,20,13,8.266882,40.606260,-2.460622,11.893688,16.981025,0
18,20,13,10.305008,40.606260,-2.460622,13.127403,17.068162,0
19,20,13,12.343134,40.606260,-2.460622,14.464318,17.363384,0
20,20,13,14.381260,40.606260,-2.460622,15.889096,17.915999,0
0,0,14,-26.381260,-0.156260,-0.422496,19.703281,19.703771,0
1,0,14,-24.343134,-0.156260,-0.422496,18.324710,18.327857,0
2,0,14,-22.305008,-0.156260,-0.422496,17.026402,17.032444,0
3,0,14,-20.266882,-0.156260,-0.422496,15.819977,15.829134,0
4,0,14,-18.228756,-0.156260,-0.422496,14.718323,14.730771,0
5,0,14,-16.190630,-0.156260,-0.422496,13.735392,13.751219,0
6,0,14,-14.152504,-0.156260,-0.422496,12.885790,12.904953,0
7,0,14,-12.114378,-0.156260,-0.422496,12.184123,12.206390,0
8,0,14,-10.076252,-0.156260,-0.422496,11.644092,11.669001,0
9,0,14,-8.038126,-0.156260,-0.422496,11.277408,11.304255,0
10,0,14,-6.000000,-0.156260,-0.422496,11.092669,11.120541,0
11,0,14,-3.961874,-0.156260,-0.422496,11.094420,11.122282,0
12,0,14,-1.923748,-0.156260,-0.422496,11.282619,11.309437,0
13,0,14,0.114378,-0.156260,-0.422496,11.652636,11.677501,0
14,0,14,2.152504,-0.156260,-0.422496,12.195806,12.218017,0
15,0,14,4.190630,-0.156260,-0.422496,12.900370,12.919472,0
16,0,14,6.228756,-0.156260,-0.422496,13.752602,13.768365,0
17,0,14,8.266882,-0.156260,-0.422496,14.737886,14.750271,0
18,0,14,10.305008,-0.156260,-0.422496,15.841626,15.850723,0
19,0,14,12.343134,-0.156260,-0.422496,17.049884,17.055869,0
20,0,14,14.381260,-0.156260,-0.422496,18.349796,18.352890,0
0,1,14,-26.381260,1.881866,-0.422496,18.270962,18.274220,0
1,1,14,-24.343134,1.881866,-0.422496,16.821738,16.828277,0
2,1,14,-22.305008,1.881866,-0.422496,15.450009,15.460219,0
3,1,14,-20.266882,1.881866,-0.422496,14.168403,14.182683,0
4,1,14,-18.228756,1.881866,-0.422496,12.991312,13.010037,0
5,1,14,-16.190630,1.881866,-0.422496,11.934773,11.958230,0
6,1,14,-14.152504,1.881866,-0.422496,11.016077,11.044383,0
7,1,14,-12.114378,1.881866,-0.422496,10.253030,10.286021,0
8,1,14,-10.076252,1.881866,-0.422496,9.662809,9.699928,0
9,1,14,-8.038126,1.881866,-0.422496,9.260457,9.300689,0
10,1,14,-6.000000,1.881866,-0.422496,9.057232,9.099141,0
11,1,14,-3.961874,1.881866,-0.422496,9.059160,9.101053,0
12,1,14,-1.923748,1.881866,-0.422496,9.266184,9.306370,0
13,1,14,0.114378,1.881866,-0.422496,9.672168,9.709217,0
14,1,14,2.152504,1.881866,-0.422496,10.265769,10.298676,0
15,1,14,4.190630,1.881866,-0.422496,11.031889,11.060105,0
16,1,14,6.228756,1.881866,-0.422496,11.953327,11.976694,0
17,1,14,8.266882,1.881866,-0.422496,13.012277,13.030916,0
18,1,14,10.305008,1.881866,-0.422496,14.191465,14.205666,0
19,1,14,12.343134,1.881866,-0.422496,15.474884,15.485022,0
20,1,14,14.381260,1.881866,-0.422496,16.848173,16.854647,0
0,2,14,-26.381260,3.919992,-0.422496,16.913820,16.920134,0
1,2,14,-24.343134,3.919992,-0.422496,15.390427,15.400811,0
2,2,14,-22.305008,3.919992,-0.422496,13.940381,13.955464,0
3,2,14,-20.266882,3.919992,-0.422496,12.577167,12.597653,0
4,2,14,-18.228756,3.919992,-0.422496,11.316641,11.343274,0
5,2,14,-16.190630,3.919992,-0.422496,10.177067,10.210563,0
6,2,14,-14.152504,3.919992,-0.422496,9.178858,9.219755,0
7,2,14,-12.114378,3.919992,-0.422496,8.343809,8.392244,0
8,2,14,-10.076252,3.919992,-0.422496,7.693693,7.749117,0
9,2,14,-8.038126,3.919992,-0.422496,7.248189,7.309115,0
10,2,14,-6.000000,3.919992,-0.422496,7.022400,7.086378,0
11,2,14,-3.961874,3.919992,-0.422496,7.024545,7.088493,0
12,2,14,-1.923748,3.919992,-0.422496,7.254543,7.315387,0
13,2,14,0.114378,3.919992,-0.422496,7.704032,7.759336,0
14,2,14,2.152504,3.919992,-0.422496,8.357799,8.406095,0
15,2,14,4.190630,3.919992,-0.422496,9.196103,9.236858,0
16,2,14,6.228756,3.919992,-0.422496,10.197153,10.230515,0
17,2,14,8.266882,3.919992,-0.422496,11.339171,11.365683,0
18,2,14,10.305008,3.919992,-0.422496,12.601779,12.622156,0
19,2,14,12.343134,3.919992,-0.422496,13.966755,13.981743,0
20,2,14,14.381260,3.919992,-0.422496,15.418289,15.428592,0
0,3,14,-26.381260,5.958118,-0.422496,15.643306,15.652960,0
1,3,14,-24.343134,5.958118,-0.422496,14.043021,14.057740,0
2,3,14,-22.305008,5.958118,-0.422496,12.510334,12.531114,0
3,3,14,-20.266882,5.958118,-0.422496,11.059280,11.087341,0
4,3,14,-18.228756,5.958118,-0.422496,9.706956,9.743749,0
5,3,14,-16.190630,5.958118,-0.422496,8.473845,8.521009,0
6,3,14,-14.152504,5.958118,-0.422496,7.383833,7.443015,0
7,3,14,-12.114378,5.958118,-0.422496,6.463600,6.536032,0
8,3,14,-10.076252,5.958118,-0.422496,5.741016,5.826764,0
9,3,14,-8.038126,5.958118,-0.422496,5.242334,5.339356,0
10,3,14,-6.000000,5.958118,-0.422496,4.988402,5.092003,0
11,3,14,-3.961874,5.958118,-0.422496,4.990818,5.094354,0
12,3,14,-1.923748,5.958118,-0.422496,5.249469,5.346315,0
13,3,14,0.114378,5.958118,-0.422496,5.752554,5.838064,0
14,3,14,2.152504,5.958118,-0.422496,6.479087,6.551265,0
15,3,14,4.190630,5.958118,-0.422496,7.402752,7.461695,0
16,3,14,6.228756,5.958118,-0.422496,8.495678,8.542632,0
17,3,14,8.266882,5.958118,-0.422496,9.731228,9.767843,0
18,3,14,10.305008,5.958118,-0.422496,11.085577,11.113488,0
19,3,14,12.343134,5.958118,-0.422496,12.538304,12.558960,0
20,3,14,14.381260,5.958118,-0.422496,14.072376,14.086991,0
0,4,14,-26.381260,7.996244,-0.422496,14.472341,14.485591,0
1,4,14,-24.343134,7.996244,-0.422496,12.793726,12.813277,0
2,4,14,-22.305008,7.996244,-0.422496,11.175206,11.202616,0
3,4,14,-20.266882,7.996244,-0.422496,9.630867,9.668223,0
4,4,14,-18.228756,7.996244,-0.422496,8.178552,8.228660,0
5,4,14,-16.190630,7.996244,-0.422496,6.840638,6.907217,0
6,4,14,-14.152504,7.996244,-0.422496,5.644585,5.732362,0
7,4,14,-12.114378,7.996244,-0.422496,4.622820,4.737117,0
8,4,14,-10.076252,7.996244,-0.422496,3.811240,3.956248,0
9,4,14,-8.038126,7.996244,-0.422496,3.245586,3.420464,0
10,4,14,-6.000000,7.996244,-0.422496,2.955601,3.149846,0
11,4,14,-3.961874,7.996244,-0.422496,2.958367,3.152411,0
12,4,14,-1.923748,7.996244,-0.422496,3.253714,3.428095,0
13,4,14,0.114378,7.996244,-0.422496,3.824271,3.968688,0
14,4,14,2.152504,7.996244,-0.422496,4.640119,4.753873,0
15,4,14,4.190630,7.996244,-0.422496,5.665467,5.752799,0
16,4,14,6.228756,7.996244,-0.422496,6.864457,6.930688,0
17,4,14,8.266882,7.996244,-0.422496,8.204747,8.254585,0
18,4,14,10.305008,7.996244,-0.422496,9.658973,9.696121,0
19,4,14,12.343134,7.996244,-0.422496,11.204851,11.232097,0
20,4,14,14.381260,7.996244,-0.422496,12.824614,12.844034,0
0,5,14,-26.381260,10.034370,-0.422496,13.415198,13.432233,0
1,5,14,-24.343134,10.034370,-0.422496,11.658712,11.683546,0
2,5,14,-22.305008,10.034370,-0.422496,9.953073,9.988102,0
3,5,14,-20.266882,10.034370,-0.422496,8.311698,8.360453,0
4,5,14,-18.228756,10.034370,-0.422496,6.752329,6.820221,0
5,5,14,-16.190630,10.034370,-0.422496,5.298393,5.394045,0
6,5,14,-14.152504,10.034370,-0.422496,3.980435,4.118060,0
7,5,14,-12.114378,10.034370,-0.422496,2.837112,3.040297,0
8,5,14,-10.076252,10.034370,-0.422496,1.914565,2.219007,0
9,5,14,-8.038126,10.034370,-0.422496,1.262361,1.701921,0
10,5,14,-6.000000,10.034370,-0.422496,0.924604,1.476403,0
11,5,14,-3.961874,10.034370,-0.422496,0.927838,1.480096,0
12,5,14,-1.923748,10.034370,-0.422496,1.271793,1.709264,0
13,5,14,0.114378,10.034370,-0.422496,1.929494,2.231684,0
14,5,14,2.152504,10.034370,-0.422496,2.856626,3.058293,0
15,5,14,4.190630,10.034370,-0.422496,4.003619,4.140279,0
16,5,14,6.228756,10.034370,-0.422496,5.324450,5.419475,0
17,5,14,8.266882,10.034370,-0.422496,6.780615,6.848083,0
18,5,14,10.305008,10.034370,-0.422496,8.341713,8.390168,0
19,5,14,12.343134,10.034370,-0.422496,9.984438,10.019247,0
20,5,14,14.381260,10.034370,-0.422496,11.691139,11.715808,0
0,6,14,-26.381260,12.072496,-0.422496,12.487194,12.508077,0
1,6,14,-24.343134,12.072496,-0.422496,10.655879,10.686314,0
2,6,14,-22.305008,12.072496,-0.422496,8.864707,8.908275,0
3,6,14,-20.266882,12.072496,-0.422496,7.125524,7.188085,0
4,6,14,-18.228756,12.072496,-0.422496,5.454733,5.546708,0
5,6,14,-16.190630,12.072496,-0.422496,3.875258,4.017401,0
6,6,14,-14.152504,12.072496,-0.422496,2.419166,2.660015,0
7,6,14,-12.114378,12.072496,-0.422496,1.130641,1.608791,0
8,6,14,-10.076252,12.072496,-0.422496,0.104837,1.040861,0
9,6,14,-8.038126,12.072496,-0.422496,0.000004,3.424268,1
10,6,14,-6.000000,12.072496,-0.422496,0.000000,3.877424,1
11,6,14,-3.961874,12.072496,-0.422496,0.000000,5.036507,1
12,6,14,-1.923748,12.072496,-0.422496,0.000004,4.539519,1
13,6,14,0.114378,12.072496,-0.422496,0.116948,1.783986,0
14,6,14,2.152504,12.072496,-0.422496,1.152875,1.625884,0
15,6,14,4.190630,12.072496,-0.422496,2.445025,2.683220,0
16,6,14,6.228756,12.072496,-0.422496,3.903789,4.044684,0
17,6,14,8.266882,12.072496,-0.422496,5.485233,5.576515,0
18,6,14,10.305008,12.072496,-0.422496,7.157490,7.219620,0
19,6,14,12.343134,12.072496,-0.422496,8.897779,8.941057,0
20,6,14,14.381260,12.072496,-0.422496,10.689799,10.720028,0
0,7,14,-26.381260,14.110622,-0.422496,11.704107,11.728710,0
1,7,14,-24.343134,14.110622,-0.422496,9.804270,9.840354,0
2,7,14,-22.305008,14.110622,-0.422496,7.933081,7.985800,0
3,7,14,-20.266882,14.110622,-0.422496,6.099899,6.178647,0
4,7,14,-18.228756,14.110622,-0.422496,4.318294,4.442824,0
5,7,14,-16.190630,14.110622,-0.422496,2.608406,2.830886,0
6,7,14,-14.152504,14.110622,-0.422496,1.000700,1.521967,0
7,7,14,-12.114378,14.110622,-0.422496,0.000296,2.773601,1
8,7,14,-10.076252,14.110622,-0.422496,0.000000,5.479378,1
9,7,14,-8.038126,14.110622,-0.422496,0.000000,6.664355,1
10,7,14,-6.000000,14.110622,-0.422496,0.000000,6.662676,1
11,7,14,-3.961874,14.110622,-0.422496,0.000000,7.588839,1
12,7,14,-1.923748,14.110622,-0.422496,0.000000,7.598796,1
13,7,14,0.114378,14.110622,-0.422496,0.000000,6.497347,1
14,7,14,2.152504,14.110622,-0.422496,0.000433,3.831875,1
15,7,14,4.190630,14.110622,-0.422496,1.029586,1.544758,0
16,7,14,6.228756,14.110622,-0.422496,2.639569,2.859247,0
17,7,14,8.266882,14.110622,-0.422496,4.351039,4.474403,0
18,7,14,10.305008,14.110622,-0.422496,6.133768,6.211898,0
19,7,14,12.343134,14.110622,-0.422496,7.967770,8.020110,0
20,7,14,14.381260,14.110622,-0.422496,9.839570,9.875401,0
0,8,14,-26.381260,16.148748,-0.422496,11.081296,11.109232,0
1,8,14,-24.343134,16.148748,-0.422496,9.123006,9.164364,0
2,8,14,-22.305008,16.148748,-0.422496,7.182185,7.243984,0
3,8,14,-20.266882,16.148748,-0.422496,5.265053,5.361517,0
4,8,14,-18.228756,16.148748,-0.422496,3.381030,3.547912,0
5,8,14,-16.190630,16.148748,-0.422496,1.544934,1.915900,0
6,8,14,-14.152504,16.148748,-0.422496,0.007785,1.925218,1
7,8,14,-12.114378,16.148748,-0.422496,0.000000,5.769507,1
8,8,14,-10.076252,16.148748,-0.422496,0.000000,7.544016,1
9,8,14,-8.038126,16.148748,-0.422496,0.000000,8.370088,1
10,8,14,-6.000000,16.148748,-0.422496,0.000000,8.471216,1
11,8,14,-3.961874,16.148748,-0.422496,0.000000,9.149342,1
12,8,14,-1.923748,16.148748,-0.422496,0.000000,9.118312,1
13,8,14,0.114378,16.148748,-0.422496,0.000000,8.383383,1
14,8,14,2.152504,16.148748,-0.422496,0.000000,6.755832,1
15,8,14,4.190630,16.148748,-0.422496,0.011291,2.901733,0
16,8,14,6.228756,16.148748,-0.422496,1.578714,1.942809,0
17,8,14,8.266882,16.148748,-0.422496,3.415891,3.580810,0
18,8,14,10.305008,16.148748,-0.422496,5.300648,5.396245,0
19,8,14,12.343134,16.148748,-0.422496,7.218296,7.279616,0
20,8,14,14.381260,16.148748,-0.422496,9.159494,9.200550,0
0,9,14,-26.381260,18.186874,-0.422496,10.632553,10.663131,0
1,9,14,-24.343134,18.186874,-0.422496,8.629750,8.675441,0
2,9,14,-22.305008,18.186874,-0.422496,6.635002,6.704692,0
3,9,14,-20.266882,18.186874,-0.422496,4.651371,4.764774,0
4,9,14,-18.228756,18.186874,-0.422496,2.683661,2.899470,0
5,9,14,-16.190630,18.186874,-0.422496,0.739843,1.362424,0
6,9,14,-14.152504,18.186874,-0.422496,0.000000,4.548959,1
7,9,14,-12.114378,18.186874,-0.422496,0.000000,7.242809,1
8,9,14,-10.076252,18.186874,-0.422496,0.000000,8.728381,1
9,9,14,-8.038126,18.186874,-0.422496,0.000000,9.483477,1
10,9,14,-6.000000,18.186874,-0.422496,0.000048,9.702016,1
11,9,14,-3.961874,18.186874,-0.422496,0.000044,10.144690,1
12,9,14,-1.923748,18.186874,-0.422496,0.000000,10.036609,1
13,9,14,0.114378,18.186874,-0.422496,0.000000,9.381066,1
14,9,14,2.152504,18.186874,-0.422496,0.000000,8.111177,1
15,9,14,4.190630,18.186874,-0.422496,0.000000,5.577536,1
16,9,14,6.228756,18.186874,-0.422496,0.775906,1.402233,0
17,9,14,8.266882,18.186874,-0.422496,2.720282,2.932964,0
18,9,14,10.305008,18.186874,-0.422496,4.688350,4.800612,0
19,9,14,12.343134,18.186874,-0.422496,6.672226,6.741339,0
20,9,14,14.381260,18.186874,-0.422496,8.667149,8.712494,0
0,10,14,-26.381260,20.225000,-0.422496,10.368800,10.401037,0
1,10,14,-24.343134,20.225000,-0.422496,8.338828,8.387312,0
2,10,14,-22.305008,20.225000,-0.422496,6.310762,6.385761,0
3,10,14,-20.266882,20.225000,-0.422496,4.285356,4.411077,0
4,10,14,-18.228756,20.225000,-0.422496,2.263822,2.521710,0
5,10,14,-16.190630,20.225000,-0.422496,0.254928,1.045160,0
6,10,14,-14.152504,20.225000,-0.422496,0.000000,5.606945,1
7,10,14,-12.114378,20.225000,-0.422496,0.000000,7.986290,1
8,10,14,-10.076252,20.225000,-0.422496,0.000000,9.340712,1
9,10,14,-8.038126,20.225000,-0.422496,0.000083,10.121030,1
10,10,14,-6.000000,20.225000,-0.422496,0.138713,10.351094,0
11,10,14,-3.961874,20.225000,-0.422496,0.127971,10.588213,0
12,10,14,-1.923748,20.225000,-0.422496,0.000067,10.518939,1
13,10,14,0.114378,20.225000,-0.422496,0.000000,9.871878,1
14,10,14,2.152504,20.225000,-0.422496,0.000000,8.770209,1
15,10,14,4.190630,20.225000,-0.422496,0.000000,6.589425,1
16,10,14,6.228756,20.225000,-0.422496,0.290325,1.403972,0
17,10,14,8.266882,20.225000,-0.422496,2.301592,2.555160,0
18,10,14,10.305008,20.225000,-0.422496,4.323214,4.447568,0
19,10,14,12.343134,20.225000,-0.422496,6.348678,6.423029,0
20,10,14,14.381260,20.225000,-0.422496,8.376785,8.424894,0
0,11,14,-26.381260,22.263126,-0.422496,10.296882,10.329586,0
1,11,14,-24.343134,22.263126,-0.422496,8.259366,8.308648,0
2,11,14,-22.305008,22.263126,-0.422496,6.221994,6.298542,0
3,11,14,-20.266882,22.263126,-0.422496,4.184823,4.314287,0
4,11,14,-18.228756,22.263126,-0.422496,2.147946,2.419890,0
5,11,14,-16.190630,22.263126,-0.422496,0.137405,1.012005,0
6,11,14,-14.152504,22.263126,-0.422496,0.000000,5.865066,1
7,11,14,-12.114378,22.263126,-0.422496,0.000000,8.177263,1
8,11,14,-10.076252,22.263126,-0.422496,0.000000,9.496968,1
9,11,14,-8.038126,22.263126,-0.422496,0.001246,10.299827,1
10,11,14,-6.000000,22.263126,-0.422496,0.127454,10.892954,0
11,11,14,-3.961874,22.263126,-0.422496,0.124002,11.005419,0
12,11,14,-1.923748,22.263126,-0.422496,0.001061,10.643999,1
13,11,14,0.114378,22.263126,-0.422496,0.000000,10.006571,1
14,11,14,2.152504,22.263126,-0.422496,0.000000,8.935723,1
15,11,14,4.190630,22.263126,-0.422496,0.000000,6.832456,1
16,11,14,6.228756,22.263126,-0.422496,0.167639,1.623287,0
17,11,14,8.266882,22.263126,-0.422496,2.186045,2.453236,0
18,11,14,10.305008,22.263126,-0.422496,4.222929,4.350954,0
19,11,14,12.343134,22.263126,-0.422496,6.260105,6.335982,0
20,11,14,14.381260,22.263126,-0.422496,8.297480,8.346377,0
0,12,14,-26.381260,24.301252,-0.422496,10.418724,10.450640,0
1,12,14,-24.343134,24.301252,-0.422496,8.393954,8.441894,0
2,12,14,-22.305008,24.301252,-0.422496,6.372291,6.446242,0
3,12,14,-20.266882,24.301252,-0.422496,4.354957,4.478183,0
4,12,14,-18.228756,24.301252,-0.422496,2.343900,2.592764,0
5,12,14,-16.190630,24.301252,-0.422496,0.344659,1.116210,0
6,12,14,-14.152504,24.301252,-0.422496,0.000000,5.421127,1
7,12,14,-12.114378,24.301252,-0.422496,0.000000,7.850950,1
8,12,14,-10.076252,24.301252,-0.422496,0.000000,9.229428,1
9,12,14,-8.038126,24.301252,-0.422496,0.000074,9.999673,1
10,12,14,-6.000000,24.301252,-0.422496,0.075136,10.401442,0
11,12,14,-3.961874,24.301252,-0.422496,0.069324,10.674318,0
12,12,14,-1.923748,24.301252,-0.422496,0.000060,10.431009,1
13,12,14,0.114378,24.301252,-0.422496,0.000000,9.776461,1
14,12,14,2.152504,24.301252,-0.422496,0.000000,8.651869,1
15,12,14,4.190630,24.301252,-0.422496,0.000000,6.413549,1
16,12,14,6.228756,24.301252,-0.422496,0.381208,1.334921,0
17,12,14,8.266882,24.301252,-0.422496,2.381445,2.626258,0
18,12,14,10.305008,24.301252,-0.422496,4.392644,4.514551,0
19,12,14,12.343134,24.301252,-0.422496,6.410074,6.483391,0
20,12,14,14.381260,24.301252,-0.422496,8.431805,8.479375,0
0,13,14,-26.381260,26.339378,-0.422496,10.731080,10.761059,0
1,13,14,-24.343134,26.339378,-0.422496,8.738232,8.782928,0
2,13,14,-22.305008,26.339378,-0.422496,6.755614,6.823456,0
3,13,14,-20.266882,26.339378,-0.422496,4.787058,4.896356,0
4,13,14,-18.228756,26.339378,-0.422496,2.838530,3.041605,0
5,13,14,-16.190630,26.339378,-0.422496,0.919782,1.470993,0
6,13,14,-14.152504,26.339378,-0.422496,0.000000,4.092691,1
7,13,14,-12.114378,26.339378,-0.422496,0.000000,6.945034,1
8,13,14,-10.076252,26.339378,-0.422496,0.000000,8.484363,1
9,13,14,-8.038126,26.339378,-0.422496,0.000000,9.244461,1
10,13,14,-6.000000,26.339378,-0.422496,0.000002,9.429761,1
11,13,14,-3.961874,26.339378,-0.422496,0.000002,9.931892,1
12,13,14,-1.923748,26.339378,-0.422496,0.000000,9.845786,1
13,13,14,0.114378,26.339378,-0.422496,0.000000,9.184847,1
14,13,14,2.152504,26.339378,-0.422496,0.000000,7.841904,1
15,13,14,4.190630,26.339378,-0.422496,0.000000,5.132715,1
16,13,14,6.228756,26.339378,-0.422496,0.955315,1.498702,0
17,13,14,8.266882,26.339378,-0.422496,2.874745,3.075019,0
18,13,14,10.305008,26.339378,-0.422496,4.823722,4.931948,0
19,13,14,12.343134,26.339378,-0.422496,6.792587,6.859876,0
20,13,14,14.381260,26.339378,-0.422496,8.775427,8.819788,0
0,14,14,-26.381260,28.377504,-0.422496,11.225953,11.253082,0
1,14,14,-24.343134,28.377504,-0.422496,9.281572,9.321634,0
2,14,14,-22.305008,28.377504,-0.422496,7.357441,7.416957,0
3,14,14,-20.266882,28.377504,-0.422496,5.460623,5.552463,0
4,14,14,-18.228756,28.377504,-0.422496,3.601700,3.756752,0
5,14,14,-16.190630,28.377504,-0.422496,1.797082,2.120396,0
6,14,14,-14.152504,28.377504,-0.422496,0.106259,1.050477,0
7,14,14,-12.114378,28.377504,-0.422496,0.000000,5.212827,1
8,14,14,-10.076252,28.377504,-0.422496,0.000000,7.117227,1
9,14,14,-8.038126,28.377504,-0.422496,0.000000,8.012523,1
10,14,14,-6.000000,28.377504,-0.422496,0.000000,8.068563,1
11,14,14,-3.961874,28.377504,-0.422496,0.000000,8.809602,1
12,14,14,-1.923748,28.377504,-0.422496,0.000000,8.793018,1
13,14,14,0.114378,28.377504,-0.422496,0.000000,8.004416,1
14,14,14,2.152504,28.377504,-0.422496,0.000000,6.230243,1
15,14,14,4.190630,28.377504,-0.422496,0.129094,1.934184,0
16,14,14,6.228756,28.377504,-0.422496,1.830202,2.148034,0
17,14,14,8.266882,28.377504,-0.422496,3.636038,3.789370,0
18,14,14,10.305008,28.377504,-0.422496,5.495798,5.586841,0
19,14,14,12.343134,28.377504,-0.422496,7.393210,7.452274,0
20,14,14,14.381260,28.377504,-0.422496,9.317777,9.357549,0
0,15,14,-26.381260,30.415630,-0.422496,11.891553,11.915222,0
1,15,14,-24.343134,30.415630,-0.422496,10.008601,10.043243,0
2,15,14,-22.305008,30.415630,-0.422496,8.157288,8.207615,0
3,15,14,-20.266882,30.415630,-0.422496,6.347691,6.422059,0
4,15,14,-18.228756,30.415630,-0.422496,4.594259,4.659498,0
5,15,14,-16.190630,30.415630,-0.422496,2.918096,3.768497,0
6,15,14,-14.152504,30.415630,-0.422496,1.350475,4.656654,0
7,15,14,-12.114378,30.415630,-0.422496,0.029753,5.440781,0
8,15,14,-10.076252,30.415630,-0.422496,0.000000,4.902815,1
9,15,14,-8.038126,30.415630,-0.422496,0.000000,6.692274,1
10,15,14,-6.000000,30.415630,-0.422496,0.000000,6.386892,1
11,15,14,-3.961874,30.415630,-0.422496,0.000000,7.505779,1
12,15,14,-1.923748,30.415630,-0.422496,0.000000,7.658876,1
13,15,14,0.114378,30.415630,-0.422496,0.000000,5.976219,1
14,15,14,2.152504,30.415630,-0.422496,0.039159,6.701647,0
15,15,14,4.190630,30.415630,-0.422496,1.378551,5.862043,0
16,15,14,6.228756,30.415630,-0.422496,2.948572,4.731299,0
17,15,14,8.266882,30.415630,-0.422496,4.626429,5.014700,0
18,15,14,10.305008,30.415630,-0.422496,6.381080,6.454883,0
19,15,14,12.343134,30.415630,-0.422496,8.191573,8.241546,0
20,15,14,14.381260,30.415630,-0.422496,10.043560,10.077961,0
0,16,14,-26.381260,32.453756,-0.422496,12.713565,12.733457,0
1,16,14,-24.343134,32.453756,-0.422496,10.901109,10.930079,0
2,16,14,-22.305008,32.453756,-0.422496,9.131670,9.137362,0
3,16,14,-20.266882,32.453756,-0.422496,7.417590,7.552718,0
4,16,14,-18.228756,32.453756,-0.422496,5.775757,6.600595,0
5,16,14,-16.190630,32.453756,-0.422496,4.229416,6.657196,0
6,16,14,-14.152504,32.453756,-0.422496,2.810472,7.783024,0
7,16,14,-12.114378,32.453756,-0.422496,1.561861,9.639419,0
8,16,14,-10.076252,32.453756,-0.422496,0.538647,11.744396,0
9,16,14,-8.038126,32.453756,-0.422496,0.027725,12.316197,0
10,16,14,-6.000000,32.453756,-0.422496,0.006937,10.991255,1
11,16,14,-3.961874,32.453756,-0.422496,0.006817,11.971215,1
12,16,14,-1.923748,32.453756,-0.422496,0.027381,13.314191,0
13,16,14,0.114378,32.453756,-0.422496,0.555329,12.751946,0
14,16,14,2.152504,32.453756,-0.422496,1.583339,10.792433,0
15,16,14,4.190630,32.453756,-0.422496,2.835604,9.002639,0
16,16,14,6.228756,32.453756,-0.422496,4.257288,7.796473,0
17,16,14,8.266882,32.453756,-0.422496,5.805678,7.453545,0
18,16,14,10.305008,32.453756,-0.422496,7.449053,8.019480,0
19,16,14,12.343134,32.453756,-0.422496,9.164306,9.269926,0
20,16,14,14.381260,32.453756,-0.422496,10.934651,10.963427,0
0,17,14,-26.381260,34.491882,-0.422496,13.676418,13.682713,0
1,17,14,-24.343134,34.491882,-0.422496,11.939863,11.947044,0
2,17,14,-22.305008,34.491882,-0.422496,10.256701,10.490904,0
3,17,14,-20.266882,34.491882,-0.422496,8.640600,9.487864,0
4,17,14,-18.228756,34.491882,-0.422496,7.109434,9.141123,0
5,17,14,-16.190630,34.491882,-0.422496,5.686475,9.573023,0
6,17,14,-14.152504,34.491882,-0.422496,4.401568,10.719854,0
7,17,14,-12.114378,34.491882,-0.422496,3.291763,12.362303,0
8,17,14,-10.076252,34.491882,-0.422496,2.400343,14.175478,0
9,17,14,-8.038126,34.491882,-0.422496,1.772793,15.979024,0
10,17,14,-6.000000,34.491882,-0.422496,1.448794,17.150703,0
11,17,14,-3.961874,34.491882,-0.422496,1.451892,17.747883,0
12,17,14,-1.923748,34.491882,-0.422496,1.781852,16.881354,0
13,17,14,0.114378,34.491882,-0.422496,2.414736,15.182717,0
14,17,14,2.152504,34.491882,-0.422496,3.310661,13.517626,0
15,17,14,4.190630,34.491882,-0.422496,4.424123,11.942319,0
16,17,14,6.228756,34.491882,-0.422496,5.711930,10.768315,0
17,17,14,8.266882,34.491882,-0.422496,7.137166,10.188565,0
18,17,14,10.305008,34.491882,-0.422496,8.670115,10.286053,0
19,17,14,12.343134,34.491882,-0.422496,10.287620,11.006964,0
20,17,14,14.381260,34.491882,-0.422496,11.971895,12.207240,0
0,18,14,-26.381260,36.530008,-0.422496,14.764383,14.821902,0
1,18,14,-24.343134,36.530008,-0.422496,13.106037,13.430367,0
2,18,14,-22.305008,36.530008,-0.422496,11.509895,12.384281,0
3,18,14,-20.266882,36.530008,-0.422496,9.990089,11.807256,0
4,18,14,-18.228756,36.530008,-0.422496,8.564336,11.800010,0
5,18,14,-16.190630,36.530008,-0.422496,7.254579,12.386869,0
6,18,14,-14.152504,36.530008,-0.422496,6.087372,13.491312,0
7,18,14,-12.114378,36.530008,-0.422496,5.093587,14.950954,0
8,18,14,-10.076252,36.530008,-0.422496,4.306841,16.501813,0
9,18,14,-8.038126,36.530008,-0.422496,3.760077,18.091868,0
10,18,14,-6.000000,36.530008,-0.422496,3.480335,19.038861,0
11,18,14,-3.961874,36.530008,-0.422496,3.483002,19.663572,0
12,18,14,-1.923748,36.530008,-0.422496,3.767924,19.016044,0
13,18,14,0.114378,36.530008,-0.422496,4.319453,17.530116,0
14,18,14,2.152504,36.530008,-0.422496,5.110384,16.101238,0
15,18,14,4.190630,36.530008,-0.422496,6.107717,14.711777,0
16,18,14,6.228756,36.530008,-0.422496,7.277862,13.606359,0
17,18,14,8.266882,36.530008,-0.422496,8.590018,12.937129,0
18,18,14,10.305008,36.530008,-0.422496,10.017717,12.784096,0
19,18,14,12.343134,36.530008,-0.422496,11.539101,13.150781,0
20,18,14,14.381260,36.530008,-0.422496,13.136527,13.974495,0
0,19,14,-26.381260,38.568134,-0.422496,15.962368,16.363664,0
1,19,14,-24.343134,38.568134,-0.422496,14.382136,15.281375,0
2,19,14,-22.305008,38.568134,-0.422496,12.871150,14.555826,0
3,19,14,-20.266882,38.568134,-0.422496,11.443344,14.262280,0
4,19,14,-18.228756,38.568134,-0.422496,10.115526,14.444129,0
5,19,14,-16.190630,38.568134,-0.422496,8.907624,15.090598,0
6,19,14,-14.152504,38.568134,-0.422496,7.842603,16.130343,0
7,19,14,-12.114378,38.568134,-0.422496,6.945792,17.432980,0
8,19,14,-10.076252,38.568134,-0.422496,6.243320,18.770738,0
9,19,14,-8.038126,38.568134,-0.422496,5.759512,20.191229,0
10,19,14,-6.000000,38.568134,-0.422496,5.513491,20.954785,0
11,19,14,-3.961874,38.568134,-0.422496,5.515831,21.601106,0
12,19,14,-1.923748,38.568134,-0.422496,5.766428,21.131431,0
13,19,14,0.114378,38.568134,-0.422496,6.254524,19.831175,0
14,19,14,2.152504,38.568134,-0.422496,6.960865,18.574940,0
15,19,14,4.190630,38.568134,-0.422496,7.861063,17.346010,0
16,19,14,6.228756,38.568134,-0.422496,8.928984,16.321001,0
17,19,14,8.266882,38.568134,-0.422496,10.139331,15.628501,0
18,19,14,10.305008,38.568134,-0.422496,11.469192,15.340839,0
19,19,14,12.343134,38.568134,-0.422496,12.898699,15.481134,0
20,19,14,14.381260,38.568134,-0.422496,14.411100,16.027390,0
0,20,14,-26.381260,40.606260,-0.422496,17.256429,18.177222,0
1,20,14,-24.343134,40.606260,-0.422496,15.752487,17.347720,0
2,20,14,-22.305008,40.606260,-0.422496,14.323108,16.857616,0
3,20,14,-20.266882,40.606260,-0.422496,12.981579,16.749115,0
4,20,14,-18.228756,40.606260,-0.422496,11.743388,17.036500,0
5,20,14,-16.190630,40.606260,-0.422496,10.626220,17.696493,0
6,20,14,-14.152504,40.606260,-0.422496,9.649640,18.665304,0
7,20,14,-12.114378,40.606260,-0.422496,8.834332,19.833064,0
8,20,14,-10.076252,40.606260,-0.422496,8.200754,21.007086,0
9,20,14,-8.038126,40.606260,-0.422496,7.767232,22.279681,0
10,20,14,-6.000000,40.606260,-0.422496,7.547732,22.891534,0
11,20,14,-3.961874,40.606260,-0.422496,7.549817,23.555192,0
12,20,14,-1.923748,40.606260,-0.422496,7.773412,23.232178,0
13,20,14,0.114378,40.606260,-0.422496,8.210821,22.083992,0
14,20,14,2.152504,40.606260,-0.422496,8.847977,20.965122,0
15,20,14,4.190630,40.606260,-0.422496,9.666494,19.874481,0
16,20,14,6.228756,40.606260,-0.422496,10.645891,18.930913,0
17,20,14,8.266882,40.606260,-0.422496,11.765498,18.247504,0
18,20,14,10.305008,40.606260,-0.422496,13.005777,17.889232,0
19,20,14,12.343134,40.606260,-0.422496,14.349085,17.885683,0
20,20,14,14.381260,40.606260,-0.422496,15.779974,18.234745,0
0,0,15,-26.381260,-0.156260,1.615630,19.742741,19.743160,0
1,0,15,-24.343134,-0.156260,1.615630,18.366017,18.369078,0
2,0,15,-22.305008,-0.156260,1.615630,17.069613,17.075552,0
3,0,15,-20.266882,-0.156260,1.615630,15.865122,15.874154,0
4,0,15,-18.228756,-0.156260,1.615630,14.765392,14.777689,0
5,0,15,-16.190630,-0.156260,1.615630,13.784321,13.799968,0
6,0,15,-14.152504,-0.156260,1.615630,12.936449,12.955400,0
7,0,15,-12.114378,-0.156260,1.615630,12.236306,12.258329,0
8,0,15,-10.076252,-0.156260,1.615630,11.697512,11.722149,0
9,0,15,-8.038126,-0.156260,1.615630,11.331701,11.358254,0
10,0,15,-6.000000,-0.156260,1.615630,11.147413,11.174978,0
11,0,15,-3.961874,-0.156260,1.615630,11.149160,11.176715,0
12,0,15,-1.923748,-0.156260,1.615630,11.336899,11.363423,0
13,0,15,0.114378,-0.156260,1.615630,11.706035,11.730629,0
14,0,15,2.152504,-0.156260,1.615630,12.247962,12.269932,0
15,0,15,4.190630,-0.156260,1.615630,12.950998,12.969889,0
16,0,15,6.228756,-0.156260,1.615630,13.801497,13.817081,0
17,0,15,8.266882,-0.156260,1.615630,14.784920,14.797154,0
18,0,15,10.305008,-0.156260,1.615630,15.886734,15.895707,0
19,0,15,12.343134,-0.156260,1.615630,17.093059,17.098941,0
20,0,15,14.381260,-0.156260,1.615630,18.391067,18.394077,0
0,1,15,-26.381260,1.881866,1.615630,18.312344,18.315516,0
1,1,15,-24.343134,1.881866,1.615630,16.865266,16.871698,0
2,1,15,-22.305008,1.881866,1.615630,15.495782,15.505859,0
3,1,15,-20.266882,1.881866,1.615630,14.216494,14.230608,0
4,1,15,-18.228756,1.881866,1.615630,13.041750,13.060267,0
5,1,15,-16.190630,1.881866,1.615630,11.987520,12.010721,0
6,1,15,-14.152504,1.881866,1.615630,11.071010,11.099004,0
7,1,15,-12.114378,1.881866,1.615630,10.309922,10.342540,0
8,1,15,-10.076252,1.881866,1.615630,9.721315,9.758002,0
9,1,15,-8.038126,1.881866,1.615630,9.320116,9.359870,0
10,1,15,-6.000000,1.881866,1.615630,9.117491,9.158895,0
11,1,15,-3.961874,1.881866,1.615630,9.119414,9.160801,0
12,1,15,-1.923748,1.881866,1.615630,9.325826,9.365534,0
13,1,15,0.114378,1.881866,1.615630,9.730647,9.767267,0
14,1,15,2.152504,1.881866,1.615630,10.322627,10.355163,0
15,1,15,4.190630,1.881866,1.615630,11.086783,11.114688,0
16,1,15,6.228756,1.881866,1.615630,12.006031,12.029143,0
17,1,15,8.266882,1.881866,1.615630,13.062671,13.081103,0
18,1,15,10.305008,1.881866,1.615630,14.239513,14.253548,0
19,1,15,12.343134,1.881866,1.615630,15.520615,15.530620,0
20,1,15,14.381260,1.881866,1.615630,16.891660,16.898027,0
0,2,15,-26.381260,3.919992,1.615630,16.957204,16.963413,0
1,2,15,-24.343134,3.919992,1.615630,15.436303,15.446553,0
2,2,15,-22.305008,3.919992,1.615630,13.988910,14.003820,0
3,2,15,-20.266882,3.919992,1.615630,12.628486,12.648746,0
4,2,15,-18.228756,3.919992,1.615630,11.370839,11.397180,0
5,2,15,-16.190630,3.919992,1.615630,10.234162,10.267278,0
6,2,15,-14.152504,3.919992,1.615630,9.238757,9.279165,0
7,2,15,-12.114378,3.919992,1.615630,8.406274,8.454093,0
8,2,15,-10.076252,3.919992,1.615630,7.758312,7.812989,0
9,2,15,-8.038126,3.919992,1.615630,7.314372,7.374439,0
10,2,15,-6.000000,3.919992,1.615630,7.089405,7.152458,0
11,2,15,-3.961874,3.919992,1.615630,7.091542,7.154565,0
12,2,15,-1.923748,3.919992,1.615630,7.320704,7.380690,0
13,2,15,0.114378,3.919992,1.615630,7.768616,7.823175,0
14,2,15,2.152504,3.919992,1.615630,8.420218,8.467902,0
15,2,15,4.190630,3.919992,1.615630,9.255950,9.296219,0
16,2,15,6.228756,3.919992,1.615630,10.254195,10.287178,0
17,2,15,8.266882,3.919992,1.615630,11.393315,11.419536,0
18,2,15,10.305008,3.919992,1.615630,12.653044,12.673198,0
19,2,15,12.343134,3.919992,1.615630,14.015232,14.030049,0
20,2,15,14.381260,3.919992,1.615630,15.464117,15.474286,0
0,3,15,-26.381260,5.958118,1.615630,15.688749,15.698274,0
1,3,15,-24.343134,5.958118,1.615630,14.091352,14.105901,0
2,3,15,-22.305008,5.958118,1.615630,12.561797,12.582349,0
3,3,15,-20.266882,5.958118,1.615630,11.114107,11.141858,0
4,3,15,-18.228756,5.958118,1.615630,9.765338,9.801704,0
5,3,15,-16.190630,5.958118,1.615630,8.535895,8.582466,0
6,3,15,-14.152504,5.958118,1.615630,7.449532,7.507891,0
7,3,15,-12.114378,5.958118,1.615630,6.532730,6.604039,0
8,3,15,-10.076252,5.958118,1.615630,5.813101,5.897376,0
9,3,15,-8.038126,5.958118,1.615630,5.316610,5.411823,0
10,3,15,-6.000000,5.958118,1.615630,5.063846,5.165426,0
11,3,15,-3.961874,5.958118,1.615630,5.066251,5.167768,0
12,3,15,-1.923748,5.958118,1.615630,5.323713,5.418755,0
13,3,15,0.114378,5.958118,1.615630,5.824590,5.908633,0
14,3,15,2.152504,5.958118,1.615630,6.548156,6.619217,0
15,3,15,4.190630,5.958118,1.615630,7.468384,7.526509,0
16,3,15,6.228756,5.958118,1.615630,8.557659,8.604025,0
17,3,15,8.266882,5.958118,1.615630,9.789542,9.825733,0
18,3,15,10.305008,5.958118,1.615630,11.140338,11.167942,0
19,3,15,12.343134,5.958118,1.615630,12.589706,12.610136,0
20,3,15,14.381260,5.958118,1.615630,14.120650,14.135097,0
0,4,15,-26.381260,7.996244,1.615630,14.519861,14.532954,0
1,4,15,-24.343134,7.996244,1.615630,12.844580,12.863915,0
2,4,15,-22.305008,7.996244,1.615630,11.229748,11.256856,0
3,4,15,-20.266882,7.996244,1.615630,9.689462,9.726384,0
4,4,15,-18.228756,7.996244,1.615630,8.241551,8.291012,0
5,4,15,-16.190630,7.996244,1.615630,6.908320,6.973915,0
6,4,15,-14.152504,7.996244,1.615630,5.717083,5.803329,0
7,4,15,-12.114378,7.996244,1.615630,4.700011,4.811916,0
8,4,15,-10.076252,7.996244,1.615630,3.892613,4.033994,0
9,4,15,-8.038126,7.996244,1.615630,3.330151,3.499966,0
10,4,15,-6.000000,7.996244,1.615630,3.041901,3.230031,0
11,4,15,-3.961874,7.996244,1.615630,3.044650,3.232591,0
12,4,15,-1.923748,7.996244,1.615630,3.338231,3.507575,0
13,4,15,0.114378,7.996244,1.615630,3.905573,4.046390,0
14,4,15,2.152504,7.996244,1.615630,4.717225,4.828608,0
15,4,15,4.190630,7.996244,1.615630,5.737875,5.823689,0
16,4,15,6.228756,7.996244,1.615630,6.932049,6.997304,0
17,4,15,8.266882,7.996244,1.615630,8.267660,8.316857,0
18,4,15,10.305008,7.996244,1.615630,9.717490,9.754205,0
19,4,15,12.343134,7.996244,1.615630,11.259320,11.286266,0
20,4,15,14.381260,7.996244,1.615630,12.875402,12.894608,0
0,5,15,-26.381260,10.034370,1.615630,13.464765,13.481609,0
1,5,15,-24.343134,10.034370,1.615630,11.712097,11.736660,0
2,5,15,-22.305008,10.034370,1.615630,10.010774,10.045401,0
3,5,15,-20.266882,10.034370,1.615630,8.374265,8.422399,0
4,5,15,-18.228756,10.034370,1.615630,6.820345,6.887223,0
5,5,15,-16.190630,10.034370,1.615630,5.372417,5.466302,0
6,5,15,-14.152504,10.034370,1.615630,4.060899,4.195218,0
7,5,15,-12.114378,10.034370,1.615630,2.924142,3.120696,0
8,5,15,-10.076252,10.034370,1.615630,2.007726,2.298463,0
9,5,15,-8.038126,10.034370,1.615630,1.360403,1.774174,0
10,5,15,-6.000000,10.034370,1.615630,1.025380,1.540753,0
11,5,15,-3.961874,10.034370,1.615630,1.028587,1.543660,0
12,5,15,-1.923748,10.034370,1.615630,1.369761,1.781451,0
13,5,15,0.114378,10.034370,1.615630,2.022550,2.311209,0
14,5,15,2.152504,10.034370,1.615630,2.943535,3.138660,0
15,5,15,4.190630,10.034370,1.615630,4.083960,4.217355,0
16,5,15,6.228756,10.034370,1.615630,5.398357,5.491634,0
17,5,15,8.266882,10.034370,1.615630,6.848523,6.914987,0
18,5,15,10.305008,10.034370,1.615630,8.404184,8.452024,0
19,5,15,12.343134,10.034370,1.615630,10.042053,10.076464,0
20,5,15,14.381260,10.034370,1.615630,11.744448,11.768848,0
0,6,15,-26.381260,12.072496,1.615630,12.538708,12.559362,0
1,6,15,-24.343134,12.072496,1.615630,10.711720,10.741816,0
2,6,15,-22.305008,12.072496,1.615630,8.925546,8.968582,0
3,6,15,-20.266882,12.072496,1.615630,7.192151,7.253818,0
4,6,15,-18.228756,12.072496,1.615630,5.528060,5.618381,0
5,6,15,-16.190630,12.072496,1.615630,3.956284,4.094927,0
6,6,15,-14.152504,12.072496,1.615630,2.508871,2.740712,0
7,6,15,-12.114378,12.072496,1.615630,1.229731,1.678469,0
8,6,15,-10.076252,12.072496,1.615630,0.189510,1.179926,0
9,6,15,-8.038126,12.072496,1.615630,0.000002,3.703543,1
10,6,15,-6.000000,12.072496,1.615630,0.000000,5.202292,1
11,6,15,-3.961874,12.072496,1.615630,0.000000,5.699664,1
12,6,15,-1.923748,12.072496,1.615630,0.000004,4.569766,1
13,6,15,0.114378,12.072496,1.615630,0.204602,1.610431,0
14,6,15,2.152504,12.072496,1.615630,1.251787,1.695229,0
15,6,15,4.190630,12.072496,1.615630,2.534560,2.763924,0
16,6,15,6.228756,12.072496,1.615630,3.984662,4.122111,0
17,6,15,8.266882,12.072496,1.615630,5.558426,5.648074,0
18,6,15,10.305008,12.072496,1.615630,7.224001,7.285246,0
19,6,15,12.343134,12.072496,1.615630,8.958518,9.001268,0
20,6,15,14.381260,12.072496,1.615630,10.745554,10.775445,0
0,7,15,-26.381260,14.110622,1.615630,11.757386,11.781721,0
1,7,15,-24.343134,14.110622,1.615630,9.862380,9.898049,0
2,7,15,-22.305008,14.110622,1.615630,7.996889,8.048914,0
3,7,15,-20.266882,14.110622,1.615630,6.170485,6.247951,0
4,7,15,-18.228756,14.110622,1.615630,4.397003,4.518758,0
5,7,15,-16.190630,14.110622,1.615630,2.696880,2.911552,0
6,7,15,-14.152504,14.110622,1.615630,1.100846,1.588753,0
7,7,15,-12.114378,14.110622,1.615630,0.001519,2.652923,1
8,7,15,-10.076252,14.110622,1.615630,0.000000,5.623202,1
9,7,15,-8.038126,14.110622,1.615630,0.000000,7.107168,1
10,7,15,-6.000000,14.110622,1.615630,0.000000,8.102111,1
11,7,15,-3.961874,14.110622,1.615630,0.000000,8.538115,1
12,7,15,-1.923748,14.110622,1.615630,0.000000,7.893606,1
13,7,15,0.114378,14.110622,1.615630,0.000000,6.549933,1
14,7,15,2.152504,14.110622,1.615630,0.002140,3.590099,1
15,7,15,4.190630,14.110622,1.615630,1.129496,1.610379,0
16,7,15,6.228756,14.110622,1.615630,2.727844,2.939889,0
17,7,15,8.266882,14.110622,1.615630,4.429582,4.550216,0
18,7,15,10.305008,14.110622,1.615630,6.204217,6.281079,0
19,7,15,12.343134,14.110622,1.615630,8.031463,8.083116,0
20,7,15,14.381260,14.110622,1.615630,9.897583,9.933002,0
0,8,15,-26.381260,16.148748,1.615630,11.136068,11.163696,0
1,8,15,-24.343134,16.148748,1.615630,9.183069,9.223931,0
2,8,15,-22.305008,16.148748,1.615630,7.248606,7.309527,0
3,8,15,-20.266882,16.148748,1.615630,5.339227,5.433899,0
4,8,15,-18.228756,16.148748,1.615630,3.464808,3.627034,0
5,8,15,-16.190630,16.148748,1.615630,1.640800,1.992385,0
6,8,15,-14.152504,16.148748,1.615630,0.026090,1.702156,0
7,8,15,-12.114378,16.148748,1.615630,0.000000,5.813499,1
8,8,15,-10.076252,16.148748,1.615630,0.000000,7.737757,1
9,8,15,-8.038126,16.148748,1.615630,0.000000,8.897381,1
10,8,15,-6.000000,16.148748,1.615630,0.000000,9.687723,1
11,8,15,-3.961874,16.148748,1.615630,0.000000,10.028357,1
12,8,15,-1.923748,16.148748,1.615630,0.000000,9.531414,1
13,8,15,0.114378,16.148748,1.615630,0.000000,8.530578,1
14,8,15,2.152504,16.148748,1.615630,0.000000,6.748792,1
15,8,15,4.190630,16.148748,1.615630,0.035293,2.526841,0
16,8,15,6.228756,16.148748,1.615630,1.674326,2.019603,0
17,8,15,8.266882,16.148748,1.615630,3.499469,3.659829,0
18,8,15,10.305008,16.148748,1.615630,5.374661,5.468494,0
19,8,15,12.343134,16.148748,1.615630,7.284587,7.345039,0
20,8,15,14.381260,16.148748,1.615630,9.219449,9.260014,0
0,9,15,-26.381260,18.186874,1.615630,10.688454,10.718690,0
1,9,15,-24.343134,18.186874,1.615630,8.691312,8.736435,0
2,9,15,-22.305008,18.186874,1.615630,6.703466,6.772099,0
3,9,15,-20.266882,18.186874,1.615630,4.728423,4.839466,0
4,9,15,-18.228756,18.186874,1.615630,2.771654,2.980072,0
5,9,15,-16.190630,18.186874,1.615630,0.842163,1.424431,0
6,9,15,-14.152504,18.186874,1.615630,0.000000,4.491888,1
7,9,15,-12.114378,18.186874,1.615630,0.000000,7.318375,1
8,9,15,-10.076252,18.186874,1.615630,0.000000,8.953770,1
9,9,15,-8.038126,18.186874,1.615630,0.000000,9.972146,1
10,9,15,-6.000000,18.186874,1.615630,0.000003,10.618399,1
11,9,15,-3.961874,18.186874,1.615630,0.000003,10.858334,1
12,9,15,-1.923748,18.186874,1.615630,0.000000,10.456383,1
13,9,15,0.114378,18.186874,1.615630,0.000000,9.616110,1
14,9,15,2.152504,18.186874,1.615630,0.000000,8.157226,1
15,9,15,4.190630,18.186874,1.615630,0.000000,5.471235,1
16,9,15,6.228756,18.186874,1.615630,0.877924,1.455773,0
17,9,15,8.266882,18.186874,1.615630,2.808044,3.013526,0
18,9,15,10.305008,18.186874,1.615630,4.765222,4.875165,0
19,9,15,12.343134,18.186874,1.615630,6.740547,6.808617,0
20,9,15,14.381260,18.186874,1.615630,8.728594,8.773378,0
0,10,15,-26.381260,20.225000,1.615630,10.425386,10.457260,0
1,10,15,-24.343134,20.225000,1.615630,8.401308,8.449176,0
2,10,15,-22.305008,20.225000,1.615630,6.380496,6.454309,0
3,10,15,-20.266882,20.225000,1.615630,4.364233,4.487132,0
4,10,15,-18.228756,20.225000,1.615630,2.354564,2.602265,0
5,10,15,-16.190630,20.225000,1.615630,0.357037,1.152172,0
6,10,15,-14.152504,20.225000,1.615630,0.000000,5.587489,1
7,10,15,-12.114378,20.225000,1.615630,0.000000,8.074608,1
8,10,15,-10.076252,20.225000,1.615630,0.000000,9.595822,1
9,10,15,-8.038126,20.225000,1.615630,0.000007,10.547278,1
10,10,15,-6.000000,20.225000,1.615630,0.015092,11.071404,0
11,10,15,-3.961874,20.225000,1.615630,0.014110,11.220425,0
12,10,15,-1.923748,20.225000,1.615630,0.000006,10.913569,1
13,10,15,0.114378,20.225000,1.615630,0.000000,10.165125,1
14,10,15,2.152504,20.225000,1.615630,0.000000,8.844193,1
15,10,15,4.190630,20.225000,1.615630,0.000000,6.534230,1
16,10,15,6.228756,20.225000,1.615630,0.393603,1.353375,0
17,10,15,8.266882,20.225000,1.615630,2.392079,2.635764,0
18,10,15,10.305008,20.225000,1.615630,4.401897,4.523483,0
19,10,15,12.343134,20.225000,1.615630,6.418261,6.491442,0
20,10,15,14.381260,20.225000,1.615630,8.439144,8.486644,0
0,11,15,-26.381260,22.263126,1.615630,10.353658,10.385992,0
1,11,15,-24.343134,22.263126,1.615630,8.322102,8.370753,0
2,11,15,-22.305008,22.263126,1.615630,6.292085,6.367406,0
3,11,15,-20.266882,22.263126,1.615630,4.264216,4.390710,0
4,11,15,-18.228756,22.263126,1.615630,2.239477,2.500217,0
5,11,15,-16.190630,22.263126,1.615630,0.228426,1.093300,0
6,11,15,-14.152504,22.263126,1.615630,0.000000,5.852631,1
7,11,15,-12.114378,22.263126,1.615630,0.000000,8.268883,1
8,11,15,-10.076252,22.263126,1.615630,0.000000,9.763657,1
9,11,15,-8.038126,22.263126,1.615630,0.000221,10.698574,1
10,11,15,-6.000000,22.263126,1.615630,0.042993,11.241938,0
11,11,15,-3.961874,22.263126,1.615630,0.041292,11.349817,0
12,11,15,-1.923748,22.263126,1.615630,0.000186,11.025192,1
13,11,15,0.114378,22.263126,1.615630,0.000000,10.304661,1
14,11,15,2.152504,22.263126,1.615630,0.000000,9.018018,1
15,11,15,4.190630,22.263126,1.615630,0.000000,6.787157,1
16,11,15,6.228756,22.263126,1.615630,0.263219,1.468818,0
17,11,15,8.266882,22.263126,1.615630,2.277315,2.533648,0
18,11,15,10.305008,22.263126,1.615630,4.302125,4.427238,0
19,11,15,12.343134,22.263126,1.615630,6.330042,6.404711,0
20,11,15,14.381260,22.263126,1.615630,8.360093,8.408366,0
0,12,15,-26.381260,24.301252,1.615630,10.475179,10.506737,0
1,12,15,-24.343134,24.301252,1.615630,8.456258,8.503592,0
2,12,15,-22.305008,24.301252,1.615630,6.441781,6.514572,0
3,12,15,-20.266882,24.301252,1.615630,4.433480,4.553981,0
4,12,15,-18.228756,24.301252,1.615630,2.434105,2.673414,0
5,12,15,-16.190630,24.301252,1.615630,0.448952,1.206239,0
6,12,15,-14.152504,24.301252,1.615630,0.000000,5.396175,1
7,12,15,-12.114378,24.301252,1.615630,0.000000,7.936964,1
8,12,15,-10.076252,24.301252,1.615630,0.000000,9.477616,1
9,12,15,-8.038126,24.301252,1.615630,0.000009,10.441088,1
10,12,15,-6.000000,24.301252,1.615630,0.008750,11.013223,1
11,12,15,-3.961874,24.301252,1.615630,0.008210,11.182126,1
12,12,15,-1.923748,24.301252,1.615630,0.000007,10.832514,1
13,12,15,0.114378,24.301252,1.615630,0.000000,10.065736,1
14,12,15,2.152504,24.301252,1.615630,0.000000,8.720342,1
15,12,15,4.190630,24.301252,1.615630,0.000000,6.350732,1
16,12,15,6.228756,24.301252,1.615630,0.485702,1.327629,0
17,12,15,8.266882,24.301252,1.615630,2.471400,2.706936,0
18,12,15,10.305008,24.301252,1.615630,4.470977,4.590209,0
19,12,15,12.343134,24.301252,1.615630,6.479415,6.551587,0
20,12,15,14.381260,24.301252,1.615630,8.493988,8.540959,0
0,13,15,-26.381260,26.339378,1.615630,10.786729,10.816375,0
1,13,15,-24.343134,26.339378,1.615630,8.799458,8.843603,0
2,13,15,-22.305008,26.339378,1.615630,6.823617,6.890446,0
3,13,15,-20.266882,26.339378,1.615630,4.863455,4.970537,0
4,13,15,-18.228756,26.339378,1.615630,2.925551,3.122002,0
5,13,15,-16.190630,26.339378,1.615630,1.020597,1.535611,0
6,13,15,-14.152504,26.339378,1.615630,0.000000,4.013216,1
7,13,15,-12.114378,26.339378,1.615630,0.000000,7.015173,1
8,13,15,-10.076252,26.339378,1.615630,0.000000,8.701663,1
9,13,15,-8.038126,26.339378,1.615630,0.000000,9.747568,1
10,13,15,-6.000000,26.339378,1.615630,0.000000,12.171016,1
11,13,15,-3.961874,26.339378,1.615630,0.000000,12.223486,1
12,13,15,-1.923748,26.339378,1.615630,0.000000,10.268808,1
13,13,15,0.114378,26.339378,1.615630,0.000000,9.395272,1
14,13,15,2.152504,26.339378,1.615630,0.000000,7.877640,1
15,13,15,4.190630,26.339378,1.615630,0.000000,4.996322,1
16,13,15,6.228756,26.339378,1.615630,1.055835,1.561631,0
17,13,15,8.266882,26.339378,1.615630,2.961542,3.155356,0
18,13,15,10.305008,26.339378,1.615630,4.899943,5.005992,0
19,13,15,12.343134,26.339378,1.615630,6.860450,6.926739,0
20,13,15,14.381260,26.339378,1.615630,8.836538,8.880354,0
0,14,15,-26.381260,28.377504,1.615630,11.280371,11.307201,0
1,14,15,-24.343134,28.377504,1.615630,9.341170,9.380756,0
2,14,15,-22.305008,28.377504,1.615630,7.423234,7.481920,0
3,14,15,-20.266882,28.377504,1.615630,5.533924,5.624114,0
4,14,15,-18.228756,28.377504,1.615630,3.684227,3.835195,0
5,14,15,-16.190630,28.377504,1.615630,1.891086,2.199154,0
6,14,15,-14.152504,28.377504,1.615630,0.192808,1.104261,0
7,14,15,-12.114378,28.377504,1.615630,0.000000,5.240269,1
8,14,15,-10.076252,28.377504,1.615630,0.000000,7.301740,1
9,14,15,-8.038126,28.377504,1.615630,0.000000,8.518345,1
10,14,15,-6.000000,28.377504,1.615630,0.000000,14.523220,1
11,14,15,-3.961874,28.377504,1.615630,0.000000,14.493282,1
12,14,15,-1.923748,28.377504,1.615630,0.000000,9.192553,1
13,14,15,0.114378,28.377504,1.615630,0.000000,8.130691,1
14,14,15,2.152504,28.377504,1.615630,0.000000,6.198956,1
15,14,15,4.190630,28.377504,1.615630,0.220592,1.591822,0
16,14,15,6.228756,28.377504,1.615630,1.923967,2.226996,0
17,14,15,8.266882,28.377504,1.615630,3.718374,3.867702,0
18,14,15,10.305008,28.377504,1.615630,5.568944,5.658360,0
19,14,15,12.343134,28.377504,1.615630,7.458876,7.517119,0
20,14,15,14.381260,28.377504,1.615630,9.377269,9.416570,0
0,15,15,-26.381260,30.415630,1.615630,11.944399,11.967809,0
1,15,15,-24.343134,30.415630,1.615630,10.066151,10.100397,0
2,15,15,-22.305008,30.415630,1.615630,8.220355,8.270033,0
3,15,15,-20.266882,30.415630,1.615630,6.417279,6.490476,0
4,15,15,-18.228756,30.415630,1.615630,4.671590,4.758852,0
5,15,15,-16.190630,30.415630,1.615630,3.004626,3.711278,0
6,15,15,-14.152504,30.415630,1.615630,1.447829,4.322573,0
7,15,15,-12.114378,30.415630,1.615630,0.084908,5.184546,0
8,15,15,-10.076252,30.415630,1.615630,0.000000,4.810554,1
9,15,15,-8.038126,30.415630,1.615630,0.000000,6.463206,1
10,15,15,-6.000000,30.415630,1.615630,0.000000,17.552922,1
11,15,15,-3.961874,30.415630,1.615630,0.000000,17.444072,1
12,15,15,-1.923748,30.415630,1.615630,0.000000,7.285056,1
13,15,15,0.114378,30.415630,1.615630,0.000000,5.761983,1
14,15,15,2.152504,30.415630,1.615630,0.101596,6.285267,0
15,15,15,4.190630,30.415630,1.615630,1.475687,5.372127,0
16,15,15,6.228756,30.415630,1.615630,3.034916,4.485367,0
17,15,15,8.266882,30.415630,1.615630,4.703602,4.966640,0
18,15,15,10.305008,30.415630,1.615630,6.450535,6.523182,0
19,15,15,12.343134,30.415630,1.615630,8.254529,8.303859,0
20,15,15,14.381260,30.415630,1.615630,10.101015,10.135023,0
0,16,15,-26.381260,32.453756,1.615630,12.764589,12.784264,0
1,16,15,-24.343134,32.453756,1.615630,10.956328,10.984978,0
2,16,15,-22.305008,32.453756,1.615630,9.191708,9.218227,0
3,16,15,-20.266882,32.453756,1.615630,7.483170,7.615574,0
4,16,15,-18.228756,32.453756,1.615630,5.847694,6.603039,0
5,16,15,-16.190630,32.453756,1.615630,4.308579,6.541103,0
6,16,15,-14.152504,32.453756,1.615630,2.897668,7.512821,0
7,16,15,-12.114378,32.453756,1.615630,1.657600,9.197241,0
8,16,15,-10.076252,32.453756,1.615630,0.642692,11.097319,0
9,16,15,-8.038126,32.453756,1.615630,0.007968,9.900905,1
10,16,15,-6.000000,32.453756,1.615630,0.009040,21.551031,1
11,16,15,-3.961874,32.453756,1.615630,0.009221,21.535254,1
12,16,15,-1.923748,32.453756,1.615630,0.003911,10.641714,1
13,16,15,0.114378,32.453756,1.615630,0.659234,11.914221,0
14,16,15,2.152504,32.453756,1.615630,1.678917,10.201363,0
15,16,15,4.190630,32.453756,1.615630,2.922644,8.604512,0
16,16,15,6.228756,32.453756,1.615630,4.336308,7.558585,0
17,16,15,8.266882,32.453756,1.615630,5.877488,7.345622,0
18,16,15,10.305008,32.453756,1.615630,7.514521,7.998052,0
19,16,15,12.343134,32.453756,1.615630,9.224248,9.292674,0
20,16,15,14.381260,32.453756,1.615630,10.989787,11.018244,0
0,17,15,-26.381260,34.491882,1.615630,13.725463,13.741326,0
1,17,15,-24.343134,34.491882,1.615630,11.992598,12.010177,0
2,17,15,-22.305008,34.491882,1.615630,10.313584,10.545435,0
3,17,15,-20.266882,34.491882,1.615630,8.702128,9.516733,0
4,17,15,-18.228756,34.491882,1.615630,7.176120,9.119065,0
5,17,15,-16.190630,34.491882,1.615630,5.758793,9.474872,0
6,17,15,-14.152504,34.491882,1.615630,4.479856,10.529984,0
7,17,15,-12.114378,34.491882,1.615630,3.376058,12.075862,0
8,17,15,-10.076252,34.491882,1.615630,2.490173,13.794881,0
9,17,15,-8.038126,34.491882,1.615630,1.866974,14.708038,0
10,17,15,-6.000000,34.491882,1.615630,1.545390,21.988212,0
11,17,15,-3.961874,34.491882,1.615630,1.548464,22.152767,0
12,17,15,-1.923748,34.491882,1.615630,1.875967,15.242604,0
13,17,15,0.114378,34.491882,1.615630,2.504470,14.623244,0
14,17,15,2.152504,34.491882,1.615630,3.394846,13.087750,0
15,17,15,4.190630,34.491882,1.615630,4.502298,11.635261,0
16,17,15,6.228756,34.491882,1.615630,5.784140,10.568897,0
17,17,15,8.266882,34.491882,1.615630,7.203750,10.078011,0
18,17,15,10.305008,34.491882,1.615630,8.731551,10.241624,0
19,17,15,12.343134,34.491882,1.615630,10.344420,11.004903,0
20,17,15,14.381260,34.491882,1.615630,12.024557,12.228379,0
0,18,15,-26.381260,36.530008,1.615630,14.811368,14.877055,0
1,18,15,-24.343134,36.530008,1.615630,13.156236,13.482664,0
2,18,15,-22.305008,36.530008,1.615630,11.563631,12.426163,0
3,18,15,-20.266882,36.530008,1.615630,10.047689,11.827359,0
4,18,15,-18.228756,36.530008,1.615630,8.626102,11.785021,0
5,18,15,-16.190630,36.530008,1.615630,7.320739,12.325889,0
6,18,15,-14.152504,36.530008,1.615630,6.158010,13.380846,0
7,18,15,-12.114378,36.530008,1.615630,5.168543,14.801500,0
8,18,15,-10.076252,36.530008,1.615630,4.385608,16.350896,0
9,18,15,-8.038126,36.530008,1.615630,3.841729,17.192666,0
10,18,15,-6.000000,36.530008,1.615630,3.563546,23.542186,0
11,18,15,-3.961874,36.530008,1.615630,3.566197,23.711436,0
12,18,15,-1.923748,36.530008,1.615630,3.849533,17.732902,0
13,18,15,0.114378,36.530008,1.615630,4.398156,17.186986,0
14,18,15,2.152504,36.530008,1.615630,5.185262,15.815270,0
15,18,15,4.190630,36.530008,1.615630,6.178271,14.490965,0
16,18,15,6.228756,36.530008,1.615630,7.343938,13.453591,0
17,18,15,8.266882,36.530008,1.615630,8.651703,12.844420,0
18,18,15,10.305008,36.530008,1.615630,10.075242,12.739171,0
19,18,15,12.343134,36.530008,1.615630,11.592768,13.139988,0
20,18,15,14.381260,36.530008,1.615630,13.186663,13.985414,0
0,19,15,-26.381260,38.568134,1.615630,16.007276,16.415082,0
1,19,15,-24.343134,38.568134,1.615630,14.429825,15.329775,0
2,19,15,-22.305008,38.568134,1.615630,12.921840,14.596008,0
3,19,15,-20.266882,38.568134,1.615630,11.497238,14.287738,0
4,19,15,-18.228756,38.568134,1.615630,10.172786,14.448738,0
5,19,15,-16.190630,38.568134,1.615630,8.968332,15.071612,0
6,19,15,-14.152504,38.568134,1.615630,7.906715,16.093141,0
7,19,15,-12.114378,38.568134,1.615630,7.013081,17.400958,0
8,19,15,-10.076252,38.568134,1.615630,6.313325,18.809383,0
9,19,15,-8.038126,38.568134,1.615630,5.831518,19.595259,0
10,19,15,-6.000000,38.568134,1.615630,5.586560,25.144399,0
11,19,15,-3.961874,38.568134,1.615630,5.588889,25.313394,0
12,19,15,-1.923748,38.568134,1.615630,5.838405,20.139452,0
13,19,15,0.114378,38.568134,1.615630,6.324484,19.650385,0
14,19,15,2.152504,38.568134,1.615630,7.028098,18.414586,0
15,19,15,4.190630,38.568134,1.615630,7.925113,17.204297,0
16,19,15,6.228756,38.568134,1.615630,8.989628,16.216123,0
17,19,15,8.266882,38.568134,1.615630,10.196527,15.561523,0
18,19,15,10.305008,38.568134,1.615630,11.523025,15.306561,0
19,19,15,12.343134,38.568134,1.615630,12.949331,15.472073,0
20,19,15,14.381260,38.568134,1.615630,14.458735,16.035897,0
0,20,15,-26.381260,40.606260,1.615630,17.299290,18.228691,0
1,20,15,-24.343134,40.606260,1.615630,15.797745,17.397650,0
2,20,15,-22.305008,40.606260,1.615630,14.370907,16.903025,0
3,20,15,-20.266882,40.606260,1.615630,13.032036,16.787020,0
4,20,15,-18.228756,40.606260,1.615630,11.796576,17.065418,0
5,20,15,-16.190630,40.606260,1.615630,10.682137,17.719136,0
6,20,15,-14.152504,40.606260,1.615630,9.708183,18.693760,0
7,20,15,-12.114378,40.606260,1.615630,8.895263,19.901069,0
8,20,15,-10.076252,40.606260,1.615630,8.263680,21.191396,0
9,20,15,-8.038126,40.606260,1.615630,7.831600,21.932318,0
10,20,15,-6.000000,40.606260,1.615630,7.612855,26.793248,0
11,20,15,-3.961874,40.606260,1.615630,7.614933,26.959230,0
12,20,15,-1.923748,40.606260,1.615630,7.837759,22.479703,0
13,20,15,0.114378,40.606260,1.615630,8.273714,22.035948,0
14,20,15,2.152504,40.606260,1.615630,8.908867,20.913767,0
15,20,15,4.190630,40.606260,1.615630,9.724989,19.804064,0
16,20,15,6.228756,40.606260,1.615630,10.701758,18.872223,0
17,20,15,8.266882,40.606260,1.615630,11.818634,18.208971,0
18,20,15,10.305008,40.606260,1.615630,13.056184,17.870950,0
19,20,15,12.343134,40.606260,1.615630,14.396835,17.884439,0
20,20,15,14.381260,40.606260,1.615630,15.825186,18.246257,0
0,0,16,-26.381260,-0.156260,3.653756,19.916411,19.916523,0
1,0,16,-24.343134,-0.156260,3.653756,18.547755,18.550445,0
2,0,16,-22.305008,-0.156260,3.653756,17.259664,17.265153,0
3,0,16,-20.266882,-0.156260,3.653756,16.063604,16.072095,0
4,0,16,-18.228756,-0.156260,3.653756,14.972250,14.983896,0
5,0,16,-16.190630,-0.156260,3.653756,13.999269,14.014143,0
6,0,16,-14.152504,-0.156260,3.653756,13.158915,13.176958,0
7,0,16,-12.114378,-0.156260,3.653756,12.465385,12.486365,0
8,0,16,-10.076252,-0.156260,3.653756,11.931952,11.955423,0
9,0,16,-8.038126,-0.156260,3.653756,11.569927,11.595218,0
10,0,16,-6.000000,-0.156260,3.653756,11.387592,11.413844,0
11,0,16,-3.961874,-0.156260,3.653756,11.389320,11.415563,0
12,0,16,-1.923748,-0.156260,3.653756,11.575070,11.600335,0
13,0,16,0.114378,-0.156260,3.653756,11.940389,11.963819,0
14,0,16,2.152504,-0.156260,3.653756,12.476928,12.497856,0
15,0,16,4.190630,-0.156260,3.653756,13.173330,13.191316,0
16,0,16,6.228756,-0.156260,3.653756,14.016298,14.031111,0
17,0,16,8.266882,-0.156260,3.653756,14.991623,15.003209,0
18,0,16,10.305008,-0.156260,3.653756,16.085058,16.093491,0
19,0,16,12.343134,-0.156260,3.653756,17.282952,17.288388,0
20,0,16,14.381260,-0.156260,3.653756,18.572652,18.575292,0
0,1,16,-26.381260,1.881866,3.653756,18.494412,18.497211,0
1,1,16,-24.343134,1.881866,3.653756,17.056696,17.062665,0
2,1,16,-22.305008,1.881866,3.653756,15.697001,15.706503,0
3,1,16,-20.266882,1.881866,3.653756,14.427802,14.441201,0
4,1,16,-18.228756,1.881866,3.653756,13.263253,13.280881,0
5,1,16,-16.190630,1.881866,3.653756,12.219043,12.241147,0
6,1,16,-14.152504,1.881866,3.653756,11.312008,11.338667,0
7,1,16,-12.114378,1.881866,3.653756,10.559394,10.590423,0
8,1,16,-10.076252,1.881866,3.653756,9.977758,10.012614,0
9,1,16,-8.038126,1.881866,3.653756,9.581536,9.619263,0
10,1,16,-6.000000,1.881866,3.653756,9.381499,9.420767,0
11,1,16,-3.961874,1.881866,3.653756,9.383397,9.422650,0
12,1,16,-1.923748,1.881866,3.653756,9.587174,9.624859,0
13,1,16,0.114378,1.881866,3.653756,9.986976,10.021768,0
14,1,16,2.152504,1.881866,3.653756,10.571952,10.602904,0
15,1,16,4.190630,1.881866,3.653756,11.327611,11.354186,0
16,1,16,6.228756,1.881866,3.653756,12.237372,12.259390,0
17,1,16,8.266882,1.881866,3.653756,13.283984,13.301530,0
18,1,16,10.305008,1.881866,3.653756,14.450631,14.463953,0
19,1,16,12.343134,1.881866,3.653756,15.721647,15.731079,0
20,1,16,14.381260,1.881866,3.653756,17.082910,17.088817,0
0,2,16,-26.381260,3.919992,3.653756,17.148011,17.153763,0
1,2,16,-24.343134,3.919992,3.653756,15.637969,15.647638,0
2,2,16,-22.305008,3.919992,3.653756,14.202119,14.216283,0
3,2,16,-20.266882,3.919992,3.653756,12.853812,12.873109,0
4,2,16,-18.228756,3.919992,3.653756,11.608654,11.633745,0
5,2,16,-16.190630,3.919992,3.653756,10.484510,10.516008,0
6,2,16,-14.152504,3.919992,3.653756,9.501210,9.539548,0
7,2,16,-12.114378,3.919992,3.653756,8.679782,8.725011,0
8,2,16,-10.076252,3.919992,3.653756,8.041086,8.092636,0
9,2,16,-8.038126,3.919992,3.653756,7.603862,7.660344,0
10,2,16,-6.000000,3.919992,3.653756,7.382421,7.441621,0
11,2,16,-3.961874,3.919992,3.653756,7.384524,7.443697,0
12,2,16,-1.923748,3.919992,3.653756,7.610096,7.666503,0
13,2,16,0.114378,3.919992,3.653756,8.051237,8.102679,0
14,2,16,2.152504,3.919992,3.653756,8.693534,8.738637,0
15,2,16,4.190630,3.919992,3.653756,9.518185,9.556393,0
16,2,16,6.228756,3.919992,3.653756,10.504310,10.535684,0
17,2,16,8.266882,3.919992,3.653756,11.630894,11.655871,0
18,2,16,10.305008,3.919992,3.653756,12.878140,12.897334,0
19,2,16,12.343134,3.919992,3.653756,14.228221,14.242295,0
20,2,16,14.381260,3.919992,3.653756,15.665574,15.675165,0
0,3,16,-26.381260,5.958118,3.653756,15.888528,15.897496,0
1,3,16,-24.343134,5.958118,3.653756,14.303702,14.317518,0
2,3,16,-22.305008,5.958118,3.653756,12.787753,12.807329,0
3,3,16,-20.266882,5.958118,3.653756,11.354642,11.381071,0
4,3,16,-18.228756,5.958118,3.653756,10.021246,10.055801,0
5,3,16,-16.190630,5.958118,3.653756,8.807621,8.851694,0
6,3,16,-14.152504,5.958118,3.653756,7.736944,7.791867,0
7,3,16,-12.114378,5.958118,3.653756,6.834848,6.901512,0
8,3,16,-10.076252,5.958118,3.653756,6.127851,6.206088,0
9,3,16,-8.038126,5.958118,3.653756,5.640703,5.728563,0
10,3,16,-6.000000,5.958118,3.653756,5.392909,5.486314,0
11,3,16,-3.961874,5.958118,3.653756,5.395266,5.488616,0
12,3,16,-1.923748,5.958118,3.653756,5.647668,5.735380,0
13,3,16,0.114378,5.958118,3.653756,6.139130,6.217162,0
14,3,16,2.152504,5.958118,3.653756,6.850014,6.916456,0
15,3,16,4.190630,5.958118,3.653756,7.755508,7.810217,0
16,3,16,6.228756,5.958118,3.653756,8.829089,8.872971,0
17,3,16,8.266882,5.958118,3.653756,10.045157,10.079547,0
18,3,16,10.305008,5.958118,3.653756,11.380592,11.406882,0
19,3,16,12.343134,5.958118,3.653756,12.815398,12.834857,0
20,3,16,14.381260,5.958118,3.653756,14.332755,14.346473,0
0,4,16,-26.381260,7.996244,3.653756,14.728687,14.741101,0
1,4,16,-24.343134,7.996244,3.653756,13.067891,13.086303,0
2,4,16,-22.305008,7.996244,3.653756,11.469050,11.494869,0
3,4,16,-20.266882,7.996244,3.653756,9.946293,9.981369,0
4,4,16,-18.228756,7.996244,3.653756,8.517356,8.564104,0
5,4,16,-16.190630,7.996244,3.653756,7.204236,7.265742,0
6,4,16,-14.152504,7.996244,3.653756,6.033598,6.113579,0
7,4,16,-12.114378,7.996244,3.653756,5.036500,5.138806,0
8,4,16,-10.076252,7.996244,3.653756,4.246826,4.373961,0
9,4,16,-8.038126,7.996244,3.653756,3.697843,3.848154,0
10,4,16,-6.000000,7.996244,3.653756,3.416901,3.581763,0
11,4,16,-3.961874,7.996244,3.653756,3.419579,3.584292,0
12,4,16,-1.923748,7.996244,3.653756,3.705723,3.855655,0
13,4,16,0.114378,7.996244,3.653756,4.259487,4.386155,0
14,4,16,2.152504,7.996244,3.653756,5.053356,5.155213,0
15,4,16,4.190630,7.996244,3.653756,6.054006,6.133605,0
16,4,16,6.228756,7.996244,3.653756,7.227583,7.288780,0
17,4,16,8.266882,7.996244,3.653756,8.543099,8.589602,0
18,4,16,10.305008,7.996244,3.653756,9.973979,10.008861,0
19,4,16,12.343134,7.996244,3.653756,11.498309,11.523974,0
20,4,16,14.381260,7.996244,3.653756,13.098429,13.116716,0
0,5,16,-26.381260,10.034370,3.653756,13.682486,13.698509,0
1,5,16,-24.343134,10.034370,3.653756,11.946389,11.969790,0
2,5,16,-22.305008,10.034370,3.653756,10.263741,10.296662,0
3,5,16,-20.266882,10.034370,3.653756,8.648217,8.693737,0
4,5,16,-18.228756,10.034370,3.653756,7.117691,7.180358,0
5,5,16,-16.190630,10.034370,3.653756,5.695432,5.782131,0
6,5,16,-14.152504,10.034370,3.653756,4.411267,4.532530,0
7,5,16,-12.114378,10.034370,3.653756,3.302210,3.473672,0
8,5,16,-10.076252,10.034370,3.653756,2.411480,2.653129,0
9,5,16,-8.038126,10.034370,3.653756,1.784473,2.109957,0
10,5,16,-6.000000,10.034370,3.653756,1.460775,1.850513,0
11,5,16,-3.961874,10.034370,3.653756,1.463871,1.852947,0
12,5,16,-1.923748,10.034370,3.653756,1.793523,2.117488,0
13,5,16,0.114378,10.034370,3.653756,2.425861,2.666019,0
14,5,16,2.152504,10.034370,3.653756,3.321094,3.491441,0
15,5,16,4.190630,10.034370,3.653756,4.433808,4.554299,0
16,5,16,6.228756,10.034370,3.653756,5.720874,5.807040,0
17,5,16,8.266882,10.034370,3.653756,7.145410,7.207702,0
18,5,16,10.305008,10.034370,3.653756,8.677720,8.722968,0
19,5,16,12.343134,10.034370,3.653756,10.294650,10.327368,0
20,5,16,14.381260,10.034370,3.653756,11.978412,12.001657,0
0,6,16,-26.381260,12.072496,3.653756,12.764883,12.784556,0
1,6,16,-24.343134,12.072496,3.653756,10.956646,10.985294,0
2,6,16,-22.305008,12.072496,3.653756,9.192053,9.232841,0
3,6,16,-20.266882,12.072496,3.653756,7.483547,7.541485,0
4,6,16,-18.228756,12.072496,3.653756,5.848108,5.931679,0
5,6,16,-16.190630,12.072496,3.653756,4.309033,4.433897,0
6,6,16,-14.152504,12.072496,3.653756,2.898168,3.096664,0
7,6,16,-12.114378,12.072496,3.653756,1.658149,2.006430,0
8,6,16,-10.076252,12.072496,3.653756,0.643334,1.329981,0
9,6,16,-8.038126,12.072496,3.653756,0.030411,2.270665,0
10,6,16,-6.000000,12.072496,3.653756,0.000120,4.076348,1
11,6,16,-3.961874,12.072496,3.653756,0.000129,4.307859,1
12,6,16,-1.923748,12.072496,3.653756,0.033736,2.723833,0
13,6,16,0.114378,12.072496,3.653756,0.659868,1.365606,0
14,6,16,2.152504,12.072496,3.653756,1.679465,2.023788,0
15,6,16,4.190630,12.072496,3.653756,2.923143,3.119772,0
16,6,16,6.228756,12.072496,3.653756,4.336762,4.460632,0
17,6,16,8.266882,12.072496,3.653756,5.877901,5.960881,0
18,6,16,10.305008,12.072496,3.653756,7.514897,7.572452,0
19,6,16,12.343134,12.072496,3.653756,9.224592,9.265115,0
20,6,16,14.381260,12.072496,3.653756,10.990104,11.018559,0
0,7,16,-26.381260,14.110622,3.653756,11.991218,12.014401,0
1,7,16,-24.343134,14.110622,3.653756,10.117117,10.151017,0
2,7,16,-22.305008,14.110622,3.653756,8.276180,8.325291,0
3,7,16,-20.266882,14.110622,3.653756,6.478834,6.551016,0
4,7,16,-18.228756,14.110622,3.653756,4.739934,4.850632,0
5,7,16,-16.190630,14.110622,3.653756,3.081012,3.266474,0
6,7,16,-14.152504,14.110622,3.653756,1.533639,1.907072,0
7,7,16,-12.114378,14.110622,3.653756,0.163373,1.311140,0
8,7,16,-10.076252,14.110622,3.653756,0.000000,4.916262,1
9,7,16,-8.038126,14.110622,3.653756,0.000000,6.652016,1
10,7,16,-6.000000,14.110622,3.653756,0.000000,7.583648,1
11,7,16,-3.961874,14.110622,3.653756,0.000000,7.812784,1
12,7,16,-1.923748,14.110622,3.653756,0.000000,7.228267,1
13,7,16,0.114378,14.110622,3.653756,0.000000,5.685910,1
14,7,16,2.152504,14.110622,3.653756,0.183491,1.726581,0
15,7,16,4.190630,14.110622,3.653756,1.561308,1.929057,0
16,7,16,6.228756,14.110622,3.653756,3.111139,3.294587,0
17,7,16,8.266882,14.110622,3.653756,4.771809,4.881556,0
18,7,16,10.305008,14.110622,3.653756,6.511974,6.583618,0
19,7,16,12.343134,14.110622,3.653756,8.310255,8.359024,0
20,7,16,14.381260,14.110622,3.653756,10.151898,10.185563,0
0,8,16,-26.381260,16.148748,3.653756,11.376368,11.402680,0
1,8,16,-24.343134,16.148748,3.653756,9.446234,9.484996,0
2,8,16,-22.305008,16.148748,3.653756,7.539118,7.596378,0
3,8,16,-20.266882,16.148748,3.653756,5.662882,5.750269,0
4,8,16,-18.228756,16.148748,3.653756,3.829182,3.973378,0
5,8,16,-16.190630,16.148748,3.653756,2.055829,2.339882,0
6,8,16,-14.152504,16.148748,3.653756,0.372639,1.207595,0
7,8,16,-12.114378,16.148748,3.653756,0.000000,5.084931,1
8,8,16,-10.076252,16.148748,3.653756,0.000000,7.280128,1
9,8,16,-8.038126,16.148748,3.653756,0.000000,8.554966,1
10,8,16,-6.000000,16.148748,3.653756,0.000000,9.285873,1
11,8,16,-3.961874,16.148748,3.653756,0.000000,9.475953,1
12,8,16,-1.923748,16.148748,3.653756,0.000000,9.047150,1
13,8,16,0.114378,16.148748,3.653756,0.000000,7.981230,1
14,8,16,2.152504,16.148748,3.653756,0.000000,5.931933,1
15,8,16,4.190630,16.148748,3.653756,0.402591,1.375500,0
16,8,16,6.228756,16.148748,3.653756,2.088299,2.367993,0
17,8,16,8.266882,16.148748,3.653756,3.862998,4.005683,0
18,8,16,10.305008,16.148748,3.653756,5.697633,5.784286,0
19,8,16,12.343134,16.148748,3.653756,7.574539,7.631372,0
20,8,16,14.381260,16.148748,3.653756,9.482149,9.520633,0
0,9,16,-26.381260,18.186874,3.653756,10.933638,10.962420,0
1,9,16,-24.343134,18.186874,3.653756,8.960932,9.003661,0
2,9,16,-22.305008,18.186874,3.653756,7.002733,7.066987,0
3,9,16,-20.266882,18.186874,3.653756,5.064320,5.165887,0
4,9,16,-18.228756,18.186874,3.653756,3.153771,3.334429,0
5,9,16,-16.190630,18.186874,3.653756,1.283999,1.717664,0
6,9,16,-14.152504,18.186874,3.653756,0.000114,3.410169,1
7,9,16,-12.114378,18.186874,3.653756,0.000000,6.769460,1
8,9,16,-10.076252,18.186874,3.653756,0.000000,8.553026,1
9,9,16,-8.038126,18.186874,3.653756,0.000000,9.643958,1
10,9,16,-6.000000,18.186874,3.653756,0.000000,10.257247,1
11,9,16,-3.961874,18.186874,3.653756,0.000000,10.406728,1
12,9,16,-1.923748,18.186874,3.653756,0.000000,10.048956,1
13,9,16,0.114378,18.186874,3.653756,0.000000,9.165101,1
14,9,16,2.152504,18.186874,3.653756,0.000000,7.561277,1
15,9,16,4.190630,18.186874,3.653756,0.000190,4.271424,1
16,9,16,6.228756,18.186874,3.653756,1.318489,1.743616,0
17,9,16,8.266882,18.186874,3.653756,3.189186,3.367579,0
18,9,16,10.305008,18.186874,3.653756,5.100356,5.200978,0
19,9,16,12.343134,18.186874,3.653756,7.039203,7.102947,0
20,9,16,14.381260,18.186874,3.653756,8.997714,9.040128,0
0,10,16,-26.381260,20.225000,3.653756,10.673534,10.703862,0
1,10,16,-24.343134,20.225000,3.653756,8.674885,8.720159,0
2,10,16,-22.305008,20.225000,3.653756,6.685202,6.754115,0
3,10,16,-20.266882,20.225000,3.653756,4.707875,4.819541,0
4,10,16,-18.228756,20.225000,3.653756,2.748202,2.958549,0
5,10,16,-16.190630,20.225000,3.653756,0.814912,1.410694,0
6,10,16,-14.152504,20.225000,3.653756,0.000000,4.776130,1
7,10,16,-12.114378,20.225000,3.653756,0.000000,7.578598,1
8,10,16,-10.076252,20.225000,3.653756,0.000000,9.206861,1
9,10,16,-8.038126,20.225000,3.653756,0.000000,10.208920,1
10,10,16,-6.000000,20.225000,3.653756,0.000000,10.748272,1
11,10,16,-3.961874,20.225000,3.653756,0.000000,10.865758,1
12,10,16,-1.923748,20.225000,3.653756,0.000000,10.548830,1
13,10,16,0.114378,20.225000,3.653756,0.000000,9.754532,1
14,10,16,2.152504,20.225000,3.653756,0.000000,8.320725,1
15,10,16,4.190630,20.225000,3.653756,0.000000,5.662390,1
16,10,16,6.228756,20.225000,3.653756,0.850754,1.442472,0
17,10,16,8.266882,20.225000,3.653756,2.784653,2.992015,0
18,10,16,10.305008,20.225000,3.653756,4.744722,4.855277,0
19,10,16,12.343134,20.225000,3.653756,6.722321,6.790667,0
20,10,16,14.381260,20.225000,3.653756,8.712198,8.757131,0
0,11,16,-26.381260,22.263126,3.653756,10.602627,10.633389,0
1,11,16,-24.343134,22.263126,3.653756,8.596780,8.642778,0
2,11,16,-22.305008,22.263126,3.653756,6.598314,6.668579,0
3,11,16,-20.266882,22.263126,3.653756,4.610048,4.724748,0
4,11,16,-18.228756,22.263126,3.653756,2.636415,2.856374,0
5,11,16,-16.190630,22.263126,3.653756,0.684819,1.339728,0
6,11,16,-14.152504,22.263126,3.653756,0.000000,5.086590,1
7,11,16,-12.114378,22.263126,3.653756,0.000000,7.783501,1
8,11,16,-10.076252,22.263126,3.653756,0.000000,9.375619,1
9,11,16,-8.038126,22.263126,3.653756,0.000000,10.354487,1
10,11,16,-6.000000,22.263126,3.653756,0.000032,10.871204,1
11,11,16,-3.961874,22.263126,3.653756,0.000030,10.978113,1
12,11,16,-1.923748,22.263126,3.653756,0.000000,10.674010,1
13,11,16,0.114378,22.263126,3.653756,0.000000,9.903924,1
14,11,16,2.152504,22.263126,3.653756,0.000000,8.510498,1
15,11,16,4.190630,22.263126,3.653756,0.000000,5.969219,1
16,11,16,6.228756,22.263126,3.653756,0.721044,1.382749,0
17,11,16,8.266882,22.263126,3.653756,2.673162,2.889883,0
18,11,16,10.305008,22.263126,3.653756,4.647124,4.760660,0
19,11,16,12.343134,22.263126,3.653756,6.635615,6.705295,0
20,11,16,14.381260,22.263126,3.653756,8.634241,8.679890,0
0,12,16,-26.381260,24.301252,3.653756,10.722761,10.752790,0
1,12,16,-24.343134,24.301252,3.653756,8.729076,8.773855,0
2,12,16,-22.305008,24.301252,3.653756,6.745440,6.813436,0
3,12,16,-20.266882,24.301252,3.653756,4.775623,4.885257,0
4,12,16,-18.228756,24.301252,3.653756,2.825493,3.029591,0
5,12,16,-16.190630,24.301252,3.653756,0.904661,1.463579,0
6,12,16,-14.152504,24.301252,3.653756,0.000000,4.548311,1
7,12,16,-12.114378,24.301252,3.653756,0.000000,7.432731,1
8,12,16,-10.076252,24.301252,3.653756,0.000000,9.087446,1
9,12,16,-8.038126,24.301252,3.653756,0.000000,10.105772,1
10,12,16,-6.000000,24.301252,3.653756,0.000001,10.660005,1
11,12,16,-3.961874,24.301252,3.653756,0.000001,10.784262,1
12,12,16,-1.923748,24.301252,3.653756,0.000000,10.459071,1
13,12,16,0.114378,24.301252,3.653756,0.000000,9.648075,1
14,12,16,2.152504,24.301252,3.653756,0.000000,8.184977,1
15,12,16,4.190630,24.301252,3.653756,0.000000,5.435407,1
16,12,16,6.228756,24.301252,3.653756,0.940237,1.491327,0
17,12,16,8.266882,24.301252,3.653756,2.861742,3.063014,0
18,12,16,10.305008,24.301252,3.653756,4.812313,4.920870,0
19,12,16,12.343134,24.301252,3.653756,6.782434,6.849875,0
20,12,16,14.381260,24.301252,3.653756,8.766288,8.810731,0
0,13,16,-26.381260,26.339378,3.653756,11.030825,11.059047,0
1,13,16,-24.343134,26.339378,3.653756,9.067631,9.109452,0
2,13,16,-22.305008,26.339378,3.653756,7.120910,7.183533,0
3,13,16,-20.266882,26.339378,3.653756,5.196567,5.294729,0
4,13,16,-18.228756,26.339378,3.653756,3.303583,3.474963,0
5,13,16,-16.190630,26.339378,3.653756,1.456157,1.846773,0
6,13,16,-14.152504,26.339378,3.653756,0.001555,2.745594,1
7,13,16,-12.114378,26.339378,3.653756,0.000000,6.439190,1
8,13,16,-10.076252,26.339378,3.653756,0.000000,8.292893,1
9,13,16,-8.038126,26.339378,3.653756,0.000000,9.419659,1
10,13,16,-6.000000,26.339378,3.653756,0.000000,12.963734,1
11,13,16,-3.961874,26.339378,3.653756,0.000000,13.034638,1
12,13,16,-1.923748,26.339378,3.653756,0.000000,9.845963,1
13,13,16,0.114378,26.339378,3.653756,0.000000,8.926645,1
14,13,16,2.152504,26.339378,3.653756,0.000000,7.246943,1
15,13,16,4.190630,26.339378,3.653756,0.002483,3.557562,1
16,13,16,6.228756,26.339378,3.653756,1.490175,1.873301,0
17,13,16,8.266882,26.339378,3.653756,3.338631,3.507951,0
18,13,16,10.305008,26.339378,3.653756,5.232311,5.329581,0
19,13,16,12.343134,26.339378,3.653756,7.157143,7.219277,0
20,13,16,14.381260,26.339378,3.653756,9.104219,9.145734,0
0,14,16,-26.381260,28.377504,3.653756,11.519137,11.544693,0
1,14,16,-24.343134,28.377504,3.653756,9.602324,9.639895,0
2,14,16,-22.305008,28.377504,3.653756,7.711048,7.766269,0
3,14,16,-20.266882,28.377504,3.653756,5.853860,5.937318,0
4,14,16,-18.228756,28.377504,3.653756,4.043318,4.178349,0
5,14,16,-16.190630,28.377504,3.653756,2.298358,2.552289,0
6,14,16,-14.152504,28.377504,3.653756,0.648311,1.324061,0
7,14,16,-12.114378,28.377504,3.653756,0.000001,4.401617,1
8,14,16,-10.076252,28.377504,3.653756,0.000000,6.811447,1
9,14,16,-8.038126,28.377504,3.653756,0.000000,9.842058,1
10,14,16,-6.000000,28.377504,3.653756,0.000000,16.488512,1
11,14,16,-3.961874,28.377504,3.653756,0.000000,16.541660,1
12,14,16,-1.923748,28.377504,3.653756,0.000000,10.140871,1
13,14,16,0.114378,28.377504,3.653756,0.000000,7.535686,1
14,14,16,2.152504,28.377504,3.653756,0.000001,5.250471,1
15,14,16,4.190630,28.377504,3.653756,0.678048,1.364633,0
16,14,16,6.228756,28.377504,3.653756,2.330242,2.580610,0
17,14,16,8.266882,28.377504,3.653756,4.076657,4.210343,0
18,14,16,10.305008,28.377504,3.653756,5.888221,5.970997,0
19,14,16,12.343134,28.377504,3.653756,7.746145,7.800962,0
20,14,16,14.381260,28.377504,3.653756,9.637968,9.675272,0
0,15,16,-26.381260,30.415630,3.653756,12.176352,12.198654,0
1,15,16,-24.343134,30.415630,3.653756,10.318463,10.351026,0
2,15,16,-22.305008,30.415630,3.653756,8.496459,8.543407,0
3,15,16,-20.266882,30.415630,3.653756,6.721355,6.789716,0
4,15,16,-18.228756,30.415630,3.653756,5.008673,5.111725,0
5,15,16,-16.190630,30.415630,3.653756,3.380592,3.547499,0
6,15,16,-14.152504,30.415630,3.653756,1.869039,2.226756,0
7,15,16,-12.114378,30.415630,3.653756,0.519789,1.325662,0
8,15,16,-10.076252,30.415630,3.653756,0.000069,3.907348,1
9,15,16,-8.038126,30.415630,3.653756,0.000000,12.121644,1
10,15,16,-6.000000,30.415630,3.653756,0.000000,19.765110,1
11,15,16,-3.961874,30.415630,3.653756,0.000000,19.784698,1
12,15,16,-1.923748,30.415630,3.653756,0.000000,12.187063,1
13,15,16,0.114378,30.415630,3.653756,0.000086,4.663209,1
14,15,16,2.152504,30.415630,3.653756,0.543148,1.506416,0
15,15,16,4.190630,30.415630,3.653756,1.895993,2.410684,0
16,15,16,6.228756,30.415630,3.653756,3.410096,3.575339,0
17,15,16,8.266882,30.415630,3.653756,5.040016,5.142229,0
18,15,16,10.305008,30.415630,3.653756,6.754045,6.821912,0
19,15,16,12.343134,30.415630,3.653756,8.530152,8.576778,0
20,15,16,14.381260,30.415630,3.653756,10.352917,10.385256,0
0,16,16,-26.381260,32.453756,3.653756,12.988642,13.007378,0
1,16,16,-24.343134,32.453756,3.653756,11.198566,11.225847,0
2,16,16,-22.305008,32.453756,3.653756,9.454762,9.493458,0
3,16,16,-20.266882,32.453756,3.653756,7.770069,7.822267,0
4,16,16,-18.228756,32.453756,3.653756,6.161813,6.334493,0
5,16,16,-16.190630,32.453756,3.653756,4.653436,5.326685,0
6,16,16,-14.152504,32.453756,3.653756,3.276433,4.844101,0
7,16,16,-12.114378,32.453756,3.653756,2.072099,4.275145,0
8,16,16,-10.076252,32.453756,3.653756,1.091754,1.583661,0
9,16,16,-8.038126,32.453756,3.653756,0.393296,18.383177,0
10,16,16,-6.000000,32.453756,3.653756,0.055221,21.479860,0
11,16,16,-3.961874,32.453756,3.653756,0.057775,21.514784,0
12,16,16,-1.923748,32.453756,3.653756,0.403398,17.966932,0
13,16,16,0.114378,32.453756,3.653756,1.107691,1.595335,0
14,16,16,2.152504,32.453756,3.653756,2.092745,4.882205,0
15,16,16,4.190630,32.453756,3.653756,3.300751,5.522302,0
16,16,16,6.228756,32.453756,3.653756,4.680559,5.874696,0
17,16,16,8.266882,32.453756,3.653756,6.191065,6.629007,0
18,16,16,10.305008,32.453756,3.653756,7.800944,7.862933,0
19,16,16,12.343134,32.453756,3.653756,9.486886,9.525334,0
20,16,16,14.381260,32.453756,3.653756,11.231662,11.258759,0
0,17,16,-26.381260,34.491882,3.653756,13.940917,13.955998,0
1,17,16,-24.343134,34.491882,3.653756,12.224072,12.242506,0
2,17,16,-22.305008,34.491882,3.653756,10.563013,10.633626,0
3,17,16,-20.266882,34.491882,3.653756,8.971603,9.314492,0
4,17,16,-18.228756,34.491882,3.653756,7.467767,8.405528,0
5,17,16,-16.190630,34.491882,3.653756,6.074539,7.973651,0
6,17,16,-14.152504,34.491882,3.653756,4.821001,7.876063,0
7,17,16,-12.114378,34.491882,3.653756,3.742612,7.453267,0
8,17,16,-10.076252,34.491882,3.653756,2.879990,3.951964,0
9,17,16,-8.038126,34.491882,3.653756,2.274981,21.352133,0
10,17,16,-6.000000,34.491882,3.653756,1.963452,22.737617,0
11,17,16,-3.961874,34.491882,3.653756,1.966428,22.767878,0
12,17,16,-1.923748,34.491882,3.653756,2.283699,20.927457,0
13,17,16,0.114378,34.491882,3.653756,2.893889,4.317158,0
14,17,16,2.152504,34.491882,3.653756,3.760936,8.103301,0
15,17,16,4.190630,34.491882,3.653756,4.842963,8.649778,0
16,17,16,6.228756,34.491882,3.653756,6.099420,8.739861,0
17,17,16,8.266882,34.491882,3.653756,7.494964,9.043212,0
18,17,16,10.305008,34.491882,3.653756,9.000632,9.753801,0
19,17,16,12.343134,34.491882,3.653756,10.593495,10.863931,0
20,17,16,14.381260,34.491882,3.653756,12.255713,12.287207,0
0,18,16,-26.381260,36.530008,3.653756,15.017862,15.035954,0
1,18,16,-24.343134,36.530008,3.653756,13.376703,13.536565,0
2,18,16,-22.305008,36.530008,3.653756,11.799442,12.294024,0
3,18,16,-20.266882,36.530008,3.653756,10.300219,11.391599,0
4,18,16,-18.228756,36.530008,3.653756,8.896602,10.891950,0
5,18,16,-16.190630,36.530008,3.653756,7.610131,10.778614,0
6,18,16,-14.152504,36.530008,3.653756,6.466578,10.864384,0
7,18,16,-12.114378,36.530008,3.653756,5.495530,10.534976,0
8,18,16,-10.076252,36.530008,3.653756,4.728787,6.980391,0
9,18,16,-8.038126,36.530008,3.653756,4.197121,24.091288,0
10,18,16,-6.000000,36.530008,3.653756,3.925524,24.254796,0
11,18,16,-3.961874,36.530008,3.653756,3.928111,24.286171,0
12,18,16,-1.923748,36.530008,3.653756,4.204744,23.690613,0
13,18,16,0.114378,36.530008,3.653756,4.741062,7.419939,0
14,18,16,2.152504,36.530008,3.653756,5.511919,11.192771,0
15,18,16,4.190630,36.530008,3.653756,6.486483,11.669414,0
16,18,16,6.228756,36.530008,3.653756,7.632971,11.630679,0
17,18,16,8.266882,36.530008,3.653756,8.921857,11.694169,0
18,18,16,10.305008,36.530008,3.653756,10.327447,12.068607,0
19,18,16,12.343134,36.530008,3.653756,11.828280,12.804757,0
20,18,16,14.381260,36.530008,3.653756,13.406856,13.872537,0
0,19,16,-26.381260,38.568134,3.653756,16.204724,16.461320,0
1,19,16,-24.343134,38.568134,3.653756,14.639381,15.251520,0
2,19,16,-22.305008,38.568134,3.653756,13.144439,14.325194,0
3,19,16,-20.266882,38.568134,3.653756,11.733736,13.734708,0
4,19,16,-18.228756,38.568134,3.653756,10.423848,13.499095,0
5,19,16,-16.190630,38.568134,3.653756,9.234278,13.567038,0
6,19,16,-14.152504,38.568134,3.653756,8.187312,13.752126,0
7,19,16,-12.114378,38.568134,3.653756,7.307312,13.491427,0
8,19,16,-10.076252,38.568134,3.653756,6.619187,10.005270,0
9,19,16,-8.038126,38.568134,3.653756,6.145932,26.704513,0
10,19,16,-6.000000,38.568134,3.653756,5.905506,25.820708,0
11,19,16,-3.961874,38.568134,3.653756,5.907791,25.852231,0
12,19,16,-1.923748,38.568134,3.653756,6.152693,26.342562,0
13,19,16,0.114378,38.568134,3.653756,6.630153,10.466382,0
14,19,16,2.152504,38.568134,3.653756,7.322089,14.148876,0
15,19,16,4.190630,38.568134,3.653756,8.205443,14.569461,0
16,19,16,6.228756,38.568134,3.653756,9.255295,14.459766,0
17,19,16,8.266882,38.568134,3.653756,10.447312,14.387375,0
18,19,16,10.305008,38.568134,3.653756,11.759256,14.551271,0
19,19,16,12.343134,38.568134,3.653756,13.171678,15.022310,0
20,19,16,14.381260,38.568134,3.653756,14.668056,15.804106,0
0,20,16,-26.381260,40.606260,3.653756,17.487813,18.189639,0
1,20,16,-24.343134,40.606260,3.653756,15.996721,17.230407,0
2,20,16,-22.305008,40.606260,3.653756,14.580945,16.552720,0
3,20,16,-20.266882,40.606260,3.653756,13.253628,16.183865,0
4,20,16,-18.228756,40.606260,3.653756,12.030012,16.118468,0
5,20,16,-16.190630,40.606260,3.653756,10.927392,16.293770,0
6,20,16,-14.152504,40.606260,3.653756,9.964786,16.535500,0
7,20,16,-12.114378,40.606260,3.653756,9.162168,16.327963,0
8,20,16,-10.076252,40.606260,3.653756,8.539175,12.965648,0
9,20,16,-8.038126,40.606260,3.653756,8.113294,29.195863,0
10,20,16,-6.000000,40.606260,3.653756,7.897795,27.434653,0
11,20,16,-3.961874,40.606260,3.653756,7.899842,27.465768,0
12,20,16,-1.923748,40.606260,3.653756,8.119363,28.881179,0
13,20,16,0.114378,40.606260,3.653756,8.549069,13.432946,0
14,20,16,2.152504,40.606260,3.653756,9.175593,16.982880,0
15,20,16,4.190630,40.606260,3.653756,9.981387,17.357780,0
16,20,16,6.228756,40.606260,3.653756,10.946794,17.207892,0
17,20,16,8.266882,40.606260,3.653756,12.051848,17.055800,0
18,20,16,10.305008,40.606260,3.653756,13.277556,17.085734,0
19,20,16,12.343134,40.606260,3.653756,14.606661,17.373061,0
20,20,16,14.381260,40.606260,3.653756,16.023960,17.938281,0
0,0,17,-26.381260,-0.156260,5.691882,20.222058,20.221642,0
1,0,17,-24.343134,-0.156260,5.691882,18.867370,18.869424,0
2,0,17,-22.305008,-0.156260,5.691882,17.593635,17.598359,0
3,0,17,-20.266882,-0.156260,5.691882,16.412103,16.419674,0
4,0,17,-18.228756,-0.156260,5.691882,15.335146,15.345693,0
5,0,17,-16.190630,-0.156260,5.691882,14.376034,14.389606,0
6,0,17,-14.152504,-0.156260,5.691882,13.548533,13.565058,0
7,0,17,-12.114378,-0.156260,5.691882,12.866285,12.885529,0
8,0,17,-10.076252,-0.156260,5.691882,12.341981,12.363518,0
9,0,17,-8.038126,-0.156260,5.691882,11.986389,12.009596,0
10,0,17,-6.000000,-0.156260,5.691882,11.807371,11.831455,0
11,0,17,-3.961874,-0.156260,5.691882,11.809067,11.833144,0
12,0,17,-1.923748,-0.156260,5.691882,11.991439,12.014622,0
13,0,17,0.114378,-0.156260,5.691882,12.350270,12.371770,0
14,0,17,2.152504,-0.156260,5.691882,12.877635,12.896832,0
15,0,17,4.190630,-0.156260,5.691882,13.562721,13.579192,0
16,0,17,6.228756,-0.156260,5.691882,14.392811,14.406326,0
17,0,17,8.266882,-0.156260,5.691882,15.354253,15.364744,0
18,0,17,10.305008,-0.156260,5.691882,16.433286,16.440802,0
19,0,17,12.343134,-0.156260,5.691882,17.616652,17.621325,0
20,0,17,14.381260,-0.156260,5.691882,18.892001,18.894008,0
0,1,17,-26.381260,1.881866,5.691882,18.814597,18.816755,0
1,1,17,-24.343134,1.881866,5.691882,17.393047,17.398227,0
2,1,17,-22.305008,1.881866,5.691882,16.050208,16.058735,0
3,1,17,-20.266882,1.881866,5.691882,14.798331,14.810523,0
4,1,17,-18.228756,1.881866,5.691882,13.651229,13.667367,0
5,1,17,-16.190630,1.881866,5.691882,12.624109,12.644389,0
6,1,17,-14.152504,1.881866,5.691882,11.733177,11.757633,0
7,1,17,-12.114378,1.881866,5.691882,10.994920,11.023348,0
8,1,17,-10.076252,1.881866,5.691882,10.425061,10.456936,0
9,1,17,-8.038126,1.881866,5.691882,10.037230,10.071675,0
10,1,17,-6.000000,1.881866,5.691882,9.841548,9.877365,0
11,1,17,-3.961874,1.881866,5.691882,9.843404,9.879208,0
12,1,17,-1.923748,1.881866,5.691882,10.042746,10.077153,0
13,1,17,0.114378,1.881866,5.691882,10.434088,10.465906,0
14,1,17,2.152504,1.881866,5.691882,11.007231,11.035588,0
15,1,17,4.190630,1.881866,5.691882,11.748492,11.772872,0
16,1,17,6.228756,1.881866,5.691882,12.642124,12.662325,0
17,1,17,8.266882,1.881866,5.691882,13.671635,13.687698,0
18,1,17,10.305008,1.881866,5.691882,14.820833,14.832954,0
19,1,17,12.343134,1.881866,5.691882,16.074533,16.082994,0
20,1,17,14.381260,1.881866,5.691882,17.418952,17.424073,0
0,2,17,-26.381260,3.919992,5.691882,17.483287,17.488261,0
1,2,17,-24.343134,3.919992,5.691882,15.991946,16.000631,0
2,2,17,-22.305008,3.919992,5.691882,14.575907,14.588815,0
3,2,17,-20.266882,3.919992,5.691882,13.248316,13.266003,0
4,2,17,-18.228756,3.919992,5.691882,12.024418,12.047441,0
5,2,17,-16.190630,3.919992,5.691882,10.921518,10.950370,0
6,2,17,-14.152504,3.919992,5.691882,9.958643,9.993632,0
7,2,17,-12.114378,3.919992,5.691882,9.155782,9.196868,0
8,2,17,-10.076252,3.919992,5.691882,8.532586,8.579188,0
9,2,17,-8.038126,3.919992,5.691882,8.106559,8.157416,0
10,2,17,-6.000000,3.919992,5.691882,7.890984,7.944166,0
11,2,17,-3.961874,3.919992,5.691882,7.893031,7.946190,0
12,2,17,-1.923748,3.919992,5.691882,8.112630,8.163423,0
13,2,17,0.114378,3.919992,5.691882,8.542483,8.588992,0
14,2,17,2.152504,3.919992,5.691882,9.169211,9.210187,0
15,2,17,4.190630,3.919992,5.691882,9.975249,10.010123,0
16,2,17,6.228756,3.919992,5.691882,10.940925,10.969664,0
17,2,17,8.266882,3.919992,5.691882,12.046259,12.069178,0
18,2,17,10.305008,3.919992,5.691882,13.272249,13.289841,0
19,2,17,12.343134,3.919992,5.691882,14.601628,14.614453,0
20,2,17,14.381260,3.919992,5.691882,16.019191,16.027801,0
0,3,17,-26.381260,5.958118,5.691882,16.239260,16.247282,0
1,3,17,-24.343134,5.958118,5.691882,14.676015,14.688599,0
2,3,17,-22.305008,5.958118,5.691882,13.183330,13.201275,0
3,3,17,-20.266882,5.958118,5.691882,11.775026,11.799272,0
4,3,17,-18.228756,5.958118,5.691882,10.467647,10.499252,0
5,3,17,-16.190630,5.958118,5.691882,9.280635,9.320704,0
6,3,17,-14.152504,5.958118,5.691882,8.236180,8.285697,0
7,3,17,-12.114378,5.958118,5.691882,7.358512,7.418015,0
8,3,17,-10.076252,5.958118,5.691882,6.672370,6.741481,0
9,3,17,-8.038126,5.958118,5.691882,6.200570,6.277498,0
10,3,17,-6.000000,5.958118,5.691882,5.960915,6.042276,0
11,3,17,-3.961874,5.958118,5.691882,5.963193,6.044511,0
12,3,17,-1.923748,5.958118,5.691882,6.207310,6.284118,0
13,3,17,0.114378,5.958118,5.691882,6.683303,6.752246,0
14,3,17,2.152504,5.958118,5.691882,7.373248,7.432564,0
15,3,17,4.190630,5.958118,5.691882,8.254265,8.303598,0
16,3,17,6.228756,5.958118,5.691882,9.301604,9.341505,0
17,3,17,8.266882,5.958118,5.691882,10.491064,10.522521,0
18,3,17,10.305008,5.958118,5.691882,11.800500,11.824619,0
19,3,17,12.343134,5.958118,5.691882,13.210525,13.228362,0
20,3,17,14.381260,5.958118,5.691882,14.704650,14.717141,0
0,4,17,-26.381260,7.996244,5.691882,15.094959,15.106227,0
1,4,17,-24.343134,7.996244,5.691882,13.458955,13.475821,0
2,4,17,-22.305008,7.996244,5.691882,11.887341,11.911030,0
3,4,17,-20.266882,7.996244,5.691882,10.394252,10.426324,0
4,4,17,-18.228756,7.996244,5.691882,8.997206,9.039624,0
5,4,17,-16.190630,7.996244,5.691882,7.717618,7.772764,0
6,4,17,-14.152504,7.996244,5.691882,6.581022,6.651560,0
7,4,17,-12.114378,7.996244,5.691882,5.616627,5.705005,0
8,4,17,-10.076252,7.996244,5.691882,4.855708,4.963012,0
9,4,17,-8.038126,7.996244,5.691882,4.328420,4.452588,0
10,4,17,-6.000000,7.996244,5.691882,4.059176,4.193565,0
11,4,17,-3.961874,7.996244,5.691882,4.061741,4.196026,0
12,4,17,-1.923748,7.996244,5.691882,4.335977,4.459876,0
13,4,17,0.114378,7.996244,5.691882,4.867886,4.974842,0
14,4,17,2.152504,7.996244,5.691882,5.632898,5.720926,0
15,4,17,4.190630,7.996244,5.691882,6.600799,6.671025,0
16,4,17,6.228756,7.996244,5.691882,7.740328,7.795212,0
17,4,17,8.266882,7.996244,5.691882,9.022335,9.064539,0
18,4,17,10.305008,7.996244,5.691882,10.421361,10.453260,0
19,4,17,12.343134,7.996244,5.691882,11.916068,11.939616,0
20,4,17,14.381260,7.996244,5.691882,13.489007,13.505758,0
0,5,17,-26.381260,10.034370,5.691882,14.063996,14.078641,0
1,5,17,-24.343134,10.034370,5.691882,12.356165,12.377638,0
2,5,17,-22.305008,10.034370,5.691882,10.705176,10.735311,0
3,5,17,-20.266882,10.034370,5.691882,9.124960,9.166302,0
4,5,17,-18.228756,10.034370,5.691882,7.633446,7.689577,0
5,5,17,-16.190630,10.034370,5.691882,6.253532,6.329525,0
6,5,17,-14.152504,10.034370,5.691882,5.013933,5.116844,0
7,5,17,-12.114378,10.034370,5.691882,3.949384,4.088320,0
8,5,17,-10.076252,10.034370,5.691882,3.099338,3.283571,0
9,5,17,-8.038126,10.034370,5.691882,2.504094,2.736402,0
10,5,17,-6.000000,10.034370,5.691882,2.197938,2.463671,0
11,5,17,-3.961874,10.034370,5.691882,2.200862,2.466239,0
12,5,17,-1.923748,10.034370,5.691882,2.512666,2.744139,0
13,5,17,0.114378,10.034370,5.691882,3.113023,3.296346,0
14,5,17,2.152504,10.034370,5.691882,3.967457,4.105628,0
15,5,17,4.190630,10.034370,5.691882,5.035632,5.137961,0
16,5,17,6.228756,10.034370,5.691882,6.278157,6.353720,0
17,5,17,8.266882,10.034370,5.691882,7.660403,7.716215,0
18,5,17,10.305008,10.034370,5.691882,9.153769,9.194872,0
19,5,17,12.343134,10.034370,5.691882,10.735460,10.765412,0
20,5,17,14.381260,10.034370,5.691882,12.387629,12.408959,0
0,6,17,-26.381260,12.072496,5.691882,13.160832,13.178868,0
1,6,17,-24.343134,12.072496,5.691882,11.384475,11.410744,0
2,6,17,-22.305008,12.072496,5.691882,9.656303,9.693470,0
3,6,17,-20.266882,12.072496,5.691882,7.989414,8.041519,0
4,6,17,-18.228756,12.072496,5.691882,6.401337,6.474800,0
5,6,17,-16.190630,12.072496,5.691882,4.915549,5.021160,0
6,6,17,-14.152504,12.072496,5.691882,3.563198,3.720215,0
7,6,17,-12.114378,12.072496,5.691882,2.384518,2.629004,0
8,6,17,-10.076252,12.072496,5.691882,1.428663,1.825850,0
9,6,17,-8.038126,12.072496,5.691882,0.749741,1.388741,0
10,6,17,-6.000000,12.072496,5.691882,0.398069,1.359893,0
11,6,17,-3.961874,12.072496,5.691882,0.401406,1.385083,0
12,6,17,-1.923748,12.072496,5.691882,0.759580,1.402242,0
13,6,17,0.114378,12.072496,5.691882,1.444171,1.837918,0
14,6,17,2.152504,12.072496,5.691882,2.404687,2.647046,0
15,6,17,4.190630,12.072496,5.691882,3.587041,3.742837,0
16,6,17,6.228756,12.072496,5.691882,4.942229,5.047097,0
17,6,17,8.266882,12.072496,5.691882,6.430190,6.503172,0
18,6,17,10.305008,12.072496,5.691882,8.019935,8.071712,0
19,6,17,12.343134,12.072496,5.691882,9.688115,9.725047,0
20,6,17,14.381260,12.072496,5.691882,11.417297,11.443390,0
0,7,17,-26.381260,14.110622,5.691882,12.400212,12.421486,0
1,7,17,-24.343134,14.110622,5.691882,10.561542,10.592558,0
2,7,17,-22.305008,14.110622,5.691882,8.761860,8.806343,0
3,7,17,-20.266882,14.110622,5.691882,7.012799,7.076911,0
4,7,17,-18.228756,14.110622,5.691882,5.330542,5.425421,0
5,7,17,-16.190630,14.110622,5.691882,3.737844,3.886250,0
6,7,17,-14.152504,14.110622,5.691882,2.266781,2.524327,0
7,7,17,-12.114378,14.110622,5.691882,0.961976,1.500741,0
8,7,17,-10.076252,14.110622,5.691882,0.023527,2.393507,0
9,7,17,-8.038126,14.110622,5.691882,0.000000,5.070681,1
10,7,17,-6.000000,14.110622,5.691882,0.000000,6.125237,1
11,7,17,-3.961874,14.110622,5.691882,0.000000,6.282241,1
12,7,17,-1.923748,14.110622,5.691882,0.000000,5.495297,1
13,7,17,0.114378,14.110622,5.691882,0.028027,2.858042,0
14,7,17,2.152504,14.110622,5.691882,0.984520,1.518739,0
15,7,17,4.190630,14.110622,5.691882,2.292934,2.547484,0
16,7,17,6.228756,14.110622,5.691882,3.766639,3.913696,0
17,7,17,8.266882,14.110622,5.691882,5.361272,5.455420,0
18,7,17,10.305008,14.110622,5.691882,7.044963,7.108628,0
19,7,17,12.343134,14.110622,5.691882,8.795103,8.839288,0
20,7,17,14.381260,14.110622,5.691882,10.595609,10.626415,0
0,8,17,-26.381260,16.148748,5.691882,11.796353,11.820493,0
1,8,17,-24.343134,16.148748,5.691882,9.904865,9.940232,0
2,8,17,-22.305008,16.148748,5.691882,8.043517,8.095041,0
3,8,17,-20.266882,16.148748,5.691882,6.222032,6.298579,0
4,8,17,-18.228756,16.148748,5.691882,4.454432,4.574222,0
5,8,17,-16.190630,16.148748,5.691882,2.761359,2.970621,0
6,8,17,-14.152504,16.148748,5.691882,1.173720,1.639417,0
7,8,17,-12.114378,16.148748,5.691882,0.004607,2.831959,1
8,8,17,-10.076252,16.148748,5.691882,0.000000,5.989051,1
9,8,17,-8.038126,16.148748,5.691882,0.000000,7.482036,1
10,8,17,-6.000000,16.148748,5.691882,0.000000,8.231695,1
11,8,17,-3.961874,16.148748,5.691882,0.000000,8.373630,1
12,8,17,-1.923748,16.148748,5.691882,0.000000,7.882479,1
13,8,17,0.114378,16.148748,5.691882,0.000000,6.592269,1
14,8,17,2.152504,16.148748,5.691882,0.006275,3.452431,1
15,8,17,4.190630,16.148748,5.691882,1.202200,1.660535,0
16,8,17,6.228756,16.148748,5.691882,2.792179,2.998933,0
17,8,17,8.266882,16.148748,5.691882,4.486891,4.605591,0
18,8,17,10.305008,16.148748,5.691882,6.255663,6.331618,0
19,8,17,12.343134,16.148748,5.691882,8.078006,8.129163,0
20,8,17,14.381260,16.148748,5.691882,9.939996,9.975116,0
0,9,17,-26.381260,18.186874,5.691882,11.361906,11.388295,0
1,9,17,-24.343134,18.186874,5.691882,9.430412,9.469297,0
2,9,17,-22.305008,18.186874,5.691882,7.521674,7.579146,0
3,9,17,-20.266882,18.186874,5.691882,5.643483,5.731283,0
4,9,17,-18.228756,18.186874,5.691882,3.807395,3.952577,0
5,9,17,-16.190630,18.186874,5.691882,2.031097,2.318556,0
6,9,17,-14.152504,18.186874,5.691882,0.344917,1.241847,0
7,9,17,-12.114378,18.186874,5.691882,0.000000,5.352392,1
8,9,17,-10.076252,18.186874,5.691882,0.000000,7.513456,1
9,9,17,-8.038126,18.186874,5.691882,0.000000,8.734006,1
10,9,17,-6.000000,18.186874,5.691882,0.000000,9.365532,1
11,9,17,-3.961874,18.186874,5.691882,0.000000,9.488256,1
12,9,17,-1.923748,18.186874,5.691882,0.000000,9.088960,1
13,9,17,0.114378,18.186874,5.691882,0.000000,8.073237,1
14,9,17,2.152504,18.186874,5.691882,0.000000,6.069801,1
15,9,17,4.190630,18.186874,5.691882,0.374757,1.408522,0
16,9,17,6.228756,18.186874,5.691882,2.063628,2.346633,0
17,9,17,8.266882,18.186874,5.691882,3.841260,3.984913,0
18,9,17,10.305008,18.186874,5.691882,5.678274,5.765335,0
19,9,17,12.343134,18.186874,5.691882,7.557128,7.614171,0
20,9,17,14.381260,18.186874,5.691882,9.466354,9.504960,0
0,10,17,-26.381260,20.225000,5.691882,11.106821,11.134613,0
1,10,17,-24.343134,20.225000,5.691882,9.151000,9.192126,0
2,10,17,-22.305008,20.225000,5.691882,7.213148,7.274536,0
3,10,17,-20.266882,20.225000,5.691882,5.299639,5.395260,0
4,10,17,-18.228756,20.225000,5.691882,3.420107,3.584790,0
5,10,17,-16.190630,20.225000,5.691882,1.589670,1.951437,0
6,10,17,-14.152504,20.225000,5.691882,0.013864,2.335430,0
7,10,17,-12.114378,20.225000,5.691882,0.000000,6.360673,1
8,10,17,-10.076252,20.225000,5.691882,0.000000,8.256028,1
9,10,17,-8.038126,20.225000,5.691882,0.000000,9.365259,1
10,10,17,-6.000000,20.225000,5.691882,0.000000,9.937779,1
11,10,17,-3.961874,20.225000,5.691882,0.000000,10.046204,1
12,10,17,-1.923748,20.225000,5.691882,0.000000,9.686114,1
13,10,17,0.114378,20.225000,5.691882,0.000000,8.778278,1
14,10,17,2.152504,20.225000,5.691882,0.000000,7.059687,1
15,10,17,4.190630,20.225000,5.691882,0.019542,2.961253,0
16,10,17,6.228756,20.225000,5.691882,1.623331,1.978469,0
17,10,17,8.266882,20.225000,5.691882,3.454874,3.617641,0
18,10,17,10.305008,20.225000,5.691882,5.335158,5.429927,0
19,10,17,12.343134,20.225000,5.691882,7.249198,7.310112,0
20,10,17,14.381260,20.225000,5.691882,9.187438,9.228264,0
0,11,17,-26.381260,22.263126,5.691882,11.037302,11.065488,0
1,11,17,-24.343134,22.263126,5.691882,9.074740,9.116501,0
2,11,17,-22.305008,22.263126,5.691882,7.128777,7.191294,0
3,11,17,-20.266882,22.263126,5.691882,5.205364,5.303305,0
4,11,17,-18.228756,22.263126,5.691882,3.313536,3.484327,0
5,11,17,-16.190630,22.263126,5.691882,1.467575,1.855612,0
6,11,17,-14.152504,22.263126,5.691882,0.002346,2.888209,1
7,11,17,-12.114378,22.263126,5.691882,0.000000,6.606109,1
8,11,17,-10.076252,22.263126,5.691882,0.000000,8.444420,1
9,11,17,-8.038126,22.263126,5.691882,0.000000,9.526648,1
10,11,17,-6.000000,22.263126,5.691882,0.000000,10.083464,1
11,11,17,-3.961874,22.263126,5.691882,0.000000,10.187513,1
12,11,17,-1.923748,22.263126,5.691882,0.000000,9.837171,1
13,11,17,0.114378,22.263126,5.691882,0.000000,8.955191,1
14,11,17,2.152504,22.263126,5.691882,0.000000,7.297289,1
15,11,17,4.190630,22.263126,5.691882,0.003599,3.580614,1
16,11,17,6.228756,22.263126,5.691882,1.501562,1.882188,0
17,11,17,8.266882,22.263126,5.691882,3.348559,3.517304,0
18,11,17,10.305008,22.263126,5.691882,5.241089,5.338142,0
19,11,17,12.343134,22.263126,5.691882,7.164995,7.227024,0
20,11,17,14.381260,22.263126,5.691882,9.111315,9.152770,0
0,12,17,-26.381260,24.301252,5.691882,11.155089,11.182611,0
1,12,17,-24.343134,24.301252,5.691882,9.203920,9.244611,0
2,12,17,-22.305008,24.301252,5.691882,7.271654,7.332274,0
3,12,17,-20.266882,24.301252,5.691882,5.364950,5.459011,0
4,12,17,-18.228756,24.301252,5.691882,3.493837,3.654498,0
5,12,17,-16.190630,24.301252,5.691882,1.673978,2.019258,0
6,12,17,-14.152504,24.301252,5.691882,0.036054,1.940822,0
7,12,17,-12.114378,24.301252,5.691882,0.000000,6.183826,1
8,12,17,-10.076252,24.301252,5.691882,0.000000,8.121961,1
9,12,17,-8.038126,24.301252,5.691882,0.000000,9.250651,1
10,12,17,-6.000000,24.301252,5.691882,0.000000,9.834109,1
11,12,17,-3.961874,24.301252,5.691882,0.000000,9.945441,1
12,12,17,-1.923748,24.301252,5.691882,0.000000,9.578403,1
13,12,17,0.114378,24.301252,5.691882,0.000000,8.651871,1
14,12,17,2.152504,24.301252,5.691882,0.000000,6.887690,1
15,12,17,4.190630,24.301252,5.691882,0.047913,2.501353,0
16,12,17,6.228756,24.301252,5.691882,1.707417,2.046558,0
17,12,17,8.266882,24.301252,5.691882,3.528429,3.687256,0
18,12,17,10.305008,24.301252,5.691882,5.400329,5.493560,0
19,12,17,12.343134,24.301252,5.691882,7.307590,7.367745,0
20,12,17,14.381260,24.301252,5.691882,9.240263,9.280658,0
0,13,17,-26.381260,26.339378,5.691882,11.457246,11.483128,0
1,13,17,-24.343134,26.339378,5.691882,9.534683,9.572765,0
2,13,17,-22.305008,26.339378,5.691882,7.636576,7.692670,0
3,13,17,-20.266882,26.339378,5.691882,5.771188,5.856315,0
4,13,17,-18.228756,26.339378,5.691882,3.950698,4.089578,0
5,13,17,-16.190630,26.339378,5.691882,2.193576,2.459839,0
6,13,17,-14.152504,26.339378,5.691882,0.528843,1.280552,0
7,13,17,-12.114378,26.339378,5.691882,0.000000,4.916877,1
8,13,17,-10.076252,26.339378,5.691882,0.000000,7.211581,1
9,13,17,-8.038126,26.339378,5.691882,0.000000,9.971153,1
10,13,17,-6.000000,26.339378,5.691882,0.000000,12.806576,1
11,13,17,-3.961874,26.339378,5.691882,0.000000,12.873194,1
12,13,17,-1.923748,26.339378,5.691882,0.000000,10.229803,1
13,13,17,0.114378,26.339378,5.691882,0.000000,7.783414,1
14,13,17,2.152504,26.339378,5.691882,0.000000,5.634712,1
15,13,17,4.190630,26.339378,5.691882,0.558830,1.344276,0
16,13,17,6.228756,26.339378,5.691882,2.225711,2.488091,0
17,13,17,8.266882,26.339378,5.691882,3.984241,4.121708,0
18,13,17,10.305008,26.339378,5.691882,5.805717,5.890141,0
19,13,17,12.343134,26.339378,5.691882,7.671813,7.727492,0
20,13,17,14.381260,26.339378,5.691882,9.570443,9.608254,0
0,14,17,-26.381260,28.377504,5.691882,11.936518,11.959966,0
1,14,17,-24.343134,28.377504,5.691882,10.057570,10.091875,0
2,14,17,-22.305008,28.377504,5.691882,8.210954,8.260728,0
3,14,17,-20.266882,28.377504,5.691882,6.406908,6.480278,0
4,14,17,-18.228756,28.377504,5.691882,4.660070,4.773203,0
5,14,17,-16.190630,28.377504,5.691882,2.991743,3.183388,0
6,14,17,-14.152504,28.377504,5.691882,1.433344,1.829334,0
7,14,17,-12.114378,28.377504,5.691882,0.079122,1.664692,0
8,14,17,-10.076252,28.377504,5.691882,0.000000,7.414421,1
9,14,17,-8.038126,28.377504,5.691882,0.000000,13.632990,1
10,14,17,-6.000000,28.377504,5.691882,0.000000,16.889552,1
11,14,17,-3.961874,28.377504,5.691882,0.000000,16.932893,1
12,14,17,-1.923748,28.377504,5.691882,0.000000,13.767602,1
13,14,17,0.114378,28.377504,5.691882,0.000000,7.772128,1
14,14,17,2.152504,28.377504,5.691882,0.094406,2.092109,0
15,14,17,4.190630,28.377504,5.691882,1.461234,1.850947,0
16,14,17,6.228756,28.377504,5.691882,3.022060,3.211568,0
17,14,17,8.266882,28.377504,5.691882,4.692106,4.804252,0
18,14,17,10.305008,28.377504,5.691882,6.440185,6.513002,0
19,14,17,12.343134,28.377504,5.691882,8.245144,8.294569,0
20,14,17,14.381260,28.377504,5.691882,10.092448,10.126515,0
0,15,17,-26.381260,30.415630,5.691882,12.582147,12.602611,0
1,15,17,-24.343134,30.415630,5.691882,10.758793,10.788605,0
2,15,17,-22.305008,30.415630,5.691882,8.976809,9.019402,0
3,15,17,-20.266882,30.415630,5.691882,7.248260,7.309186,0
4,15,17,-18.228756,30.415630,5.691882,5.589768,5.678729,0
5,15,17,-16.190630,30.415630,5.691882,4.024410,4.160214,0
6,15,17,-14.152504,30.415630,5.691882,2.584210,2.808908,0
7,15,17,-12.114378,30.415630,5.691882,1.312842,1.739002,0
8,15,17,-10.076252,30.415630,5.691882,0.270729,10.816608,0
9,15,17,-8.038126,30.415630,5.691882,0.000243,18.365508,1
10,15,17,-6.000000,30.415630,5.691882,0.000002,20.573669,1
11,15,17,-3.961874,30.415630,5.691882,0.000002,20.602955,1
12,15,17,-1.923748,30.415630,5.691882,0.000268,18.386295,1
13,15,17,0.114378,30.415630,5.691882,0.287172,10.589149,0
14,15,17,2.152504,30.415630,5.691882,1.334751,1.755498,0
15,15,17,4.190630,30.415630,5.691882,2.609758,2.832116,0
16,15,17,6.228756,30.415630,5.691882,4.052660,4.187312,0
17,15,17,8.266882,30.415630,5.691882,5.620021,5.708326,0
18,15,17,10.305008,30.415630,5.691882,7.280013,7.340524,0
19,15,17,12.343134,30.415630,5.691882,9.009696,9.052008,0
20,15,17,14.381260,30.415630,5.691882,10.792553,10.822164,0
0,16,17,-26.381260,32.453756,5.691882,13.380972,13.398139,0
1,16,17,-24.343134,32.453756,5.691882,11.621839,11.646862,0
2,16,17,-22.305008,32.453756,5.691882,9.913206,9.948515,0
3,16,17,-20.266882,32.453756,5.691882,8.268451,8.317640,0
4,16,17,-18.228756,32.453756,5.691882,6.705293,6.773899,0
5,16,17,-16.190630,32.453756,5.691882,5.247171,5.344074,0
6,16,17,-14.152504,32.453756,5.691882,3.924718,4.064708,0
7,16,17,-12.114378,32.453756,5.691882,2.776802,2.984800,0
8,16,17,-10.076252,32.453756,5.691882,1.849956,13.394115,0
9,16,17,-8.038126,32.453756,5.691882,1.194322,22.779645,0
10,16,17,-6.000000,32.453756,5.691882,0.854643,23.103509,0
11,16,17,-3.961874,32.453756,5.691882,0.857896,23.108900,0
12,16,17,-1.923748,32.453756,5.691882,1.203806,22.735305,0
13,16,17,0.114378,32.453756,5.691882,1.864960,13.076902,0
14,16,17,2.152504,32.453756,5.691882,2.796401,3.002815,0
15,16,17,4.190630,32.453756,5.691882,3.947988,4.086983,0
16,16,17,6.228756,32.453756,5.691882,5.273310,5.369572,0
17,16,17,8.266882,32.453756,5.691882,6.733653,6.801828,0
18,16,17,10.305008,32.453756,5.691882,8.298533,8.347419,0
19,16,17,12.343134,32.453756,5.691882,9.944630,9.979718,0
20,16,17,14.381260,32.453756,5.691882,11.654318,11.679175,0
0,17,17,-26.381260,34.491882,5.691882,14.318547,14.332313,0
1,17,17,-24.343134,34.491882,5.691882,12.629051,12.649309,0
2,17,17,-22.305008,34.491882,5.691882,10.998468,11.026875,0
3,17,17,-20.266882,34.491882,5.691882,9.440838,9.479642,0
4,17,17,-18.228756,34.491882,5.691882,7.974053,8.026325,0
5,17,17,-16.190630,34.491882,5.691882,6.620697,6.690611,0
6,17,17,-14.152504,34.491882,5.691882,5.408707,5.501744,0
7,17,17,-12.114378,34.491882,5.691882,4.371363,4.494012,0
8,17,17,-10.076252,34.491882,5.691882,3.545846,15.900846,0
9,17,17,-8.038126,34.491882,5.691882,2.969518,24.983626,0
10,17,17,-6.000000,34.491882,5.691882,2.673719,24.185413,0
11,17,17,-3.961874,34.491882,5.691882,2.676541,24.197591,0
12,17,17,-1.923748,34.491882,5.691882,2.977806,24.959521,0
13,17,17,0.114378,34.491882,5.691882,3.559113,15.540223,0
14,17,17,2.152504,34.491882,5.691882,4.388943,4.510978,0
15,17,17,4.190630,34.491882,5.691882,5.429888,5.522434,0
16,17,17,6.228756,34.491882,5.691882,6.644812,6.714349,0
17,17,17,8.266882,34.491882,5.691882,8.000529,8.052514,0
18,17,17,10.305008,34.491882,5.691882,9.469205,9.507789,0
19,17,17,12.343134,34.491882,5.691882,11.028350,11.056586,0
20,17,17,14.381260,34.491882,5.691882,12.660153,12.680277,0
0,18,17,-26.381260,36.530008,5.691882,15.380132,15.390547,0
1,18,17,-24.343134,36.530008,5.691882,13.762908,13.777897,0
2,18,17,-22.305008,36.530008,5.691882,12.211803,12.280472,0
3,18,17,-20.266882,36.530008,5.691882,10.740916,10.939273,0
4,18,17,-18.228756,36.530008,5.691882,9.367558,9.729013,0
5,18,17,-16.190630,36.530008,5.691882,8.112664,8.522069,0
6,18,17,-14.152504,36.530008,5.691882,7.000904,7.103498,0
7,18,17,-12.114378,36.530008,5.691882,6.060137,6.139621,0
8,18,17,-10.076252,36.530008,5.691882,5.319796,18.462203,0
9,18,17,-8.038126,36.530008,5.691882,4.807907,27.023083,0
10,18,17,-6.000000,36.530008,5.691882,4.546922,25.707636,0
11,18,17,-3.961874,36.530008,5.691882,4.549406,25.721455,0
12,18,17,-1.923748,36.530008,5.691882,4.815237,27.015848,0
13,18,17,0.114378,36.530008,5.691882,5.331630,18.062864,0
14,18,17,2.152504,36.530008,5.691882,6.075987,6.155177,0
15,18,17,4.190630,36.530008,5.691882,7.020223,7.175090,0
16,18,17,6.228756,36.530008,5.691882,8.134907,8.799080,0
17,18,17,8.266882,36.530008,5.691882,9.392232,10.037036,0
18,18,17,10.305008,36.530008,5.691882,10.767595,11.196396,0
19,18,17,12.343134,36.530008,5.691882,12.240131,12.446671,0
20,18,17,14.381260,36.530008,5.691882,13.792593,13.839241,0
0,19,17,-26.381260,38.568134,5.691882,16.551444,16.606160,0
1,19,17,-24.343134,38.568134,5.691882,15.006906,15.198106,0
2,19,17,-22.305008,38.568134,5.691882,13.534287,13.955615,0
3,19,17,-20.266882,38.568134,5.691882,12.147262,12.878534,0
4,19,17,-18.228756,38.568134,5.691882,10.862063,11.908809,0
5,19,17,-16.190630,38.568134,5.691882,9.697585,10.856198,0
6,19,17,-14.152504,38.568134,5.691882,8.675176,9.288424,0
7,19,17,-12.114378,38.568134,5.691882,7.817896,7.871895,0
8,19,17,-10.076252,38.568134,5.691882,7.149043,21.052107,0
9,19,17,-8.038126,38.568134,5.691882,6.689897,28.956607,0
10,19,17,-6.000000,38.568134,5.691882,6.456926,27.253821,0
11,19,17,-3.961874,38.568134,5.691882,6.459140,27.268539,0
12,19,17,-1.923748,38.568134,5.691882,6.696451,28.962786,0
13,19,17,0.114378,38.568134,5.691882,7.159691,20.619429,0
14,19,17,2.152504,38.568134,5.691882,7.832274,7.886112,0
15,19,17,4.190630,38.568134,5.691882,8.692859,9.548479,0
16,19,17,6.228756,38.568134,5.691882,9.718134,11.292059,0
17,19,17,8.266882,38.568134,5.691882,10.885060,12.394093,0
18,19,17,10.305008,38.568134,5.691882,12.172329,13.339342,0
19,19,17,12.343134,38.568134,5.691882,13.561095,14.345397,0
20,19,17,14.381260,38.568134,5.691882,15.035178,15.491972,0
0,20,17,-26.381260,40.606260,5.691882,17.819148,18.142326,0
1,20,17,-24.343134,40.606260,5.691882,16.346070,16.955740,0
2,20,17,-22.305008,40.606260,5.691882,14.949295,15.943298,0
3,20,17,-20.266882,40.606260,5.691882,13.641755,15.088499,0
4,20,17,-18.228756,40.606260,5.691882,12.438332,14.311590,0
5,20,17,-16.190630,40.606260,5.691882,11.355779,13.391088,0
6,20,17,-14.152504,40.606260,5.691882,10.412359,11.778700,0
7,20,17,-12.114378,40.606260,5.691882,9.627088,9.664473,0
8,20,17,-10.076252,40.606260,5.691882,9.018504,23.651626,0
9,20,17,-8.038126,40.606260,5.691882,8.602992,30.319570,0
10,20,17,-6.000000,40.606260,5.691882,8.392910,28.833602,0
11,20,17,-3.961874,40.606260,5.691882,8.394904,28.848738,0
12,20,17,-1.923748,40.606260,5.691882,8.608910,30.351920,0
13,20,17,0.114378,40.606260,5.691882,9.028162,23.191427,0
14,20,17,2.152504,40.606260,5.691882,9.640212,9.677499,0
15,20,17,4.190630,40.606260,5.691882,10.428615,12.136253,0
16,20,17,6.228756,40.606260,5.691882,11.374811,13.912487,0
17,20,17,8.266882,40.606260,5.691882,12.459789,14.901082,0
18,20,17,10.305008,40.606260,5.691882,13.665308,15.680337,0
19,20,17,12.343134,40.606260,5.691882,14.974647,16.489820,0
20,20,17,14.381260,40.606260,5.691882,16.372962,17.425741,0
0,0,18,-26.381260,-0.156260,7.730008,20.655871,20.654732,0
1,0,18,-24.343134,-0.156260,7.730008,19.320514,19.321703,0
2,0,18,-22.305008,-0.156260,7.730008,18.066581,18.070271,0
3,0,18,-20.266882,-0.156260,7.730008,16.905018,16.911353,0
4,0,18,-18.228756,-0.156260,7.730008,15.847774,15.856854,0
5,0,18,-16.190630,-0.156260,7.730008,14.907581,14.919429,0
6,0,18,-14.152504,-0.156260,7.730008,14.097549,14.112076,0
7,0,18,-12.114378,-0.156260,7.730008,13.430581,13.447556,0
8,0,18,-10.076252,-0.156260,7.730008,12.918603,12.937629,0
9,0,18,-8.038126,-0.156260,7.730008,12.571678,12.592188,0
10,0,18,-6.000000,-0.156260,7.730008,12.397122,12.418409,0
11,0,18,-3.961874,-0.156260,7.730008,12.398776,12.420055,0
12,0,18,-1.923748,-0.156260,7.730008,12.576604,12.597092,0
13,0,18,0.114378,-0.156260,7.730008,12.926693,12.945685,0
14,0,18,2.152504,-0.156260,7.730008,13.441670,13.458603,0
15,0,18,4.190630,-0.156260,7.730008,14.111428,14.125907,0
16,0,18,6.228756,-0.156260,7.730008,14.924015,14.935811,0
17,0,18,8.266882,-0.156260,7.730008,15.866518,15.875546,0
18,0,18,10.305008,-0.156260,7.730008,16.925828,16.932112,0
19,0,18,12.343134,-0.156260,7.730008,18.089226,18.092867,0
20,0,18,14.381260,-0.156260,7.730008,19.344779,19.345923,0
0,1,18,-26.381260,1.881866,7.730008,19.268529,19.269816,0
1,1,18,-24.343134,1.881866,7.730008,17.869270,17.873384,0
2,1,18,-22.305008,1.881866,7.730008,16.549577,16.556796,0
3,1,18,-20.266882,1.881866,7.730008,15.321381,15.331968,0
4,1,18,-18.228756,1.881866,7.730008,14.198015,14.212193,0
5,1,18,-16.190630,1.881866,7.730008,13.194033,13.211936,0
6,1,18,-14.152504,1.881866,7.730008,12.324796,12.346412,0
7,1,18,-12.114378,1.881866,7.730008,11.605792,11.630898,0
8,1,18,-10.076252,1.881866,7.730008,11.051661,11.079764,0
9,1,18,-8.038126,1.881866,7.730008,10.674998,10.705316,0
10,1,18,-6.000000,1.881866,7.730008,10.485101,10.516596,0
11,1,18,-3.961874,1.881866,7.730008,10.486902,10.518385,0
12,1,18,-1.923748,1.881866,7.730008,10.680353,10.710638,0
13,1,18,0.114378,1.881866,7.730008,11.060432,11.088486,0
14,1,18,2.152504,1.881866,7.730008,11.617772,11.642816,0
15,1,18,4.190630,1.881866,7.730008,12.339725,12.361273,0
16,1,18,6.228756,1.881866,7.730008,13.211626,13.229459,0
17,1,18,8.266882,1.881866,7.730008,14.217980,14.232090,0
18,1,18,10.305008,1.881866,7.730008,15.343437,15.353960,0
19,1,18,12.343134,1.881866,7.730008,16.573463,16.580622,0
20,1,18,14.381260,1.881866,7.730008,17.894749,17.898808,0
0,2,18,-26.381260,3.919992,7.730008,17.958031,17.961953,0
1,2,18,-24.343134,3.919992,7.730008,16.492370,16.499735,0
2,2,18,-22.305008,3.919992,7.730008,15.103398,15.114641,0
3,2,18,-20.266882,3.919992,7.730008,13.803953,13.819529,0
4,2,18,-18.228756,3.919992,7.730008,12.608768,12.629115,0
5,2,18,-16.190630,3.919992,7.730008,11.534372,11.559848,0
6,2,18,-14.152504,3.919992,7.730008,10.598722,10.629508,0
7,2,18,-12.114378,3.919992,7.730008,9.820451,9.856419,0
8,2,18,-10.076252,3.919992,7.730008,9.217662,9.258241,0
9,2,18,-8.038126,3.919992,7.730008,8.806310,8.850395,0
10,2,18,-6.000000,3.919992,7.730008,8.598398,8.644381,0
11,2,18,-3.961874,3.919992,7.730008,8.600371,8.646335,0
12,2,18,-1.923748,3.919992,7.730008,8.812167,8.856200,0
13,2,18,0.114378,3.919992,7.730008,9.227226,9.267727,0
14,2,18,2.152504,3.919992,7.730008,9.833453,9.869328,0
15,2,18,4.190630,3.919992,7.730008,10.614838,10.645525,0
16,2,18,6.228756,3.919992,7.730008,11.553254,11.578632,0
17,2,18,8.266882,3.919992,7.730008,12.630071,12.650325,0
18,2,18,10.305008,3.919992,7.730008,13.827353,13.842844,0
19,2,18,12.343134,3.919992,7.730008,15.128602,15.139768,0
20,2,18,14.381260,3.919992,7.730008,16.519121,16.526417,0
0,3,18,-26.381260,5.958118,7.730008,16.735237,16.741989,0
1,3,18,-24.343134,5.958118,7.730008,15.201498,15.212444,0
2,3,18,-22.305008,5.958118,7.730008,13.740422,13.756230,0
3,3,18,-20.266882,5.958118,7.730008,12.365590,12.387020,0
4,3,18,-18.228756,5.958118,7.730008,11.093044,11.120913,0
5,3,18,-16.190630,5.958118,7.730008,9.941358,9.976469,0
6,3,18,-14.152504,5.958118,7.730008,8.931401,8.974386,0
7,3,18,-12.114378,5.958118,7.730008,8.085579,8.136657,0
8,3,18,-10.076252,5.958118,7.730008,7.426399,7.485046,0
9,3,18,-8.038126,5.958118,7.730008,6.974303,7.038957,0
10,3,18,-6.000000,5.958118,7.730008,6.745048,6.813050,0
11,3,18,-3.961874,5.958118,7.730008,6.747226,6.815195,0
12,3,18,-1.923748,5.958118,7.730008,6.980755,7.045317,0
13,3,18,0.114378,5.958118,7.730008,7.436887,7.495404,0
14,3,18,2.152504,5.958118,7.730008,8.099757,8.150686,0
15,3,18,4.190630,5.958118,7.730008,8.948859,8.991692,0
16,3,18,6.228756,5.958118,7.730008,9.961670,9.996638,0
17,3,18,8.266882,5.958118,7.730008,11.115801,11.143543,0
18,3,18,10.305008,5.958118,7.730008,12.390423,12.411741,0
19,3,18,12.343134,5.958118,7.730008,13.767008,13.782718,0
20,3,18,14.381260,5.958118,7.730008,15.229561,15.240422,0
0,4,18,-26.381260,7.996244,7.730008,15.612198,15.621940,0
1,4,18,-24.343134,7.996244,7.730008,14.009930,14.024765,0
2,4,18,-22.305008,7.996244,7.730008,12.475090,12.496027,0
3,4,18,-20.266882,7.996244,7.730008,11.021724,11.049999,0
4,4,18,-18.228756,7.996244,7.730008,9.666954,9.704042,0
5,4,18,-16.190630,7.996244,7.730008,8.431315,8.478891,0
6,4,18,-14.152504,7.996244,7.730008,7.338789,7.398543,0
7,4,18,-12.114378,7.996244,7.730008,6.416188,6.489403,0
8,4,18,-10.076252,7.996244,7.730008,5.691562,5.778343,0
9,4,18,-8.038126,7.996244,7.730008,5.191366,5.289658,0
10,4,18,-6.000000,7.996244,7.730008,4.936626,5.041650,0
11,4,18,-3.961874,7.996244,7.730008,4.939050,5.044006,0
12,4,18,-1.923748,7.996244,7.730008,5.198523,5.296636,0
13,4,18,0.114378,7.996244,7.730008,5.703134,5.789671,0
14,4,18,2.152504,7.996244,7.730008,6.431717,6.504674,0
15,4,18,4.190630,7.996244,7.730008,7.357753,7.417266,0
16,4,18,6.228756,7.996244,7.730008,8.453196,8.500559,0
17,4,18,8.266882,7.996244,7.730008,9.691272,9.728181,0
18,4,18,10.305008,7.996244,7.730008,11.048065,11.076190,0
19,4,18,12.343134,7.996244,7.730008,12.503102,12.523914,0
20,4,18,14.381260,7.996244,7.730008,14.039323,14.054055,0
0,5,18,-26.381260,10.034370,7.730008,14.602000,14.614823,0
1,5,18,-24.343134,10.034370,7.730008,12.932447,12.951415,0
2,5,18,-22.305008,10.034370,7.730008,11.323946,11.350541,0
3,5,18,-20.266882,10.034370,7.730008,9.790611,9.826794,0
4,5,18,-18.228756,10.034370,7.730008,8.350234,8.398605,0
5,5,18,-16.190630,10.034370,7.730008,7.025004,7.088946,0
6,5,18,-14.152504,10.034370,7.730008,5.841978,5.925673,0
7,5,18,-12.114378,10.034370,7.730008,4.832885,4.940846,0
8,5,18,-10.076252,10.034370,7.730008,4.032583,4.168051,0
9,5,18,-8.038126,10.034370,7.730008,3.475527,3.637172,0
10,5,18,-6.000000,10.034370,7.730008,3.190212,3.368540,0
11,5,18,-3.961874,10.034370,7.730008,3.192933,3.371089,0
12,5,18,-1.923748,10.034370,7.730008,3.483527,3.644741,0
13,5,18,0.114378,10.034370,7.730008,4.045423,4.180369,0
14,5,18,2.152504,10.034370,7.730008,4.849956,4.957425,0
15,5,18,4.190630,10.034370,7.730008,5.862617,5.945900,0
16,5,18,6.228756,10.034370,7.730008,7.048581,7.112195,0
17,5,18,8.266882,10.034370,7.730008,8.376198,8.424312,0
18,5,18,10.305008,10.034370,7.730008,9.818502,9.854485,0
19,5,18,12.343134,10.034370,7.730008,11.353395,11.379830,0
20,5,18,14.381260,10.034370,7.730008,12.963157,12.981998,0
0,6,18,-26.381260,12.072496,7.730008,13.718430,13.734319,0
1,6,18,-24.343134,12.072496,7.730008,11.985037,12.008250,0
2,6,18,-22.305008,12.072496,7.730008,10.305429,10.338076,0
3,6,18,-20.266882,12.072496,7.730008,8.693309,8.738414,0
4,6,18,-18.228756,12.072496,7.730008,7.166564,7.228572,0
5,6,18,-16.190630,12.072496,7.730008,5.748433,5.834028,0
6,6,18,-14.152504,12.072496,7.730008,4.468644,4.587955,0
7,6,18,-12.114378,12.072496,7.730008,3.363990,3.531845,0
8,6,18,-10.076252,12.072496,7.730008,2.477316,2.712262,0
9,6,18,-8.038126,12.072496,7.730008,1.853499,2.167546,0
10,6,18,-6.000000,12.072496,7.730008,1.531571,1.905620,0
11,6,18,-3.961874,12.072496,7.730008,1.534649,1.908060,0
12,6,18,-1.923748,12.072496,7.730008,1.862501,2.175115,0
13,6,18,0.114378,12.072496,7.730008,2.491627,2.725157,0
14,6,18,2.152504,12.072496,7.730008,3.382793,3.549575,0
15,6,18,4.190630,12.072496,7.730008,4.491102,4.609662,0
16,6,18,6.228756,12.072496,7.730008,5.773795,5.858869,0
17,6,18,8.266882,12.072496,7.730008,7.194209,7.255848,0
18,6,18,10.305008,12.072496,7.730008,8.722745,8.767582,0
19,6,18,12.343134,12.072496,7.730008,10.336277,10.368724,0
20,6,18,14.381260,12.072496,7.730008,12.017006,12.040065,0
0,7,18,-26.381260,14.110622,7.730008,12.975440,12.994230,0
1,7,18,-24.343134,14.110622,7.730008,11.184303,11.211662,0
2,7,18,-22.305008,14.110622,7.730008,9.439287,9.478103,0
3,7,18,-20.266882,14.110622,7.730008,7.753210,7.807946,0
4,7,18,-18.228756,14.110622,7.730008,6.143381,6.221336,0
5,7,18,-16.190630,14.110622,7.730008,4.633236,4.747206,0
6,7,18,-14.152504,14.110622,7.730008,3.254293,3.428640,0
7,7,18,-12.114378,14.110622,7.730008,2.047930,2.333069,0
8,7,18,-10.076252,14.110622,7.730008,1.065637,1.567523,0
9,7,18,-8.038126,14.110622,7.730008,0.367057,1.358616,0
10,7,18,-6.000000,14.110622,7.730008,0.066526,2.266063,0
11,7,18,-3.961874,14.110622,7.730008,0.068322,2.337186,0
12,7,18,-1.923748,14.110622,7.730008,0.377026,1.420307,0
13,7,18,0.114378,14.110622,7.730008,1.081608,1.579547,0
14,7,18,2.152504,14.110622,7.730008,2.068615,2.350947,0
15,7,18,4.190630,14.110622,7.730008,3.278650,3.451520,0
16,7,18,6.228756,14.110622,7.730008,4.660394,4.773517,0
17,7,18,8.266882,14.110622,7.730008,6.172665,6.250091,0
18,7,18,10.305008,14.110622,7.730008,7.784113,7.838496,0
19,7,18,12.343134,14.110622,7.730008,9.471435,9.510002,0
20,7,18,14.381260,14.110622,7.730008,11.217419,11.244595,0
0,8,18,-26.381260,16.148748,7.730008,12.386381,12.407717,0
1,8,18,-24.343134,16.148748,7.730008,10.546535,10.577644,0
2,8,18,-22.305008,16.148748,7.730008,8.745491,8.790122,0
3,8,18,-20.266882,16.148748,7.730008,6.994847,7.059211,0
4,8,18,-18.228756,16.148748,7.730008,5.310749,5.406103,0
5,8,18,-16.190630,16.148748,7.730008,3.715922,3.865367,0
6,8,18,-14.152504,16.148748,7.730008,2.242440,2.502833,0
7,8,18,-12.114378,16.148748,7.730008,0.934995,1.485352,0
8,8,18,-10.076252,16.148748,7.730008,0.017506,2.638412,0
9,8,18,-8.038126,16.148748,7.730008,0.000000,5.232506,1
10,8,18,-6.000000,16.148748,7.730008,0.000000,6.211061,1
11,8,18,-3.961874,16.148748,7.730008,0.000000,6.325655,1
12,8,18,-1.923748,16.148748,7.730008,0.000000,5.554999,1
13,8,18,0.114378,16.148748,7.730008,0.021057,3.008990,0
14,8,18,2.152504,16.148748,7.730008,0.957590,1.503128,0
15,8,18,4.190630,16.148748,7.730008,2.268642,2.525976,0
16,8,18,6.228756,16.148748,7.730008,3.744759,3.892840,0
17,8,18,8.266882,16.148748,7.730008,5.341517,5.436133,0
18,8,18,10.305008,16.148748,7.730008,7.027044,7.090957,0
19,8,18,12.343134,16.148748,7.730008,8.778762,8.823093,0
20,8,18,14.381260,16.148748,7.730008,10.580626,10.611524,0
0,9,18,-26.381260,18.186874,7.730008,11.963056,11.986375,0
1,9,18,-24.343134,18.186874,7.730008,10.086463,10.120570,0
2,9,18,-22.305008,18.186874,7.730008,8.242606,8.292058,0
3,9,18,-20.266882,18.186874,7.730008,6.441819,6.514609,0
4,9,18,-18.228756,18.186874,7.730008,4.698843,4.810784,0
5,9,18,-16.190630,18.186874,7.730008,3.035096,3.223697,0
6,9,18,-14.152504,18.186874,7.730008,1.482072,1.866888,0
7,9,18,-12.114378,18.186874,7.730008,0.119231,1.644832,0
8,9,18,-10.076252,18.186874,7.730008,0.000000,5.397716,1
9,9,18,-8.038126,18.186874,7.730008,0.000000,7.006164,1
10,9,18,-6.000000,18.186874,7.730008,0.000000,7.752843,1
11,9,18,-3.961874,18.186874,7.730008,0.000000,7.861090,1
12,9,18,-1.923748,18.186874,7.730008,0.000000,7.321982,1
13,9,18,0.114378,18.186874,7.730008,0.000000,5.886004,1
14,9,18,2.152504,18.186874,7.730008,0.137044,1.959434,0
15,9,18,4.190630,18.186874,7.730008,1.509855,1.888680,0
16,9,18,6.228756,18.186874,7.730008,3.065320,3.251845,0
17,9,18,8.266882,18.186874,7.730008,4.730800,4.841773,0
18,9,18,10.305008,18.186874,7.730008,6.475029,6.547273,0
19,9,18,12.343134,18.186874,7.730008,8.276741,8.325846,0
20,9,18,14.381260,18.186874,7.730008,10.121293,10.155165,0
0,10,18,-26.381260,20.225000,7.730008,11.714696,11.739246,0
1,10,18,-24.343134,20.225000,7.730008,9.815821,9.851823,0
2,10,18,-22.305008,20.225000,7.730008,7.945768,7.998348,0
3,10,18,-20.266882,20.225000,7.730008,6.113938,6.192429,0
4,10,18,-18.228756,20.225000,7.730008,4.333955,4.457925,0
5,10,18,-16.190630,20.225000,7.730008,2.626019,2.846908,0
6,10,18,-14.152504,20.225000,7.730008,1.020651,1.537596,0
7,10,18,-12.114378,20.225000,7.730008,0.000413,3.599274,1
8,10,18,-10.076252,20.225000,7.730008,0.000000,6.436953,1
9,10,18,-8.038126,20.225000,7.730008,0.000000,7.819010,1
10,10,18,-6.000000,20.225000,7.730008,0.000000,8.485672,1
11,10,18,-3.961874,20.225000,7.730008,0.000000,8.587472,1
12,10,18,-1.923748,20.225000,7.730008,0.000000,8.120029,1
13,10,18,0.114378,20.225000,7.730008,0.000000,6.919277,1
14,10,18,2.152504,20.225000,7.730008,0.000599,4.155149,1
15,10,18,4.190630,20.225000,7.730008,1.049490,1.558815,0
16,10,18,6.228756,20.225000,7.730008,2.657143,2.875265,0
17,10,18,8.266882,20.225000,7.730008,4.366667,4.489480,0
18,10,18,10.305008,20.225000,7.730008,6.147780,6.225655,0
19,10,18,12.343134,20.225000,7.730008,7.980434,8.032636,0
20,10,18,14.381260,20.225000,7.730008,9.851102,9.886851,0
0,11,18,-26.381260,22.263126,7.730008,11.647036,11.671930,0
1,11,18,-24.343134,22.263126,7.730008,9.741995,9.778531,0
2,11,18,-22.305008,22.263126,7.730008,7.864659,7.918134,0
3,11,18,-20.266882,22.263126,7.730008,6.024150,6.104308,0
4,11,18,-18.228756,22.263126,7.730008,4.233741,4.361362,0
5,11,18,-16.190630,22.263126,7.730008,2.513229,2.744646,0
6,11,18,-14.152504,22.263126,7.730008,0.892763,1.459524,0
7,11,18,-12.114378,22.263126,7.730008,0.000039,4.043433,1
8,11,18,-10.076252,22.263126,7.730008,0.000000,6.686737,1
9,11,18,-8.038126,22.263126,7.730008,0.000000,8.021669,1
10,11,18,-6.000000,22.263126,7.730008,0.000000,8.669788,1
11,11,18,-3.961874,22.263126,7.730008,0.000000,8.769567,1
12,11,18,-1.923748,22.263126,7.730008,0.000000,8.317816,1
13,11,18,0.114378,22.263126,7.730008,0.000000,7.164942,1
14,11,18,2.152504,22.263126,7.730008,0.000059,4.622536,1
15,11,18,4.190630,22.263126,7.730008,0.921907,1.482266,0
16,11,18,6.228756,22.263126,7.730008,2.544610,2.773017,0
17,11,18,8.266882,22.263126,7.730008,4.266666,4.393070,0
18,11,18,10.305008,22.263126,7.730008,6.058169,6.137690,0
19,11,18,12.343134,22.263126,7.730008,7.899473,7.952562,0
20,11,18,14.381260,22.263126,7.730008,9.777400,9.813679,0
0,12,18,-26.381260,24.301252,7.730008,11.761680,11.785993,0
1,12,18,-24.343134,24.301252,7.730008,9.867063,9.902698,0
2,12,18,-22.305008,24.301252,7.730008,8.002029,8.053998,0
3,12,18,-20.266882,24.301252,7.730008,6.176169,6.253532,0
4,12,18,-18.228756,24.301252,7.730008,4.403337,4.524873,0
5,12,18,-16.190630,24.301252,7.730008,2.703995,2.918058,0
6,12,18,-14.152504,24.301252,7.730008,1.108892,1.595372,0
7,12,18,-12.114378,24.301252,7.730008,0.001503,3.252586,1
8,12,18,-10.076252,24.301252,7.730008,0.000000,6.256282,1
9,12,18,-8.038126,24.301252,7.730008,0.000000,7.770851,1
10,12,18,-6.000000,24.301252,7.730008,0.000000,9.051058,1
11,12,18,-3.961874,24.301252,7.730008,0.000000,9.139515,1
12,12,18,-1.923748,24.301252,7.730008,0.000000,8.056934,1
13,12,18,0.114378,24.301252,7.730008,0.000000,6.740959,1
14,12,18,2.152504,24.301252,7.730008,0.002139,3.783378,1
15,12,18,4.190630,24.301252,7.730008,1.137522,1.616198,0
16,12,18,6.228756,24.301252,7.730008,2.734943,2.946393,0
17,12,18,8.266882,24.301252,7.730008,4.435903,4.556322,0
18,12,18,10.305008,24.301252,7.730008,6.209889,6.286651,0
19,12,18,12.343134,24.301252,7.730008,8.036593,8.088191,0
20,12,18,14.381260,24.301252,7.730008,9.902257,9.937643,0
0,13,18,-26.381260,26.339378,7.730008,12.055920,12.078793,0
1,13,18,-24.343134,26.339378,7.730008,10.187519,10.220945,0
2,13,18,-22.305008,26.339378,7.730008,8.353248,8.401590,0
3,13,18,-20.266882,26.339378,7.730008,6.563750,6.634563,0
4,13,18,-18.228756,26.339378,7.730008,4.834126,4.942051,0
5,13,18,-16.190630,26.339378,7.730008,3.186154,3.364739,0
6,13,18,-14.152504,26.339378,7.730008,1.651555,2.001117,0
7,13,18,-12.114378,26.339378,7.730008,0.280736,4.708394,0
8,13,18,-10.076252,26.339378,7.730008,0.000000,8.832662,1
9,13,18,-8.038126,26.339378,7.730008,0.000000,11.909559,1
10,13,18,-6.000000,26.339378,7.730008,0.000000,13.604641,1
11,13,18,-3.961874,26.339378,7.730008,0.000000,13.652897,1
12,13,18,-1.923748,26.339378,7.730008,0.000000,12.058302,1
13,13,18,0.114378,26.339378,7.730008,0.000000,9.072015,1
14,13,18,2.152504,26.339378,7.730008,0.303605,4.652033,0
15,13,18,4.190630,26.339378,7.730008,1.678969,2.023386,0
16,13,18,6.228756,26.339378,7.730008,3.216059,3.392763,0
17,13,18,8.266882,26.339378,7.730008,4.865812,4.972828,0
18,13,18,10.305008,26.339378,7.730008,6.596731,6.667021,0
19,13,18,12.343134,26.339378,7.730008,8.387189,8.435195,0
20,13,18,14.381260,26.339378,7.730008,10.222184,10.255380,0
0,14,18,-26.381260,28.377504,7.730008,12.523043,12.543767,0
1,14,18,-24.343134,28.377504,7.730008,10.694742,10.724941,0
2,14,18,-22.305008,28.377504,7.730008,8.907052,8.950248,0
3,14,18,-20.266882,28.377504,7.730008,7.171902,7.233838,0
4,14,18,-18.228756,28.377504,7.730008,5.505780,5.596599,0
5,14,18,-16.190630,28.377504,7.730008,3.931673,4.071365,0
6,14,18,-14.152504,28.377504,7.730008,2.481635,2.716152,0
7,14,18,-12.114378,28.377504,7.730008,1.199661,6.891195,0
8,14,18,-10.076252,28.377504,7.730008,0.160198,14.074964,0
9,14,18,-8.038126,28.377504,7.730008,0.000008,16.625973,1
10,14,18,-6.000000,28.377504,7.730008,0.000000,18.057957,1
11,14,18,-3.961874,28.377504,7.730008,0.000000,18.083490,1
12,14,18,-1.923748,28.377504,7.730008,0.000008,16.681709,1
13,14,18,0.114378,28.377504,7.730008,0.174751,14.022382,0
14,14,18,2.152504,28.377504,7.730008,1.221771,6.743379,0
15,14,18,4.190630,28.377504,7.730008,2.507376,2.739363,0
16,14,18,6.228756,28.377504,7.730008,3.960097,4.098578,0
17,14,18,8.266882,28.377504,7.730008,5.536186,5.626326,0
18,14,18,10.305008,28.377504,7.730008,7.203786,7.265298,0
19,14,18,12.343134,28.377504,7.730008,8.940054,8.982964,0
20,14,18,14.381260,28.377504,7.730008,10.728602,10.758596,0
0,15,18,-26.381260,30.415630,7.730008,13.153058,13.171125,0
1,15,18,-24.343134,30.415630,7.730008,11.376086,11.402400,0
2,15,18,-22.305008,30.415630,7.730008,9.647215,9.684450,0
3,15,18,-20.266882,30.415630,7.730008,7.979532,8.031744,0
4,15,18,-18.228756,30.415630,7.730008,6.390557,6.464201,0
5,15,18,-16.190630,30.415630,7.730008,4.903768,5.009708,0
6,15,18,-14.152504,30.415630,7.730008,3.550328,3.708011,0
7,15,18,-12.114378,30.415630,7.730008,2.370522,9.008881,0
8,15,18,-10.076252,30.415630,7.730008,1.413597,17.585737,0
9,15,18,-8.038126,30.415630,7.730008,0.733804,21.469903,0
10,15,18,-6.000000,30.415630,7.730008,0.381413,22.192154,0
11,15,18,-3.961874,30.415630,7.730008,0.384763,22.190102,0
12,15,18,-1.923748,30.415630,7.730008,0.743656,21.437820,0
13,15,18,0.114378,30.415630,7.730008,1.429123,17.462023,0
14,15,18,2.152504,30.415630,7.730008,2.390711,8.835666,0
15,15,18,4.190630,30.415630,7.730008,3.574192,3.730645,0
16,15,18,6.228756,30.415630,7.730008,4.930467,5.035661,0
17,15,18,8.266882,30.415630,7.730008,6.419427,6.492589,0
18,15,18,10.305008,30.415630,7.730008,8.010068,8.061951,0
19,15,18,12.343134,30.415630,7.730008,9.679041,9.716040,0
20,15,18,14.381260,30.415630,7.730008,11.408921,11.435058,0
0,16,18,-26.381260,32.453756,7.730008,13.933665,13.948771,0
1,16,18,-24.343134,32.453756,7.730008,12.216285,12.238402,0
2,16,18,-22.305008,32.453756,7.730008,10.554629,10.585688,0
3,16,18,-20.266882,32.453756,7.730008,8.962553,9.005269,0
4,16,18,-18.228756,32.453756,7.730008,7.457984,7.516238,0
5,16,18,-16.190630,32.453756,7.730008,6.063962,6.143375,0
6,16,18,-14.152504,32.453756,7.730008,4.809590,4.918227,0
7,16,18,-12.114378,32.453756,7.730008,3.730370,11.179992,0
8,16,18,-10.076252,32.453756,7.730008,2.866992,20.507491,0
9,16,18,-8.038126,32.453756,7.730008,2.261393,23.787012,0
10,16,18,-6.000000,32.453756,7.730008,1.949540,24.127878,0
11,16,18,-3.961874,32.453756,7.730008,1.952519,24.127871,0
12,16,18,-1.923748,32.453756,7.730008,2.270120,23.766181,0
13,16,18,0.114378,32.453756,7.730008,2.880903,20.387538,0
14,16,18,2.152504,32.453756,7.730008,3.748709,10.980315,0
15,16,18,4.190630,32.453756,7.730008,4.831567,4.939566,0
16,16,18,6.228756,32.453756,7.730008,6.088858,6.167810,0
17,16,18,8.266882,32.453756,7.730008,7.485195,7.543114,0
18,16,18,10.305008,32.453756,7.730008,8.991595,9.034061,0
19,16,18,12.343134,32.453756,7.730008,10.585123,10.615993,0
20,16,18,14.381260,32.453756,7.730008,12.247937,12.269907,0
0,17,18,-26.381260,34.491882,7.730008,14.851272,14.863296,0
1,17,18,-24.343134,34.491882,7.730008,13.198859,13.216743,0
2,17,18,-22.305008,34.491882,7.730008,11.609245,11.634333,0
3,17,18,-20.266882,34.491882,7.730008,10.096567,10.130606,0
4,17,18,-18.228756,34.491882,7.730008,8.678495,8.723736,0
5,17,18,-16.190630,34.491882,7.730008,7.376836,7.436107,0
6,17,18,-14.152504,34.491882,7.730008,6.217876,6.294496,0
7,17,18,-12.114378,34.491882,7.730008,5.232039,13.402398,0
8,17,18,-10.076252,34.491882,7.730008,4.452303,23.287798,0
9,17,18,-8.038126,34.491882,7.730008,3.910841,25.884754,0
10,17,18,-6.000000,34.491882,7.730008,3.633964,25.901469,0
11,17,18,-3.961874,34.491882,7.730008,3.636603,25.904014,0
12,17,18,-1.923748,34.491882,7.730008,3.918609,25.874423,0
13,17,18,0.114378,34.491882,7.730008,4.464797,23.176868,0
14,17,18,2.152504,34.491882,7.730008,5.248693,13.175543,0
15,17,18,4.190630,34.491882,7.730008,6.238067,6.314331,0
16,17,18,6.228756,34.491882,7.730008,7.399965,7.458943,0
17,17,18,8.266882,34.491882,7.730008,8.704028,8.749035,0
18,17,18,10.305008,34.491882,7.730008,10.124056,10.157909,0
19,17,18,12.343134,34.491882,7.730008,11.638324,11.663262,0
20,17,18,14.381260,34.491882,7.730008,13.229233,13.246996,0
0,18,18,-26.381260,36.530008,7.730008,15.891906,15.900864,0
1,18,18,-24.343134,36.530008,7.730008,14.307290,14.321094,0
2,18,18,-22.305008,36.530008,7.730008,12.791569,12.811128,0
3,18,18,-20.266882,36.530008,7.730008,11.358701,11.385108,0
4,18,18,-18.228756,36.530008,7.730008,10.025562,10.060087,0
5,18,18,-16.190630,36.530008,7.730008,8.812200,8.856232,0
6,18,18,-14.152504,36.530008,7.730008,7.741784,7.796650,0
7,18,18,-12.114378,36.530008,7.730008,6.839931,15.669160,0
8,18,18,-10.076252,36.530008,7.730008,6.133142,25.920299,0
9,18,18,-8.038126,36.530008,7.730008,5.646148,27.841374,0
10,18,18,-6.000000,36.530008,7.730008,5.398437,27.100595,0
11,18,18,-3.961874,36.530008,7.730008,5.400793,27.107368,0
12,18,18,-1.923748,36.530008,7.730008,5.653111,27.839657,0
13,18,18,0.114378,36.530008,7.730008,6.144418,25.821916,0
14,18,18,2.152504,36.530008,7.730008,6.855093,15.414921,0
15,18,18,4.190630,36.530008,7.730008,7.760343,7.814996,0
16,18,18,6.228756,36.530008,7.730008,8.833663,8.877504,0
17,18,18,8.266882,36.530008,7.730008,10.049468,10.083829,0
18,18,18,10.305008,36.530008,7.730008,11.384647,11.410915,0
19,18,18,12.343134,36.530008,7.730008,12.819210,12.838652,0
20,18,18,14.381260,36.530008,7.730008,14.336339,14.350045,0
0,19,18,-26.381260,38.568134,7.730008,17.041917,17.047922,0
1,19,18,-24.343134,38.568134,7.730008,15.525857,15.535847,0
2,19,18,-22.305008,38.568134,7.730008,14.083613,14.098189,0
3,19,18,-20.266882,38.568134,7.730008,12.728599,12.748427,0
4,19,18,-18.228756,38.568134,7.730008,11.476532,11.502312,0
5,19,18,-16.190630,38.568134,7.730008,10.345461,10.377848,0
6,19,18,-14.152504,38.568134,7.730008,9.355475,9.394948,0
7,19,18,-12.114378,38.568134,7.730008,8.527945,17.972133,0
8,19,18,-10.076252,38.568134,7.730008,7.884139,28.412881,0
9,19,18,-8.038126,38.568134,7.730008,7.443213,29.708742,0
10,19,18,-6.000000,38.568134,7.730008,7.219829,28.660578,0
11,19,18,-3.961874,38.568134,7.730008,7.221951,28.668442,0
12,19,18,-1.923748,38.568134,7.730008,7.449501,29.713829,0
13,19,18,0.114378,38.568134,7.730008,7.894375,28.328940,0
14,19,18,2.152504,38.568134,7.730008,8.541804,17.690723,0
15,19,18,4.190630,38.568134,7.730008,9.372571,9.411909,0
16,19,18,6.228756,38.568134,7.730008,10.365389,10.397648,0
17,19,18,8.266882,38.568134,7.730008,11.498903,11.524565,0
18,19,18,10.305008,38.568134,7.730008,12.753054,12.772778,0
19,19,18,12.343134,38.568134,7.730008,14.109837,14.124321,0
20,19,18,14.381260,38.568134,7.730008,15.553578,15.563488,0
0,20,18,-26.381260,40.606260,7.730008,18.288465,18.313783,0
1,20,18,-24.343134,40.606260,7.730008,16.840149,16.911886,0
2,20,18,-22.305008,40.606260,7.730008,15.469371,15.586362,0
3,20,18,-20.266882,40.606260,7.730008,14.188746,14.304571,0
4,20,18,-18.228756,40.606260,7.730008,13.012649,13.041196,0
5,20,18,-16.190630,40.606260,7.730008,11.957088,11.980437,0
6,20,18,-14.152504,40.606260,7.730008,11.039318,11.067492,0
7,20,18,-12.114378,40.606260,7.730008,10.277102,20.303543,0
8,20,18,-10.076252,40.606260,7.730008,9.687565,30.781366,0
9,20,18,-8.038126,40.606260,7.730008,9.285701,31.493850,0
10,20,18,-6.000000,40.606260,7.730008,9.082731,30.233533,0
11,20,18,-3.961874,40.606260,7.730008,9.084657,30.242093,0
12,20,18,-1.923748,40.606260,7.730008,9.291421,31.533211,0
13,20,18,0.114378,40.606260,7.730008,9.696912,30.712463,0
14,20,18,2.152504,40.606260,7.730008,10.289826,19.995521,0
15,20,18,4.190630,40.606260,7.730008,11.055114,11.083198,0
16,20,18,6.228756,40.606260,7.730008,11.975625,11.998883,0
17,20,18,8.266882,40.606260,7.730008,13.033596,13.080851,0
18,20,18,10.305008,40.606260,7.730008,14.211790,14.441901,0
19,20,18,12.343134,40.606260,7.730008,15.494228,15.750040,0
20,20,18,14.381260,40.606260,7.730008,16.866567,17.059300,0
0,0,19,-26.381260,-0.156260,9.768134,21.212687,21.210663,0
1,0,19,-24.343134,-0.156260,9.768134,19.901330,19.901469,0
2,0,19,-22.305008,-0.156260,9.768134,18.671879,18.674320,0
3,0,19,-20.266882,-0.156260,9.768134,17.534888,17.539745,0
4,0,19,-18.228756,-0.156260,9.768134,16.501790,16.509131,0
5,0,19,-16.190630,-0.156260,9.768134,15.584659,15.594479,0
6,0,19,-14.152504,-0.156260,9.768134,14.795823,14.808022,0
7,0,19,-12.114378,-0.156260,9.768134,14.147315,14.161669,0
8,0,19,-10.076252,-0.156260,9.768134,13.650174,13.666317,0
9,0,19,-8.038126,-0.156260,9.768134,13.313651,13.331081,0
10,0,19,-6.000000,-0.156260,9.768134,13.144439,13.162541,0
11,0,19,-3.961874,-0.156260,9.768134,13.146042,13.164137,0
12,0,19,-1.923748,-0.156260,9.768134,13.318427,13.335838,0
13,0,19,0.114378,-0.156260,9.768134,13.658025,13.674138,0
14,0,19,2.152504,-0.156260,9.768134,14.158089,14.172405,0
15,0,19,4.190630,-0.156260,9.768134,14.809327,14.821484,0
16,0,19,6.228756,-0.156260,9.768134,15.600676,15.610451,0
17,0,19,8.266882,-0.156260,9.768134,16.520090,16.527384,0
18,0,19,10.305008,-0.156260,9.768134,17.555241,17.560052,0
19,0,19,12.343134,-0.156260,9.768134,18.694064,18.696460,0
20,0,19,14.381260,-0.156260,9.768134,19.925141,19.925238,0
0,1,19,-26.381260,1.881866,9.768134,19.850321,19.850550,0
1,1,19,-24.343134,1.881866,9.768134,18.478607,18.481437,0
2,1,19,-22.305008,1.881866,9.768134,17.187366,17.193025,0
3,1,19,-20.266882,1.881866,9.768134,15.988113,15.996808,0
4,1,19,-18.228756,1.881866,9.768134,14.893589,14.905480,0
5,1,19,-16.190630,1.881866,9.768134,13.917548,13.932712,0
6,1,19,-14.152504,1.881866,9.768134,13.074351,13.092736,0
7,1,19,-12.114378,1.881866,9.768134,12.378322,12.399694,0
8,1,19,-10.076252,1.881866,9.768134,11.842865,11.866773,0
9,1,19,-8.038126,1.881866,9.768134,11.479410,11.505175,0
10,1,19,-6.000000,1.881866,9.768134,11.296338,11.323082,0
11,1,19,-3.961874,1.881866,9.768134,11.298074,11.324808,0
12,1,19,-1.923748,1.881866,9.768134,11.484574,11.510311,0
13,1,19,0.114378,1.881866,9.768134,11.851334,11.875201,0
14,1,19,2.152504,1.881866,9.768134,12.389908,12.411228,0
15,1,19,4.190630,1.881866,9.768134,13.088817,13.107143,0
16,1,19,6.228756,1.881866,9.768134,13.934632,13.949735,0
17,1,19,8.266882,1.881866,9.768134,14.913020,14.924851,0
18,1,19,10.305008,1.881866,9.768134,16.009627,16.018264,0
19,1,19,12.343134,1.881866,9.768134,17.210714,17.216318,0
20,1,19,14.381260,1.881866,9.768134,18.503562,18.506342,0
0,2,19,-26.381260,3.919992,9.768134,18.565544,18.568198,0
1,2,19,-24.343134,3.919992,9.768134,17.131452,17.137243,0
2,2,19,-22.305008,3.919992,9.768134,15.775541,15.784822,0
3,2,19,-20.266882,3.919992,9.768134,14.510236,14.523361,0
4,2,19,-18.228756,3.919992,9.768134,13.349615,13.366904,0
5,2,19,-16.190630,3.919992,9.768134,12.309260,12.330947,0
6,2,19,-14.152504,3.919992,9.768134,11.405862,11.432016,0
7,2,19,-12.114378,3.919992,9.768134,10.656496,10.686927,0
8,2,19,-10.076252,3.919992,9.768134,10.077528,10.111697,0
9,2,19,-8.038126,3.919992,9.768134,9.683210,9.720178,0
10,2,19,-6.000000,3.919992,9.768134,9.484162,9.522630,0
11,2,19,-3.961874,3.919992,9.768134,9.486050,9.524504,0
12,2,19,-1.923748,3.919992,9.768134,9.688820,9.725747,0
13,2,19,0.114378,3.919992,9.768134,10.086704,10.120810,0
14,2,19,2.152504,3.919992,9.768134,10.668999,10.699354,0
15,2,19,4.190630,3.919992,9.768134,11.421400,11.447472,0
16,2,19,6.228756,3.919992,9.768134,12.327517,12.349121,0
17,2,19,8.266882,3.919992,9.768134,13.370273,13.387482,0
18,2,19,10.305008,3.919992,9.768134,14.532991,14.546041,0
19,2,19,12.343134,3.919992,9.768134,15.800115,15.809327,0
20,2,19,14.381260,3.919992,9.768134,17.157597,17.163326,0
0,3,19,-26.381260,5.958118,9.768134,17.368865,17.374101,0
1,3,19,-24.343134,5.958118,9.768134,15.871196,15.880211,0
2,3,19,-22.305008,5.958118,9.768134,14.448462,14.461791,0
3,3,19,-20.266882,5.958118,9.768134,13.113881,13.132106,0
4,3,19,-18.228756,5.958118,9.768134,11.882823,11.906534,0
5,3,19,-16.190630,5.958118,9.768134,10.772781,10.802509,0
6,3,19,-14.152504,5.958118,9.768134,9.803052,9.839146,0
7,3,19,-12.114378,5.958118,9.768134,8.993973,9.036419,0
8,3,19,-10.076252,5.958118,9.768134,8.365594,8.413813,0
9,3,19,-8.038126,5.958118,9.768134,7.935828,7.988517,0
10,3,19,-6.000000,5.958118,9.768134,7.718296,7.773434,0
11,3,19,-3.961874,5.958118,9.768134,7.720362,7.775476,0
12,3,19,-1.923748,5.958118,9.768134,7.941954,7.994575,0
13,3,19,0.114378,5.958118,9.768134,8.375576,8.423697,0
14,3,19,2.152504,5.958118,9.768134,9.007509,9.049840,0
15,3,19,4.190630,5.958118,9.768134,9.819782,9.855755,0
16,3,19,6.228756,5.958118,9.768134,10.792320,10.821932,0
17,3,19,8.266882,5.958118,9.768134,11.904798,11.928402,0
18,3,19,10.305008,5.958118,9.768134,13.137947,13.156075,0
19,3,19,12.343134,5.958118,9.768134,14.474311,14.487555,0
20,3,19,14.381260,5.958118,9.768134,15.898562,15.907502,0
0,4,19,-26.381260,7.996244,9.768134,16.271845,16.279782,0
1,4,19,-24.343134,7.996244,9.768134,14.710575,14.723047,0
2,4,19,-22.305008,7.996244,9.768134,13.220011,13.237810,0
3,4,19,-20.266882,7.996244,9.768134,11.813963,11.838015,0
4,4,19,-18.228756,7.996244,9.768134,10.508941,10.540286,0
5,4,19,-16.190630,7.996244,9.768134,9.324330,9.364050,0
6,4,19,-14.152504,7.996244,9.768134,8.282232,8.331282,0
7,4,19,-12.114378,7.996244,9.768134,7.406748,7.465642,0
8,4,19,-10.076252,7.996244,9.768134,6.722465,6.790808,0
9,4,19,-8.038126,7.996244,9.768134,6.252028,6.328047,0
10,4,19,-6.000000,7.996244,9.768134,6.013093,6.093460,0
11,4,19,-3.961874,7.996244,9.768134,6.015365,6.095689,0
12,4,19,-1.923748,7.996244,9.768134,6.258748,6.334649,0
13,4,19,0.114378,7.996244,9.768134,6.733367,6.801546,0
14,4,19,2.152504,7.996244,9.768134,7.421446,7.480155,0
15,4,19,4.190630,7.996244,9.768134,8.300273,8.349142,0
16,4,19,6.228756,7.996244,9.768134,9.345254,9.384808,0
17,4,19,8.266882,7.996244,9.768134,10.532313,10.563511,0
18,4,19,10.305008,7.996244,9.768134,11.839393,11.863319,0
19,4,19,12.343134,7.996244,9.768134,13.247166,13.264857,0
20,4,19,14.381260,7.996244,9.768134,14.739171,14.751551,0
0,5,19,-26.381260,10.034370,9.768134,15.286922,15.297612,0
1,5,19,-24.343134,10.034370,9.768134,13.663609,13.679701,0
2,5,19,-22.305008,10.034370,9.768134,12.105865,12.128500,0
3,5,19,-20.266882,10.034370,9.768134,10.627804,10.658411,0
4,5,19,-18.228756,10.034370,9.768134,9.246809,9.287151,0
5,5,19,-16.190630,10.034370,9.768134,7.983973,8.036137,0
6,5,19,-14.152504,10.034370,9.768134,6.864246,6.930480,0
7,5,19,-12.114378,10.034370,9.768134,5.915920,5.998154,0
8,5,19,-10.076252,10.034370,9.768134,5.169014,5.267872,0
9,5,19,-8.038126,10.034370,9.768134,4.652223,4.765600,0
10,5,19,-6.000000,10.034370,9.768134,4.388613,4.510660,0
11,5,19,-3.961874,10.034370,9.768134,4.391123,4.513083,0
12,5,19,-1.923748,10.034370,9.768134,4.659626,4.772773,0
13,5,19,0.114378,10.034370,9.768134,5.180958,5.279513,0
14,5,19,2.152504,10.034370,9.768134,5.931905,6.013828,0
15,5,19,4.190630,10.034370,9.768134,6.883711,6.949662,0
16,5,19,6.228756,10.034370,9.768134,8.006366,8.058288,0
17,5,19,8.266882,10.034370,9.768134,9.271630,9.311772,0
18,5,19,10.305008,10.034370,9.768134,10.654622,10.685065,0
19,5,19,12.343134,10.034370,9.768134,12.134322,12.156822,0
20,5,19,14.381260,10.034370,9.768134,13.693413,13.709395,0
0,6,19,-26.381260,12.072496,9.768134,14.427080,14.440481,0
1,6,19,-24.343134,12.072496,9.768134,12.745278,12.765035,0
2,6,19,-22.305008,12.072496,9.768134,11.123228,11.150928,0
3,6,19,-20.266882,12.072496,9.768134,9.575005,9.612781,0
4,6,19,-18.228756,12.072496,9.768134,8.118467,8.169199,0
5,6,19,-16.190630,12.072496,9.768134,6.776054,6.843590,0
6,6,19,-14.152504,12.072496,9.768134,5.575366,5.664642,0
7,6,19,-12.114378,12.072496,9.768134,4.549080,4.665735,0
8,6,19,-10.076252,12.072496,9.768134,3.733463,3.882076,0
9,6,19,-8.038126,12.072496,9.768134,3.164723,3.344676,0
10,6,19,-6.000000,12.072496,9.768134,2.873059,3.073462,0
11,6,19,-3.961874,12.072496,9.768134,2.875841,3.076032,0
12,6,19,-1.923748,12.072496,9.768134,3.172898,3.352326,0
13,6,19,0.114378,12.072496,9.768134,3.746563,3.894558,0
14,6,19,2.152504,12.072496,9.768134,4.566461,4.682553,0
15,6,19,4.190630,12.072496,9.768134,5.596335,5.685153,0
16,6,19,6.228756,12.072496,9.768134,6.799959,6.867139,0
17,6,19,8.266882,12.072496,9.768134,8.144744,8.195202,0
18,6,19,10.305008,12.072496,9.768134,9.603187,9.640751,0
19,6,19,12.343134,12.072496,9.768134,11.152943,11.180476,0
20,6,19,14.381260,12.072496,9.768134,12.776229,12.795854,0
0,7,19,-26.381260,14.110622,9.768134,13.705333,13.721271,0
1,7,19,-24.343134,14.110622,9.768134,11.970956,11.994238,0
2,7,19,-22.305008,14.110622,9.768134,10.290242,10.322989,0
3,7,19,-20.266882,14.110622,9.768134,8.676883,8.722139,0
4,7,19,-18.228756,14.110622,9.768134,7.148764,7.211011,0
5,7,19,-16.190630,14.110622,9.768134,5.729132,5.815127,0
6,7,19,-14.152504,14.110622,9.768134,4.447753,4.567769,0
7,7,19,-12.114378,14.110622,9.768134,3.341500,3.510654,0
8,7,19,-10.076252,14.110622,9.768134,2.453354,2.690704,0
9,7,19,-8.038126,14.110622,9.768134,1.828380,2.146520,0
10,7,19,-6.000000,14.110622,9.768134,1.505810,1.885489,0
11,7,19,-3.961874,14.110622,9.768134,1.508895,1.887917,0
12,7,19,-1.923748,14.110622,9.768134,1.837399,2.154071,0
13,7,19,0.114378,14.110622,9.768134,2.467691,2.703598,0
14,7,19,2.152504,14.110622,9.768134,3.360333,3.528398,0
15,7,19,4.190630,14.110622,9.768134,4.470241,4.589499,0
16,7,19,6.228756,14.110622,9.768134,5.754523,5.839992,0
17,7,19,8.266882,14.110622,9.768134,7.176435,7.238311,0
18,7,19,10.305008,14.110622,9.768134,8.706344,8.751331,0
19,7,19,12.343134,14.110622,9.768134,10.321112,10.353658,0
20,7,19,14.381260,14.110622,9.768134,12.002945,12.026071,0
0,8,19,-26.381260,16.148748,9.768134,13.134030,13.152173,0
1,8,19,-24.343134,16.148748,9.768134,11.355551,11.381975,0
2,8,19,-22.305008,16.148748,9.768134,9.624966,9.662367,0
3,8,19,-20.266882,16.148748,9.768134,7.955335,8.007810,0
4,8,19,-18.228756,16.148748,9.768134,6.364158,6.438246,0
5,8,19,-16.190630,16.148748,9.768134,4.874910,4.981666,0
6,8,19,-14.152504,16.148748,9.768134,3.518797,3.678131,0
7,8,19,-12.114378,16.148748,9.768134,2.336220,2.585929,0
8,8,19,-10.076252,16.148748,9.768134,1.376663,1.786620,0
9,8,19,-8.038126,16.148748,9.768134,0.694768,1.370568,0
10,8,19,-6.000000,16.148748,9.768134,0.342708,1.416319,0
11,8,19,-3.961874,16.148748,9.768134,0.346014,1.435393,0
12,8,19,-1.923748,16.148748,9.768134,0.704650,1.382796,0
13,8,19,0.114378,16.148748,9.768134,1.392236,1.798539,0
14,8,19,2.152504,16.148748,9.768134,2.356461,2.603960,0
15,8,19,4.190630,16.148748,9.768134,3.542713,3.700793,0
16,8,19,6.228756,16.148748,9.768134,4.901657,5.007657,0
17,8,19,8.266882,16.148748,9.768134,6.393072,6.466673,0
18,8,19,10.305008,16.148748,9.768134,7.985911,8.038054,0
19,8,19,12.343134,16.148748,9.768134,9.656827,9.693990,0
20,8,19,14.381260,16.148748,9.768134,11.388416,11.414663,0
0,9,19,-26.381260,18.186874,9.768134,12.723999,12.743847,0
1,9,19,-24.343134,18.186874,9.768134,10.912402,10.941307,0
2,9,19,-22.305008,18.186874,9.768134,9.143951,9.185135,0
3,9,19,-20.266882,18.186874,9.768134,7.431008,7.489598,0
4,9,19,-18.228756,18.186874,9.768134,5.790480,5.875213,0
5,9,19,-16.190630,18.186874,9.768134,4.245624,4.372803,0
6,9,19,-14.152504,18.186874,9.768134,2.828332,3.032207,0
7,9,19,-12.114378,18.186874,9.768134,1.581481,1.944985,0
8,9,19,-10.076252,18.186874,9.768134,0.560123,1.464835,0
9,9,19,-8.038126,18.186874,9.768134,0.013144,2.944788,0
10,9,19,-6.000000,18.186874,9.768134,0.000068,4.459749,1
11,9,19,-3.961874,18.186874,9.768134,0.000072,4.544097,1
12,9,19,-1.923748,18.186874,9.768134,0.014778,3.139903,0
13,9,19,0.114378,18.186874,9.768134,0.576751,1.467729,0
14,9,19,2.152504,18.186874,9.768134,1.602926,1.962155,0
15,9,19,4.190630,18.186874,9.768134,2.853432,3.055347,0
16,9,19,6.228756,18.186874,9.768134,4.273466,4.399621,0
17,9,19,8.266882,18.186874,9.768134,5.820375,5.904503,0
18,9,19,10.305008,18.186874,9.768134,7.462448,7.520647,0
19,9,19,12.343134,18.186874,9.768134,9.176568,9.217483,0
20,9,19,14.381260,18.186874,9.768134,10.945928,10.974638,0
0,10,19,-26.381260,20.225000,9.768134,12.483657,12.504556,0
1,10,19,-24.343134,20.225000,9.768134,10.652044,10.682503,0
2,10,19,-22.305008,20.225000,9.768134,8.860528,8.904132,0
3,10,19,-20.266882,20.225000,9.768134,7.120946,7.183569,0
4,10,19,-18.228756,20.225000,9.768134,5.449692,5.541783,0
5,10,19,-16.190630,20.225000,9.768134,3.869685,4.012074,0
6,10,19,-14.152504,20.225000,9.768134,2.412992,2.654483,0
7,10,19,-12.114378,20.225000,9.768134,1.123816,1.924382,0
8,10,19,-10.076252,20.225000,9.768134,0.101542,3.712620,0
9,10,19,-8.038126,20.225000,9.768134,0.000005,4.753131,1
10,10,19,-6.000000,20.225000,9.768134,0.000000,5.790071,1
11,10,19,-3.961874,20.225000,9.768134,0.000000,5.879535,1
12,10,19,-1.923748,20.225000,9.768134,0.000006,5.003762,1
13,10,19,0.114378,20.225000,9.768134,0.113259,3.856949,0
14,10,19,2.152504,20.225000,9.768134,1.146062,1.892581,0
15,10,19,4.190630,20.225000,9.768134,2.438863,2.677687,0
16,10,19,6.228756,20.225000,9.768134,3.898226,4.039363,0
17,10,19,8.266882,20.225000,9.768134,5.480202,5.571597,0
18,10,19,10.305008,20.225000,9.768134,7.152920,7.215111,0
19,10,19,12.343134,20.225000,9.768134,8.893607,8.936921,0
20,10,19,14.381260,20.225000,9.768134,10.685970,10.716222,0
0,11,19,-26.381260,22.263126,9.768134,12.418210,12.439402,0
1,11,19,-24.343134,22.263126,9.768134,10.581067,10.611962,0
2,11,19,-22.305008,22.263126,9.768134,8.783153,8.827445,0
3,11,19,-20.266882,22.263126,9.768134,7.036147,7.099934,0
4,11,19,-18.228756,22.263126,9.768134,5.356278,5.450544,0
5,11,19,-16.190630,22.263126,9.768134,3.766339,3.913411,0
6,11,19,-14.152504,22.263126,9.768134,2.298407,2.552334,0
7,11,19,-12.114378,22.263126,9.768134,0.997016,4.263379,0
8,11,19,-10.076252,22.263126,9.768134,0.033670,6.491192,0
9,11,19,-8.038126,22.263126,9.768134,0.000000,6.756888,1
10,11,19,-6.000000,22.263126,9.768134,0.000000,7.180170,1
11,11,19,-3.961874,22.263126,9.768134,0.000000,7.259181,1
12,11,19,-1.923748,22.263126,9.768134,0.000000,6.963463,1
13,11,19,0.114378,22.263126,9.768134,0.039597,6.629491,0
14,11,19,2.152504,22.263126,9.768134,1.019496,4.200324,0
15,11,19,4.190630,22.263126,9.768134,2.324499,2.575504,0
16,11,19,6.228756,22.263126,9.768134,3.795079,3.940824,0
17,11,19,8.266882,22.263126,9.768134,5.386960,5.480504,0
18,11,19,10.305008,22.263126,9.768134,7.068270,7.131613,0
19,11,19,12.343134,22.263126,9.768134,8.816361,8.860356,0
20,11,19,14.381260,22.263126,9.768134,10.615104,10.645788,0
0,12,19,-26.381260,24.301252,9.768134,12.529112,12.549809,0
1,12,19,-24.343134,24.301252,9.768134,10.701320,10.731478,0
2,12,19,-22.305008,24.301252,9.768134,8.914217,8.957351,0
3,12,19,-20.266882,24.301252,9.768134,7.179747,7.241579,0
4,12,19,-18.228756,24.301252,9.768134,5.514413,5.605038,0
5,12,19,-16.190630,24.301252,9.768134,3.941210,4.080494,0
6,12,19,-14.152504,24.301252,9.768134,2.492191,3.258079,0
7,12,19,-12.114378,24.301252,9.768134,1.211317,6.893536,0
8,12,19,-10.076252,24.301252,9.768134,0.172671,10.469737,0
9,12,19,-8.038126,24.301252,9.768134,0.000021,10.942398,1
10,12,19,-6.000000,24.301252,9.768134,0.000000,11.540957,1
11,12,19,-3.961874,24.301252,9.768134,0.000000,11.582385,1
12,12,19,-1.923748,24.301252,9.768134,0.000025,11.045512,1
13,12,19,0.114378,24.301252,9.768134,0.187314,10.473791,0
14,12,19,2.152504,24.301252,9.768134,1.233405,6.813350,0
15,12,19,4.190630,24.301252,9.768134,2.517911,3.222440,0
16,12,19,6.228756,24.301252,9.768134,3.969616,4.107696,0
17,12,19,8.266882,24.301252,9.768134,5.544804,5.634752,0
18,12,19,10.305008,24.301252,9.768134,7.211618,7.273027,0
19,12,19,12.343134,24.301252,9.768134,8.947207,8.990055,0
20,12,19,14.381260,24.301252,9.768134,10.735169,10.765123,0
0,13,19,-26.381260,26.339378,9.768134,12.813907,12.833372,0
1,13,19,-24.343134,26.339378,9.768134,11.009682,11.038025,0
2,13,19,-22.305008,26.339378,9.768134,9.249691,9.290010,0
3,13,19,-20.266882,26.339378,9.768134,7.546469,7.603640,0
4,13,19,-18.228756,26.339378,9.768134,5.917082,5.999293,0
5,13,19,-16.190630,26.339378,9.768134,4.384869,4.507046,0
6,13,19,-14.152504,26.339378,9.768134,2.981609,4.907832,0
7,13,19,-12.114378,26.339378,9.768134,1.749651,9.595111,0
8,13,19,-10.076252,26.339378,9.768134,0.742640,14.116771,0
9,13,19,-8.038126,26.339378,9.768134,0.075767,16.192589,0
10,13,19,-6.000000,26.339378,9.768134,0.000953,16.383833,1
11,13,19,-3.961874,26.339378,9.768134,0.001007,16.401928,1
12,13,19,-1.923748,26.339378,9.768134,0.081841,16.210938,0
13,13,19,0.114378,26.339378,9.768134,0.759043,14.048083,0
14,13,19,2.152504,26.339378,9.768134,1.770816,9.500677,0
15,13,19,4.190630,26.339378,9.768134,3.006436,4.841605,0
16,13,19,6.228756,26.339378,9.768134,4.412462,4.533683,0
17,13,19,8.266882,26.339378,9.768134,5.946754,6.028389,0
18,13,19,10.305008,26.339378,9.768134,7.577714,7.634509,0
19,13,19,12.343134,26.339378,9.768134,9.282138,9.322195,0
20,13,19,14.381260,26.339378,9.768134,11.043060,11.071213,0
0,14,19,-26.381260,28.377504,9.768134,13.266498,13.284113,0
1,14,19,-24.343134,28.377504,9.768134,11.498451,11.524116,0
2,14,19,-22.305008,28.377504,9.768134,9.779719,9.815982,0
3,14,19,-20.266882,28.377504,9.768134,8.123541,8.174219,0
4,14,19,-18.228756,28.377504,9.768134,6.547545,6.618616,0
5,14,19,-16.190630,28.377504,9.768134,5.075200,5.176481,0
6,14,19,-14.152504,28.377504,9.768134,3.737416,6.755508,0
7,14,19,-12.114378,28.377504,9.768134,2.573774,12.338274,0
8,14,19,-10.076252,28.377504,9.768134,1.632146,17.205018,0
9,14,19,-8.038126,28.377504,9.768134,0.964673,19.816293,0
10,14,19,-6.000000,28.377504,9.768134,0.618400,20.715668,0
11,14,19,-3.961874,28.377504,9.768134,0.621715,20.709005,0
12,14,19,-1.923748,28.377504,9.768134,0.974338,19.786418,0
13,14,19,0.114378,28.377504,9.768134,1.647406,17.134117,0
14,14,19,2.152504,28.377504,9.768134,2.593664,12.231231,0
15,14,19,4.190630,28.377504,9.768134,3.760980,6.668212,0
16,14,19,6.228756,28.377504,9.768134,5.101617,5.202206,0
17,14,19,8.266882,28.377504,9.768134,6.576158,6.646773,0
18,14,19,10.305008,28.377504,9.768134,8.153849,8.204212,0
19,14,19,12.343134,28.377504,9.768134,9.811344,9.847378,0
20,14,19,14.381260,28.377504,9.768134,11.531108,11.556601,0
0,15,19,-26.381260,30.415630,9.768134,13.877760,13.893068,0
1,15,19,-24.343134,30.415630,9.768134,12.156251,12.178648,0
2,15,19,-22.305008,30.415630,9.768134,10.489973,10.521437,0
3,15,19,-20.266882,30.415630,9.768134,8.892746,8.936068,0
4,15,19,-18.228756,30.415630,9.768134,7.382492,7.441691,0
5,15,19,-16.190630,30.415630,9.768134,5.982307,6.063258,0
6,15,19,-14.152504,30.415630,9.768134,4.721458,8.686436,0
7,15,19,-12.114378,30.415630,9.768134,3.635781,15.107134,0
8,15,19,-10.076252,30.415630,9.768134,2.766511,20.116323,0
9,15,19,-8.038126,30.415630,9.768134,2.156319,22.369401,0
10,15,19,-6.000000,30.415630,9.768134,1.841932,23.008633,0
11,15,19,-3.961874,30.415630,9.768134,1.844936,23.004144,0
12,15,19,-1.923748,30.415630,9.768134,2.165115,22.346452,0
13,15,19,0.114378,30.415630,9.768134,2.780523,20.049561,0
14,15,19,2.152504,30.415630,9.768134,3.654238,14.989442,0
15,15,19,4.190630,30.415630,9.768134,4.743558,8.580604,0
16,15,19,6.228756,30.415630,9.768134,6.007322,6.087798,0
17,15,19,8.266882,30.415630,9.768134,7.409814,7.468669,0
18,15,19,10.305008,30.415630,9.768134,8.921889,8.964957,0
19,15,19,12.343134,30.415630,9.768134,10.520558,10.551830,0
20,15,19,14.381260,30.415630,9.768134,12.187985,12.210233,0
0,16,19,-26.381260,32.453756,9.768134,14.636387,14.649098,0
1,16,19,-24.343134,32.453756,9.768134,12.969220,12.988036,0
2,16,19,-22.305008,32.453756,9.768134,11.363354,11.389736,0
3,16,19,-20.266882,32.453756,9.768134,9.832906,9.868785,0
4,16,19,-18.228756,32.453756,9.768134,8.395656,8.443580,0
5,16,19,-16.190630,32.453756,9.768134,7.073740,7.137008,0
6,16,19,-14.152504,32.453756,9.768134,5.894110,10.672842,0
7,16,19,-12.114378,32.453756,9.768134,4.888310,17.882066,0
8,16,19,-10.076252,32.453756,9.768134,4.090929,22.846942,0
9,16,19,-8.038126,32.453756,9.768134,3.536096,24.661544,0
10,16,19,-6.000000,32.453756,9.768134,3.251986,25.041316,0
11,16,19,-3.961874,32.453756,9.768134,3.254695,25.039240,0
12,16,19,-1.923748,32.453756,9.768134,3.544063,24.645895,0
13,16,19,0.114378,32.453756,9.768134,4.103721,22.787405,0
14,16,19,2.152504,32.453756,9.768134,4.905322,17.756326,0
15,16,19,4.190630,32.453756,9.768134,5.914686,10.549023,0
16,16,19,6.228756,32.453756,9.768134,7.097254,7.160200,0
17,16,19,8.266882,32.453756,9.768134,8.421560,8.469230,0
18,16,19,10.305008,32.453756,9.768134,9.860742,9.896422,0
19,16,19,12.343134,32.453756,9.768134,11.392751,11.418975,0
20,16,19,14.381260,32.453756,9.768134,12.999883,13.018573,0
0,17,19,-26.381260,34.491882,9.768134,15.529781,15.539760,0
1,17,19,-24.343134,34.491882,9.768134,13.922234,13.937382,0
2,17,19,-22.305008,34.491882,9.768134,12.381661,12.403018,0
3,17,19,-20.266882,34.491882,9.768134,10.922127,10.950975,0
4,17,19,-18.228756,34.491882,9.768134,9.560823,9.598707,0
5,17,19,-16.190630,34.491882,9.768134,8.318430,8.376620,0
6,17,19,-14.152504,34.491882,9.768134,7.219168,12.705213,0
7,17,19,-12.114378,34.491882,9.768134,6.290219,20.641710,0
8,17,19,-10.076252,34.491882,9.768134,5.560112,25.399320,0
9,17,19,-8.038126,34.491882,9.768134,5.055844,26.759831,0
10,17,19,-6.000000,34.491882,9.768134,4.798932,26.916673,0
11,17,19,-3.961874,34.491882,9.768134,4.801377,26.916561,0
12,17,19,-1.923748,34.491882,9.768134,5.063061,26.750821,0
13,17,19,0.114378,34.491882,9.768134,5.571775,25.348848,0
14,17,19,2.152504,34.491882,9.768134,6.305860,20.510955,0
15,17,19,4.190630,34.491882,9.768134,7.238257,12.563374,0
16,17,19,6.228756,34.491882,9.768134,8.340437,8.388906,0
17,17,19,8.266882,34.491882,9.768134,9.585267,9.622966,0
18,17,19,10.305008,34.491882,9.768134,10.948587,10.977282,0
19,17,19,12.343134,34.491882,9.768134,12.409784,12.431014,0
20,17,19,14.381260,34.491882,9.768134,13.951730,13.966773,0
0,18,19,-26.381260,36.530008,9.768134,16.544877,16.552108,0
1,18,19,-24.343134,36.530008,9.768134,14.999950,15.011511,0
2,18,19,-22.305008,36.530008,9.768134,13.526915,13.543521,0
3,18,19,-20.266882,36.530008,9.768134,12.139450,12.161926,0
4,18,19,-18.228756,36.530008,9.768134,10.853794,10.883042,0
5,18,19,-16.190630,36.530008,9.768134,9.688852,9.773205,0
6,18,19,-14.152504,36.530008,9.768134,8.665991,14.777699,0
7,18,19,-12.114378,36.530008,9.768134,7.808294,23.366706,0
8,18,19,-10.076252,36.530008,9.768134,7.139089,27.791018,0
9,18,19,-8.038126,36.530008,9.768134,6.679686,28.722023,0
10,18,19,-6.000000,36.530008,9.768134,6.446579,28.697430,0
11,18,19,-3.961874,36.530008,9.768134,6.448794,28.698848,0
12,18,19,-1.923748,36.530008,9.768134,6.686244,28.718667,0
13,18,19,0.114378,36.530008,9.768134,7.149743,27.750328,0
14,18,19,2.152504,36.530008,9.768134,7.822679,23.234086,0
15,18,19,4.190630,36.530008,9.768134,8.683682,14.617669,0
16,18,19,6.228756,36.530008,9.768134,9.709410,9.766538,0
17,18,19,8.266882,36.530008,9.768134,10.876799,10.905912,0
18,18,19,10.305008,36.530008,9.768134,12.164525,12.186883,0
19,18,19,12.343134,36.530008,9.768134,13.553731,13.570236,0
20,18,19,14.381260,36.530008,9.768134,15.028229,15.039702,0
0,19,19,-26.381260,38.568134,9.768134,17.668790,17.673346,0
1,19,19,-24.343134,38.568134,9.768134,16.187592,16.195751,0
2,19,19,-22.305008,38.568134,9.768134,14.782263,14.794506,0
3,19,19,-20.266882,38.568134,9.768134,13.465831,13.482671,0
4,19,19,-18.228756,38.568134,9.768134,12.253340,12.275285,0
5,19,19,-16.190630,38.568134,9.768134,11.161789,11.251081,0
6,19,19,-14.152504,38.568134,9.768134,10.209779,16.885100,0
7,19,19,-12.114378,38.568134,9.768134,9.416752,26.042062,0
8,19,19,-10.076252,38.568134,9.768134,8.801734,30.046836,0
9,19,19,-8.038126,38.568134,9.768134,8.381597,30.593700,0
10,19,19,-6.000000,38.568134,9.768134,8.169100,30.426186,0
11,19,19,-3.961874,38.568134,9.768134,8.171118,30.428762,0
12,19,19,-1.923748,38.568134,9.768134,8.387582,30.594972,0
13,19,19,0.114378,38.568134,9.768134,8.811497,30.015816,0
14,19,19,2.152504,38.568134,9.768134,9.430010,25.910574,0
15,19,19,4.190630,38.568134,9.768134,10.226189,16.706721,0
16,19,19,6.228756,38.568134,9.768134,11.180987,11.241350,0
17,19,19,8.266882,38.568134,9.768134,12.274967,12.296812,0
18,19,19,10.305008,38.568134,9.768134,13.489552,13.506301,0
19,19,19,12.343134,38.568134,9.768134,14.807779,14.819941,0
20,19,19,14.381260,38.568134,9.768134,16.214641,16.222728,0
0,20,19,-26.381260,40.606260,9.768134,18.889283,18.891295,0
1,20,19,-24.343134,40.606260,9.768134,17.471450,17.476451,0
2,20,19,-22.305008,40.606260,9.768134,16.132479,16.140785,0
3,20,19,-20.266882,40.606260,9.768134,14.884568,14.896488,0
4,20,19,-18.228756,40.606260,9.768134,13.741449,13.757254,0
5,20,19,-16.190630,40.606260,9.768134,12.718222,12.795458,0
6,20,19,-14.152504,40.606260,9.768134,11.830948,19.022481,0
7,20,19,-12.114378,40.606260,9.768134,11.095945,28.657879,0
8,20,19,-10.076252,40.606260,9.768134,10.528749,32.192890,0
9,20,19,-8.038126,40.606260,9.768134,10.142813,32.408336,0
10,20,19,-6.000000,40.606260,9.768134,9.948113,31.575582,0
11,20,19,-3.961874,40.606260,9.768134,9.949959,31.580633,0
12,20,19,-1.923748,40.606260,9.768134,10.148301,32.413302,0
13,20,19,0.114378,40.606260,9.768134,10.537733,32.170913,0
14,20,19,2.152504,40.606260,9.768134,11.108200,28.530168,0
15,20,19,4.190630,40.606260,9.768134,11.846199,18.825665,0
16,20,19,6.228756,40.606260,9.768134,12.736166,12.784529,0
17,20,19,8.266882,40.606260,9.768134,13.761781,13.777511,0
18,20,19,10.305008,40.606260,9.768134,14.906995,14.918845,0
19,20,19,12.343134,40.606260,9.768134,16.156731,16.164972,0
20,20,19,14.381260,40.606260,9.768134,17.497285,17.502227,0
0,0,20,-26.381260,-0.156260,11.806260,21.886274,21.883241,0
1,0,20,-24.343134,-0.156260,11.806260,20.602801,20.601749,0
2,0,20,-22.305008,-0.156260,11.806260,19.401647,19.402686,0
3,0,20,-20.266882,-0.156260,11.806260,18.292908,18.296121,0
4,0,20,-18.228756,-0.156260,11.806260,17.287420,17.292845,0
5,0,20,-16.190630,-0.156260,11.806260,16.396514,16.404125,0
6,0,20,-14.152504,-0.156260,11.806260,15.631655,15.641342,0
7,0,20,-12.114378,-0.156260,11.806260,15.003929,15.015477,0
8,0,20,-10.076252,-0.156260,11.806260,14.523419,14.536500,0
9,0,20,-8.038126,-0.156260,11.806260,14.198520,14.212696,0
10,0,20,-6.000000,-0.156260,11.806260,14.035268,14.050013,0
11,0,20,-3.961874,-0.156260,11.806260,14.036814,14.051554,0
12,0,20,-1.923748,-0.156260,11.806260,14.203128,14.217289,0
13,0,20,0.114378,-0.156260,11.806260,14.531002,14.544058,0
14,0,20,2.152504,-0.156260,11.806260,15.014349,15.025865,0
15,0,20,4.190630,-0.156260,11.806260,15.644738,15.654387,0
16,0,20,6.228756,-0.156260,11.806260,16.412058,16.419630,0
17,0,20,8.266882,-0.156260,11.806260,17.305213,17.310596,0
18,0,20,10.305008,-0.156260,11.806260,18.312736,18.315908,0
19,0,20,12.343134,-0.156260,11.806260,19.423301,19.424300,0
20,0,20,14.381260,-0.156260,11.806260,20.626085,20.624995,0
0,1,20,-26.381260,1.881866,11.806260,20.552923,20.551953,0
1,1,20,-24.343134,1.881866,11.806260,19.213029,19.214421,0
2,1,20,-22.305008,1.881866,11.806260,17.954457,17.958387,0
3,1,20,-20.266882,1.881866,11.806260,16.788222,16.794844,0
4,1,20,-18.228756,1.881866,11.806260,15.726374,15.735793,0
5,1,20,-16.190630,1.881866,11.806260,14.781770,14.794014,0
6,1,20,-14.152504,1.881866,11.806260,13.967671,13.982657,0
7,1,20,-12.114378,1.881866,11.806260,13.297151,13.314646,0
8,1,20,-10.076252,1.881866,11.806260,12.782312,12.801911,0
9,1,20,-8.038126,1.881866,11.806260,12.433377,12.454501,0
10,1,20,-6.000000,1.881866,11.806260,12.257787,12.279710,0
11,1,20,-3.961874,1.881866,11.806260,12.259451,12.281367,0
12,1,20,-1.923748,1.881866,11.806260,12.438332,12.459433,0
13,1,20,0.114378,1.881866,11.806260,12.790448,12.810013,0
14,1,20,2.152504,1.881866,11.806260,13.308301,13.325752,0
15,1,20,4.190630,1.881866,11.806260,13.981622,13.996558,0
16,1,20,6.228756,1.881866,11.806260,14.798284,14.810476,0
17,1,20,8.266882,1.881866,11.806260,15.745203,15.754569,0
18,1,20,10.305008,1.881866,11.806260,16.809119,16.815689,0
19,1,20,12.343134,1.881866,11.806260,17.977189,17.981070,0
20,1,20,14.381260,1.881866,11.806260,19.237380,19.238725,0
0,2,20,-26.381260,3.919992,11.806260,19.297866,19.299098,0
1,2,20,-24.343134,3.919992,11.806260,17.900023,17.904070,0
2,2,20,-22.305008,3.919992,11.806260,16.581797,16.588934,0
3,2,20,-20.266882,3.919992,11.806260,15.355097,15.365585,0
4,2,20,-18.228756,3.919992,11.806260,14.233227,14.247284,0
5,2,20,-16.190630,3.919992,11.806260,13.230699,13.248455,0
6,2,20,-14.152504,3.919992,11.806260,12.362821,12.384263,0
7,2,20,-12.114378,3.919992,11.806260,11.645019,11.669923,0
8,2,20,-10.076252,3.919992,11.806260,11.091867,11.119744,0
9,2,20,-8.038126,3.919992,11.806260,10.715899,10.745970,0
10,2,20,-6.000000,3.919992,11.806260,10.526362,10.557598,0
11,2,20,-3.961874,3.919992,11.806260,10.528159,10.559384,0
12,2,20,-1.923748,3.919992,11.806260,10.721244,10.751282,0
13,2,20,0.114378,3.919992,11.806260,11.100623,11.128450,0
14,2,20,2.152504,3.919992,11.806260,11.656978,11.681822,0
15,2,20,4.190630,3.919992,11.806260,12.377726,12.399101,0
16,2,20,6.228756,3.919992,11.806260,13.248265,13.265952,0
17,2,20,8.266882,3.919992,11.806260,14.253164,14.267153,0
18,2,20,10.305008,3.919992,11.806260,15.377125,15.387548,0
19,2,20,12.343134,3.919992,11.806260,16.605655,16.612732,0
20,2,20,14.381260,3.919992,11.806260,17.925475,17.929468,0
0,3,20,-26.381260,5.958118,11.806260,18.131192,18.134744,0
1,3,20,-24.343134,5.958118,11.806260,16.674674,16.681578,0
2,3,20,-22.305008,5.958118,11.806260,15.295300,15.305965,0
3,3,20,-20.266882,5.958118,11.806260,14.005794,14.020644,0
4,3,20,-18.228756,5.958118,11.806260,12.820700,12.840136,0
5,3,20,-16.190630,5.958118,11.806260,11.756273,11.780613,0
6,3,20,-14.152504,5.958118,11.806260,10.830096,10.859484,0
7,3,20,-12.114378,5.958118,11.806260,10.060341,10.094627,0
8,3,20,-10.076252,5.958118,11.806260,9.464588,9.503208,0
9,3,20,-8.038126,5.958118,11.806260,9.058278,9.100178,0
10,3,20,-6.000000,5.958118,11.806260,8.852993,8.896663,0
11,3,20,-3.961874,5.958118,11.806260,8.854941,8.898594,0
12,3,20,-1.923748,5.958118,11.806260,9.064062,9.105913,0
13,3,20,0.114378,5.958118,11.806260,9.474037,9.512584,0
14,3,20,2.152504,5.958118,11.806260,10.073196,10.107394,0
15,3,20,4.190630,5.958118,11.806260,10.846042,10.875336,0
16,3,20,6.228756,5.958118,11.806260,11.774972,11.799218,0
17,3,20,8.266882,5.958118,11.806260,12.841815,12.861162,0
18,3,20,10.305008,5.958118,11.806260,14.029006,14.043774,0
19,3,20,12.343134,5.958118,11.806260,15.320321,15.330912,0
20,3,20,14.381260,5.958118,11.806260,16.701249,16.708086,0
0,4,20,-26.381260,7.996244,11.806260,17.063892,17.069844,0
1,4,20,-24.343134,7.996244,11.806260,15.549082,15.559005,0
2,4,20,-22.305008,7.996244,11.806260,14.108168,14.122658,0
3,4,20,-20.266882,7.996244,11.806260,12.754549,12.774266,0
4,4,20,-18.228756,7.996244,11.806260,11.503921,11.529556,0
5,4,20,-16.190630,7.996244,11.806260,10.374292,10.406493,0
6,4,20,-14.152504,7.996244,11.806260,9.385701,9.424935,0
7,4,20,-12.114378,7.996244,11.806260,8.559444,8.605792,0
8,4,20,-10.076252,7.996244,11.806260,7.916705,7.969603,0
9,4,20,-8.038126,7.996244,11.806260,7.476552,7.534577,0
10,4,20,-6.000000,7.996244,11.806260,7.253574,7.314430,0
11,4,20,-3.961874,7.996244,11.806260,7.255692,7.316520,0
12,4,20,-1.923748,7.996244,11.806260,7.482828,7.540776,0
13,4,20,0.114378,7.996244,11.806260,7.926923,7.979709,0
14,4,20,2.152504,7.996244,11.806260,8.573280,8.619498,0
15,4,20,4.190630,7.996244,11.806260,9.402771,9.441872,0
16,4,20,6.228756,7.996244,11.806260,10.394194,10.426267,0
17,4,20,8.266882,7.996244,11.806260,11.526264,11.551783,0
18,4,20,10.305008,7.996244,11.806260,12.778978,12.798591,0
19,4,20,12.343134,7.996244,11.806260,14.134366,14.148765,0
20,4,20,14.381260,7.996244,11.806260,15.576779,15.586623,0
0,5,20,-26.381260,10.034370,11.806260,16.107667,16.116039,0
1,5,20,-24.343134,10.034370,11.806260,14.536396,14.549434,0
2,5,20,-22.305008,10.034370,11.806260,13.035073,13.053618,0
3,5,20,-20.266882,10.034370,11.806260,11.617576,11.642622,0
4,5,20,-18.228756,10.034370,11.806260,10.300577,10.333256,0
5,5,20,-16.190630,10.034370,11.806260,9.103746,9.145265,0
6,5,20,-14.152504,10.034370,11.806260,8.049642,8.101101,0
7,5,20,-12.114378,10.034370,11.806260,7.163006,7.225062,0
8,5,20,-10.076252,10.034370,11.806260,6.469226,6.541566,0
9,5,20,-8.038126,10.034370,11.806260,5.991817,6.072587,0
10,5,20,-6.000000,10.034370,11.806260,5.749191,5.834770,0
11,5,20,-3.961874,10.034370,11.806260,5.751498,5.837030,0
12,5,20,-1.923748,10.034370,11.806260,5.998639,6.079280,0
13,5,20,0.114378,10.034370,11.806260,6.480286,6.552444,0
14,5,20,2.152504,10.034370,11.806260,7.177900,7.239756,0
15,5,20,4.190630,10.034370,11.806260,8.067903,8.119167,0
16,5,20,6.228756,10.034370,11.806260,9.124899,9.166241,0
17,5,20,8.266882,10.034370,11.806260,10.324176,10.356702,0
18,5,20,10.305008,10.034370,11.806260,11.643227,11.668140,0
19,5,20,12.343134,10.034370,11.806260,13.062436,13.080869,0
20,5,20,14.381260,10.034370,11.806260,14.565186,14.578130,0
0,6,20,-26.381260,12.072496,11.806260,15.274605,15.285332,0
1,6,20,-24.343134,12.072496,11.806260,13.650483,13.666625,0
2,6,20,-22.305008,12.072496,11.806260,12.091857,12.114559,0
3,6,20,-20.266882,12.072496,11.806260,10.612843,10.643542,0
4,6,20,-18.228756,12.072496,11.806260,9.230831,9.271303,0
5,6,20,-16.190630,12.072496,11.806260,7.966936,8.019285,0
6,6,20,-14.152504,12.072496,11.806260,6.846146,6.912644,0
7,6,20,-12.114378,12.072496,11.806260,5.896810,5.979417,0
8,6,20,-10.076252,12.072496,11.806260,5.149024,5.248391,0
9,6,20,-8.038126,12.072496,11.806260,4.631576,4.745598,0
10,6,20,-6.000000,12.072496,11.806260,4.367615,4.490395,0
11,6,20,-3.961874,12.072496,11.806260,4.370128,4.492820,0
12,6,20,-1.923748,12.072496,11.806260,4.638989,4.752778,0
13,6,20,0.114378,12.072496,11.806260,5.160983,5.260044,0
14,6,20,2.152504,12.072496,11.806260,5.912812,5.995107,0
15,6,20,4.190630,12.072496,11.806260,6.865631,6.931844,0
16,6,20,6.228756,12.072496,11.806260,7.989349,8.041455,0
17,6,20,8.266882,12.072496,11.806260,9.255671,9.295942,0
18,6,20,10.305008,12.072496,11.806260,10.639680,10.670214,0
19,6,20,12.343134,12.072496,11.806260,12.120332,12.142898,0
20,6,20,14.381260,12.072496,11.806260,13.680303,13.696334,0
0,7,20,-26.381260,14.110622,11.806260,14.576702,14.589608,0
1,7,20,-24.343134,14.110622,11.806260,12.905389,12.924470,0
2,7,20,-22.305008,14.110622,11.806260,11.294944,11.321696,0
3,7,20,-20.266882,14.110622,11.806260,9.759476,9.795885,0
4,7,20,-18.228756,14.110622,11.806260,8.316788,8.365492,0
5,7,20,-16.190630,14.110622,11.806260,6.989107,7.053552,0
6,7,20,-14.152504,14.110622,11.806260,5.803568,5.888035,0
7,7,20,-12.114378,14.110622,11.806260,4.792035,4.901186,0
8,7,20,-10.076252,14.110622,11.806260,3.989564,4.126808,0
9,7,20,-8.038126,14.110622,11.806260,3.430858,3.594945,0
10,7,20,-6.000000,14.110622,11.806260,3.144648,3.325898,0
11,7,20,-3.961874,14.110622,11.806260,3.147377,3.328450,0
12,7,20,-1.923748,14.110622,11.806260,3.438883,3.602527,0
13,7,20,0.114378,14.110622,11.806260,4.002441,4.139150,0
14,7,20,2.152504,14.110622,11.806260,4.809150,4.917800,0
15,7,20,4.190630,14.110622,11.806260,5.824254,5.908304,0
16,7,20,6.228756,14.110622,11.806260,7.012731,7.076844,0
17,7,20,8.266882,14.110622,11.806260,8.342797,8.391242,0
18,7,20,10.305008,14.110622,11.806260,9.787409,9.823616,0
19,7,20,12.343134,14.110622,11.806260,11.324431,11.351023,0
20,7,20,14.381260,14.110622,11.806260,12.936134,12.955087,0
0,8,20,-26.381260,16.148748,11.806260,14.025227,14.040009,0
1,8,20,-24.343134,16.148748,11.806260,12.314568,12.336230,0
2,8,20,-22.305008,16.148748,11.806260,10.660421,10.690828,0
3,8,20,-20.266882,16.148748,11.806260,9.076699,9.118444,0
4,8,20,-18.228756,16.148748,11.806260,7.581330,7.638081,0
5,8,20,-16.190630,16.148748,11.806260,6.197256,6.274243,0
6,8,20,-14.152504,16.148748,11.806260,4.953310,5.057872,0
7,8,20,-12.114378,16.148748,11.806260,3.884452,4.026191,0
8,8,20,-10.076252,16.148748,11.806260,3.030498,3.219417,0
9,8,20,-8.038126,16.148748,11.806260,2.432224,3.073558,0
10,8,20,-6.000000,16.148748,11.806260,2.124402,3.320307,0
11,8,20,-3.961874,16.148748,11.806260,2.127342,3.317245,0
12,8,20,-1.923748,16.148748,11.806260,2.440840,3.068950,0
13,8,20,0.114378,16.148748,11.806260,3.044248,3.232216,0
14,8,20,2.152504,16.148748,11.806260,3.902603,4.043549,0
15,8,20,4.190630,16.148748,11.806260,4.975091,5.079055,0
16,8,20,6.228756,16.148748,11.806260,6.221961,6.298509,0
17,8,20,8.266882,16.148748,11.806260,7.608361,7.664790,0
18,8,20,10.305008,16.148748,11.806260,9.105577,9.147080,0
19,8,20,12.343134,16.148748,11.806260,10.690767,10.720989,0
20,8,20,14.381260,16.148748,11.806260,12.346087,12.367606,0
0,9,20,-26.381260,18.186874,11.806260,13.629983,13.646201,0
1,9,20,-24.343134,18.186874,11.806260,11.889920,11.913596,0
2,9,20,-22.305008,18.186874,11.806260,10.202810,10.236134,0
3,9,20,-20.266882,18.186874,11.806260,8.582282,8.628416,0
4,9,20,-18.228756,18.186874,11.806260,7.046193,7.109841,0
5,9,20,-16.190630,18.186874,11.806260,5.617849,5.706201,0
6,9,20,-14.152504,18.186874,11.806260,4.327224,4.451434,0
7,9,20,-12.114378,18.186874,11.806260,3.211651,3.516066,0
8,9,20,-10.076252,18.186874,11.806260,2.314905,4.245772,0
9,9,20,-8.038126,18.186874,11.806260,1.683158,5.356024,0
10,9,20,-6.000000,18.186874,11.806260,1.356826,6.033543,0
11,9,20,-3.961874,18.186874,11.806260,1.359947,6.026856,0
12,9,20,-1.923748,18.186874,11.806260,1.692280,5.337874,0
13,9,20,0.114378,18.186874,11.806260,2.329389,4.224710,0
14,9,20,2.152504,18.186874,11.806260,3.230654,3.515294,0
15,9,20,4.190630,18.186874,11.806260,4.349887,4.473292,0
16,9,20,6.228756,18.186874,11.806260,5.643409,5.731211,0
17,9,20,8.266882,18.186874,11.806260,7.074021,7.137285,0
18,9,20,10.305008,18.186874,11.806260,8.611885,8.657742,0
19,9,20,12.343134,18.186874,11.806260,10.233807,10.266925,0
20,9,20,14.381260,18.186874,11.806260,11.922021,11.945540,0
0,10,20,-26.381260,20.225000,11.806260,13.398535,13.415634,0
1,10,20,-24.343134,20.225000,11.806260,11.640761,11.665687,0
2,10,20,-22.305008,20.225000,11.806260,9.933666,9.968830,0
3,10,20,-20.266882,20.225000,11.806260,8.290647,8.339613,0
4,10,20,-18.228756,20.225000,11.806260,6.729436,6.797675,0
5,10,20,-16.190630,20.225000,11.806260,5.273466,5.369724,0
6,10,20,-14.152504,20.225000,11.806260,3.953324,4.121581,0
7,10,20,-12.114378,20.225000,11.806260,2.807771,5.009275,0
8,10,20,-10.076252,20.225000,11.806260,1.883138,6.888302,0
9,10,20,-8.038126,20.225000,11.806260,1.229270,8.484296,0
10,10,20,-6.000000,20.225000,11.806260,0.890585,9.336668,0
11,10,20,-3.961874,20.225000,11.806260,0.893827,9.328690,0
12,10,20,-1.923748,20.225000,11.806260,1.238728,8.460577,0
13,10,20,0.114378,20.225000,11.806260,1.898104,6.853465,0
14,10,20,2.152504,20.225000,11.806260,2.827326,4.977723,0
15,10,20,4.190630,20.225000,11.806260,3.976551,4.126635,0
16,10,20,6.228756,20.225000,11.806260,5.299563,5.395187,0
17,10,20,8.266882,20.225000,11.806260,6.757758,6.825569,0
18,10,20,10.305008,20.225000,11.806260,8.320694,8.369359,0
19,10,20,12.343134,20.225000,11.806260,9.965059,10.000004,0
20,10,20,14.381260,20.225000,11.806260,11.673213,11.697974,0
0,11,20,-26.381260,22.263126,11.806260,13.335539,13.352883,0
1,11,20,-24.343134,22.263126,11.806260,11.572880,11.598156,0
2,11,20,-22.305008,22.263126,11.806260,9.860255,9.895938,0
3,11,20,-20.266882,22.263126,11.806260,8.210988,8.260761,0
4,11,20,-18.228756,22.263126,11.806260,6.642765,6.712334,0
5,11,20,-16.190630,22.263126,11.806260,5.179040,5.277644,0
6,11,20,-14.152504,22.263126,11.806260,3.850557,5.190922,0
7,11,20,-12.114378,22.263126,11.806260,2.696468,7.407923,0
8,11,20,-10.076252,22.263126,11.806260,1.763831,9.903156,0
9,11,20,-8.038126,22.263126,11.806260,1.103567,11.761865,0
10,11,20,-6.000000,22.263126,11.806260,0.761303,12.692044,0
11,11,20,-3.961874,22.263126,11.806260,0.764580,12.683645,0
12,11,20,-1.923748,22.263126,11.806260,1.113122,11.735341,0
13,11,20,0.114378,22.263126,11.806260,1.778935,9.860760,0
14,11,20,2.152504,22.263126,11.806260,2.716181,7.359478,0
15,11,20,4.190630,22.263126,11.806260,3.873943,5.163618,0
16,11,20,6.228756,22.263126,11.806260,5.205288,5.303231,0
17,11,20,8.266882,22.263126,11.806260,6.671225,6.740353,0
18,11,20,10.305008,22.263126,11.806260,8.241159,8.290624,0
19,11,20,12.343134,22.263126,11.806260,9.891758,9.927218,0
20,11,20,14.381260,22.263126,11.806260,11.605429,11.630537,0
0,12,20,-26.381260,24.301252,11.806260,13.442294,13.459224,0
1,12,20,-24.343134,24.301252,11.806260,11.687897,11.712583,0
2,12,20,-22.305008,24.301252,11.806260,9.984621,10.019430,0
3,12,20,-20.266882,24.301252,11.806260,8.345910,8.394324,0
4,12,20,-18.228756,24.301252,11.806260,6.789525,6.856860,0
5,12,20,-16.190630,24.301252,11.806260,5.338881,5.548390,0
6,12,20,-14.152504,24.301252,11.806260,4.024454,7.017662,0
7,12,20,-12.114378,24.301252,11.806260,2.884733,10.097023,0
8,12,20,-10.076252,24.301252,11.806260,1.965551,12.990070,0
9,12,20,-8.038126,24.301252,11.806260,1.316028,14.966906,0
10,12,20,-6.000000,24.301252,11.806260,0.979774,15.906250,0
11,12,20,-3.961874,24.301252,11.806260,0.982993,15.897691,0
12,12,20,-1.923748,24.301252,11.806260,1.325419,14.939648,0
13,12,20,0.114378,24.301252,11.806260,1.980423,12.943284,0
14,12,20,2.152504,24.301252,11.806260,2.904180,10.037488,0
15,12,20,4.190630,24.301252,11.806260,4.047571,6.967797,0
16,12,20,6.228756,24.301252,11.806260,5.364874,5.551007,0
17,12,20,8.266882,24.301252,11.806260,6.817752,6.884668,0
18,12,20,10.305008,24.301252,11.806260,8.375872,8.423990,0
19,12,20,12.343134,24.301252,11.806260,10.015939,10.050530,0
20,12,20,14.381260,24.301252,11.806260,11.720283,11.744804,0
0,13,20,-26.381260,26.339378,11.806260,13.716608,13.732504,0
1,13,20,-24.343134,26.339378,11.806260,11.983078,12.006301,0
2,13,20,-22.305008,26.339378,11.806260,10.303316,10.335978,0
3,13,20,-20.266882,26.339378,11.806260,8.691024,8.736150,0
4,13,20,-18.228756,26.339378,11.806260,7.164088,7.226130,0
5,13,20,-16.190630,26.339378,11.806260,5.745749,6.576788,0
6,13,20,-14.152504,26.339378,11.806260,4.465739,9.167785,0
7,13,20,-12.114378,26.339378,11.806260,3.360863,12.890399,0
8,13,20,-10.076252,26.339378,11.806260,2.473985,16.025611,0
9,13,20,-8.038126,26.339378,11.806260,1.850007,17.976213,0
10,13,20,-6.000000,26.339378,11.806260,1.527990,18.835206,0
11,13,20,-3.961874,26.339378,11.806260,1.531069,18.827557,0
12,13,20,-1.923748,26.339378,11.806260,1.859011,17.950570,0
13,13,20,0.114378,26.339378,11.806260,2.488299,15.977377,0
14,13,20,2.152504,26.339378,11.806260,3.379670,12.822742,0
15,13,20,4.190630,26.339378,11.806260,4.488201,9.101491,0
16,13,20,6.228756,26.339378,11.806260,5.771115,6.555702,0
17,13,20,8.266882,26.339378,11.806260,7.191737,7.253409,0
18,13,20,10.305008,26.339378,11.806260,8.720464,8.765322,0
19,13,20,12.343134,26.339378,11.806260,10.334168,10.366628,0
20,13,20,14.381260,26.339378,11.806260,12.015050,12.038119,0
0,14,20,-26.381260,28.377504,11.806260,14.153019,14.167353,0
1,14,20,-24.343134,28.377504,11.806260,12.451647,12.472689,0
2,14,20,-22.305008,28.377504,11.806260,10.807858,10.837377,0
3,14,20,-20.266882,28.377504,11.806260,9.235627,9.276060,0
4,14,20,-18.228756,28.377504,11.806260,7.752874,7.807613,0
5,14,20,-16.190630,28.377504,11.806260,6.382395,7.975085,0
6,14,20,-14.152504,28.377504,11.806260,5.152633,11.474770,0
7,14,20,-12.114378,28.377504,11.806260,4.097809,15.712707,0
8,14,20,-10.076252,28.377504,11.806260,3.256560,18.939280,0
9,14,20,-8.038126,28.377504,11.806260,2.668120,20.736334,0
10,14,20,-6.000000,28.377504,11.806260,2.365696,21.453278,0
11,14,20,-3.961874,28.377504,11.806260,2.368583,21.447151,0
12,14,20,-1.923748,28.377504,11.806260,2.676589,20.714111,0
13,14,20,0.114378,28.377504,11.806260,3.270094,18.892457,0
14,14,20,2.152504,28.377504,11.806260,4.115705,15.639461,0
15,14,20,4.190630,28.377504,11.806260,5.174147,11.394849,0
16,14,20,6.228756,28.377504,11.806260,6.406838,7.934192,0
17,14,20,8.266882,28.377504,11.806260,7.779660,7.834093,0
18,14,20,10.305008,28.377504,11.806260,9.264279,9.304480,0
19,14,20,12.343134,28.377504,11.806260,10.837999,10.867341,0
20,14,20,14.381260,28.377504,11.806260,12.482983,12.503885,0
0,15,20,-26.381260,30.415630,11.806260,14.743313,14.755680,0
1,15,20,-24.343134,30.415630,11.806260,13.083523,13.101870,0
2,15,20,-22.305008,30.415630,11.806260,11.485788,11.511519,0
3,15,20,-20.266882,30.415630,11.806260,9.964242,9.999193,0
4,15,20,-18.228756,30.415630,11.806260,8.536612,8.583177,0
5,15,20,-16.190630,30.415630,11.806260,7.224873,9.583059,0
6,15,20,-14.152504,30.415630,11.806260,6.055644,13.874749,0
7,15,20,-12.114378,30.415630,11.806260,5.059906,18.519295,0
8,15,20,-10.076252,30.415630,11.806260,4.271436,21.693096,0
9,15,20,-8.038126,30.415630,11.806260,3.723364,23.245882,0
10,15,20,-6.000000,30.415630,11.806260,3.442916,23.792918,0
11,15,20,-3.961874,30.415630,11.806260,3.445589,23.788502,0
12,15,20,-1.923748,30.415630,11.806260,3.731231,23.228088,0
13,15,20,0.114378,30.415630,11.806260,4.284077,21.650098,0
14,15,20,2.152504,30.415630,11.806260,5.076738,18.443065,0
15,15,20,4.190630,30.415630,11.806260,6.076026,13.782792,0
16,15,20,6.228756,30.415630,11.806260,7.248193,9.525387,0
17,15,20,8.266882,30.415630,11.806260,8.562330,8.608651,0
18,15,20,10.305008,30.415630,11.806260,9.991904,10.026662,0
19,15,20,12.343134,30.415630,11.806260,11.515026,11.540603,0
20,15,20,14.381260,30.415630,11.806260,13.114041,13.132265,0
0,16,20,-26.381260,32.453756,11.806260,15.477236,15.487366,0
1,16,20,-24.343134,32.453756,11.806260,13.866304,13.881653,0
2,16,20,-22.305008,32.453756,11.806260,12.322051,12.343679,0
3,16,20,-20.266882,32.453756,11.806260,10.858553,10.887774,0
4,16,20,-18.228756,32.453756,11.806260,9.493045,9.531446,0
5,16,20,-16.190630,32.453756,11.806260,8.246298,11.318704,0
6,16,20,-14.152504,32.453756,11.806260,7.142688,16.336866,0
7,16,20,-12.114378,32.453756,11.806260,6.209632,21.278109,0
8,16,20,-10.076252,32.453756,11.806260,5.475974,24.275446,0
9,16,20,-8.038126,32.453756,11.806260,4.969064,25.535884,0
10,16,20,-6.000000,32.453756,11.806260,4.710741,25.911211,0
11,16,20,-3.961874,32.453756,11.806260,4.713199,25.908446,0
12,16,20,-1.923748,32.453756,11.806260,4.976320,25.522805,0
13,16,20,0.114378,32.453756,11.806260,5.487696,24.237958,0
14,16,20,2.152504,32.453756,11.806260,6.225346,21.201506,0
15,16,20,4.190630,32.453756,11.806260,7.161856,16.234170,0
16,16,20,6.228756,32.453756,11.806260,8.268387,11.245988,0
17,16,20,8.266882,32.453756,11.806260,9.517570,9.555782,0
18,16,20,10.305008,32.453756,11.806260,10.885090,10.914154,0
19,16,20,12.343134,32.453756,11.806260,12.350245,12.371745,0
20,16,20,14.381260,32.453756,11.806260,13.895866,13.911109,0
0,17,20,-26.381260,34.491882,11.806260,16.343261,16.351011,0
1,17,20,-24.343134,34.491882,11.806260,14.786300,14.798530,0
2,17,20,-22.305008,34.491882,11.806260,13.300364,13.317846,0
3,17,20,-20.266882,34.491882,11.806260,11.899231,11.922862,0
4,17,20,-18.228756,34.491882,11.806260,10.599340,10.718318,0
5,17,20,-16.190630,34.491882,11.806260,9.419951,13.140717,0
6,17,20,-14.152504,34.491882,11.806260,8.382971,18.840967,0
7,17,20,-12.114378,34.491882,11.806260,7.512229,23.966472,0
8,17,20,-10.076252,34.491882,11.806260,6.831973,26.694253,0
9,17,20,-8.038126,34.491882,11.806260,6.364488,27.650770,0
10,17,20,-6.000000,34.491882,11.806260,6.127114,27.868652,0
11,17,20,-3.961874,34.491882,11.806260,6.129371,27.867346,0
12,17,20,-1.923748,34.491882,11.806260,6.371165,27.642190,0
13,17,20,0.114378,34.491882,11.806260,6.842809,26.663174,0
14,17,20,2.152504,34.491882,11.806260,7.526843,23.891902,0
15,17,20,4.190630,34.491882,11.806260,8.400919,18.728878,0
16,17,20,6.228756,34.491882,11.806260,9.440778,13.053861,0
17,17,20,8.266882,34.491882,11.806260,10.622615,10.719490,0
18,17,20,10.305008,34.491882,11.806260,11.924567,11.948074,0
19,17,20,12.343134,34.491882,11.806260,13.327430,13.344805,0
20,17,20,14.381260,34.491882,11.806260,14.814812,14.826952,0
0,18,20,-26.381260,36.530008,11.806260,17.329316,17.334643,0
1,18,20,-24.343134,36.530008,11.806260,15.829446,15.838577,0
2,18,20,-22.305008,36.530008,11.806260,14.404382,14.417859,0
3,18,20,-20.266882,36.530008,11.806260,13.067367,13.085780,0
4,18,20,-18.228756,36.530008,11.806260,11.833810,12.025689,0
5,18,20,-16.190630,36.530008,11.806260,10.721274,15.026590,0
6,18,20,-14.152504,36.530008,11.806260,9.749149,21.370900,0
7,18,20,-12.114378,36.530008,11.806260,8.937892,26.570648,0
8,18,20,-10.076252,36.530008,11.806260,8.307697,28.969049,0
9,18,20,-8.038126,36.530008,11.806260,7.876619,29.635080,0
10,18,20,-6.000000,36.530008,11.806260,7.658400,29.716994,0
11,18,20,-3.961874,36.530008,11.806260,7.660473,29.716910,0
12,18,20,-1.923748,36.530008,11.806260,7.882764,29.630513,0
13,18,20,0.114378,36.530008,11.806260,8.317709,28.944619,0
14,18,20,2.152504,36.530008,11.806260,8.951467,26.500126,0
15,18,20,4.190630,36.530008,11.806260,9.765922,21.250901,0
16,18,20,6.228756,36.530008,11.806260,10.740860,14.926038,0
17,18,20,8.266882,36.530008,11.806260,11.855833,12.020117,0
18,18,20,10.305008,36.530008,11.806260,13.091479,13.109794,0
19,18,20,12.343134,36.530008,11.806260,14.430276,14.443666,0
20,18,20,14.381260,36.530008,11.806260,15.856854,15.865909,0
0,19,20,-26.381260,38.568134,11.806260,18.423371,18.426314,0
1,19,20,-24.343134,38.568134,11.806260,16.982016,16.988165,0
2,19,20,-22.305008,38.568134,11.806260,15.618520,15.628244,0
3,19,20,-20.266882,38.568134,11.806260,14.345406,14.359081,0
4,19,20,-18.228756,38.568134,11.806260,13.176902,13.423234,0
5,19,20,-16.190630,38.568134,11.806260,12.128810,16.962559,0
6,19,20,-14.152504,38.568134,11.806260,11.218105,23.912805,0
7,19,20,-12.114378,38.568134,11.806260,10.462213,29.084953,0
8,19,20,-10.076252,38.568134,11.806260,9.877881,31.124109,0
9,19,20,-8.038126,38.568134,11.806260,9.479736,31.527045,0
10,19,20,-6.000000,38.568134,11.806260,9.278699,31.495924,0
11,19,20,-3.961874,38.568134,11.806260,9.280606,31.496830,0
12,19,20,-1.923748,38.568134,11.806260,9.485402,31.525905,0
13,19,20,0.114378,38.568134,11.806260,9.887144,31.106103,0
14,19,20,2.152504,38.568134,11.806260,10.474828,29.020004,0
15,19,20,4.190630,38.568134,11.806260,11.233775,23.786506,0
16,19,20,6.228756,38.568134,11.806260,12.147209,16.848525,0
17,19,20,8.266882,38.568134,11.806260,13.197707,13.412182,0
18,19,20,10.305008,38.568134,11.806260,14.368308,14.381906,0
19,19,20,12.343134,38.568134,11.806260,15.643238,15.652892,0
20,19,20,14.381260,38.568134,11.806260,17.008301,17.014386,0
0,20,20,-26.381260,40.606260,11.806260,19.613884,19.614535,0
1,20,20,-24.343134,40.606260,11.806260,18.231111,18.234452,0
2,20,20,-22.305008,40.606260,11.806260,16.928466,16.934744,0
3,20,20,-20.266882,40.606260,11.806260,15.717634,15.727077,0
4,20,20,-18.228756,40.606260,11.806260,14.611594,14.891843,0
5,20,20,-16.190630,40.606260,11.806260,13.624418,18.939229,0
6,20,20,-14.152504,40.606260,11.806260,12.770865,26.454848,0
7,20,20,-12.114378,40.606260,11.806260,12.065716,31.510103,0
8,20,20,-10.076252,40.606260,11.806260,11.522857,33.183803,0
9,20,20,-8.038126,40.606260,11.806260,11.154175,33.356814,0
10,20,20,-6.000000,40.606260,11.806260,10.968404,33.234052,0
11,20,20,-3.961874,40.606260,11.806260,10.970165,33.235741,0
12,20,20,-1.923748,40.606260,11.806260,11.159414,33.358519,0
13,20,20,0.114378,40.606260,11.806260,11.531446,33.171720,0
14,20,20,2.152504,40.606260,11.806260,12.077458,31.451749,0
15,20,20,4.190630,40.606260,11.806260,12.785515,26.323937,0
16,20,20,6.228756,40.606260,11.806260,13.641705,18.811807,0
17,20,20,8.266882,40.606260,11.806260,14.631238,14.876427,0
18,20,20,10.305008,40.606260,11.806260,15.739365,15.748747,0
19,20,20,12.343134,40.606260,11.806260,16.952030,16.958251,0
20,20,20,14.381260,40.606260,11.806260,18.256276,18.259565,0