ix,iy,iz,x,y,z,posErr,targetDist,ok
0,0,0,-19.418119,8.806881,-13.993119,12.946217,12.915542,0
1,0,0,-18.076307,8.806881,-13.993119,12.166131,12.137949,0
2,0,0,-16.734495,8.806881,-13.993119,11.439014,11.413460,0
3,0,0,-15.392683,8.806881,-13.993119,10.770150,10.747329,0
4,0,0,-14.050871,8.806881,-13.993119,10.165041,10.145001,0
5,0,0,-12.709059,8.806881,-13.993119,9.629274,9.611988,0
6,0,0,-11.367247,8.806881,-13.993119,9.168349,9.153690,0
7,0,0,-10.025436,8.806881,-13.993119,8.787474,8.775194,0
8,0,0,-8.683624,8.806881,-13.993119,8.491322,8.481038,0
9,0,0,-7.341812,8.806881,-13.993119,8.283777,8.274977,0
10,0,0,-6.000000,8.806881,-13.993119,8.167705,8.159767,0
11,0,0,-4.658188,8.806881,-13.993119,8.144761,8.136997,0
12,0,0,-3.316376,8.806881,-13.993119,8.215278,8.206984,0
13,0,0,-1.974564,8.806881,-13.993119,8.378241,8.368756,0
14,0,0,-0.632753,8.806881,-13.993119,8.631356,8.620111,0
15,0,0,0.709059,8.806881,-13.993119,8.971213,8.957760,0
16,0,0,2.050871,8.806881,-13.993119,9.393495,9.377521,0
17,0,0,3.392683,8.806881,-13.993119,9.893225,9.874545,0
18,0,0,4.734495,8.806881,-13.993119,10.465018,10.443559,0
19,0,0,6.076307,8.806881,-13.993119,11.103305,11.079081,0
20,0,0,7.418119,8.806881,-13.993119,11.802524,11.775615,0
0,1,0,-19.418119,10.148693,-13.993119,12.236703,12.208282,0
1,1,0,-18.076307,10.148693,-13.993119,11.432055,11.406529,0
2,1,0,-16.734495,10.148693,-13.993119,10.680434,10.658005,0
3,1,0,-15.392683,10.148693,-13.993119,9.987513,9.968352,0
4,1,0,-14.050871,10.148693,-13.993119,9.359258,9.343480,0
5,1,0,-12.709059,10.148693,-13.993119,8.801799,8.789425,0
6,1,0,-11.367247,10.148693,-13.993119,8.321236,8.312162,0
7,1,0,-10.025436,10.148693,-13.993119,7.923400,7.917360,0
8,1,0,-8.683624,10.148693,-13.993119,7.613571,7.610113,0
9,1,0,-7.341812,10.148693,-13.993119,7.396174,7.394657,0
10,1,0,-6.000000,10.148693,-13.993119,7.274493,7.274112,0
11,1,0,-4.658188,10.148693,-13.993119,7.250432,7.250280,0
12,1,0,-3.316376,10.148693,-13.993119,7.324374,7.323523,0
13,1,0,-1.974564,10.148693,-13.993119,7.495149,7.492735,0
14,1,0,-0.632753,10.148693,-13.993119,7.760127,7.755422,0
15,1,0,0.709059,10.148693,-13.993119,8.115407,8.107866,0
16,1,0,2.050871,10.148693,-13.993119,8.556092,8.545360,0
17,1,0,3.392683,10.148693,-13.993119,9.076584,9.062480,0
18,1,0,4.734495,10.148693,-13.993119,9.670881,9.653370,0
19,1,0,6.076307,10.148693,-13.993119,10.332841,10.311997,0
20,1,0,7.418119,10.148693,-13.993119,11.056399,11.032368,0
0,2,0,-19.418119,11.490505,-13.993119,11.584463,11.558358,0
1,2,0,-18.076307,11.490505,-13.993119,10.755806,10.733046,0
2,2,0,-16.734495,11.490505,-13.993119,9.980075,9.960952,0
3,2,0,-15.392683,11.490505,-13.993119,9.263324,9.248102,0
4,2,0,-14.050871,11.490505,-13.993119,8.611990,8.600876,0
5,2,0,-12.709059,11.490505,-13.993119,8.032760,8.025856,0
6,2,0,-11.367247,11.490505,-13.993119,7.532362,7.529616,0
7,2,0,-10.025436,11.490505,-13.993119,7.117297,7.118441,0
8,2,0,-8.683624,11.490505,-13.993119,6.793508,6.798015,0
9,2,0,-7.341812,11.490505,-13.993119,6.566017,6.573084,0
10,2,0,-6.000000,11.490505,-13.993119,6.438574,6.447154,0
11,2,0,-4.658188,11.490505,-13.993119,6.413364,6.422250,0
12,2,0,-3.316376,11.490505,-13.993119,6.490827,6.498779,0
13,2,0,-1.974564,11.490505,-13.993119,6.669619,6.675499,0
14,2,0,-0.632753,11.490505,-13.993119,6.946728,6.949605,0
15,2,0,0.709059,11.490505,-13.993119,7.317714,7.316925,0
16,2,0,2.050871,11.490505,-13.993119,7.777041,7.772195,0
17,2,0,3.392683,11.490505,-13.993119,8.318436,8.309382,0
18,2,0,4.734495,11.490505,-13.993119,8.935245,8.922017,0
19,2,0,6.076307,11.490505,-13.993119,9.620731,9.603492,0
20,2,0,7.418119,11.490505,-13.993119,10.368314,10.347303,0
0,3,0,-19.418119,12.832317,-13.993119,10.994574,10.970799,0
1,3,0,-18.076307,12.832317,-13.993119,10.142907,10.122975,0
2,3,0,-16.734495,12.832317,-13.993119,9.343923,9.328233,0
3,3,0,-15.392683,12.832317,-13.993119,8.604033,8.592973,0
4,3,0,-14.050871,12.832317,-13.993119,7.930136,7.924043,0
5,3,0,-12.709059,12.832317,-13.993119,7.329476,7.328577,0
6,3,0,-11.367247,12.832317,-13.993119,6.809428,6.813763,0
7,3,0,-10.025436,12.832317,-13.993119,6.377193,6.386523,0
8,3,0,-8.683624,12.832317,-13.993119,6.039420,6.053148,0
9,3,0,-7.341812,12.832317,-13.993119,5.801777,5.818902,0
10,3,0,-6.000000,12.832317,-13.993119,5.668523,5.687676,0
11,3,0,-4.658188,12.832317,-13.993119,5.642152,5.661719,0
12,3,0,-3.316376,12.832317,-13.993119,5.723169,5.741479,0
13,3,0,-1.974564,12.832317,-13.993119,5.910037,5.925581,0
14,3,0,-0.632753,12.832317,-13.993119,6.199325,6.210911,0
15,3,0,0.709059,12.832317,-13.993119,6.586004,6.592840,0
16,3,0,2.050871,12.832317,-13.993119,7.063853,7.065532,0
17,3,0,3.392683,12.832317,-13.993119,7.625890,7.622326,0
18,3,0,4.734495,12.832317,-13.993119,8.264782,8.256121,0
19,3,0,6.076307,12.832317,-13.993119,8.973188,8.959723,0
20,3,0,7.418119,12.832317,-13.993119,9.744019,9.726118,0
0,4,0,-19.418119,14.174129,-13.993119,10.472153,10.450661,0
1,4,0,-18.076307,14.174129,-13.993119,9.598992,9.581871,0
2,4,0,-16.734495,14.174129,-13.993119,8.778146,8.765927,0
3,4,0,-15.392683,14.174129,-13.993119,8.016360,8.009585,0
4,4,0,-14.050871,14.174129,-13.993119,7.320965,7.320146,0
5,4,0,-12.709059,14.174129,-13.993119,6.699749,6.705291,0
6,4,0,-11.367247,14.174129,-13.993119,6.160728,6.172821,0
7,4,0,-10.025436,14.174129,-13.993119,5.711813,5.730297,0
8,4,0,-8.683624,14.174129,-13.993119,5.360384,5.384610,0
9,4,0,-7.341812,14.174129,-13.993119,5.112784,5.141523,0
10,4,0,-6.000000,14.174129,-13.993119,4.973815,5.005281,0
11,4,0,-4.658188,14.174129,-13.993119,4.946303,4.978327,0
12,4,0,-3.316376,14.174129,-13.993119,5.030817,5.061146,0
13,4,0,-1.974564,14.174129,-13.993119,5.225616,5.252247,0
14,4,0,-0.632753,14.174129,-13.993119,5.526824,5.548241,0
15,4,0,0.709059,14.174129,-13.993119,5.928790,5.944065,0
16,4,0,2.050871,14.174129,-13.993119,6.424578,6.433328,0
17,4,0,3.392683,14.174129,-13.993119,7.006480,7.008741,0
18,4,0,4.734495,14.174129,-13.993119,7.666483,7.662569,0
19,4,0,6.076307,14.174129,-13.993119,8.396651,8.387035,0
20,4,0,7.418119,14.174129,-13.993119,9.189408,9.174624,0
0,5,0,-19.418119,15.515941,-13.993119,10.022209,10.002874,0
1,5,0,-18.076307,15.515941,-13.993119,9.129627,9.115201,0
2,5,0,-16.734495,15.515941,-13.993119,8.288911,8.280073,0
3,5,0,-15.392683,15.515941,-13.993119,7.507095,7.504573,0
4,5,0,-14.050871,15.515941,-13.993119,6.791907,6.796431,0
5,5,0,-12.709059,15.515941,-13.993119,6.151639,6.163853,0
6,5,0,-11.367247,15.515941,-13.993119,5.594920,5.615235,0
7,5,0,-10.025436,15.515941,-13.993119,5.130354,5.158759,0
8,5,0,-8.683624,15.515941,-13.993119,4.766043,4.801877,0
9,5,0,-7.341812,15.515941,-13.993119,4.509012,4.550796,0
10,5,0,-6.000000,15.515941,-13.993119,4.364615,4.410043,0
11,5,0,-4.658188,15.515941,-13.993119,4.336016,4.382194,0
12,5,0,-3.316376,15.515941,-13.993119,4.423855,4.467760,0
13,5,0,-1.974564,15.515941,-13.993119,4.626180,4.665172,0
14,5,0,-0.632753,15.515941,-13.993119,4.938655,4.970835,0
15,5,0,0.709059,15.515941,-13.993119,5.355004,5.379324,0
16,5,0,2.050871,15.515941,-13.993119,5.867577,5.883734,0
17,5,0,3.392683,15.515941,-13.993119,6.467948,6.476174,0
18,5,0,4.734495,15.515941,-13.993119,7.147450,7.148297,0
19,5,0,6.076307,15.515941,-13.993119,7.897588,7.891756,0
20,5,0,7.418119,15.515941,-13.993119,8.710337,8.698563,0
0,6,0,-19.418119,16.857753,-13.993119,9.649459,9.632064,0
1,6,0,-18.076307,16.857753,-13.993119,8.740107,8.728136,0
2,6,0,-16.734495,16.857753,-13.993119,7.882137,7.876430,0
3,6,0,-15.392683,16.857753,-13.993119,7.082830,7.084318,0
4,6,0,-14.050871,16.857753,-13.993119,6.350253,6.359916,0
5,6,0,-12.709059,16.857753,-13.993119,5.693145,5.711917,0
6,6,0,-11.367247,16.857753,-13.993119,5.120688,5.149276,0
7,6,0,-10.025436,16.857753,-13.993119,4.642124,4.680747,0
8,6,0,-8.683624,16.857753,-13.993119,4.266235,4.314283,0
9,6,0,-7.341812,16.857753,-13.993119,4.000693,4.056440,0
10,6,0,-6.000000,16.857753,-13.993119,3.851385,3.911914,0
11,6,0,-4.658188,16.857753,-13.993119,3.821802,3.883321,0
12,6,0,-3.316376,16.857753,-13.993119,3.912652,3.971175,0
13,6,0,-1.974564,16.857753,-13.993119,4.121777,4.173894,0
14,6,0,-0.632753,16.857753,-13.993119,4.444402,4.487788,0
15,6,0,0.709059,16.857753,-13.993119,4.873646,4.907173,0
16,6,0,2.050871,16.857753,-13.993119,5.401187,5.424709,0
17,6,0,3.392683,16.857753,-13.993119,6.017934,6.031957,0
18,6,0,4.734495,16.857753,-13.993119,6.714618,6.719993,0
19,6,0,6.076307,16.857753,-13.993119,7.482246,7.479947,0
20,6,0,7.418119,16.857753,-13.993119,8.312401,8.303391,0
0,7,0,-19.418119,18.199564,-13.993119,9.358126,9.342354,0
1,7,0,-18.076307,18.199564,-13.993119,8.435210,8.425320,0
2,7,0,-16.734495,18.199564,-13.993119,7.563222,7.560204,0
3,7,0,-15.392683,18.199564,-13.993119,6.749632,6.754620,0
4,7,0,-14.050871,18.199564,-13.993119,6.002780,6.017014,0
5,7,0,-12.709059,18.199564,-13.993119,5.331775,5.356501,0
6,7,0,-11.367247,18.199564,-13.993119,4.746260,4.782530,0
7,7,0,-10.025436,18.199564,-13.993119,4.256024,4.304351,0
8,7,0,-8.683624,18.199564,-13.993119,3.870437,3.930335,0
9,7,0,-7.341812,18.199564,-13.993119,3.597742,3.667271,0
10,7,0,-6.000000,18.199564,-13.993119,3.444295,3.519888,0
11,7,0,-4.658188,18.199564,-13.993119,3.413882,3.490738,0
12,7,0,-3.316376,18.199564,-13.993119,3.507270,3.580313,0
13,7,0,-1.974564,18.199564,-13.993119,3.722120,3.787087,0
14,7,0,-0.632753,18.199564,-13.993119,4.053262,4.107407,0
15,7,0,0.709059,18.199564,-13.993119,4.493284,4.535454,0
16,7,0,2.050871,18.199564,-13.993119,5.033275,5.063556,0
17,7,0,3.392683,18.199564,-13.993119,5.663570,5.682801,0
18,7,0,4.734495,18.199564,-13.993119,6.374396,6.383761,0
19,7,0,6.076307,18.199564,-13.993119,7.156343,7.157103,0
20,7,0,7.418119,18.199564,-13.993119,8.000675,7.994022,0
0,8,0,-19.418119,19.541376,-13.993119,9.151726,9.137166,0
1,8,0,-18.076307,19.541376,-13.993119,8.218947,8.210625,0
2,8,0,-16.734495,19.541376,-13.993119,7.336728,7.335761,0
3,8,0,-15.392683,19.541376,-13.993119,6.512672,6.520366,0
4,8,0,-14.050871,19.541376,-13.993119,5.755318,5.773140,0
5,8,0,-12.709059,19.541376,-13.993119,5.074043,5.103528,0
6,8,0,-11.367247,19.541376,-13.993119,4.478839,4.521366,0
7,8,0,-10.025436,19.541376,-13.993119,3.979906,4.036298,0
8,8,0,-8.683624,19.541376,-13.993119,3.587067,3.657001,0
9,8,0,-7.341812,19.541376,-13.993119,3.309006,3.390391,0
10,8,0,-6.000000,19.541376,-13.993119,3.152449,3.241128,0
11,8,0,-4.658188,19.541376,-13.993119,3.121411,3.211618,0
12,8,0,-3.316376,19.541376,-13.993119,3.216709,3.302312,0
13,8,0,-1.974564,19.541376,-13.993119,3.435857,3.511798,0
14,8,0,-0.632753,19.541376,-13.993119,3.773378,3.836549,0
15,8,0,0.709059,19.541376,-13.993119,4.221445,4.270726,0
16,8,0,2.050871,19.541376,-13.993119,4.770693,4.806426,0
17,8,0,3.392683,19.541376,-13.993119,5.411022,5.434375,0
18,8,0,4.734495,19.541376,-13.993119,6.132274,6.144745,0
19,8,0,6.076307,19.541376,-13.993119,6.924734,6.927841,0
20,8,0,7.418119,19.541376,-13.993119,7.779432,7.774566,0
0,9,0,-19.418119,20.883188,-13.993119,9.032871,9.019035,0
1,9,0,-18.076307,20.883188,-13.993119,8.094314,8.086935,0
2,9,0,-16.734495,20.883188,-13.993119,7.206087,7.206361,0
3,9,0,-15.392683,20.883188,-13.993119,6.375868,6.385215,0
4,9,0,-14.050871,20.883188,-13.993119,5.612312,5.632350,0
5,9,0,-12.709059,20.883188,-13.993119,4.924955,4.957416,0
6,9,0,-11.367247,20.883188,-13.993119,4.323995,4.370491,0
7,9,0,-10.025436,20.883188,-13.993119,3.819882,3.881465,0
8,9,0,-8.683624,20.883188,-13.993119,3.422711,3.499198,0
9,9,0,-7.341812,20.883188,-13.993119,3.141440,3.230658,0
10,9,0,-6.000000,20.883188,-13.993119,2.983019,3.080407,0
11,9,0,-4.658188,20.883188,-13.993119,2.951606,3.050713,0
12,9,0,-3.316376,20.883188,-13.993119,3.048049,3.141986,0
13,9,0,-1.974564,20.883188,-13.993119,3.269771,3.352921,0
14,9,0,-0.632753,20.883188,-13.993119,3.611105,3.680129,0
15,9,0,0.709059,20.883188,-13.993119,4.063971,4.117795,0
16,9,0,2.050871,20.883188,-13.993119,4.618726,4.657891,0
17,9,0,3.392683,20.883188,-13.993119,5.265006,5.290921,0
18,9,0,4.734495,20.883188,-13.993119,5.992424,6.006802,0
19,9,0,6.076307,20.883188,-13.993119,6.791083,6.795617,0
20,9,0,7.418119,20.883188,-13.993119,7.651876,7.648088,0
0,10,0,-19.418119,22.225000,-13.993119,9.003116,8.989464,0
1,10,0,-18.076307,22.225000,-13.993119,8.063101,8.055962,0
2,10,0,-16.734495,22.225000,-13.993119,7.173356,7.173948,0
3,10,0,-15.392683,22.225000,-13.993119,6.341578,6.351350,0
4,10,0,-14.050871,22.225000,-13.993119,5.576451,5.597063,0
5,10,0,-12.709059,22.225000,-13.993119,4.887552,4.920787,0
6,10,0,-11.367247,22.225000,-13.993119,4.285129,4.332665,0
7,10,0,-10.025436,22.225000,-13.993119,3.779699,3.842652,0
8,10,0,-8.683624,22.225000,-13.993119,3.381426,3.459655,0
9,10,0,-7.341812,22.225000,-13.993119,3.099336,3.190648,0
10,10,0,-6.000000,22.225000,-13.993119,2.940439,3.040165,0
11,10,0,-4.658188,22.225000,-13.993119,2.908931,3.010428,0
12,10,0,-3.316376,22.225000,-13.993119,3.005666,3.101836,0
13,10,0,-1.974564,22.225000,-13.993119,3.228044,3.313117,0
14,10,0,-0.632753,22.225000,-13.993119,3.570350,3.640924,0
15,10,0,0.709059,22.225000,-13.993119,4.024437,4.079456,0
16,10,0,2.050871,22.225000,-13.993119,4.580592,4.620654,0
17,10,0,3.392683,22.225000,-13.993119,5.228381,5.254961,0
18,10,0,4.734495,22.225000,-13.993119,5.957363,5.972233,0
19,10,0,6.076307,22.225000,-13.993119,6.757591,6.762491,0
20,10,0,7.418119,22.225000,-13.993119,7.619925,7.616413,0
0,11,0,-19.418119,23.566812,-13.993119,9.062855,9.048835,0
1,11,0,-18.076307,23.566812,-13.993119,8.125763,8.118143,0
2,11,0,-16.734495,23.566812,-13.993119,7.239059,7.239016,0
3,11,0,-15.392683,23.566812,-13.993119,6.410405,6.419327,0
4,11,0,-14.050871,23.566812,-13.993119,5.648424,5.667892,0
5,11,0,-12.709059,23.566812,-13.993119,4.962614,4.994306,0
6,11,0,-11.367247,23.566812,-13.993119,4.363118,4.408585,0
7,11,0,-10.025436,23.566812,-13.993119,3.860324,3.920556,0
8,11,0,-8.683624,23.566812,-13.993119,3.464257,3.539032,0
9,11,0,-7.341812,23.566812,-13.993119,3.183805,3.270968,0
10,11,0,-6.000000,23.566812,-13.993119,3.025859,3.120958,0
11,11,0,-4.658188,23.566812,-13.993119,2.994542,3.091308,0
12,11,0,-3.316376,23.566812,-13.993119,3.090692,3.182441,0
13,11,0,-1.974564,23.566812,-13.993119,3.311758,3.393021,0
14,11,0,-0.632753,23.566812,-13.993119,3.652120,3.719618,0
15,11,0,0.709059,23.566812,-13.993119,4.103764,4.156407,0
16,11,0,2.050871,23.566812,-13.993119,4.657117,4.695394,0
17,11,0,3.392683,23.566812,-13.993119,5.301883,5.327138,0
18,11,0,4.734495,23.566812,-13.993119,6.027735,6.041623,0
19,11,0,6.076307,23.566812,-13.993119,6.824819,6.828988,0
20,11,0,7.418119,23.566812,-13.993119,7.684066,7.680003,0
0,12,0,-19.418119,24.908624,-13.993119,9.211298,9.196383,0
1,12,0,-18.076307,24.908624,-13.993119,8.281388,8.272605,0
2,12,0,-16.734495,24.908624,-13.993119,7.402148,7.400576,0
3,12,0,-15.392683,24.908624,-13.993119,6.581144,6.588035,0
4,12,0,-14.050871,24.908624,-13.993119,5.826855,5.843608,0
5,12,0,-12.709059,24.908624,-13.993119,5.148582,5.176642,0
6,12,0,-11.367247,24.908624,-13.993119,4.556213,4.596855,0
7,12,0,-10.025436,24.908624,-13.993119,4.059829,4.113776,0
8,12,0,-8.683624,24.908624,-13.993119,3.669117,3.735991,0
9,12,0,-7.341812,24.908624,-13.993119,3.392632,3.470384,0
10,12,0,-6.000000,24.908624,-13.993119,3.236988,3.321645,0
11,12,0,-4.658188,24.908624,-13.993119,3.206134,3.292235,0
12,12,0,-3.316376,24.908624,-13.993119,3.300871,3.382618,0
13,12,0,-1.974564,24.908624,-13.993119,3.518756,3.591343,0
14,12,0,-0.632753,24.908624,-13.993119,3.854405,3.914833,0
15,12,0,0.709059,24.908624,-13.993119,4.300113,4.347246,0
16,12,0,2.050871,24.908624,-13.993119,4.846650,4.880746,0
17,12,0,3.392683,24.908624,-13.993119,5.484045,5.506167,0
18,12,0,4.734495,24.908624,-13.993119,6.202252,6.213800,0
19,12,0,6.076307,24.908624,-13.993119,6.991645,6.994058,0
20,12,0,7.418119,24.908624,-13.993119,7.843322,7.837931,0
0,13,0,-19.418119,26.250436,-13.993119,9.446522,9.430247,0
1,13,0,-18.076307,26.250436,-13.993119,8.527765,8.517227,0
2,13,0,-16.734495,26.250436,-13.993119,7.660082,7.656223,0
3,13,0,-15.392683,26.250436,-13.993119,6.850884,6.854773,0
4,13,0,-14.050871,26.250436,-13.993119,6.108430,6.121220,0
5,13,0,-12.709059,26.250436,-13.993119,5.441713,5.464546,0
6,13,0,-11.367247,26.250436,-13.993119,4.860235,4.894043,0
7,13,0,-10.025436,26.250436,-13.993119,4.373613,4.418807,0
8,13,0,-8.683624,26.250436,-13.993119,3.991032,4.047078,0
9,13,0,-7.341812,26.250436,-13.993119,3.720558,3.785580,0
10,13,0,-6.000000,26.250436,-13.993119,3.568396,3.639046,0
11,13,0,-4.658188,26.250436,-13.993119,3.538241,3.610061,0
12,13,0,-3.316376,26.250436,-13.993119,3.630841,3.699126,0
13,13,0,-1.974564,26.250436,-13.993119,3.843913,3.904690,0
14,13,0,-0.632753,26.250436,-13.993119,4.172412,4.223072,0
15,13,0,0.709059,26.250436,-13.993119,4.609095,4.648486,0
16,13,0,2.050871,26.250436,-13.993119,5.145234,5.173358,0
17,13,0,3.392683,26.250436,-13.993119,5.771345,5.788926,0
18,13,0,4.734495,26.250436,-13.993119,6.477811,6.485919,0
19,13,0,6.076307,26.250436,-13.993119,7.255351,7.255152,0
20,13,0,7.418119,26.250436,-13.993119,8.095326,8.087938,0
0,14,0,-19.418119,27.592247,-13.993119,9.765590,9.747575,0
1,14,0,-18.076307,27.592247,-13.993119,8.861532,8.848772,0
2,14,0,-16.734495,27.592247,-13.993119,8.009018,8.002300,0
3,14,0,-15.392683,27.592247,-13.993119,7.215252,7.215438,0
4,14,0,-14.050871,27.592247,-13.993119,6.488194,6.496178,0
5,14,0,-12.709059,27.592247,-13.993119,5.836442,5.853054,0
6,14,0,-11.367247,27.592247,-13.993119,5.269000,5.294843,0
7,14,0,-10.025436,27.592247,-13.993119,4.794905,4.830110,0
8,14,0,-8.683624,27.592247,-13.993119,4.422718,4.466652,0
9,14,0,-7.341812,27.592247,-13.993119,4.159902,4.210918,0
10,14,0,-6.000000,27.592247,-13.993119,4.012168,4.067561,0
11,14,0,-4.658188,27.592247,-13.993119,3.982900,4.039198,0
12,14,0,-3.316376,27.592247,-13.993119,4.072784,4.126345,0
13,14,0,-1.974564,27.592247,-13.993119,4.279731,4.327413,0
14,14,0,-0.632753,27.592247,-13.993119,4.599108,4.638733,0
15,14,0,0.709059,27.592247,-13.993119,5.024232,5.054692,0
16,14,0,2.050871,27.592247,-13.993119,5.546999,5.568086,0
17,14,0,3.392683,27.592247,-13.993119,6.158532,6.170654,0
18,14,0,4.734495,27.592247,-13.993119,6.849757,6.853658,0
19,14,0,6.076307,27.592247,-13.993119,7.611840,7.608397,0
20,14,0,7.418119,27.592247,-13.993119,8.436485,8.426586,0
0,15,0,-19.418119,28.934059,-13.993119,10.164728,10.144689,0
1,15,0,-18.076307,28.934059,-13.993119,9.278393,9.263083,0
2,15,0,-16.734495,28.934059,-13.993119,8.444080,8.434127,0
3,15,0,-15.392683,28.934059,-13.993119,7.668732,7.664800,0
4,15,0,-14.050871,28.934059,-13.993119,6.959950,6.962689,0
5,15,0,-12.709059,28.934059,-13.993119,6.325861,6.335829,0
6,15,0,-11.367247,28.934059,-13.993119,5.774894,5.792421,0
7,15,0,-10.025436,28.934059,-13.993119,5.315425,5.340440,0
8,15,0,-8.683624,28.934059,-13.993119,4.955316,4.987157,0
9,15,0,-7.341812,28.934059,-13.993119,4.701367,4.738638,0
10,15,0,-6.000000,28.934059,-13.993119,4.558745,4.599327,0
11,15,0,-4.658188,28.934059,-13.993119,4.530502,4.571763,0
12,15,0,-3.316376,28.934059,-13.993119,4.617253,4.656453,0
13,15,0,-1.974564,28.934059,-13.993119,4.817118,4.851844,0
14,15,0,-0.632753,28.934059,-13.993119,5.125915,5.154404,0
15,15,0,0.709059,28.934059,-13.993119,5.537575,5.558816,0
16,15,0,2.050871,28.934059,-13.993119,6.044687,6.058342,0
17,15,0,3.392683,28.934059,-13.993119,6.639062,6.645289,0
18,15,0,4.734495,28.934059,-13.993119,7.312247,7.311509,0
19,15,0,6.076307,28.934059,-13.993119,8.055929,8.048846,0
20,15,0,7.418119,28.934059,-13.993119,8.862229,8.849465,0
0,16,0,-19.418119,30.275871,-13.993119,10.639523,10.617275,0
1,16,0,-18.076307,30.275871,-13.993119,9.773368,9.755312,0
2,16,0,-16.734495,30.275871,-13.993119,8.959662,8.946282,0
3,16,0,-15.392683,30.275871,-13.993119,8.205044,8.196826,0
4,16,0,-14.050871,30.275871,-13.993119,7.516702,7.514095,0
5,16,0,-12.709059,30.275871,-13.993119,6.902245,6.905588,0
6,16,0,-11.367247,30.275871,-13.993119,6.369476,6.378902,0
7,16,0,-10.025436,30.275871,-13.993119,5.926070,5.941384,0
8,16,0,-8.683624,30.275871,-13.993119,5.579158,5.599726,0
9,16,0,-7.341812,30.275871,-13.993119,5.334856,5.359529,0
10,16,0,-6.000000,30.275871,-13.993119,5.197783,5.224925,0
11,16,0,-4.658188,30.275871,-13.993119,5.170649,5.198296,0
12,16,0,-3.316376,30.275871,-13.993119,5.254003,5.280117,0
13,16,0,-1.974564,30.275871,-13.993119,5.446174,5.468931,0
14,16,0,-0.632753,30.275871,-13.993119,5.743435,5.761437,0
15,16,0,0.709059,30.275871,-13.993119,6.140349,6.152712,0
16,16,0,2.050871,30.275871,-13.993119,6.630219,6.636546,0
17,16,0,3.392683,30.275871,-13.993119,7.205582,7.205862,0
18,16,0,4.734495,30.275871,-13.993119,7.858651,7.853134,0
19,16,0,6.076307,30.275871,-13.993119,8.581688,8.570780,0
20,16,0,7.418119,30.275871,-13.993119,9.367276,9.351451,0
0,17,0,-19.418119,31.617683,-13.993119,11.185138,11.160583,0
1,17,0,-18.076307,31.617683,-13.993119,10.341045,10.320163,0
2,17,0,-16.734495,31.617683,-13.993119,9.549732,9.532882,0
3,17,0,-15.392683,31.617683,-13.993119,8.817493,8.805018,0
4,17,0,-14.050871,31.617683,-13.993119,8.151074,8.143262,0
5,17,0,-12.709059,31.617683,-13.993119,7.557532,7.554564,0
6,17,0,-11.367247,31.617683,-13.993119,7.044025,7.045904,0
7,17,0,-10.025436,31.617683,-13.993119,6.617518,6.623990,0
8,17,0,-8.683624,31.617683,-13.993119,6.284417,6.294908,0
9,17,0,-7.341812,31.617683,-13.993119,6.050171,6.063751,0
10,17,0,-6.000000,31.617683,-13.993119,5.918863,5.934280,0
11,17,0,-4.658188,31.617683,-13.993119,5.892881,5.908672,0
12,17,0,-3.316376,31.617683,-13.993119,5.972707,5.987361,0
13,17,0,-1.974564,31.617683,-13.993119,6.156872,6.169016,0
14,17,0,-0.632753,31.617683,-13.993119,6.442087,6.450625,0
15,17,0,0.709059,31.617683,-13.993119,6.823527,6.827710,0
16,17,0,2.050871,31.617683,-13.993119,7.295204,7.294627,0
17,17,0,3.392683,31.617683,-13.993119,7.850377,7.844928,0
18,17,0,4.734495,31.617683,-13.993119,8.481942,8.471724,0
19,17,0,6.076307,31.617683,-13.993119,9.182762,9.168017,0
20,17,0,7.418119,31.617683,-13.993119,9.945915,9.926965,0
0,18,0,-19.418119,32.959495,-13.993119,11.796508,11.769622,0
1,18,0,-18.076307,32.959495,-13.993119,10.975815,10.952118,0
2,18,0,-16.734495,32.959495,-13.993119,10.208099,10.187850,0
3,18,0,-15.392683,32.959495,-13.993119,9.499287,9.482717,0
4,18,0,-14.050871,32.959495,-13.993119,8.855661,8.842939,0
5,18,0,-12.709059,32.959495,-13.993119,8.283717,8.274917,0
6,18,0,-11.367247,32.959495,-13.993119,7.789971,7.785019,0
7,18,0,-10.025436,32.959495,-13.993119,7.380696,7.379321,0
8,18,0,-8.683624,32.959495,-13.993119,7.061606,7.063307,0
9,18,0,-7.341812,32.959495,-13.993119,6.837518,6.841549,0
10,18,0,-6.000000,32.959495,-13.993119,6.712018,6.717423,0
11,18,0,-4.658188,32.959495,-13.993119,6.687196,6.692878,0
12,18,0,-3.316376,32.959495,-13.993119,6.763471,6.768306,0
13,18,0,-1.974564,32.959495,-13.993119,6.939560,6.942512,0
14,18,0,-0.632753,32.959495,-13.993119,7.212582,7.212794,0
15,18,0,0.709059,32.959495,-13.993119,7.578286,7.575136,0
16,18,0,2.050871,32.959495,-13.993119,8.031354,8.024462,0
17,18,0,3.392683,32.959495,-13.993119,8.565746,8.554947,0
18,18,0,4.734495,32.959495,-13.993119,9.175029,9.160330,0
19,18,0,6.076307,32.959495,-13.993119,9.852668,9.834197,0
20,18,0,7.418119,32.959495,-13.993119,10.592255,10.570219,0
0,19,0,-19.418119,34.301307,-13.993119,12.468515,12.439330,0
1,19,0,-18.076307,34.301307,-13.993119,11.672064,11.645633,0
2,19,0,-16.734495,34.301307,-13.993119,10.928638,10.905139,0
3,19,0,-15.392683,34.301307,-13.993119,10.243779,10.223358,0
4,19,0,-14.050871,34.301307,-13.993119,9.623299,9.606045,0
5,19,0,-12.709059,34.301307,-13.993119,9.073141,9.059058,0
6,19,0,-11.367247,34.301307,-13.993119,8.599202,8.588174,0
7,19,0,-10.025436,34.301307,-13.993119,8.207097,8.198864,0
8,19,0,-8.683624,34.301307,-13.993119,7.901897,7.896030,0
9,19,0,-7.341812,34.301307,-13.993119,7.687838,7.683743,0
10,19,0,-6.000000,34.301307,-13.993119,7.568059,7.564999,0
11,19,0,-4.658188,34.301307,-13.993119,7.544377,7.541525,0
12,19,0,-3.316376,34.301307,-13.993119,7.617158,7.613669,0
13,19,0,-1.974564,34.301307,-13.993119,7.785284,7.780370,0
14,19,0,-0.632753,34.301307,-13.993119,8.046245,8.039236,0
15,19,0,0.709059,34.301307,-13.993119,8.396309,8.386695,0
16,19,0,2.050871,34.301307,-13.993119,8.830781,8.818220,0
17,19,0,3.392683,34.301307,-13.993119,9.344277,9.328585,0
18,19,0,4.734495,34.301307,-13.993119,9.931008,9.912134,0
19,19,0,6.076307,34.301307,-13.993119,10.585025,10.563021,0
20,19,0,7.418119,34.301307,-13.993119,11.300435,11.275421,0
0,20,0,-19.418119,35.643119,-13.993119,13.196126,13.164716,0
1,20,0,-18.076307,35.643119,-13.993119,12.424333,12.395291,0
2,20,0,-16.734495,35.643119,-13.993119,11.705453,11.678898,0
3,20,0,-15.392683,35.643119,-13.993119,11.044642,11.020660,0
4,20,0,-14.050871,35.643119,-13.993119,10.447247,10.425869,0
5,20,0,-12.709059,35.643119,-13.993119,9.918677,9.899866,0
6,20,0,-11.367247,35.643119,-13.993119,9.464243,9.447868,0
7,20,0,-10.025436,35.643119,-13.993119,9.088954,9.074775,0
8,20,0,-8.683624,35.643119,-13.993119,8.797292,8.784947,0
9,20,0,-7.341812,35.643119,-13.993119,8.592973,8.581988,0
10,20,0,-6.000000,35.643119,-13.993119,8.478735,8.468539,0
11,20,0,-4.658188,35.643119,-13.993119,8.456157,8.446119,0
12,20,0,-3.316376,35.643119,-13.993119,8.525554,8.515032,0
13,20,0,-1.974564,35.643119,-13.993119,8.685960,8.674348,0
14,20,0,-0.632753,35.643119,-13.993119,8.935187,8.921959,0
15,20,0,0.709059,35.643119,-13.993119,9.269973,9.254712,0
16,20,0,2.050871,35.643119,-13.993119,9.686183,9.668590,0
17,20,0,3.392683,35.643119,-13.993119,10.179037,10.158929,0
18,20,0,4.734495,35.643119,-13.993119,10.743347,10.720642,0
19,20,0,6.076307,35.643119,-13.993119,11.373726,11.348425,0
20,20,0,7.418119,35.643119,-13.993119,12.064780,12.036945,0
0,0,1,-19.418119,8.806881,-12.651307,12.190639,12.162374,0
1,0,1,-18.076307,8.806881,-12.651307,11.384343,11.359001,0
2,0,1,-16.734495,8.806881,-12.651307,10.631071,10.608861,0
3,0,1,-15.392683,8.806881,-12.651307,9.936523,9.917621,0
4,0,1,-14.050871,8.806881,-12.651307,9.306698,9.291223,0
5,0,1,-12.709059,8.806881,-12.651307,8.747762,8.735741,0
6,0,1,-11.367247,8.806881,-12.651307,8.265857,8.257188,0
7,0,1,-10.025436,8.806881,-12.651307,7.866859,7.861275,0
8,0,1,-8.683624,8.806881,-12.651307,7.556090,7.553135,0
9,0,1,-7.341812,8.806881,-12.651307,7.338016,7.337037,0
10,0,1,-6.000000,8.806881,-12.651307,7.215948,7.216127,0
11,0,1,-4.658188,8.806881,-12.651307,7.191810,7.192223,0
12,0,1,-3.316376,8.806881,-12.651307,7.265988,7.265688,0
13,0,1,-1.974564,8.806881,-12.651307,7.437302,7.435408,0
14,0,1,-0.632753,8.806881,-12.651307,7.703095,7.698870,0
15,0,1,0.709059,8.806881,-12.651307,8.059433,8.052323,0
16,0,1,2.050871,8.806881,-12.651307,8.501377,8.491023,0
17,0,1,3.392683,8.806881,-12.651307,9.023285,9.009508,0
18,0,1,4.734495,8.806881,-12.651307,9.619111,9.601881,0
19,0,1,6.076307,8.806881,-12.651307,10.282675,10.262069,0
20,0,1,7.418119,8.806881,-12.651307,11.007875,10.984045,0
0,1,1,-19.418119,10.148693,-12.651307,11.457362,11.431738,0
1,1,1,-18.076307,10.148693,-12.651307,10.623854,10.601676,0
2,1,1,-16.734495,10.148693,-12.651307,9.843234,9.824812,0
3,1,1,-15.392683,10.148693,-12.651307,9.121631,9.107253,0
4,1,1,-14.050871,10.148693,-12.651307,8.465579,8.455474,0
5,1,1,-12.709059,10.148693,-12.651307,7.881879,7.876173,0
6,1,1,-11.367247,10.148693,-12.651307,7.377393,7.376048,0
7,1,1,-10.025436,10.148693,-12.651307,6.958765,6.961517,0
8,1,1,-8.683624,10.148693,-12.651307,6.632079,6.638385,0
9,1,1,-7.341812,10.148693,-12.651307,6.402489,6.411508,0
10,1,1,-6.000000,10.148693,-12.651307,6.273846,6.284471,0
11,1,1,-4.658188,10.148693,-12.651307,6.248396,6.259347,0
12,1,1,-3.316376,10.148693,-12.651307,6.326593,6.336552,0
13,1,1,-1.974564,10.148693,-12.651307,6.507054,6.514814,0
14,1,1,-0.632753,10.148693,-12.651307,6.786683,6.791265,0
15,1,1,0.709059,10.148693,-12.651307,7.160923,7.161637,0
16,1,1,2.050871,10.148693,-12.651307,7.624098,7.620549,0
17,1,1,3.392683,10.148693,-12.651307,8.169793,8.161839,0
18,1,1,4.734495,10.148693,-12.651307,8.791214,8.778909,0
19,1,1,6.076307,10.148693,-12.651307,9.481500,9.465028,0
20,1,1,7.418119,10.148693,-12.651307,10.233964,10.213591,0
0,2,1,-19.418119,11.490505,-12.651307,10.781894,10.759022,0
1,2,1,-18.076307,11.490505,-12.651307,9.921609,9.902783,0
2,2,1,-16.734495,11.490505,-12.651307,9.113875,9.099543,0
3,2,1,-15.392683,11.490505,-12.651307,8.365238,8.355847,0
4,2,1,-14.050871,11.490505,-12.651307,7.682771,7.678719,0
5,2,1,-12.709059,11.490505,-12.651307,7.073933,7.075510,0
6,2,1,-11.367247,11.490505,-12.651307,6.546351,6.553648,0
7,2,1,-10.025436,11.490505,-12.651307,6.107506,6.120308,0
8,2,1,-8.683624,11.490505,-12.651307,5.764329,5.782015,0
9,2,1,-7.341812,11.490505,-12.651307,5.522751,5.544234,0
10,2,1,-6.000000,11.490505,-12.651307,5.387240,5.411001,0
11,2,1,-4.658188,11.490505,-12.651307,5.360419,5.384645,0
12,2,1,-3.316376,11.490505,-12.651307,5.442816,5.465630,0
13,2,1,-1.974564,11.490505,-12.651307,5.632817,5.652531,0
14,2,1,-0.632753,11.490505,-12.651307,5.926818,5.942122,0
15,2,1,0.709059,11.490505,-12.651307,6.319552,6.329599,0
16,2,1,2.050871,11.490505,-12.651307,6.804517,6.808905,0
17,2,1,3.392683,11.490505,-12.651307,7.374450,7.373132,0
18,2,1,4.734495,11.490505,-12.651307,8.021749,8.014931,0
19,2,1,6.076307,11.490505,-12.651307,8.738839,8.726877,0
20,2,1,7.418119,11.490505,-12.651307,9.518438,9.501760,0
0,3,1,-19.418119,12.832317,-12.651307,10.169748,10.149685,0
1,3,1,-18.076307,12.832317,-12.651307,9.283631,9.268291,0
2,3,1,-16.734495,12.832317,-12.651307,8.449542,8.439551,0
3,3,1,-15.392683,12.832317,-12.651307,7.674420,7.670439,0
4,3,1,-14.050871,12.832317,-12.651307,6.965861,6.968539,0
5,3,1,-12.709059,12.832317,-12.651307,6.331987,6.341879,0
6,3,1,-11.367247,12.832317,-12.651307,5.781220,5.798652,0
7,3,1,-10.025436,12.832317,-12.651307,5.321929,5.346828,0
8,3,1,-8.683624,12.832317,-12.651307,4.961966,4.993671,0
9,3,1,-7.341812,12.832317,-12.651307,4.708123,4.745242,0
10,3,1,-6.000000,12.832317,-12.651307,4.565563,4.605982,0
11,3,1,-4.658188,12.832317,-12.651307,4.537332,4.578428,0
12,3,1,-3.316376,12.832317,-12.651307,4.624045,4.663087,0
13,3,1,-1.974564,12.832317,-12.651307,4.823825,4.858407,0
14,3,1,-0.632753,12.832317,-12.651307,5.132494,5.160858,0
15,3,1,0.709059,12.832317,-12.651307,5.543992,5.565128,0
16,3,1,2.050871,12.832317,-12.651307,6.050914,6.064484,0
17,3,1,3.392683,12.832317,-12.651307,6.645080,6.651238,0
18,3,1,4.734495,12.832317,-12.651307,7.318045,7.317253,0
19,3,1,6.076307,12.832317,-12.651307,8.061502,8.054376,0
20,3,1,7.418119,12.832317,-12.651307,8.867576,8.854779,0
0,4,1,-19.418119,14.174129,-12.651307,9.626537,9.609266,0
1,4,1,-18.076307,14.174129,-12.651307,8.716133,8.704320,0
2,4,1,-16.734495,14.174129,-12.651307,7.857078,7.851574,0
3,4,1,-15.392683,14.174129,-12.651307,7.056667,7.058417,0
4,4,1,-14.050871,14.174129,-12.651307,6.322989,6.332993,0
5,4,1,-12.709059,14.174129,-12.651307,5.664812,5.684023,0
6,4,1,-11.367247,14.174129,-12.651307,5.091352,5.120502,0
7,4,1,-10.025436,14.174129,-12.651307,4.611894,4.651219,0
8,4,1,-8.683624,14.174129,-12.651307,4.235263,4.284161,0
9,4,1,-7.341812,14.174129,-12.651307,3.969176,4.025903,0
10,4,1,-6.000000,14.174129,-12.651307,3.819552,3.881147,0
11,4,1,-4.658188,14.174129,-12.651307,3.789906,3.852509,0
12,4,1,-3.316376,14.174129,-12.651307,3.880949,3.940502,0
13,4,1,-1.974564,14.174129,-12.651307,4.090511,4.143545,0
14,4,1,-0.632753,14.174129,-12.651307,4.413787,4.457948,0
15,4,1,0.709059,14.174129,-12.651307,4.843856,4.878011,0
16,4,1,2.050871,14.174129,-12.651307,5.372351,5.396370,0
17,4,1,3.392683,14.174129,-12.651307,5.990139,6.004549,0
18,4,1,4.734495,14.174129,-12.651307,6.687912,6.693586,0
19,4,1,6.076307,14.174129,-12.651307,7.456646,7.454578,0
20,4,1,7.418119,14.174129,-12.651307,8.287897,8.279067,0
0,5,1,-19.418119,15.515941,-12.651307,9.157811,9.143215,0
1,5,1,-18.076307,15.515941,-12.651307,8.225326,8.216957,0
2,5,1,-16.734495,15.515941,-12.651307,7.343412,7.342383,0
3,5,1,-15.392683,15.515941,-12.651307,6.519670,6.527280,0
4,5,1,-14.050871,15.515941,-12.651307,5.762630,5.780341,0
5,5,1,-12.709059,15.515941,-12.651307,5.081663,5.111000,0
6,5,1,-11.367247,15.515941,-12.651307,4.486750,4.529081,0
7,5,1,-10.025436,15.515941,-12.651307,3.988079,4.044216,0
8,5,1,-8.683624,15.515941,-12.651307,3.595458,3.665073,0
9,5,1,-7.341812,15.515941,-12.651307,3.317560,3.398565,0
10,5,1,-6.000000,15.515941,-12.651307,3.161096,3.249354,0
11,5,1,-4.658188,15.515941,-12.651307,3.130077,3.219855,0
12,5,1,-3.316376,15.515941,-12.651307,3.225317,3.310517,0
13,5,1,-1.974564,15.515941,-12.651307,3.444335,3.519926,0
14,5,1,-0.632753,15.515941,-12.651307,3.781664,3.844550,0
15,5,1,0.709059,15.515941,-12.651307,4.229489,4.278546,0
16,5,1,2.050871,15.515941,-12.651307,4.778459,4.814021,0
17,5,1,3.392683,15.515941,-12.651307,5.418486,5.441712,0
18,5,1,4.734495,15.515941,-12.651307,6.139426,6.151801,0
19,5,1,6.076307,15.515941,-12.651307,6.931571,6.934606,0
20,5,1,7.418119,15.515941,-12.651307,7.785959,7.781040,0
0,6,1,-19.418119,16.857753,-12.651307,8.768843,8.756684,0
1,6,1,-18.076307,16.857753,-12.651307,7.817185,7.812008,0
2,6,1,-16.734495,16.857753,-12.651307,6.915291,6.918497,0
3,6,1,-15.392683,16.857753,-12.651307,6.071011,6.084306,0
4,6,1,-14.050871,16.857753,-12.651307,5.293253,5.318661,0
5,6,1,-12.709059,16.857753,-12.651307,4.591917,4.631711,0
6,6,1,-11.367247,16.857753,-12.651307,3.977680,4.034141,0
7,6,1,-10.025436,16.857753,-12.651307,3.461575,3.536459,0
8,6,1,-8.683624,16.857753,-12.651307,3.054347,3.147957,0
9,6,1,-7.341812,16.857753,-12.651307,2.765600,2.875630,0
10,6,1,-6.000000,16.857753,-12.651307,2.602831,2.723608,0
11,6,1,-4.658188,16.857753,-12.651307,2.570544,2.693602,0
12,6,1,-3.316376,16.857753,-12.651307,2.669658,2.785876,0
13,6,1,-1.974564,16.857753,-12.651307,2.897379,2.999535,0
14,6,1,-0.632753,16.857753,-12.651307,3.247582,3.331748,0
15,6,1,0.709059,16.857753,-12.651307,3.711574,3.776917,0
16,6,1,2.050871,16.857753,-12.651307,4.279054,4.326754,0
17,6,1,3.392683,16.857753,-12.651307,4.939035,4.971207,0
18,6,1,4.734495,16.857753,-12.651307,5.680598,5.699564,0
19,6,1,6.076307,16.857753,-12.651307,6.493426,6.501348,0
20,6,1,7.418119,16.857753,-12.651307,7.368106,7.366847,0
0,7,1,-19.418119,18.199564,-12.651307,8.464395,8.454299,0
1,7,1,-18.076307,18.199564,-12.651307,7.497156,7.494723,0
2,7,1,-16.734495,18.199564,-12.651307,6.578934,6.585851,0
3,7,1,-15.392683,18.199564,-12.651307,5.717767,5.736160,0
4,7,1,-14.050871,18.199564,-12.651307,4.922860,4.955364,0
5,7,1,-12.709059,18.199564,-12.651307,4.204550,4.254302,0
6,7,1,-11.367247,18.199564,-12.651307,3.574097,3.644527,0
7,7,1,-10.025436,18.199564,-12.651307,3.043261,3.137448,0
8,7,1,-8.683624,18.199564,-12.651307,2.623617,2.742953,0
9,7,1,-7.341812,18.199564,-12.651307,2.325603,2.467842,0
10,7,1,-6.000000,18.199564,-12.651307,2.157429,2.315097,0
11,7,1,-4.658188,18.199564,-12.651307,2.124054,2.285041,0
12,7,1,-3.316376,18.199564,-12.651307,2.226491,2.377571,0
13,7,1,-1.974564,18.199564,-12.651307,2.461661,2.592816,0
14,7,1,-0.632753,18.199564,-12.651307,2.822836,2.929361,0
15,7,1,0.709059,18.199564,-12.651307,3.300529,3.382292,0
16,7,1,2.050871,18.199564,-12.651307,3.883596,3.943062,0
17,7,1,3.392683,18.199564,-12.651307,4.560261,4.600807,0
18,7,1,4.734495,18.199564,-12.651307,5.318951,5.343904,0
19,7,1,6.076307,18.199564,-12.651307,6.148839,6.161090,0
20,7,1,7.418119,18.199564,-12.651307,7.040151,7.042069,0
0,8,1,-19.418119,19.541376,-12.651307,8.248458,8.239918,0
1,8,1,-18.076307,19.541376,-12.651307,7.269846,7.269509,0
2,8,1,-16.734495,19.541376,-12.651307,6.339654,6.349450,0
3,8,1,-15.392683,19.541376,-12.651307,5.466045,5.488468,0
4,8,1,-14.050871,19.541376,-12.651307,4.658438,4.696685,0
5,8,1,-12.709059,19.541376,-12.651307,3.927486,3.985533,0
6,8,1,-11.367247,19.541376,-12.651307,3.284886,3.367351,0
7,8,1,-10.025436,19.541376,-12.651307,2.742957,2.854411,0
8,8,1,-8.683624,19.541376,-12.651307,2.313914,2.457161,0
9,8,1,-7.341812,19.541376,-12.651307,2.008856,2.182043,0
10,8,1,-6.000000,19.541376,-12.651307,1.836562,2.030443,0
11,8,1,-4.658188,19.541376,-12.651307,1.802356,2.000744,0
12,8,1,-3.316376,19.541376,-12.651307,1.907329,2.092323,0
13,8,1,-1.974564,19.541376,-12.651307,2.148170,2.306750,0
14,8,1,-0.632753,19.541376,-12.651307,2.517668,2.644577,0
15,8,1,0.709059,19.541376,-12.651307,3.005707,3.101875,0
16,8,1,2.050871,19.541376,-12.651307,3.600479,3.669904,0
17,8,1,3.392683,19.541376,-12.651307,4.289606,4.337022,0
18,8,1,4.734495,19.541376,-12.651307,5.061015,5.090753,0
19,8,1,6.076307,19.541376,-12.651307,5.903504,5.919142,0
20,8,1,7.418119,19.541376,-12.651307,6.807038,6.811399,0
0,9,1,-19.418119,20.883188,-12.651307,8.124017,8.116410,0
1,9,1,-18.076307,20.883188,-12.651307,7.138725,7.139658,0
2,9,1,-16.734495,20.883188,-12.651307,6.201481,6.213039,0
3,9,1,-15.392683,20.883188,-12.651307,5.320518,5.345443,0
4,9,1,-14.050871,20.883188,-12.651307,4.505377,4.547251,0
5,9,1,-12.709059,20.883188,-12.651307,3.766897,3.830293,0
6,9,1,-11.367247,20.883188,-12.651307,3.117035,3.207460,0
7,9,1,-10.025436,20.883188,-12.651307,2.568448,2.691656,0
8,9,1,-8.683624,20.883188,-12.651307,2.133745,2.293759,0
9,9,1,-7.341812,20.883188,-12.651307,1.824431,2.019894,0
10,9,1,-6.000000,20.883188,-12.651307,1.649643,1.870033,0
11,9,1,-4.658188,20.883188,-12.651307,1.614934,1.840797,0
12,9,1,-3.316376,20.883188,-12.651307,1.721443,1.931086,0
13,9,1,-1.974564,20.883188,-12.651307,1.965713,2.143789,0
14,9,1,-0.632753,20.883188,-12.651307,2.340231,2.481223,0
15,9,1,0.709059,20.883188,-12.651307,2.834491,2.940319,0
16,9,1,2.050871,20.883188,-12.651307,3.436275,3.512199,0
17,9,1,3.392683,20.883188,-12.651307,4.132838,4.184633,0
18,9,1,4.734495,20.883188,-12.651307,4.911806,4.944537,0
19,9,1,6.076307,20.883188,-12.651307,5.761756,5.779480,0
20,9,1,7.418119,20.883188,-12.651307,6.672502,6.678349,0
0,10,1,-19.418119,22.225000,-12.651307,8.092852,8.085484,0
1,10,1,-18.076307,22.225000,-12.651307,7.105873,7.107131,0
2,10,1,-16.734495,22.225000,-12.651307,6.166845,6.178857,0
3,10,1,-15.392683,22.225000,-12.651307,5.284018,5.309592,0
4,10,1,-14.050871,22.225000,-12.651307,4.466965,4.509787,0
5,10,1,-12.709059,22.225000,-12.651307,3.726570,3.791379,0
6,10,1,-11.367247,22.225000,-12.651307,3.074858,3.167413,0
7,10,1,-10.025436,22.225000,-12.651307,2.524572,2.650970,0
8,10,1,-8.683624,22.225000,-12.651307,2.088421,2.253056,0
9,10,1,-7.341812,22.225000,-12.651307,1.778018,1.979702,0
10,10,1,-6.000000,22.225000,-12.651307,1.602591,1.830447,0
11,10,1,-4.658188,22.225000,-12.651307,1.567753,1.801368,0
12,10,1,-3.316376,22.225000,-12.651307,1.674656,1.891216,0
13,10,1,-1.974564,22.225000,-12.651307,1.919805,2.103290,0
14,10,1,-0.632753,22.225000,-12.651307,2.295607,2.440450,0
15,10,1,0.709059,22.225000,-12.651307,2.791456,2.899886,0
16,10,1,2.050871,22.225000,-12.651307,3.395028,3.472679,0
17,10,1,3.392683,22.225000,-12.651307,4.093483,4.146429,0
18,10,1,4.734495,22.225000,-12.651307,4.874371,4.907882,0
19,10,1,6.076307,22.225000,-12.651307,5.726214,5.744478,0
20,10,1,7.418119,22.225000,-12.651307,6.638785,6.645015,0
0,11,1,-19.418119,23.566812,-12.651307,8.155417,8.147572,0
1,11,1,-18.076307,23.566812,-12.651307,7.171819,7.172427,0
2,11,1,-16.734495,23.566812,-12.651307,6.236365,6.247471,0
3,11,1,-15.392683,23.566812,-12.651307,5.357271,5.381552,0
4,11,1,-14.050871,23.566812,-12.651307,4.544047,4.584981,0
5,11,1,-12.709059,23.566812,-12.651307,3.807483,3.869486,0
6,11,1,-11.367247,23.566812,-12.651307,3.159472,3.247809,0
7,11,1,-10.025436,23.566812,-12.651307,2.612584,2.732682,0
8,11,1,-8.683624,23.566812,-12.651307,2.179327,2.334866,0
9,11,1,-7.341812,23.566812,-12.651307,1.871101,2.060573,0
10,11,1,-6.000000,23.566812,-12.651307,1.696951,1.910176,0
11,11,1,-4.658188,23.566812,-12.651307,1.662371,1.880800,0
12,11,1,-3.316376,23.566812,-12.651307,1.768487,1.971482,0
13,11,1,-1.974564,23.566812,-12.651307,2.011880,2.184732,0
14,11,1,-0.632753,23.566812,-12.651307,2.385115,2.522365,0
15,11,1,0.709059,23.566812,-12.651307,2.877787,2.981070,0
16,11,1,2.050871,23.566812,-12.651307,3.477783,3.552008,0
17,11,1,3.392683,23.566812,-12.651307,4.172451,4.223109,0
18,11,1,4.734495,23.566812,-12.651307,4.949495,4.981454,0
19,11,1,6.076307,23.566812,-12.651307,5.797548,5.814736,0
20,11,1,7.418119,23.566812,-12.651307,6.706463,6.711929,0
0,12,1,-19.418119,24.908624,-12.651307,8.310804,8.301806,0
1,12,1,-18.076307,24.908624,-12.651307,7.335504,7.334548,0
2,12,1,-16.734495,24.908624,-12.651307,6.408802,6.417744,0
3,12,1,-15.392683,24.908624,-12.651307,5.538826,5.560047,0
4,12,1,-14.050871,24.908624,-12.651307,4.734934,4.771455,0
5,12,1,-12.709059,24.908624,-12.651307,4.007686,4.063217,0
6,12,1,-11.367247,24.908624,-12.651307,3.368651,3.447427,0
7,12,1,-10.025436,24.908624,-12.651307,2.829983,2.936080,0
8,12,1,-8.683624,24.908624,-12.651307,2.403708,2.539445,0
9,12,1,-7.341812,24.908624,-12.651307,2.100726,2.264089,0
10,12,1,-6.000000,24.908624,-12.651307,1.929648,2.111954,0
11,12,1,-4.658188,24.908624,-12.651307,1.895687,2.082104,0
12,12,1,-3.316376,24.908624,-12.651307,1.999912,2.174097,0
13,12,1,-1.974564,24.908624,-12.651307,2.239080,2.388999,0
14,12,1,-0.632753,24.908624,-12.651307,2.606125,2.726673,0
15,12,1,0.709059,24.908624,-12.651307,3.091121,3.182848,0
16,12,1,2.050871,24.908624,-12.651307,3.682455,3.748844,0
17,12,1,3.392683,24.908624,-12.651307,4.367928,4.413269,0
18,12,1,4.734495,24.908624,-12.651307,5.135613,5.163918,0
19,12,1,6.076307,24.908624,-12.651307,5.974420,5.989050,0
20,12,1,7.418119,24.908624,-12.651307,6.874387,6.878025,0
0,13,1,-19.418119,26.250436,-12.651307,8.556812,8.546074,0
1,13,1,-18.076307,26.250436,-12.651307,7.594357,7.591067,0
2,13,1,-16.734495,26.250436,-12.651307,6.681159,6.686909,0
3,13,1,-15.392683,26.250436,-12.651307,5.825197,5.841975,0
4,13,1,-14.050871,26.250436,-12.651307,5.035587,5.065822,0
5,13,1,-12.709059,26.250436,-12.651307,4.322531,4.369066,0
6,13,1,-11.367247,26.250436,-12.651307,3.697109,3.762969,0
7,13,1,-10.025436,26.250436,-12.651307,3.170853,3.258639,0
8,13,1,-8.683624,26.250436,-12.651307,2.755076,2.865766,0
9,13,1,-7.341812,26.250436,-12.651307,2.459954,2.591241,0
10,13,1,-6.000000,26.250436,-12.651307,2.293468,2.438498,0
11,13,1,-4.658188,26.250436,-12.651307,2.260433,2.408407,0
12,13,1,-3.316376,26.250436,-12.651307,2.361832,2.501007,0
13,13,1,-1.974564,26.250436,-12.651307,2.594677,2.716025,0
14,13,1,-0.632753,26.250436,-12.651307,2.952430,3.051491,0
15,13,1,0.709059,26.250436,-12.651307,3.425860,3.502216,0
16,13,1,2.050871,26.250436,-12.651307,4.004086,4.059728,0
17,13,1,3.392683,26.250436,-12.651307,4.675581,4.713436,0
18,13,1,4.734495,26.250436,-12.651307,5.428975,5.452023,0
19,13,1,6.076307,26.250436,-12.651307,6.253599,6.264484,0
20,13,1,7.418119,26.250436,-12.651307,7.139790,7.140712,0
0,14,1,-19.418119,27.592247,-12.651307,8.890094,8.877152,0
1,14,1,-18.076307,27.592247,-12.651307,7.944498,7.938290,0
2,14,1,-16.734495,27.592247,-12.651307,7.048936,7.050765,0
3,14,1,-15.392683,27.592247,-12.651307,6.211178,6.222610,0
4,14,1,-14.050871,27.592247,-12.651307,5.440016,5.462877,0
5,14,1,-12.709059,27.592247,-12.651307,4.745183,4.781476,0
6,14,1,-11.367247,27.592247,-12.651307,4.137129,4.188800,0
7,14,1,-10.025436,27.592247,-12.651307,3.626616,3.695059,0
8,14,1,-8.683624,27.592247,-12.651307,3.224084,3.309342,0
9,14,1,-7.341812,27.592247,-12.651307,2.938831,3.038647,0
10,14,1,-6.000000,27.592247,-12.651307,2.778096,2.887349,0
11,14,1,-4.658188,27.592247,-12.651307,2.746218,2.857465,0
12,14,1,-3.316376,27.592247,-12.651307,2.844082,2.949340,0
13,14,1,-1.974564,27.592247,-12.651307,3.068999,3.161853,0
14,14,1,-0.632753,27.592247,-12.651307,3.415058,3.491865,0
15,14,1,0.709059,27.592247,-12.651307,3.873859,3.933644,0
16,14,1,2.050871,27.592247,-12.651307,4.435408,4.479021,0
17,14,1,3.392683,27.592247,-12.651307,5.089012,5.118207,0
18,14,1,4.734495,27.592247,-12.651307,5.824001,5.840797,0
19,14,1,6.076307,27.592247,-12.651307,6.630252,6.636579,0
20,14,1,7.418119,27.592247,-12.651307,7.498495,7.496050,0
0,15,1,-19.418119,28.934059,-12.651307,9.306371,9.290898,0
1,15,1,-18.076307,28.934059,-12.651307,8.381002,8.371497,0
2,15,1,-16.734495,28.934059,-12.651307,7.506472,7.503957,0
3,15,1,-15.392683,28.934059,-12.651307,6.690286,6.695933,0
4,15,1,-14.050871,28.934059,-12.651307,5.940831,5.955936,0
5,15,1,-12.709059,28.934059,-12.651307,5.267285,5.293159,0
6,15,1,-11.367247,28.934059,-12.651307,4.679376,4.717145,0
7,15,1,-10.025436,28.934059,-12.651307,4.186994,4.237240,0
8,15,1,-8.683624,28.934059,-12.651307,3.799619,3.861890,0
9,15,1,-7.341812,28.934059,-12.651307,3.525603,3.597919,0
10,15,1,-6.000000,28.934059,-12.651307,3.371391,3.450049,0
11,15,1,-4.658188,28.934059,-12.651307,3.340824,3.420806,0
12,15,1,-3.316376,28.934059,-12.651307,3.434682,3.510672,0
13,15,1,-1.974564,28.934059,-12.651307,3.650590,3.718144,0
14,15,1,-0.632753,28.934059,-12.651307,3.983303,4.039589,0
15,15,1,0.709059,28.934059,-12.651307,4.425309,4.469177,0
16,15,1,2.050871,28.934059,-12.651307,4.967586,4.999178,0
17,15,1,3.392683,28.934059,-12.651307,5.600362,5.620591,0
18,15,1,4.734495,28.934059,-12.651307,6.313770,6.323890,0
19,15,1,6.076307,28.934059,-12.651307,7.098324,7.099657,0
20,15,1,7.418119,28.934059,-12.651307,7.945229,7.939015,0
0,16,1,-19.418119,30.275871,-12.651307,9.800683,9.782483,0
1,16,1,-18.076307,30.275871,-12.651307,8.898212,8.885219,0
2,16,1,-16.734495,30.275871,-12.651307,8.047332,8.040315,0
3,16,1,-15.392683,30.275871,-12.651307,7.255224,7.255026,0
4,16,1,-14.050871,30.275871,-12.651307,6.529815,6.537306,0
5,16,1,-12.709059,30.275871,-12.651307,5.879662,5.895644,0
6,16,1,-11.367247,30.275871,-12.651307,5.313715,5.338760,0
7,16,1,-10.025436,30.275871,-12.651307,4.840951,4.875168,0
8,16,1,-8.683624,30.275871,-12.651307,4.469865,4.512615,0
9,16,1,-7.341812,30.275871,-12.651307,4.207859,4.257518,0
10,16,1,-6.000000,30.275871,-12.651307,4.060593,4.114517,0
11,16,1,-4.658188,30.275871,-12.651307,4.031419,4.086224,0
12,16,1,-3.316376,30.275871,-12.651307,4.121017,4.173155,0
13,16,1,-1.974564,30.275871,-12.651307,4.327316,4.373723,0
14,16,1,-0.632753,30.275871,-12.651307,4.645727,4.684266,0
15,16,1,0.709059,30.275871,-12.651307,5.069625,5.099195,0
16,16,1,2.050871,30.275871,-12.651307,5.590969,5.611347,0
17,16,1,3.392683,30.275871,-12.651307,6.200947,6.212512,0
18,16,1,4.734495,30.275871,-12.651307,6.890542,6.894008,0
19,16,1,6.076307,30.275871,-12.651307,7.650966,7.647186,0
20,16,1,7.418119,30.275871,-12.651307,8.473962,8.463799,0
0,17,1,-19.418119,31.617683,-12.651307,10.367638,10.346631,0
1,17,1,-18.076307,31.617683,-12.651307,9.490043,9.473524,0
2,17,1,-16.734495,31.617683,-12.651307,8.664671,8.653202,0
3,17,1,-15.392683,31.617683,-12.651307,7.898333,7.892495,0
4,17,1,-14.050871,31.617683,-12.651307,7.198451,7.198800,0
5,17,1,-12.709059,31.617683,-12.651307,6.572927,6.579914,0
6,17,1,-11.367247,31.617683,-12.651307,6.029913,6.043771,0
7,17,1,-10.025436,31.617683,-12.651307,5.577475,5.598070,0
8,17,1,-8.683624,31.617683,-12.651307,5.223152,5.249827,0
9,17,1,-7.341812,31.617683,-12.651307,4.973437,5.004911,0
10,17,1,-6.000000,31.617683,-12.651307,4.833253,4.867634,0
11,17,1,-4.658188,31.617683,-12.651307,4.805497,4.840473,0
12,17,1,-3.316376,31.617683,-12.651307,4.890755,4.923924,0
13,17,1,-1.974564,31.617683,-12.651307,5.087242,5.116471,0
14,17,1,-0.632753,31.617683,-12.651307,5.390978,5.414675,0
15,17,1,0.709059,31.617683,-12.651307,5.796178,5.813386,0
16,17,1,2.050871,31.617683,-12.651307,6.295749,6.306096,0
17,17,1,3.392683,31.617683,-12.651307,6.881823,6.885381,0
18,17,1,4.734495,31.617683,-12.651307,7.546240,7.543371,0
19,17,1,6.076307,31.617683,-12.651307,8.280941,8.272162,0
20,17,1,7.418119,31.617683,-12.651307,9.078247,9.064133,0
0,18,1,-19.418119,32.959495,-12.651307,11.001644,10.977839,0
1,18,1,-18.076307,32.959495,-12.651307,10.150261,10.130292,0
2,18,1,-16.734495,32.959495,-12.651307,9.351563,9.335829,0
3,18,1,-15.392683,32.959495,-12.651307,8.611961,8.600846,0
4,18,1,-14.050871,32.959495,-12.651307,7.938344,7.932185,0
5,18,1,-12.709059,32.959495,-12.651307,7.337952,7.336974,0
6,18,1,-11.367247,32.959495,-12.651307,6.818150,6.822390,0
7,18,1,-10.025436,32.959495,-12.651307,6.386131,6.395351,0
8,18,1,-8.683624,32.959495,-12.651307,6.048534,6.062136,0
9,18,1,-7.341812,32.959495,-12.651307,5.811019,5.828006,0
10,18,1,-6.000000,32.959495,-12.651307,5.677838,5.696847,0
11,18,1,-4.658188,32.959495,-12.651307,5.651482,5.670902,0
12,18,1,-3.316376,32.959495,-12.651307,5.732454,5.750623,0
13,18,1,-1.974564,32.959495,-12.651307,5.919220,5.934632,0
14,18,1,-0.632753,32.959495,-12.651307,6.208354,6.219823,0
15,18,1,0.709059,32.959495,-12.651307,6.594836,6.601570,0
16,18,1,2.050871,32.959495,-12.651307,7.072453,7.074045,0
17,18,1,3.392683,32.959495,-12.651307,7.634232,7.630595,0
18,18,1,4.734495,32.959495,-12.651307,8.272848,8.264128,0
19,18,1,6.076307,32.959495,-12.651307,8.980970,8.967456,0
20,18,1,7.418119,32.959495,-12.651307,9.751513,9.733572,0
0,19,1,-19.418119,34.301307,-12.651307,11.697104,11.670580,0
1,19,1,-18.076307,34.301307,-12.651307,10.872697,10.849434,0
2,19,1,-16.734495,34.301307,-12.651307,10.101245,10.081518,0
3,19,1,-15.392683,34.301307,-12.651307,9.388736,9.372788,0
4,19,1,-14.050871,34.301307,-12.651307,8.741521,8.729541,0
5,19,1,-12.709059,34.301307,-12.651307,8.166188,8.158261,0
6,19,1,-11.367247,34.301307,-12.651307,7.669349,7.665411,0
7,19,1,-10.025436,34.301307,-12.651307,7.257383,7.257165,0
8,19,1,-8.683624,34.301307,-12.651307,6.936111,6.939098,0
9,19,1,-7.341812,34.301307,-12.651307,6.710442,6.715864,0
10,19,1,-6.000000,34.301307,-12.651307,6.584040,6.590898,0
11,19,1,-4.658188,34.301307,-12.651307,6.559038,6.566187,0
12,19,1,-3.316376,34.301307,-12.651307,6.635865,6.642127,0
13,19,1,-1.974564,34.301307,-12.651307,6.813209,6.817502,0
14,19,1,-0.632753,34.301307,-12.651307,7.088129,7.089564,0
15,19,1,0.709059,34.301307,-12.651307,7.456287,7.454222,0
16,19,1,2.050871,34.301307,-12.651307,7.912264,7.906314,0
17,19,1,3.392683,34.301307,-12.651307,8.449913,8.439919,0
18,19,1,4.734495,34.301307,-12.651307,9.062698,9.048679,0
19,19,1,6.076307,34.301307,-12.651307,9.743991,9.726090,0
20,19,1,7.418119,34.301307,-12.651307,10.487304,10.465743,0
0,20,1,-19.418119,35.643119,-12.651307,12.448572,12.419451,0
1,20,1,-18.076307,35.643119,-12.651307,11.651423,11.625067,0
2,20,1,-16.734495,35.643119,-12.651307,10.907298,10.883889,0
3,20,1,-15.392683,35.643119,-12.651307,10.221754,10.201439,0
4,20,1,-14.050871,35.643119,-12.651307,9.600613,9.583483,0
5,20,1,-12.709059,35.643119,-12.651307,9.049836,9.035896,0
6,20,1,-11.367247,35.643119,-12.651307,8.575335,8.564470,0
7,20,1,-10.025436,35.643119,-12.651307,8.182745,8.174694,0
8,20,1,-8.683624,35.643119,-12.651307,7.877153,7.871486,0
9,20,1,-7.341812,35.643119,-12.651307,7.662812,7.658930,0
10,20,1,-6.000000,35.643119,-12.651307,7.542872,7.540033,0
11,20,1,-4.658188,35.643119,-12.651307,7.519158,7.516529,0
12,20,1,-3.316376,35.643119,-12.651307,7.592036,7.588766,0
13,20,1,-1.974564,35.643119,-12.651307,7.760387,7.755681,0
14,20,1,-0.632753,35.643119,-12.651307,8.021688,8.014870,0
15,20,1,0.709059,35.643119,-12.651307,8.372194,8.362752,0
16,20,1,2.050871,35.643119,-12.651307,8.807192,8.794784,0
17,20,1,3.392683,35.643119,-12.651307,9.321282,9.305723,0
18,20,1,4.734495,35.643119,-12.651307,9.908655,9.889895,0
19,20,1,6.076307,35.643119,-12.651307,10.563347,10.541441,0
20,20,1,7.418119,35.643119,-12.651307,11.279450,11.254519,0
0,0,2,-19.418119,8.806881,-11.309495,11.489582,11.463835,0
1,0,2,-18.076307,8.806881,-11.309495,10.657309,10.634982,0
2,0,2,-16.734495,8.806881,-11.309495,9.877935,9.859334,0
3,0,2,-15.392683,8.806881,-11.309495,9.157568,9.142974,0
4,0,2,-14.050871,8.806881,-11.309495,8.502720,8.492356,0
5,0,2,-12.709059,8.806881,-11.309495,7.920160,7.914146,0
6,0,2,-11.367247,8.806881,-11.309495,7.416718,7.415012,0
7,0,2,-10.025436,8.806881,-11.309495,6.999000,7.001337,0
8,0,2,-8.683624,8.806881,-11.309495,6.673054,6.678896,0
9,0,2,-7.341812,8.806881,-11.309495,6.444001,6.452515,0
10,0,2,-6.000000,8.806881,-11.309495,6.315664,6.325760,0
11,0,2,-4.658188,8.806881,-11.309495,6.290276,6.300692,0
12,0,2,-3.316376,8.806881,-11.309495,6.368285,6.377725,0
13,0,2,-1.974564,8.806881,-11.309495,6.548320,6.555593,0
14,0,2,-0.632753,8.806881,-11.309495,6.827305,6.831446,0
15,0,2,0.709059,8.806881,-11.309495,7.200713,7.201040,0
16,0,2,2.050871,8.806881,-11.309495,7.662905,7.659023,0
17,0,2,3.392683,8.806881,-11.309495,8.207503,8.199267,0
18,0,2,4.734495,8.806881,-11.309495,8.827748,8.815206,0
19,0,2,6.076307,8.806881,-11.309495,9.516810,9.500142,0
20,0,2,7.418119,8.806881,-11.309495,10.268030,10.247494,0
0,1,2,-19.418119,10.148693,-11.309495,10.732760,10.710102,0
1,1,2,-18.076307,10.148693,-11.309495,9.870458,9.851896,0
2,1,2,-16.734495,10.148693,-11.309495,9.060674,9.046667,0
3,1,2,-15.392683,10.148693,-11.309495,8.309985,8.300993,0
4,1,2,-14.050871,10.148693,-11.309495,7.625503,7.621942,0
5,1,2,-12.709059,10.148693,-11.309495,7.014739,7.016915,0
6,1,2,-11.367247,10.148693,-11.309495,6.485381,6.493398,0
7,1,2,-10.025436,10.148693,-11.309495,6.044974,6.058625,0
8,1,2,-8.683624,10.148693,-11.309495,5.700519,5.719177,0
9,1,2,-7.341812,10.148693,-11.309495,5.458009,5.480567,0
10,1,2,-6.000000,10.148693,-11.309495,5.321964,5.346863,0
11,1,2,-4.658188,10.148693,-11.309495,5.295036,5.320413,0
12,1,2,-3.316376,10.148693,-11.309495,5.377761,5.401685,0
13,1,2,-1.974564,10.148693,-11.309495,5.568504,5.589243,0
14,1,2,-0.632753,10.148693,-11.309495,5.863620,5.879835,0
15,1,2,0.709059,10.148693,-11.309495,6.257784,6.268615,0
16,1,2,2.050871,10.148693,-11.309495,6.744429,6.749474,0
17,1,2,3.392683,10.148693,-11.309495,7.316222,7.315447,0
18,1,2,4.734495,10.148693,-11.309495,7.965499,7.959125,0
19,1,2,6.076307,10.148693,-11.309495,8.684630,8.673027,0
20,1,2,7.418119,10.148693,-11.309495,9.466284,9.449898,0
0,2,2,-19.418119,11.490505,-11.309495,10.034136,10.014742,0
1,2,2,-18.076307,11.490505,-11.309495,9.142080,9.127579,0
2,2,2,-16.734495,11.490505,-11.309495,8.301904,8.292971,0
3,2,2,-15.392683,11.490505,-11.309495,7.520634,7.517992,0
4,2,2,-14.050871,11.490505,-11.309495,6.805987,6.810359,0
5,2,2,-12.709059,11.490505,-11.309495,6.166242,6.178262,0
6,2,2,-11.367247,11.490505,-11.309495,5.610010,5.630084,0
7,2,2,-10.025436,11.490505,-11.309495,5.145875,5.173986,0
8,2,2,-8.683624,11.490505,-11.309495,4.781920,4.817407,0
9,2,2,-7.341812,11.490505,-11.309495,4.525151,4.566542,0
10,2,2,-6.000000,11.490505,-11.309495,4.380905,4.425910,0
11,2,2,-4.658188,11.490505,-11.309495,4.352336,4.398085,0
12,2,2,-3.316376,11.490505,-11.309495,4.440083,4.483577,0
13,2,2,-1.974564,11.490505,-11.309495,4.642198,4.680819,0
14,2,2,-0.632753,11.490505,-11.309495,4.954362,4.986222,0
15,2,2,0.709059,11.490505,-11.309495,5.370313,5.394367,0
16,2,2,2.050871,11.490505,-11.309495,5.882424,5.898365,0
17,2,2,3.392683,11.490505,-11.309495,6.482288,6.490343,0
18,2,2,4.734495,11.490505,-11.309495,7.161256,7.161967,0
19,2,2,6.076307,11.490505,-11.309495,7.910849,7.904910,0
20,2,2,7.418119,11.490505,-11.309495,8.723054,8.711196,0
0,3,2,-19.418119,12.832317,-11.309495,9.399662,9.383653,0
1,3,2,-18.076307,12.832317,-11.309495,8.478705,8.468509,0
2,3,2,-16.734495,12.832317,-11.309495,7.608746,7.605330,0
3,3,2,-15.392683,12.832317,-11.309495,6.797226,6.801693,0
4,3,2,-14.050871,12.832317,-11.309495,6.052448,6.065997,0
5,3,2,-12.709059,12.832317,-11.309495,5.383466,5.407292,0
6,3,2,-11.367247,12.832317,-11.309495,4.799856,4.834954,0
7,3,2,-10.025436,12.832317,-11.309495,4.311326,4.358159,0
8,3,2,-8.683624,12.832317,-11.309495,3.927159,3.985217,0
9,3,2,-7.341812,12.832317,-11.309495,3.655513,3.722886,0
10,3,2,-6.000000,12.832317,-11.309495,3.502674,3.575899,0
11,3,2,-4.658188,12.832317,-11.309495,3.472382,3.546826,0
12,3,2,-3.316376,12.832317,-11.309495,3.565398,3.636163,0
13,3,2,-1.974564,12.832317,-11.309495,3.779408,3.842372,0
14,3,2,-0.632753,12.832317,-11.309495,4.109302,4.161783,0
15,3,2,0.709059,12.832317,-11.309495,4.547747,4.588592,0
16,3,2,2.050871,12.832317,-11.309495,5.085919,5.115174,0
17,3,2,3.392683,12.832317,-11.309495,5.714241,5.732688,0
18,3,2,4.734495,12.832317,-11.309495,6.423010,6.431779,0
19,3,2,6.076307,12.832317,-11.309495,7.202879,7.203185,0
20,3,2,7.418119,12.832317,-11.309495,8.045157,8.038158,0
0,4,2,-19.418119,14.174129,-11.309495,8.835469,8.822877,0
1,4,2,-18.076307,14.174129,-11.309495,7.887152,7.881404,0
2,4,2,-16.734495,14.174129,-11.309495,6.988749,6.991191,0
3,4,2,-15.392683,14.174129,-11.309495,6.148066,6.160327,0
4,4,2,-14.050871,14.174129,-11.309495,5.373949,5.397940,0
5,4,2,-12.709059,14.174129,-11.309495,4.676203,4.714045,0
6,4,2,-11.367247,14.174129,-11.309495,4.065383,4.119164,0
7,4,2,-10.025436,14.174129,-11.309495,3.552369,3.623638,0
8,4,2,-8.683624,14.174129,-11.309495,3.147738,3.236647,0
9,4,2,-7.341812,14.174129,-11.309495,2.860924,2.965190,0
10,4,2,-6.000000,14.174129,-11.309495,2.699280,2.813544,0
11,4,2,-4.658188,14.174129,-11.309495,2.667220,2.783600,0
12,4,2,-3.316376,14.174129,-11.309495,2.765642,2.875669,0
13,4,2,-1.974564,14.174129,-11.309495,2.991811,3.088725,0
14,4,2,-0.632753,14.174129,-11.309495,3.339722,3.419752,0
15,4,2,0.709059,14.174129,-11.309495,3.800844,3.863073,0
16,4,2,2.050871,14.174129,-11.309495,4.365047,4.410463,0
17,4,2,3.392683,14.174129,-11.309495,5.021505,5.052018,0
18,4,2,4.734495,14.174129,-11.309495,5.759439,5.777199,0
19,4,2,6.076307,14.174129,-11.309495,6.568638,6.575675,0
20,4,2,7.418119,14.174129,-11.309495,7.439768,7.437853,0
0,5,2,-19.418119,15.515941,-11.309495,8.347676,8.338411,0
1,5,2,-18.076307,15.515941,-11.309495,7.374323,7.373007,0
2,5,2,-16.734495,15.515941,-11.309495,6.449672,6.458118,0
3,5,2,-15.392683,15.515941,-11.309495,5.581829,5.602354,0
4,5,2,-14.050871,15.515941,-11.309495,4.780116,4.815642,0
5,5,2,-12.709059,15.515941,-11.309495,4.055037,4.109129,0
6,5,2,-11.367247,15.515941,-11.309495,3.418088,3.494768,0
7,5,2,-10.025436,15.515941,-11.309495,2.881326,2.984405,0
8,5,2,-8.683624,15.515941,-11.309495,2.456667,2.588209,0
9,5,2,-7.341812,15.515941,-11.309495,2.154896,2.312813,0
10,5,2,-6.000000,15.515941,-11.309495,1.984527,2.160448,0
11,5,2,-4.658188,15.515941,-11.309495,1.950709,2.130529,0
12,5,2,-3.316376,15.515941,-11.309495,2.054498,2.222708,0
13,5,2,-1.974564,15.515941,-11.309495,2.292691,2.437790,0
14,5,2,-0.632753,15.515941,-11.309495,2.658304,2.775282,0
15,5,2,0.709059,15.515941,-11.309495,3.141522,3.230736,0
16,5,2,2.050871,15.515941,-11.309495,3.730845,3.795503,0
17,5,2,3.392683,15.515941,-11.309495,4.414179,4.458330,0
18,5,2,4.734495,15.515941,-11.309495,5.179682,5.207160,0
19,5,2,6.076307,15.515941,-11.309495,6.016328,6.030374,0
20,5,2,7.418119,15.515941,-11.309495,6.914201,6.917418,0
0,6,2,-19.418119,16.857753,-11.309495,7.942158,7.935969,0
1,6,2,-18.076307,16.857753,-11.309495,6.946936,6.949811,0
2,6,2,-16.734495,16.857753,-11.309495,5.999176,6.013460,0
3,6,2,-15.392683,16.857753,-11.309495,5.107214,5.136060,0
4,6,2,-14.050871,16.857753,-11.309495,4.280765,4.328419,0
5,6,2,-12.709059,16.857753,-11.309495,3.530944,3.603050,0
6,6,2,-11.367247,16.857753,-11.309495,2.870103,2.973833,0
7,6,2,-10.025436,16.857753,-11.309495,2.311411,2.454875,0
8,6,2,-8.683624,16.857753,-11.309495,1.868089,2.057940,0
9,6,2,-7.341812,16.857753,-11.309495,1.552277,1.788516,0
10,6,2,-6.000000,16.857753,-11.309495,1.373673,1.643475,0
11,6,2,-4.658188,16.857753,-11.309495,1.338194,1.615463,0
12,6,2,-3.316376,16.857753,-11.309495,1.447053,1.702293,0
13,6,2,-1.974564,16.857753,-11.309495,1.696567,1.909849,0
14,6,2,-0.632753,16.857753,-11.309495,2.078742,2.244386,0
15,6,2,0.709059,16.857753,-11.309495,2.582457,2.704668,0
16,6,2,2.050871,16.857753,-11.309495,3.194863,3.281499,0
17,6,2,3.392683,16.857753,-11.309495,3.902645,3.961492,0
18,6,2,4.734495,16.857753,-11.309495,4.692978,4.730439,0
19,6,2,6.076307,16.857753,-11.309495,5.554107,5.575079,0
20,6,2,7.418119,16.857753,-11.309495,6.475622,6.483756,0
0,7,2,-19.418119,18.199564,-11.309495,7.624266,7.620716,0
1,7,2,-18.076307,18.199564,-11.309495,6.611180,6.617725,0
2,7,2,-16.734495,18.199564,-11.309495,5.644416,5.663946,0
3,7,2,-15.392683,18.199564,-11.309495,4.732467,4.769043,0
4,7,2,-14.050871,18.199564,-11.309495,3.885352,3.944761,0
5,7,2,-12.709059,18.199564,-11.309495,3.114674,3.205216,0
6,7,2,-11.367247,18.199564,-11.309495,2.433506,2.566862,0
7,7,2,-10.025436,18.199564,-11.309495,1.855987,2.047372,0
8,7,2,-8.683624,18.199564,-11.309495,1.396506,1.661652,0
9,7,2,-7.341812,18.199564,-11.309495,1.068452,1.413511,0
10,7,2,-6.000000,18.199564,-11.309495,0.882636,1.288906,0
11,7,2,-4.658188,18.199564,-11.309495,0.845700,1.265927,0
12,7,2,-3.316376,18.199564,-11.309495,0.959005,1.338400,0
13,7,2,-1.974564,18.199564,-11.309495,1.218414,1.523197,0
14,7,2,-0.632753,18.199564,-11.309495,1.614980,1.840836,0
15,7,2,0.709059,18.199564,-11.309495,2.136369,2.296121,0
16,7,2,2.050871,18.199564,-11.309495,2.768501,2.878350,0
17,7,2,3.392683,18.199564,-11.309495,3.496986,3.570438,0
18,7,2,4.734495,18.199564,-11.309495,4.308154,4.355071,0
19,7,2,6.076307,18.199564,-11.309495,5.189651,5.216943,0
20,7,2,7.418119,18.199564,-11.309495,6.130679,6.143171,0
0,8,2,-19.418119,19.541376,-11.309495,7.398520,7.396981,0
1,8,2,-18.076307,19.541376,-11.309495,6.372341,6.381731,0
2,8,2,-16.734495,19.541376,-11.309495,5.391574,5.415260,0
3,8,2,-15.392683,19.541376,-11.309495,4.464809,4.507684,0
4,8,2,-14.050871,19.541376,-11.309495,3.602269,3.671627,0
5,8,2,-12.709059,19.541376,-11.309495,2.815911,2.922854,0
6,8,2,-11.367247,19.541376,-11.309495,2.119347,2.280810,0
7,8,2,-10.025436,19.541376,-11.309495,1.527457,1.767992,0
8,8,2,-8.683624,19.541376,-11.309495,1.055554,1.404425,0
9,8,2,-7.341812,19.541376,-11.309495,0.718061,1.191932,0
10,8,2,-6.000000,19.541376,-11.309495,0.526897,1.099664,0
11,8,2,-4.658188,19.541376,-11.309495,0.488983,1.084441,0
12,8,2,-3.316376,19.541376,-11.309495,0.605419,1.134578,0
13,8,2,-1.974564,19.541376,-11.309495,0.872392,1.282467,0
14,8,2,-0.632753,19.541376,-11.309495,1.280051,1.570211,0
15,8,2,0.709059,19.541376,-11.309495,1.814979,2.011687,0
16,8,2,2.050871,19.541376,-11.309495,2.462110,2.593230,0
17,8,2,3.392683,19.541376,-11.309495,3.206215,3.292313,0
18,8,2,4.734495,19.541376,-11.309495,4.032988,4.087746,0
19,8,2,6.076307,19.541376,-11.309495,4.929633,4.961997,0
20,8,2,7.418119,19.541376,-11.309495,5.885082,5.900985,0
0,9,2,-19.418119,20.883188,-11.309495,7.268318,7.267996,0
1,9,2,-18.076307,20.883188,-11.309495,6.234429,6.245560,0
2,9,2,-16.734495,20.883188,-11.309495,5.245384,5.271654,0
3,9,2,-15.392683,20.883188,-11.309495,4.309824,4.356697,0
4,9,2,-14.050871,20.883188,-11.309495,3.438086,3.513934,0
5,9,2,-12.709059,20.883188,-11.309495,2.642329,2.760386,0
6,9,2,-11.367247,20.883188,-11.309495,1.936487,2.117981,0
7,9,2,-10.025436,20.883188,-11.309495,1.335889,1.613654,0
8,9,2,-8.683624,20.883188,-11.309495,0.856427,1.272532,0
9,9,2,-7.341812,20.883188,-11.309495,0.513439,1.094134,0
10,9,2,-6.000000,20.883188,-11.309495,0.321349,1.031240,0
11,9,2,-4.658188,20.883188,-11.309495,0.284227,1.022806,0
12,9,2,-3.316376,20.883188,-11.309495,0.399625,1.053099,0
13,9,2,-1.974564,20.883188,-11.309495,0.670206,1.166582,0
14,9,2,-0.632753,20.883188,-11.309495,1.084591,1.424963,0
15,9,2,0.709059,20.883188,-11.309495,1.627743,1.851564,0
16,9,2,2.050871,20.883188,-11.309495,2.283937,2.429809,0
17,9,2,3.392683,20.883188,-11.309495,3.037430,3.131921,0
18,9,2,4.734495,20.883188,-11.309495,3.873531,3.933327,0
19,9,2,6.076307,20.883188,-11.309495,4.779188,4.814735,0
20,9,2,7.418119,20.883188,-11.309495,5.743178,5.761184,0
0,10,2,-19.418119,22.225000,-11.309495,7.235698,7.235687,0
1,10,2,-18.076307,22.225000,-11.309495,6.199859,6.211438,0
2,10,2,-16.734495,22.225000,-11.309495,5.208716,5.235656,0
3,10,2,-15.392683,22.225000,-11.309495,4.270922,4.318843,0
4,10,2,-14.050871,22.225000,-11.309495,3.396844,3.474418,0
5,10,2,-12.709059,22.225000,-11.309495,2.598690,2.719757,0
6,10,2,-11.367247,22.225000,-11.309495,1.890475,2.077534,0
7,10,2,-10.025436,22.225000,-11.309495,1.287645,1.576074,0
8,10,2,-8.683624,22.225000,-11.309495,0.806242,1.242123,0
9,10,2,-7.341812,22.225000,-11.309495,0.462019,1.074297,0
10,10,2,-6.000000,22.225000,-11.309495,0.271111,1.020132,0
11,10,2,-4.658188,22.225000,-11.309495,0.234965,1.013606,0
12,10,2,-3.316376,22.225000,-11.309495,0.348397,1.038178,0
13,10,2,-1.974564,22.225000,-11.309495,0.619260,1.141182,0
14,10,2,-0.632753,22.225000,-11.309495,1.035347,1.390311,0
15,10,2,0.709059,22.225000,-11.309495,1.580610,1.812075,0
16,10,2,2.050871,22.225000,-11.309495,2.239124,2.389038,0
17,10,2,3.392683,22.225000,-11.309495,2.995015,3.091756,0
18,10,2,4.734495,22.225000,-11.309495,3.833492,3.894617,0
19,10,2,6.076307,22.225000,-11.309495,4.741440,4.777816,0
20,10,2,7.418119,22.225000,-11.309495,5.707597,5.726146,0
0,11,2,-19.418119,23.566812,-11.309495,7.301179,7.300546,0
1,11,2,-18.076307,23.566812,-11.309495,6.269247,6.279932,0
2,11,2,-16.734495,23.566812,-11.309495,5.282305,5.307910,0
3,11,2,-15.392683,23.566812,-11.309495,4.348983,4.394819,0
4,11,2,-14.050871,23.566812,-11.309495,3.479588,3.553740,0
5,11,2,-12.709059,23.566812,-11.309495,2.686229,2.801349,0
6,11,2,-11.367247,23.566812,-11.309495,1.982757,2.158879,0
7,11,2,-10.025436,23.566812,-11.309495,1.384387,1.651990,0
8,11,2,-8.683624,23.566812,-11.309495,0.906860,1.304325,0
9,11,2,-7.341812,23.566812,-11.309495,0.565199,1.116141,0
10,11,2,-6.000000,23.566812,-11.309495,0.372684,1.044966,0
11,11,2,-4.658188,23.566812,-11.309495,0.334990,1.034656,0
12,11,2,-3.316376,23.566812,-11.309495,0.451457,1.070483,0
13,11,2,-1.974564,23.566812,-11.309495,0.721412,1.193759,0
14,11,2,-0.632753,23.566812,-11.309495,1.134086,1.460636,0
15,11,2,0.709059,23.566812,-11.309495,1.675132,1.891620,0
16,11,2,2.050871,23.566812,-11.309495,2.329009,2.470956,0
17,11,2,3.392683,23.566812,-11.309495,3.080105,3.172392,0
18,11,2,4.734495,23.566812,-11.309495,3.913828,3.972314,0
19,11,2,6.076307,23.566812,-11.309495,4.817191,4.851916,0
20,11,2,7.418119,23.566812,-11.309495,5.779010,5.796475,0
0,12,2,-19.418119,24.908624,-11.309495,7.463722,7.461590,0
1,12,2,-18.076307,24.908624,-11.309495,6.441361,6.449907,0
2,12,2,-16.734495,24.908624,-11.309495,5.464682,5.487128,0
3,12,2,-15.392683,24.908624,-11.309495,4.542252,4.583230,0
4,12,2,-14.050871,24.908624,-11.309495,3.684235,3.750560,0
5,12,2,-12.709059,24.908624,-11.309495,2.902484,3.004348,0
6,12,2,-11.367247,24.908624,-11.309495,2.210454,2.363031,0
7,12,2,-10.025436,24.908624,-11.309495,1.622806,1.847412,0
8,12,2,-8.683624,24.908624,-11.309495,1.154578,1.475640,0
9,12,2,-7.341812,24.908624,-11.309495,0.819869,1.250254,0
10,12,2,-6.000000,24.908624,-11.309495,0.630177,1.146481,0
11,12,2,-4.658188,24.908624,-11.309495,0.592481,1.128524,0
12,12,2,-3.316376,24.908624,-11.309495,0.708137,1.186561,0
13,12,2,-1.974564,24.908624,-11.309495,0.972917,1.347687,0
14,12,2,-0.632753,24.908624,-11.309495,1.377292,1.646348,0
15,12,2,0.709059,24.908624,-11.309495,1.908219,2.093105,0
16,12,2,2.050871,24.908624,-11.309495,2.550928,2.675398,0
17,12,2,3.392683,24.908624,-11.309495,3.290438,3.372654,0
18,12,2,4.734495,24.908624,-11.309495,4.112631,4.165015,0
19,12,2,6.076307,24.908624,-11.309495,5.004840,5.035684,0
20,12,2,7.418119,24.908624,-11.309495,5.956074,5.970962,0
0,13,2,-19.418119,26.250436,-11.309495,7.720811,7.716437,0
1,13,2,-18.076307,26.250436,-11.309495,6.713219,6.718611,0
2,13,2,-16.734495,26.250436,-11.309495,5.752313,5.770181,0
3,13,2,-15.392683,26.250436,-11.309495,4.846540,4.880639,0
4,13,2,-14.050871,26.250436,-11.309495,4.005828,4.061416,0
5,13,2,-12.709059,26.250436,-11.309495,3.241629,3.326071,0
6,13,2,-11.367247,26.250436,-11.309495,2.566796,2.690122,0
7,13,2,-10.025436,26.250436,-11.309495,1.995161,2.169880,0
8,13,2,-8.683624,26.250436,-11.309495,1.540743,1.778965,0
9,13,2,-7.341812,26.250436,-11.309495,1.216534,1.521779,0
10,13,2,-6.000000,26.250436,-11.309495,1.032985,1.388671,0
11,13,2,-4.658188,26.250436,-11.309495,0.996506,1.363613,0
12,13,2,-3.316376,26.250436,-11.309495,1.108415,1.442032,0
13,13,2,-1.974564,26.250436,-11.309495,1.364714,1.636374,0
14,13,2,-0.632753,26.250436,-11.309495,1.756765,1.961388,0
15,13,2,0.709059,26.250436,-11.309495,2.272623,2.419502,0
16,13,2,2.050871,26.250436,-11.309495,2.898599,3.000685,0
17,13,2,3.392683,26.250436,-11.309495,3.620643,3.689309,0
18,13,2,4.734495,26.250436,-11.309495,4.425347,4.469214,0
19,13,2,6.076307,26.250436,-11.309495,5.300542,5.325821,0
20,13,2,7.418119,26.250436,-11.309495,6.235549,6.246666,0
0,14,2,-19.418119,27.592247,-11.309495,8.068641,8.061459,0
1,14,2,-18.076307,27.592247,-11.309495,7.080347,7.081860,0
2,14,2,-16.734495,27.592247,-11.309495,6.139928,6.152297,0
3,14,2,-15.392683,27.592247,-11.309495,5.255648,5.281732,0
4,14,2,-14.050871,27.592247,-11.309495,4.437102,4.480672,0
5,14,2,-12.709059,27.592247,-11.309495,3.695211,3.761140,0
6,14,2,-11.367247,27.592247,-11.309495,3.042054,3.136303,0
7,14,2,-10.025436,27.592247,-11.309495,2.490438,2.619390,0
8,14,2,-8.683624,27.592247,-11.309495,2.053155,2.221509,0
9,14,2,-7.341812,27.592247,-11.309495,1.741899,1.948615,0
10,14,2,-6.000000,27.592247,-11.309495,1.565971,1.799886,0
11,14,2,-4.658188,27.592247,-11.309495,1.531032,1.770942,0
12,14,2,-3.316376,27.592247,-11.309495,1.638243,1.860410,0
13,14,2,-1.974564,27.592247,-11.309495,1.884080,2.071931,0
14,14,2,-0.632753,27.592247,-11.309495,2.260888,2.408821,0
15,14,2,0.709059,27.592247,-11.309495,2.757980,2.868487,0
16,14,2,2.050871,27.592247,-11.309495,3.362950,3.441972,0
17,14,2,3.392683,27.592247,-11.309495,4.062884,4.116740,0
18,14,2,4.734495,27.592247,-11.309495,4.845272,4.879397,0
19,14,2,6.076307,27.592247,-11.309495,5.698590,5.717278,0
20,14,2,7.418119,27.592247,-11.309495,6.612586,6.619115,0
0,15,2,-19.418119,28.934059,-11.309495,8.502380,8.492018,0
1,15,2,-18.076307,28.934059,-11.309495,7.537112,7.534324,0
2,15,2,-16.734495,28.934059,-11.309495,6.620963,6.627396,0
3,15,2,-15.392683,28.934059,-11.309495,5.761943,5.779665,0
4,15,2,-14.050871,28.934059,-11.309495,4.969224,5.000782,0
5,15,2,-12.709059,28.934059,-11.309495,4.253084,4.301492,0
6,15,2,-11.367247,28.934059,-11.309495,3.624710,3.693224,0
7,15,2,-10.025436,28.934059,-11.309495,3.095769,3.187261,0
8,15,2,-8.683624,28.934059,-11.309495,2.677725,2.793407,0
9,15,2,-7.341812,28.934059,-11.309495,2.380908,2.518503,0
10,15,2,-6.000000,28.934059,-11.309495,2.213433,2.365731,0
11,15,2,-4.658188,28.934059,-11.309495,2.180199,2.335654,0
12,15,2,-3.316376,28.934059,-11.309495,2.282206,2.428232,0
13,15,2,-1.974564,28.934059,-11.309495,2.516413,2.643417,0
14,15,2,-0.632753,28.934059,-11.309495,2.876172,2.979549,0
15,15,2,0.709059,28.934059,-11.309495,3.352102,3.431593,0
16,15,2,2.050871,28.934059,-11.309495,3.933166,3.991032,0
17,15,2,3.392683,28.934059,-11.309495,4.607696,4.647119,0
18,15,2,4.734495,28.934059,-11.309495,5.364199,5.388358,0
19,15,2,6.076307,28.934059,-11.309495,6.191914,6.203597,0
20,15,2,7.418119,28.934059,-11.309495,7.081113,7.082618,0
0,16,2,-19.418119,30.275871,-11.309495,9.016467,9.002733,0
1,16,2,-18.076307,30.275871,-11.309495,8.077107,8.069860,0
2,16,2,-16.734495,30.275871,-11.309495,7.188043,7.188493,0
3,16,2,-15.392683,30.275871,-11.309495,6.356967,6.366547,0
4,16,2,-14.050871,30.275871,-11.309495,5.592545,5.612898,0
5,16,2,-12.709059,30.275871,-11.309495,4.904339,4.937225,0
6,16,2,-11.367247,30.275871,-11.309495,4.302574,4.349640,0
7,16,2,-10.025436,30.275871,-11.309495,3.797735,3.860070,0
8,16,2,-8.683624,30.275871,-11.309495,3.399958,3.477400,0
9,16,2,-7.341812,30.275871,-11.309495,3.118236,3.208601,0
10,16,2,-6.000000,30.275871,-11.309495,2.959553,3.058222,0
11,16,2,-4.658188,30.275871,-11.309495,2.928088,3.028504,0
12,16,2,-3.316376,30.275871,-11.309495,3.024691,3.119852,0
13,16,2,-1.974564,30.275871,-11.309495,3.246775,3.330979,0
14,16,2,-0.632753,30.275871,-11.309495,3.588644,3.658518,0
15,16,2,0.709059,30.275871,-11.309495,4.042182,4.096661,0
16,16,2,2.050871,30.275871,-11.309495,4.597708,4.637365,0
17,16,2,3.392683,30.275871,-11.309495,5.244818,5.271099,0
18,16,2,4.734495,30.275871,-11.309495,5.973098,5.987746,0
19,16,2,6.076307,30.275871,-11.309495,6.772621,6.777356,0
20,16,2,7.418119,30.275871,-11.309495,7.634263,7.630626,0
0,17,2,-19.418119,31.617683,-11.309495,9.604917,9.587764,0
1,17,2,-18.076307,31.617683,-11.309495,8.693518,8.681856,0
2,17,2,-16.734495,31.617683,-11.309495,7.833436,7.828125,0
3,17,2,-15.392683,31.617683,-11.309495,7.031981,7.033982,0
4,17,2,-14.050871,31.617683,-11.309495,6.297261,6.307590,0
5,17,2,-12.709059,31.617683,-11.309495,5.638072,5.657703,0
6,17,2,-11.367247,31.617683,-11.309495,5.063664,5.093350,0
7,17,2,-10.025436,31.617683,-11.309495,4.583359,4.623355,0
8,17,2,-8.683624,31.617683,-11.309495,4.206025,4.255736,0
9,17,2,-7.341812,31.617683,-11.309495,3.939420,3.997087,0
10,17,2,-6.000000,31.617683,-11.309495,3.789497,3.852114,0
11,17,2,-4.658188,31.617683,-11.309495,3.759791,3.823434,0
12,17,2,-3.316376,31.617683,-11.309495,3.851018,3.911558,0
13,17,2,-1.974564,31.617683,-11.309495,4.060994,4.114906,0
14,17,2,-0.632753,31.617683,-11.309495,4.384886,4.429788,0
15,17,2,0.709059,31.617683,-11.309495,4.815736,4.850492,0
16,17,2,2.050871,31.617683,-11.309495,5.345136,5.369628,0
17,17,2,3.392683,31.617683,-11.309495,5.963910,5.978687,0
18,17,2,4.734495,31.617683,-11.309495,6.662714,6.668672,0
19,17,2,6.076307,31.617683,-11.309495,7.432494,7.430644,0
20,17,2,7.418119,31.617683,-11.309495,8.264782,8.256121,0
0,18,2,-19.418119,32.959495,-11.309495,10.261583,10.241077,0
1,18,2,-18.076307,32.959495,-11.309495,9.379442,9.363548,0
2,18,2,-16.734495,32.959495,-11.309495,8.549422,8.538735,0
3,18,2,-15.392683,32.959495,-11.309495,7.778403,7.773547,0
4,18,2,-14.050871,32.959495,-11.309495,7.073901,7.075478,0
5,18,2,-12.709059,32.959495,-11.309495,6.443934,6.452449,0
6,18,2,-11.367247,32.959495,-11.309495,5.896797,5.912531,0
7,18,2,-10.025436,32.959495,-11.309495,5.440716,5.463566,0
8,18,2,-8.683624,32.959495,-11.309495,5.083398,5.112701,0
9,18,2,-7.341812,32.959495,-11.309495,4.831491,4.865909,0
10,18,2,-6.000000,32.959495,-11.309495,4.690046,4.727573,0
11,18,2,-4.658188,32.959495,-11.309495,4.662037,4.700202,0
12,18,2,-3.316376,32.959495,-11.309495,4.748068,4.784298,0
13,18,2,-1.974564,32.959495,-11.309495,4.946303,4.978327,0
14,18,2,-0.632753,32.959495,-11.309495,5.252659,5.278797,0
15,18,2,0.709059,32.959495,-11.309495,5.661205,5.680473,0
16,18,2,2.050871,32.959495,-11.309495,6.164684,6.176725,0
17,18,2,3.392683,32.959495,-11.309495,6.755063,6.759991,0
18,18,2,4.734495,32.959495,-11.309495,7.424030,7.422257,0
19,18,2,6.076307,32.959495,-11.309495,8.163395,8.155490,0
20,18,2,7.418119,32.959495,-11.309495,8.965375,8.951958,0
0,19,2,-19.418119,34.301307,-11.309495,10.980375,10.956659,0
1,19,2,-18.076307,34.301307,-11.309495,10.128139,10.108279,0
2,19,2,-16.734495,34.301307,-11.309495,9.328576,9.312975,0
3,19,2,-15.392683,34.301307,-11.309495,8.588109,8.577158,0
4,19,2,-14.050871,34.301307,-11.309495,7.913648,7.907686,0
5,19,2,-12.709059,34.301307,-11.309495,7.312450,7.311710,0
6,19,2,-11.367247,34.301307,-11.309495,6.791907,6.796431,0
7,19,2,-10.025436,34.301307,-11.309495,6.359238,6.368790,0
8,19,2,-8.683624,34.301307,-11.309495,6.021110,6.035090,0
9,19,2,-7.341812,34.301307,-11.309495,5.783209,5.800611,0
10,19,2,-6.000000,34.301307,-11.309495,5.649807,5.669253,0
11,19,2,-4.658188,34.301307,-11.309495,5.623407,5.643269,0
12,19,2,-3.316376,34.301307,-11.309495,5.704514,5.723111,0
13,19,2,-1.974564,34.301307,-11.309495,5.891587,5.907396,0
14,19,2,-0.632753,34.301307,-11.309495,6.181184,6.193008,0
15,19,2,0.709059,34.301307,-11.309495,6.568261,6.575302,0
16,19,2,2.050871,34.301307,-11.309495,7.046577,7.048430,0
17,19,2,3.392683,34.301307,-11.309495,7.609133,7.605714,0
18,19,2,4.734495,34.301307,-11.309495,8.248579,8.240038,0
19,19,2,6.076307,34.301307,-11.309495,8.957558,8.944190,0
20,19,2,7.418119,34.301307,-11.309495,9.728968,9.711146,0
0,20,2,-19.418119,35.643119,-11.309495,11.755431,11.728694,0
1,20,2,-18.076307,35.643119,-11.309495,10.933208,10.909689,0
2,20,2,-16.734495,35.643119,-11.309495,10.163953,10.143918,0
3,20,2,-15.392683,35.643119,-11.309495,9.453618,9.437303,0
4,20,2,-14.050871,35.643119,-11.309495,8.808514,8.796097,0
5,20,2,-12.709059,35.643119,-11.309495,8.235175,8.226733,0
6,20,2,-11.367247,35.643119,-11.309495,7.740157,7.735619,0
7,20,2,-10.025436,35.643119,-11.309495,7.329775,7.328873,0
8,20,2,-8.683624,35.643119,-11.309495,7.009787,7.012014,0
9,20,2,-7.341812,35.643119,-11.309495,6.785049,6.789648,0
10,20,2,-6.000000,35.643119,-11.309495,6.659178,6.665176,0
11,20,2,-4.658188,35.643119,-11.309495,6.634282,6.640563,0
12,20,2,-3.316376,35.643119,-11.309495,6.710784,6.716202,0
13,20,2,-1.974564,35.643119,-11.309495,6.887389,6.890889,0
14,20,2,-0.632753,35.643119,-11.309495,7.161192,7.161904,0
15,20,2,0.709059,35.643119,-11.309495,7.527905,7.525199,0
16,20,2,2.050871,35.643119,-11.309495,7.982170,7.975663,0
17,20,2,3.392683,35.643119,-11.309495,8.517902,8.507433,0
18,20,2,4.734495,35.643119,-11.309495,9.128627,9.114207,0
19,20,2,6.076307,35.643119,-11.309495,9.807771,9.789534,0
20,20,2,7.418119,35.643119,-11.309495,10.548893,10.527051,0
0,0,3,-19.418119,8.806881,-9.967683,10.848272,10.825114,0
1,0,3,-18.076307,8.806881,-9.967683,9.990695,9.971519,0
2,0,3,-16.734495,8.806881,-9.967683,9.185714,9.170951,0
3,0,3,-15.392683,8.806881,-9.967683,8.439831,8.429908,0
4,0,3,-14.050871,8.806881,-9.967683,7.760065,7.755361,0
5,0,3,-12.709059,8.806881,-9.967683,7.153807,7.154591,0
6,0,3,-11.367247,8.806881,-9.967683,6.628603,6.634949,0
7,0,3,-10.025436,8.806881,-9.967683,6.191846,6.203530,0
8,0,3,-8.683624,8.806881,-9.967683,5.850378,5.866786,0
9,0,3,-7.341812,8.806881,-9.967683,5.610045,5.630119,0
10,0,3,-6.000000,8.806881,-9.967683,5.475248,5.497518,0
11,0,3,-4.658188,8.806881,-9.967683,5.448570,5.471287,0
12,0,3,-3.316376,8.806881,-9.967683,5.530530,5.551886,0
13,0,3,-1.974564,8.806881,-9.967683,5.719540,5.737906,0
14,0,3,-0.632753,8.806881,-9.967683,6.012050,6.026155,0
15,0,3,0.709059,8.806881,-9.967683,6.402870,6.411884,0
16,0,3,2.050871,8.806881,-9.967683,6.885588,6.889107,0
17,0,3,3.392683,8.806881,-9.967683,7.453029,7.450993,0
18,0,3,4.734495,8.806881,-9.967683,8.097677,8.090272,0
19,0,3,6.076307,8.806881,-9.967683,8.812032,8.799592,0
20,0,3,7.418119,8.806881,-9.967683,9.588871,9.571806,0
0,1,3,-19.418119,10.148693,-9.967683,10.068524,10.048958,0
1,1,3,-18.076307,10.148693,-9.967683,9.177982,9.163265,0
2,1,3,-16.734495,10.148693,-9.967683,8.339358,8.330153,0
3,1,3,-15.392683,10.148693,-9.967683,7.559657,7.556670,0
4,1,3,-14.050871,10.148693,-9.967683,6.846565,6.850499,0
5,1,3,-12.709059,10.148693,-9.967683,6.208320,6.219790,0
6,1,3,-11.367247,10.148693,-9.967683,5.653486,5.672875,0
7,1,3,-10.025436,10.148693,-9.967683,5.190591,5.217866,0
8,1,3,-8.683624,10.148693,-9.967683,4.827658,4.862159,0
9,1,3,-7.341812,10.148693,-9.967683,4.571639,4.611913,0
10,1,3,-6.000000,10.148693,-9.967683,4.427825,4.471630,0
11,1,3,-4.658188,10.148693,-9.967683,4.399343,4.443873,0
12,1,3,-3.316376,10.148693,-9.967683,4.486825,4.529154,0
13,1,3,-1.974564,10.148693,-9.967683,4.688342,4.725907,0
14,1,3,-0.632753,10.148693,-9.967683,4.999610,5.030559,0
15,1,3,0.709059,10.148693,-9.967683,5.414421,5.437717,0
16,1,3,2.050871,10.148693,-9.967683,5.925204,5.940531,0
17,1,3,3.392683,10.148693,-9.967683,6.523612,6.531176,0
18,1,3,4.734495,10.148693,-9.967683,7.201046,7.201369,0
19,1,3,6.076307,10.148693,-9.967683,7.949072,7.942828,0
20,1,3,7.418119,10.148693,-9.967683,8.759713,8.747613,0
0,2,3,-19.418119,11.490505,-9.967683,9.347206,9.331497,0
1,2,3,-18.076307,11.490505,-9.967683,8.423773,8.413964,0
2,2,3,-16.734495,11.490505,-9.967683,7.551250,7.548338,0
3,2,3,-15.392683,11.490505,-9.967683,6.737114,6.742240,0
4,2,3,-14.050871,11.490505,-9.967683,5.989715,6.004130,0
5,2,3,-12.709059,11.490505,-9.967683,5.318175,5.343141,0
6,2,3,-11.367247,11.490505,-9.967683,4.732157,4.768739,0
7,2,3,-10.025436,11.490505,-9.967683,4.241470,4.290197,0
8,2,3,-8.683624,11.490505,-9.967683,3.855507,3.915899,0
9,2,3,-7.341812,11.490505,-9.967683,3.582535,3.652642,0
10,2,3,-6.000000,11.490505,-9.967683,3.428927,3.505156,0
11,2,3,-4.658188,11.490505,-9.967683,3.398482,3.475986,0
12,2,3,-3.316376,11.490505,-9.967683,3.491969,3.565623,0
13,2,3,-1.974564,11.490505,-9.967683,3.707041,3.772545,0
14,2,3,-0.632753,11.490505,-9.967683,4.038513,4.093103,0
15,2,3,0.709059,11.490505,-9.967683,4.478952,4.521476,0
16,2,3,2.050871,11.490505,-9.967683,5.019423,5.049977,0
17,2,3,3.392683,11.490505,-9.967683,5.650240,5.669679,0
18,2,3,4.734495,11.490505,-9.967683,6.361609,6.371131,0
19,2,3,6.076307,11.490505,-9.967683,7.144104,7.144984,0
20,2,3,7.418119,11.490505,-9.967683,7.988977,7.982417,0
0,3,3,-19.418119,12.832317,-9.967683,8.690711,8.679068,0
1,3,3,-18.076307,12.832317,-9.967683,7.735103,7.730608,0
2,3,3,-16.734495,12.832317,-9.967683,6.829079,6.833201,0
3,3,3,-15.392683,12.832317,-9.967683,5.980535,5.995080,0
4,3,3,-14.050871,12.832317,-9.967683,5.198458,5.225587,0
5,3,3,-12.709059,12.832317,-9.967683,4.492856,4.535037,0
6,3,3,-11.367247,12.832317,-9.967683,3.874554,3.934317,0
7,3,3,-10.025436,12.832317,-9.967683,3.354764,3.434140,0
8,3,3,-8.683624,12.832317,-9.967683,2.944437,3.043941,0
9,3,3,-7.341812,12.832317,-9.967683,2.653381,2.770690,0
10,3,3,-6.000000,12.832317,-9.967683,2.489267,2.618308,0
11,3,3,-4.658188,12.832317,-9.967683,2.456710,2.588248,0
12,3,3,-3.316376,12.832317,-9.967683,2.556650,2.680706,0
13,3,3,-1.974564,12.832317,-9.967683,2.786226,2.894978,0
14,3,3,-0.632753,12.832317,-9.967683,3.139165,3.228494,0
15,3,3,0.709059,12.832317,-9.967683,3.606581,3.675775,0
16,3,3,2.050871,12.832317,-9.967683,4.177964,4.228465,0
17,3,3,3.392683,12.832317,-9.967683,4.842132,4.876324,0
18,3,3,4.734495,12.832317,-9.967683,5.588005,5.608430,0
19,3,3,6.076307,12.832317,-9.967683,6.405135,6.414122,0
20,3,3,7.418119,12.832317,-9.967683,7.284018,7.283547,0
0,4,3,-19.418119,14.174129,-9.967683,8.105692,8.098225,0
1,4,3,-18.076307,14.174129,-9.967683,7.119409,7.120532,0
2,4,3,-16.734495,14.174129,-9.967683,6.181116,6.192941,0
3,4,3,-15.392683,14.174129,-9.967683,5.299059,5.324364,0
4,4,3,-14.050871,14.174129,-9.967683,4.482795,4.525224,0
5,4,3,-12.709059,14.174129,-9.967683,3.743190,3.807413,0
6,4,3,-11.367247,14.174129,-9.967683,3.092242,3.183912,0
7,4,3,-10.025436,14.174129,-9.967683,2.542657,2.667728,0
8,4,3,-8.683624,14.174129,-9.967683,2.107104,2.269813,0
9,4,3,-7.341812,14.174129,-9.967683,1.797151,1.996238,0
10,4,3,-6.000000,14.174129,-9.967683,1.621988,1.846724,0
11,4,3,-4.658188,14.174129,-9.967683,1.587204,1.817578,0
12,4,3,-3.316376,14.174129,-9.967683,1.693943,1.907614,0
13,4,3,-1.974564,14.174129,-9.967683,1.938730,2.119958,0
14,4,3,-0.632753,14.174129,-9.967683,2.314002,2.457240,0
15,4,3,0.709059,14.174129,-9.967683,2.809194,2.916543,0
16,4,3,2.050871,14.174129,-9.967683,3.412028,3.488962,0
17,4,3,3.392683,14.174129,-9.967683,4.109701,4.162171,0
18,4,3,4.734495,14.174129,-9.967683,4.889797,4.922986,0
19,4,3,6.076307,14.174129,-9.967683,5.740859,5.758900,0
20,4,3,7.418119,14.174129,-9.967683,6.652677,6.658749,0
0,5,3,-19.418119,15.515941,-9.967683,7.598861,7.595531,0
1,5,3,-18.076307,15.515941,-9.967683,6.584318,6.591173,0
2,5,3,-16.734495,15.515941,-9.967683,5.616000,5.635979,0
3,5,3,-15.392683,15.515941,-9.967683,4.702410,4.739658,0
4,5,3,-14.050871,15.515941,-9.967683,3.853591,3.914046,0
5,5,3,-12.709059,15.515941,-9.967683,3.081186,3.173417,0
6,5,3,-11.367247,15.515941,-9.967683,2.398328,2.534500,0
7,5,3,-10.025436,15.515941,-9.967683,1.819235,2.015381,0
8,5,3,-8.683624,15.515941,-9.967683,1.358397,1.631378,0
9,5,3,-7.341812,15.515941,-9.967683,1.029312,1.386125,0
10,5,3,-6.000000,15.515941,-9.967683,0.842889,1.264205,0
11,5,3,-4.658188,15.515941,-9.967683,0.805831,1.241879,0
12,5,3,-3.316376,15.515941,-9.967683,0.919509,1.312481,0
13,5,3,-1.974564,15.515941,-9.967683,1.179752,1.494249,0
14,5,3,-0.632753,15.515941,-9.967683,1.577528,1.809506,0
15,5,3,0.709059,15.515941,-9.967683,2.100398,2.263795,0
16,5,3,2.050871,15.515941,-9.967683,2.734175,2.846187,0
17,5,3,3.392683,15.515941,-9.967683,3.464378,3.539147,0
18,5,3,4.734495,15.515941,-9.967683,4.277267,4.325016,0
19,5,3,6.076307,15.515941,-9.967683,5.160439,5.188277,0
20,5,3,7.418119,15.515941,-9.967683,6.103067,6.115929,0
0,6,3,-19.418119,16.857753,-9.967683,7.176728,7.177288,0
1,6,3,-18.076307,16.857753,-9.967683,6.137343,6.149746,0
2,6,3,-16.734495,16.857753,-9.967683,5.142383,5.170560,0
3,6,3,-15.392683,16.857753,-9.967683,4.200522,4.250388,0
4,6,3,-14.050871,16.857753,-9.967683,3.322175,3.402976,0
5,6,3,-12.709059,16.857753,-9.967683,2.519643,2.646406,0
6,6,3,-11.367247,16.857753,-9.967683,1.807088,2.004844,0
7,6,3,-10.025436,16.857753,-9.967683,1.200168,1.509481,0
8,6,3,-8.683624,16.857753,-9.967683,0.715221,1.190389,0
9,6,3,-7.341812,16.857753,-9.967683,0.369480,1.044041,0
10,6,3,-6.000000,16.857753,-9.967683,0.185409,1.006701,0
11,6,3,-4.658188,16.857753,-9.967683,0.153092,1.003492,0
12,6,3,-3.316376,16.857753,-9.967683,0.258016,1.017624,0
13,6,3,-1.974564,16.857753,-9.967683,0.526952,1.099687,0
14,6,3,-0.632753,16.857753,-9.967683,0.946039,1.329818,0
15,6,3,0.709059,16.857753,-9.967683,1.495170,1.741462,0
16,6,3,2.050871,16.857753,-9.967683,2.157932,2.315550,0
17,6,3,3.392683,16.857753,-9.967683,2.918204,3.019176,0
18,6,3,4.734495,16.857753,-9.967683,3.761019,3.824619,0
19,6,3,6.076307,16.857753,-9.967683,4.673141,4.711052,0
20,6,3,7.418119,16.857753,-9.967683,5.643242,5.662791,0
0,7,3,-19.418119,18.199564,-9.967683,6.845274,6.849223,0
1,7,3,-18.076307,18.199564,-9.967683,5.785487,5.802856,0
2,7,3,-16.734495,18.199564,-9.967683,4.768468,4.804249,0
3,7,3,-15.392683,18.199564,-9.967683,3.802979,3.865135,0
4,7,3,-14.050871,18.199564,-9.967683,2.899694,3.001717,0
5,7,3,-12.709059,18.199564,-9.967683,2.071426,2.237839,0
6,7,3,-11.367247,18.199564,-9.967683,1.333189,1.611536,0
7,7,3,-10.025436,18.199564,-9.967683,0.701942,1.183238,0
8,7,3,-8.683624,18.199564,-9.967683,0.207260,1.009452,0
9,7,3,-7.341812,18.199564,-9.967683,0.013793,1.001547,0
10,7,3,-6.000000,18.199564,-9.967683,0.001010,1.002339,1
11,7,3,-4.658188,18.199564,-9.967683,0.000561,1.002370,1
12,7,3,-3.316376,18.199564,-9.967683,0.003187,1.002193,1
13,7,3,-1.974564,18.199564,-9.967683,0.065720,1.000007,0
14,7,3,-0.632753,18.199564,-9.967683,0.437623,1.065624,0
15,7,3,0.709059,18.199564,-9.967683,1.009061,1.372180,0
16,7,3,2.050871,18.199564,-9.967683,1.697042,1.910254,0
17,7,3,3.392683,18.199564,-9.967683,2.483155,2.612660,0
18,7,3,4.734495,18.199564,-9.967683,3.351381,3.430904,0
19,7,3,6.076307,18.199564,-9.967683,4.287820,4.335284,0
20,7,3,7.418119,18.199564,-9.967683,5.280770,5.306402,0
0,8,3,-19.418119,19.541376,-9.967683,6.609595,6.616158,0
1,8,3,-18.076307,19.541376,-9.967683,5.534791,5.556078,0
2,8,3,-16.734495,19.541376,-9.967683,4.501427,4.543397,0
3,8,3,-15.392683,19.541376,-9.967683,3.518300,3.590905,0
4,8,3,-14.050871,19.541376,-9.967683,2.596239,2.717478,0
5,8,3,-12.709059,19.541376,-9.967683,1.748410,1.954206,0
6,8,3,-11.367247,19.541376,-9.967683,0.990451,1.359504,0
7,8,3,-10.025436,19.541376,-9.967683,0.342714,1.036665,0
8,8,3,-8.683624,19.541376,-9.967683,0.011665,1.001668,0
9,8,3,-7.341812,19.541376,-9.967683,0.000062,1.002404,1
10,8,3,-6.000000,19.541376,-9.967683,0.000002,1.002408,1
11,8,3,-4.658188,19.541376,-9.967683,0.000001,1.002408,1
12,8,3,-3.316376,19.541376,-9.967683,0.000008,1.002408,1
13,8,3,-1.974564,19.541376,-9.967683,0.000844,1.002350,1
14,8,3,-0.632753,19.541376,-9.967683,0.105695,1.000657,0
15,8,3,0.709059,19.541376,-9.967683,0.656931,1.159801,0
16,8,3,2.050871,19.541376,-9.967683,1.364320,1.636062,0
17,8,3,3.392683,19.541376,-9.967683,2.170172,2.326596,0
18,8,3,4.734495,19.541376,-9.967683,3.057619,3.151060,0
19,8,3,6.076307,19.541376,-9.967683,4.012284,4.067674,0
20,8,3,7.418119,19.541376,-9.967683,5.022223,5.052722,0
0,9,3,-19.418119,20.883188,-9.967683,6.473546,6.481705,0
1,9,3,-18.076307,20.883188,-9.967683,5.389872,5.413588,0
2,9,3,-16.734495,20.883188,-9.967683,4.346810,4.392703,0
3,9,3,-15.392683,20.883188,-9.967683,3.353162,3.432607,0
4,9,3,-14.050871,20.883188,-9.967683,2.419835,2.554277,0
5,9,3,-12.709059,20.883188,-9.967683,1.560188,1.795080,0
6,9,3,-11.367247,20.883188,-9.967683,0.790239,1.232697,0
7,9,3,-10.025436,20.883188,-9.967683,0.150753,1.003300,0
8,9,3,-8.683624,20.883188,-9.967683,0.000635,1.002365,1
9,9,3,-7.341812,20.883188,-9.967683,0.000001,1.002408,1
10,9,3,-6.000000,20.883188,-9.967683,0.000000,1.002408,1
11,9,3,-4.658188,20.883188,-9.967683,0.000000,1.002408,1
12,9,3,-3.316376,20.883188,-9.967683,0.000000,1.002408,1
13,9,3,-1.974564,20.883188,-9.967683,0.000025,1.002407,1
14,9,3,-0.632753,20.883188,-9.967683,0.016485,1.001401,0
15,9,3,0.709059,20.883188,-9.967683,0.451544,1.070514,0
16,9,3,2.050871,20.883188,-9.967683,1.170204,1.487168,0
17,9,3,3.392683,20.883188,-9.967683,1.988022,2.163547,0
18,9,3,4.734495,20.883188,-9.967683,2.887039,2.989788,0
19,9,3,6.076307,20.883188,-9.967683,3.852606,3.913093,0
20,9,3,7.418119,20.883188,-9.967683,4.872651,4.906198,0
0,10,3,-19.418119,22.225000,-9.967683,6.439447,6.448016,0
1,10,3,-18.076307,22.225000,-9.967683,5.353526,5.377871,0
2,10,3,-16.734495,22.225000,-9.967683,4.308002,4.354924,0
3,10,3,-15.392683,22.225000,-9.967683,3.311677,3.392943,0
4,10,3,-14.050871,22.225000,-9.967683,2.375475,2.513518,0
5,10,3,-12.709059,22.225000,-9.967683,1.512803,1.755927,0
6,10,3,-11.367247,22.225000,-9.967683,0.739779,1.203888,0
7,10,3,-10.025436,22.225000,-9.967683,0.110913,1.000859,0
8,10,3,-8.683624,22.225000,-9.967683,0.000262,1.002390,1
9,10,3,-7.341812,22.225000,-9.967683,0.000000,1.002408,1
10,10,3,-6.000000,22.225000,-9.967683,0.000000,1.002408,1
11,10,3,-4.658188,22.225000,-9.967683,0.000000,1.002408,1
12,10,3,-3.316376,22.225000,-9.967683,0.000000,1.002408,1
13,10,3,-1.974564,22.225000,-9.967683,0.000009,1.002408,1
14,10,3,-0.632753,22.225000,-9.967683,0.008722,1.001842,1
15,10,3,0.709059,22.225000,-9.967683,0.400120,1.053255,0
16,10,3,2.050871,22.225000,-9.967683,1.121305,1.451347,0
17,10,3,3.392683,22.225000,-9.967683,1.942192,2.123012,0
18,10,3,4.734495,22.225000,-9.967683,2.844166,2.949419,0
19,10,3,6.076307,22.225000,-9.967683,3.812511,3.874343,0
20,10,3,7.418119,22.225000,-9.967683,4.835124,4.869465,0
0,11,3,-19.418119,23.566812,-9.967683,6.507891,6.515641,0
1,11,3,-18.076307,23.566812,-9.967683,5.426470,5.449561,0
2,11,3,-16.734495,23.566812,-9.967683,4.385875,4.430752,0
3,11,3,-15.392683,23.566812,-9.967683,3.394907,3.472563,0
4,11,3,-14.050871,23.566812,-9.967683,2.464456,2.595394,0
5,11,3,-12.709059,23.566812,-9.967683,1.607830,1.834837,0
6,11,3,-11.367247,23.566812,-9.967683,0.840949,1.263019,0
7,11,3,-10.025436,23.566812,-9.967683,0.194967,1.007847,0
8,11,3,-8.683624,23.566812,-9.967683,0.001293,1.002320,1
9,11,3,-7.341812,23.566812,-9.967683,0.000002,1.002408,1
10,11,3,-6.000000,23.566812,-9.967683,0.000000,1.002408,1
11,11,3,-4.658188,23.566812,-9.967683,0.000000,1.002408,1
12,11,3,-3.316376,23.566812,-9.967683,0.000000,1.002408,1
13,11,3,-1.974564,23.566812,-9.967683,0.000053,1.002405,1
14,11,3,-0.632753,23.566812,-9.967683,0.028270,1.000847,0
15,11,3,0.709059,23.566812,-9.967683,0.503412,1.090104,0
16,11,3,2.050871,23.566812,-9.967683,1.219354,1.523906,0
17,11,3,3.392683,23.566812,-9.967683,2.034110,2.204520,0
18,11,3,4.734495,23.566812,-9.967683,2.930172,3.030471,0
19,11,3,6.076307,23.566812,-9.967683,3.892960,3.952121,0
20,11,3,7.418119,23.566812,-9.967683,4.910432,4.943192,0
0,12,3,-19.418119,24.908624,-9.967683,6.677693,6.683482,0
1,12,3,-18.076307,24.908624,-9.967683,5.607273,5.627391,0
2,12,3,-16.734495,24.908624,-9.967683,4.578690,4.618797,0
3,12,3,-15.392683,24.908624,-9.967683,3.600734,3.670149,0
4,12,3,-14.050871,24.908624,-9.967683,2.684193,2.799447,0
5,12,3,-12.709059,24.908624,-9.967683,1.842130,2.035291,0
6,12,3,-11.367247,24.908624,-9.967683,1.090004,1.428825,0
7,12,3,-10.025436,24.908624,-9.967683,0.446082,1.068576,0
8,12,3,-8.683624,24.908624,-9.967683,0.034602,1.000607,0
9,12,3,-7.341812,24.908624,-9.967683,0.000274,1.002390,1
10,12,3,-6.000000,24.908624,-9.967683,0.000007,1.002408,1
11,12,3,-4.658188,24.908624,-9.967683,0.000003,1.002408,1
12,12,3,-3.316376,24.908624,-9.967683,0.000034,1.002406,1
13,12,3,-1.974564,24.908624,-9.967683,0.003352,1.002182,1
14,12,3,-0.632753,24.908624,-9.967683,0.187876,1.006988,0
15,12,3,0.709059,24.908624,-9.967683,0.759241,1.214832,0
16,12,3,2.050871,24.908624,-9.967683,1.460909,1.713526,0
17,12,3,3.392683,24.908624,-9.967683,2.260932,2.408861,0
18,12,3,4.734495,24.908624,-9.967683,3.142721,3.231876,0
19,12,3,6.076307,24.908624,-9.967683,4.092036,4.145025,0
20,12,3,7.418119,24.908624,-9.967683,5.097000,5.126041,0
0,13,3,-19.418119,26.250436,-9.967683,6.945990,6.948874,0
1,13,3,-18.076307,26.250436,-9.967683,5.892489,5.908285,0
2,13,3,-16.734495,26.250436,-9.967683,4.882284,4.915629,0
3,13,3,-15.392683,26.250436,-9.967683,3.924115,3.982271,0
4,13,3,-14.050871,26.250436,-9.967683,3.028583,3.123538,0
5,13,3,-12.709059,26.250436,-9.967683,2.208345,2.361121,0
6,13,3,-11.367247,26.250436,-9.967683,1.478153,1.727558,0
7,13,3,-10.025436,26.250436,-9.967683,0.854537,1.271365,0
8,13,3,-8.683624,26.250436,-9.967683,0.356723,1.040446,0
9,13,3,-7.341812,26.250436,-9.967683,0.062105,1.000027,0
10,13,3,-6.000000,26.250436,-9.967683,0.007466,1.001919,1
11,13,3,-4.658188,26.250436,-9.967683,0.004404,1.002113,1
12,13,3,-3.316376,26.250436,-9.967683,0.019983,1.001223,0
13,13,3,-1.974564,26.250436,-9.967683,0.175557,1.005614,0
14,13,3,-0.632753,26.250436,-9.967683,0.592993,1.128761,0
15,13,3,0.709059,26.250436,-9.967683,1.157861,1.478056,0
16,13,3,2.050871,26.250436,-9.967683,1.837927,2.031631,0
17,13,3,3.392683,26.250436,-9.967683,2.615961,2.735826,0
18,13,3,4.734495,26.250436,-9.967683,3.476274,3.550561,0
19,13,3,6.076307,26.250436,-9.967683,4.405167,4.449548,0
20,13,3,7.418119,26.250436,-9.967683,5.391049,5.414745,0
0,14,3,-19.418119,27.592247,-9.967683,7.308473,7.307771,0
1,14,3,-18.076307,27.592247,-9.967683,6.276975,6.287561,0
2,14,3,-16.734495,27.592247,-9.967683,5.290499,5.315957,0
3,14,3,-15.392683,27.592247,-9.967683,4.357671,4.403280,0
4,14,3,-14.050871,27.592247,-9.967683,3.488794,3.562576,0
5,14,3,-12.709059,27.592247,-9.967683,2.695966,2.810446,0
6,14,3,-11.367247,27.592247,-9.967683,1.993017,2.167977,0
7,14,3,-10.025436,27.592247,-9.967683,1.395139,1.660561,0
8,14,3,-8.683624,27.592247,-9.967683,0.918038,1.311529,0
9,14,3,-7.341812,27.592247,-9.967683,0.576657,1.121278,0
10,14,3,-6.000000,27.592247,-9.967683,0.383972,1.048297,0
11,14,3,-4.658188,27.592247,-9.967683,0.346111,1.037566,0
12,14,3,-3.316376,27.592247,-9.967683,0.462904,1.074620,0
13,14,3,-1.974564,27.592247,-9.967683,0.732759,1.199993,0
14,14,3,-0.632753,27.592247,-9.967683,1.145057,1.468653,0
15,14,3,0.709059,27.592247,-9.967683,1.685639,1.900547,0
16,14,3,2.050871,27.592247,-9.967683,2.339004,2.480100,0
17,14,3,3.392683,27.592247,-9.967683,3.089571,3.181377,0
18,14,3,4.734495,27.592247,-9.967683,3.922769,3.980967,0
19,14,3,6.076307,27.592247,-9.967683,4.825624,4.860168,0
20,14,3,7.418119,27.592247,-9.967683,5.786963,5.804309,0
0,15,3,-19.418119,28.934059,-9.967683,7.759711,7.755010,0
1,15,3,-18.076307,28.934059,-9.967683,6.754316,6.759252,0
2,15,3,-16.734495,28.934059,-9.967683,5.795749,5.812964,0
3,15,3,-15.392683,28.934059,-9.967683,4.892438,4.925571,0
4,15,3,-14.050871,28.934059,-9.967683,4.054273,4.108387,0
5,15,3,-12.709059,28.934059,-9.967683,3.292649,3.374765,0
6,15,3,-11.367247,28.934059,-9.967683,2.620327,2.739889,0
7,15,3,-10.025436,28.934059,-9.967683,2.051020,2.219603,0
8,15,3,-8.683624,28.934059,-9.967683,1.598603,1.827108,0
9,15,3,-7.341812,28.934059,-9.967683,1.275911,1.567022,0
10,15,3,-6.000000,28.934059,-9.967683,1.093257,1.431150,0
11,15,3,-4.658188,28.934059,-9.967683,1.056958,1.405411,0
12,15,3,-3.316376,28.934059,-9.967683,1.168316,1.485771,0
13,15,3,-1.974564,28.934059,-9.967683,1.423388,1.683200,0
14,15,3,-0.632753,28.934059,-9.967683,1.813656,2.010540,0
15,15,3,0.709059,28.934059,-9.967683,2.327328,2.469419,0
16,15,3,2.050871,28.934059,-9.967683,2.950865,3.050013,0
17,15,3,3.392683,28.934059,-9.967683,3.670352,3.737182,0
18,15,3,4.734495,28.934059,-9.967683,4.472486,4.515171,0
19,15,3,6.076307,28.934059,-9.967683,5.345172,5.369663,0
20,15,3,7.418119,28.934059,-9.967683,6.277776,6.288352,0
0,16,3,-19.418119,30.275871,-9.967683,8.293506,8.284634,0
1,16,3,-18.076307,30.275871,-9.967683,7.317289,7.316504,0
2,16,3,-16.734495,30.275871,-9.967683,6.389622,6.398799,0
3,16,3,-15.392683,30.275871,-9.967683,5.518641,5.540192,0
4,16,3,-14.050871,30.275871,-9.967683,4.713722,4.750716,0
5,16,3,-12.709059,30.275871,-9.967683,3.985451,4.041670,0
6,16,3,-11.367247,30.275871,-9.967683,3.345431,3.425213,0
7,16,3,-10.025436,30.275871,-9.967683,2.805864,2.913414,0
8,16,3,-8.683624,30.275871,-9.967683,2.378825,2.516592,0
9,16,3,-7.341812,30.275871,-9.967683,2.075271,2.241280,0
10,16,3,-6.000000,30.275871,-9.967683,1.903857,2.089274,0
11,16,3,-4.658188,30.275871,-9.967683,1.869829,2.059461,0
12,16,3,-3.316376,30.275871,-9.967683,1.974260,2.151353,0
13,16,3,-1.974564,30.275871,-9.967683,2.213890,2.366145,0
14,16,3,-0.632753,30.275871,-9.967683,2.581611,2.703881,0
15,16,3,0.709059,30.275871,-9.967683,3.067447,3.160381,0
16,16,3,2.050871,30.275871,-9.967683,3.659729,3.726947,0
17,16,3,3.392683,30.275871,-9.967683,4.346212,4.392121,0
18,16,3,4.734495,30.275871,-9.967683,5.114926,5.143624,0
19,16,3,6.076307,30.275871,-9.967683,5.954751,5.969658,0
20,16,3,7.418119,30.275871,-9.967683,6.855705,6.859542,0
0,17,3,-19.418119,31.617683,-9.967683,8.903246,8.890221,0
1,17,3,-18.076307,31.617683,-9.967683,7.958303,7.951985,0
2,17,3,-16.734495,31.617683,-9.967683,7.063422,7.065105,0
3,17,3,-15.392683,31.617683,-9.967683,6.226365,6.237600,0
4,17,3,-14.050871,31.617683,-9.967683,5.455911,5.478504,0
5,17,3,-12.709059,31.617683,-9.967683,4.761774,4.797702,0
6,17,3,-11.367247,31.617683,-9.967683,4.154382,4.205557,0
7,17,3,-10.025436,31.617683,-9.967683,3.644467,3.712247,0
8,17,3,-8.683624,31.617683,-9.967683,3.242437,3.326841,0
9,17,3,-7.341812,31.617683,-9.967683,2.957556,3.056335,0
10,17,3,-6.000000,31.617683,-9.967683,2.797038,2.905126,0
11,17,3,-4.658188,31.617683,-9.967683,2.765203,2.875258,0
12,17,3,-3.316376,31.617683,-9.967683,2.862934,2.967082,0
13,17,3,-1.974564,31.617683,-9.967683,3.087552,3.179460,0
14,17,3,-0.632753,31.617683,-9.967683,3.433169,3.509221,0
15,17,3,0.709059,31.617683,-9.967683,3.891415,3.950626,0
16,17,3,2.050871,31.617683,-9.967683,4.452330,4.495517,0
17,17,3,3.392683,31.617683,-9.967683,5.105251,5.134134,0
18,17,3,4.734495,31.617683,-9.967683,5.839535,5.856102,0
19,17,3,6.076307,31.617683,-9.967683,6.645080,6.651238,0
20,17,3,7.418119,31.617683,-9.967683,7.512631,7.510060,0
0,18,3,-19.418119,32.959495,-9.967683,9.582212,9.565183,0
1,18,3,-18.076307,32.959495,-9.967683,8.669765,8.658261,0
2,18,3,-16.734495,32.959495,-9.967683,7.808603,7.803496,0
3,18,3,-15.392683,32.959495,-9.967683,7.006048,7.008313,0
4,18,3,-14.050871,32.959495,-9.967683,6.270230,6.280902,0
5,18,3,-12.709059,32.959495,-9.967683,5.609975,5.630050,0
6,18,3,-11.367247,32.959495,-9.967683,5.034565,5.064821,0
7,18,3,-10.025436,32.959495,-9.967683,4.553367,4.594077,0
8,18,3,-8.683624,32.959495,-9.967683,4.175292,4.225869,0
9,18,3,-7.341812,32.959495,-9.967683,3.908140,3.966809,0
10,18,3,-6.000000,32.959495,-9.967683,3.757902,3.821611,0
11,18,3,-4.658188,32.959495,-9.967683,3.728132,3.792886,0
12,18,3,-3.316376,32.959495,-9.967683,3.819552,3.881147,0
13,18,3,-1.974564,32.959495,-9.967683,4.029965,4.084815,0
14,18,3,-0.632753,32.959495,-9.967683,4.354508,4.400200,0
15,18,3,0.709059,32.959495,-9.967683,4.786183,4.821578,0
16,18,3,2.050871,32.959495,-9.967683,5.316536,5.341532,0
17,18,3,3.392683,32.959495,-9.967683,5.936349,5.951517,0
18,18,3,4.734495,32.959495,-9.967683,6.636240,6.642499,0
19,18,3,6.076307,32.959495,-9.967683,7.407122,7.405504,0
20,18,3,7.418119,32.959495,-9.967683,8.240503,8.232021,0
0,19,3,-19.418119,34.301307,-9.967683,10.323821,10.303019,0
1,19,3,-18.076307,34.301307,-9.967683,9.444353,9.428091,0
2,19,3,-16.734495,34.301307,-9.967683,8.617068,8.605919,0
3,19,3,-15.392683,34.301307,-9.967683,7.848803,7.843367,0
4,19,3,-14.050871,34.301307,-9.967683,7.147021,7.147871,0
5,19,3,-12.709059,34.301307,-9.967683,6.519670,6.527280,0
6,19,3,-11.367247,34.301307,-9.967683,5.974961,5.989583,0
7,19,3,-10.025436,34.301307,-9.967683,5.521027,5.542539,0
8,19,3,-8.683624,34.301307,-9.967683,5.165473,5.193216,0
9,19,3,-7.341812,34.301307,-9.967683,4.914858,4.947527,0
10,19,3,-6.000000,34.301307,-9.967683,4.774156,4.809813,0
11,19,3,-4.658188,34.301307,-9.967683,4.746297,4.782566,0
12,19,3,-3.316376,34.301307,-9.967683,4.831873,4.866283,0
13,19,3,-1.974564,34.301307,-9.967683,5.029077,5.059441,0
14,19,3,-0.632753,34.301307,-9.967683,5.333889,5.358578,0
15,19,3,0.709059,34.301307,-9.967683,5.740463,5.758510,0
16,19,3,2.050871,34.301307,-9.967683,6.241640,6.252678,0
17,19,3,3.392683,34.301307,-9.967683,6.829483,6.833602,0
18,19,3,4.734495,34.301307,-9.967683,7.495772,7.493352,0
19,19,3,6.076307,34.301307,-9.967683,8.232393,8.223971,0
20,19,3,7.418119,34.301307,-9.967683,9.031622,9.017794,0
0,20,3,-19.418119,35.643119,-9.967683,11.121798,11.097500,0
1,20,3,-18.076307,35.643119,-9.967683,10.275204,10.254633,0
2,20,3,-16.734495,35.643119,-9.967683,9.481358,9.464887,0
3,20,3,-15.392683,35.643119,-9.967683,8.746595,8.734582,0
4,20,3,-14.050871,35.643119,-9.967683,8.077711,8.070459,0
5,20,3,-12.709059,35.643119,-9.967683,7.481825,7.479529,0
6,20,3,-11.367247,35.643119,-9.967683,6.966165,6.968840,0
7,20,3,-10.025436,35.643119,-9.967683,6.537774,6.545171,0
8,20,3,-8.683624,35.643119,-9.967683,6.203137,6.214674,0
9,20,3,-7.341812,35.643119,-9.967683,5.967775,5.982498,0
10,20,3,-6.000000,35.643119,-9.967683,5.835827,5.852449,0
11,20,3,-4.658188,35.643119,-9.967683,5.809718,5.826725,0
12,20,3,-3.316376,35.643119,-9.967683,5.889935,5.905768,0
13,20,3,-1.974564,35.643119,-9.967683,6.074988,6.088229,0
14,20,3,-0.632753,35.643119,-9.967683,6.361542,6.371065,0
15,20,3,0.709059,35.643119,-9.967683,6.744705,6.749747,0
16,20,3,2.050871,35.643119,-9.967683,7.218412,7.218568,0
17,20,3,3.392683,35.643119,-9.967683,7.775845,7.771009,0
18,20,3,4.734495,35.643119,-9.967683,8.409824,8.400114,0
19,20,3,6.076307,35.643119,-9.967683,9.113146,9.098819,0
20,20,3,7.418119,35.643119,-9.967683,9.878832,9.860226,0
0,0,4,-19.418119,8.806881,-8.625871,10.272091,10.251535,0
1,0,4,-18.076307,8.806881,-8.625871,9.390402,9.374445,0
2,0,4,-16.734495,8.806881,-8.625871,8.560845,8.550080,0
3,0,4,-15.392683,8.806881,-8.625871,7.790293,7.785338,0
4,0,4,-14.050871,8.806881,-8.625871,7.086252,7.087705,0
5,0,4,-12.709059,8.806881,-8.625871,6.456728,6.465089,0
6,0,4,-11.367247,8.806881,-8.625871,5.910003,5.925547,0
7,0,4,-10.025436,8.806881,-8.625871,5.454286,5.476907,0
8,0,4,-8.683624,8.806881,-8.625871,5.097267,5.126303,0
9,0,4,-7.341812,8.806881,-8.625871,4.845580,4.879698,0
10,0,4,-6.000000,8.806881,-8.625871,4.704260,4.741467,0
11,0,4,-4.658188,8.806881,-8.625871,4.676278,4.714117,0
12,0,4,-3.316376,8.806881,-8.625871,4.762231,4.798149,0
13,0,4,-1.974564,8.806881,-8.625871,4.960291,4.992030,0
14,0,4,-0.632753,8.806881,-8.625871,5.266385,5.292275,0
15,0,4,0.709059,8.806881,-8.625871,5.674596,5.693655,0
16,0,4,2.050871,8.806881,-8.625871,6.177685,6.189555,0
17,0,4,3.392683,8.806881,-8.625871,6.767634,6.772424,0
18,0,4,4.734495,8.806881,-8.625871,7.436147,7.434264,0
19,0,4,6.076307,8.806881,-8.625871,8.175047,8.167054,0
20,0,4,7.418119,8.806881,-8.625871,8.976561,8.963075,0
0,1,4,-19.418119,10.148693,-8.625871,9.470503,9.454093,0
1,1,4,-18.076307,10.148693,-8.625871,8.552868,8.542157,0
2,1,4,-16.734495,10.148693,-8.625871,7.686344,7.682262,0
3,1,4,-15.392683,10.148693,-8.625871,6.878330,6.881926,0
4,1,4,-14.050871,10.148693,-8.625871,6.137058,6.149465,0
5,1,4,-12.709059,10.148693,-8.625871,5.471494,5.493826,0
6,1,4,-11.367247,10.148693,-8.625871,4.891099,4.924261,0
7,1,4,-10.025436,10.148693,-8.625871,4.405446,4.449820,0
8,1,4,-8.683624,10.148693,-8.625871,4.023672,4.078713,0
9,1,4,-7.341812,10.148693,-8.625871,3.753792,3.817644,0
10,1,4,-6.000000,10.148693,-8.625871,3.601975,3.671343,0
11,1,4,-4.658188,10.148693,-8.625871,3.571889,3.642404,0
12,1,4,-3.316376,10.148693,-8.625871,3.664277,3.731329,0
13,1,4,-1.974564,10.148693,-8.625871,3.876873,3.936560,0
14,1,4,-0.632753,10.148693,-8.625871,4.204665,4.254414,0
15,1,4,0.709059,10.148693,-8.625871,4.640452,4.679113,0
16,1,4,2.050871,10.148693,-8.625871,5.175558,5.203113,0
17,1,4,3.392683,10.148693,-8.625871,5.800545,5.817688,0
18,1,4,4.734495,10.148693,-8.625871,6.505839,6.513613,0
19,1,4,6.076307,10.148693,-8.625871,7.282192,7.281738,0
20,1,4,7.418119,10.148693,-8.625871,8.120993,8.113410,0
0,2,4,-19.418119,11.490505,-8.625871,8.727430,8.715543,0
1,2,4,-18.076307,11.490505,-8.625871,7.773683,7.768865,0
2,2,4,-16.734495,11.490505,-8.625871,6.869605,6.873293,0
3,2,4,-15.392683,11.490505,-8.625871,6.023070,6.037023,0
4,2,4,-14.050871,11.490505,-8.625871,5.243029,5.269342,0
5,2,4,-12.709059,11.490505,-8.625871,4.539441,4.580486,0
6,2,4,-11.367247,11.490505,-8.625871,3.923057,3.981246,0
7,2,4,-10.025436,11.490505,-8.625871,3.405006,3.482236,0
8,2,4,-8.683624,11.490505,-8.625871,2.996143,3.092824,0
9,2,4,-7.341812,11.490505,-8.625871,2.706178,2.819992,0
10,2,4,-6.000000,11.490505,-8.625871,2.542700,2.667768,0
11,2,4,-4.658188,11.490505,-8.625871,2.510270,2.637731,0
12,2,4,-3.316376,11.490505,-8.625871,2.609820,2.730110,0
13,2,4,-1.974564,11.490505,-8.625871,2.838520,2.944108,0
14,2,4,-0.632753,11.490505,-8.625871,3.190166,3.277025,0
15,2,4,0.709059,11.490505,-8.625871,3.655965,3.723321,0
16,2,4,2.050871,11.490505,-8.625871,4.225506,4.274674,0
17,2,4,3.392683,11.490505,-8.625871,4.887698,4.920930,0
18,2,4,4.734495,11.490505,-8.625871,5.631538,5.651272,0
19,2,4,6.076307,11.490505,-8.625871,6.446640,6.455123,0
20,2,4,7.418119,11.490505,-8.625871,7.323542,7.322699,0
0,3,4,-19.418119,12.832317,-8.625871,8.049689,8.042654,0
1,3,4,-18.076307,12.832317,-8.625871,7.060363,7.062077,0
2,3,4,-16.734495,12.832317,-8.625871,6.118852,6.131502,0
3,3,4,-15.392683,12.832317,-8.625871,5.233430,5.259918,0
4,3,4,-14.050871,12.832317,-8.625871,4.413711,4.457874,0
5,3,4,-12.709059,12.832317,-8.625871,3.670645,3.737464,0
6,3,4,-11.367247,12.832317,-8.625871,3.016350,3.111952,0
7,3,4,-10.025436,12.832317,-8.625871,2.463688,2.594686,0
8,3,4,-8.683624,12.832317,-8.625871,2.025513,2.196861,0
9,3,4,-7.341812,12.832317,-8.625871,1.713585,1.924369,0
10,3,4,-6.000000,12.832317,-8.625871,1.537263,1.776088,0
11,3,4,-4.658188,12.832317,-8.625871,1.502244,1.747258,0
12,3,4,-3.316376,12.832317,-8.625871,1.609698,1.836404,0
13,3,4,-1.974564,12.832317,-8.625871,1.856078,2.047450,0
14,3,4,-0.632753,12.832317,-8.625871,2.233678,2.384093,0
15,3,4,0.709059,12.832317,-8.625871,2.731748,2.843915,0
16,3,4,2.050871,12.832317,-8.625871,3.337818,3.417932,0
17,3,4,3.392683,12.832317,-8.625871,4.038914,4.093493,0
18,3,4,4.734495,12.832317,-8.625871,4.822481,4.857092,0
19,3,4,6.076307,12.832317,-8.625871,5.676960,5.695982,0
20,3,4,7.418119,12.832317,-8.625871,6.592074,6.598839,0
0,4,4,-19.418119,14.174129,-8.625871,7.444448,7.442490,0
1,4,4,-18.076307,14.174129,-8.625871,6.420961,6.429755,0
2,4,4,-16.734495,14.174129,-8.625871,5.443078,5.465887,0
3,4,4,-15.392683,14.174129,-8.625871,4.519371,4.560903,0
4,4,4,-14.050871,14.174129,-8.625871,3.660023,3.727230,0
5,4,4,-12.709059,14.174129,-8.625871,2.876917,2.980250,0
6,4,4,-11.367247,14.174129,-8.625871,2.183554,2.338686,0
7,4,4,-10.025436,14.174129,-8.625871,1.594660,1.823809,0
8,4,4,-8.683624,14.174129,-8.625871,1.125353,1.454283,0
9,4,4,-7.341812,14.174129,-8.625871,0.789826,1.232456,0
10,4,4,-6.000000,14.174129,-8.625871,0.599689,1.131882,0
11,4,4,-4.658188,14.174129,-8.625871,0.561921,1.114689,0
12,4,4,-3.316376,14.174129,-8.625871,0.677823,1.170523,0
13,4,4,-1.974564,14.174129,-8.625871,0.943251,1.327982,0
14,4,4,-0.632753,14.174129,-8.625871,1.348591,1.623641,0
15,4,4,0.709059,14.174129,-8.625871,1.880692,2.068965,0
16,4,4,2.050871,14.174129,-8.625871,2.524700,2.651090,0
17,4,4,3.392683,14.174129,-8.625871,3.265562,3.348904,0
18,4,4,4.734495,14.174129,-8.625871,4.089102,4.142178,0
19,4,4,6.076307,14.174129,-8.625871,4.982617,5.013906,0
20,4,4,7.418119,14.174129,-8.625871,5.935093,5.950279,0
0,5,4,-19.418119,15.515941,-8.625871,6.919017,6.922184,0
1,5,4,-18.076307,15.515941,-8.625871,5.863841,5.880052,0
2,5,4,-16.734495,15.515941,-8.625871,4.851820,4.885806,0
3,5,4,-15.392683,15.515941,-8.625871,3.891704,3.950906,0
4,5,4,-14.050871,15.515941,-8.625871,2.994110,3.090900,0
5,5,4,-12.709059,15.515941,-8.625871,2.171741,2.328013,0
6,5,4,-11.367247,15.515941,-8.625871,1.439416,1.696118,0
7,5,4,-10.025436,15.515941,-8.625871,0.813776,1.246606,0
8,5,4,-8.683624,15.515941,-8.625871,0.315759,1.029888,0
9,5,4,-7.341812,15.515941,-8.625871,0.045241,1.000293,0
10,5,4,-6.000000,15.515941,-8.625871,0.005154,1.002065,1
11,5,4,-4.658188,15.515941,-8.625871,0.003073,1.002200,1
12,5,4,-3.316376,15.515941,-8.625871,0.013829,1.001545,0
13,5,4,-1.974564,15.515941,-8.625871,0.142202,1.002643,0
14,5,4,-0.632753,15.515941,-8.625871,0.551423,1.110091,0
15,5,4,0.709059,15.515941,-8.625871,1.118108,1.449031,0
16,5,4,2.050871,15.515941,-8.625871,1.800271,1.998939,0
17,5,4,3.392683,15.515941,-8.625871,2.580448,2.702801,0
18,5,4,4.734495,15.515941,-8.625871,3.442864,3.518515,0
19,5,4,6.076307,15.515941,-8.625871,4.373764,4.418954,0
20,5,4,7.418119,15.515941,-8.625871,5.361527,5.385734,0
0,6,4,-19.418119,16.857753,-8.625871,6.480559,6.488634,0
1,6,4,-18.076307,16.857753,-8.625871,5.397345,5.420933,0
2,6,4,-16.734495,16.857753,-8.625871,4.354788,4.400473,0
3,6,4,-15.392683,16.857753,-8.625871,3.361689,3.440765,0
4,6,4,-14.050871,16.857753,-8.625871,2.428951,2.562668,0
5,6,4,-12.709059,16.857753,-8.625871,1.569923,1.803173,0
6,6,4,-11.367247,16.857753,-8.625871,0.800603,1.238786,0
7,6,4,-10.025436,16.857753,-8.625871,0.159825,1.004076,0
8,6,4,-8.683624,16.857753,-8.625871,0.000793,1.002354,1
9,6,4,-7.341812,16.857753,-8.625871,0.000002,1.002408,1
10,6,4,-6.000000,16.857753,-8.625871,0.000000,1.002408,1
11,6,4,-4.658188,16.857753,-8.625871,0.000000,1.002408,1
12,6,4,-3.316376,16.857753,-8.625871,0.000000,1.002408,1
13,6,4,-1.974564,16.857753,-8.625871,0.000033,1.002406,1
14,6,4,-0.632753,16.857753,-8.625871,0.018928,1.001275,0
15,6,4,0.709059,16.857753,-8.625871,0.462156,1.074347,0
16,6,4,2.050871,16.857753,-8.625871,1.180248,1.494617,0
17,6,4,3.392683,16.857753,-8.625871,1.997438,2.171901,0
18,6,4,4.734495,16.857753,-8.625871,2.895850,2.998093,0
19,6,4,6.076307,16.857753,-8.625871,3.860848,3.921062,0
20,6,4,7.418119,16.857753,-8.625871,4.880366,4.913752,0
0,7,4,-19.418119,18.199564,-8.625871,6.135715,6.148140,0
1,7,4,-18.076307,18.199564,-8.625871,5.029345,5.059704,0
2,7,4,-16.734495,18.199564,-8.625871,3.961319,4.018293,0
3,7,4,-15.392683,18.199564,-8.625871,2.940398,3.040126,0
4,7,4,-14.050871,18.199564,-8.625871,1.977624,2.154331,0
5,7,4,-12.709059,18.199564,-8.625871,1.086799,1.426537,0
6,7,4,-11.367247,18.199564,-8.625871,0.289416,1.023908,0
7,7,4,-10.025436,18.199564,-8.625871,0.000638,1.002364,1
8,7,4,-8.683624,18.199564,-8.625871,0.000000,1.002408,1
9,7,4,-7.341812,18.199564,-8.625871,0.000000,1.002408,1
10,7,4,-6.000000,18.199564,-8.625871,0.000000,1.002408,1
11,7,4,-4.658188,18.199564,-8.625871,0.000000,1.002408,1
12,7,4,-3.316376,18.199564,-8.625871,0.000000,1.002408,1
13,7,4,-1.974564,18.199564,-8.625871,0.000000,1.002408,1
14,7,4,-0.632753,18.199564,-8.625871,0.000006,1.002408,1
15,7,4,0.709059,18.199564,-8.625871,0.037132,1.000522,0
16,7,4,2.050871,18.199564,-8.625871,0.681188,1.172275,0
17,7,4,3.392683,18.199564,-8.625871,1.530689,1.770659,0
18,7,4,4.734495,18.199564,-8.625871,2.460083,2.591360,0
19,7,4,6.076307,18.199564,-8.625871,3.454023,3.529215,0
20,7,4,7.418119,18.199564,-8.625871,4.500168,4.542169,0
0,8,4,-19.418119,19.541376,-8.625871,5.890190,5.906019,0
1,8,4,-18.076307,19.541376,-8.625871,4.766699,4.802519,0
2,8,4,-16.734495,19.541376,-8.625871,3.679693,3.746183,0
3,8,4,-15.392683,19.541376,-8.625871,2.637843,2.756205,0
4,8,4,-14.050871,19.541376,-8.625871,1.652230,1.872219,0
5,8,4,-12.709059,19.541376,-8.625871,0.736946,1.202313,0
6,8,4,-11.367247,19.541376,-8.625871,0.030577,1.000755,0
7,8,4,-10.025436,19.541376,-8.625871,0.000001,1.002408,1
8,8,4,-8.683624,19.541376,-8.625871,0.000000,1.002408,1
9,8,4,-7.341812,19.541376,-8.625871,0.000000,1.002408,1
10,8,4,-6.000000,19.541376,-8.625871,0.000000,1.002408,1
11,8,4,-4.658188,19.541376,-8.625871,0.000000,1.002408,1
12,8,4,-3.316376,19.541376,-8.625871,0.000000,1.002408,1
13,8,4,-1.974564,19.541376,-8.625871,0.000000,1.002408,1
14,8,4,-0.632753,19.541376,-8.625871,0.000000,1.002408,1
15,8,4,0.709059,19.541376,-8.625871,0.000301,1.002388,1
16,8,4,2.050871,19.541376,-8.625871,0.321955,1.031388,0
17,8,4,3.392683,19.541376,-8.625871,1.193462,1.504464,0
18,8,4,4.734495,19.541376,-8.625871,2.146554,2.305294,0
19,8,4,6.076307,19.541376,-8.625871,3.162376,3.250571,0
20,8,4,7.418119,19.541376,-8.625871,4.228451,4.277537,0
0,9,4,-19.418119,20.883188,-8.625871,5.748330,5.766257,0
1,9,4,-18.076307,20.883188,-8.625871,4.614693,4.653952,0
2,9,4,-16.734495,20.883188,-8.625871,3.516380,3.589060,0
3,9,4,-15.392683,20.883188,-8.625871,2.461980,2.593111,0
4,9,4,-14.050871,20.883188,-8.625871,1.462566,1.714872,0
5,9,4,-12.709059,20.883188,-8.625871,0.532596,1.102047,0
6,9,4,-11.367247,20.883188,-8.625871,0.002361,1.002248,1
7,9,4,-10.025436,20.883188,-8.625871,0.000000,1.002408,1
8,9,4,-8.683624,20.883188,-8.625871,0.000000,1.002408,1
9,9,4,-7.341812,20.883188,-8.625871,0.000000,1.002408,1
10,9,4,-6.000000,20.883188,-8.625871,0.000000,1.002408,1
11,9,4,-4.658188,20.883188,-8.625871,0.000000,1.002408,1
12,9,4,-3.316376,20.883188,-8.625871,0.000000,1.002408,1
13,9,4,-1.974564,20.883188,-8.625871,0.000000,1.002408,1
14,9,4,-0.632753,20.883188,-8.625871,0.000000,1.002408,1
15,9,4,0.709059,20.883188,-8.625871,0.000007,1.002408,1
16,9,4,2.050871,20.883188,-8.625871,0.133937,1.002077,0
17,9,4,3.392683,20.883188,-8.625871,0.996603,1.363679,0
18,9,4,4.734495,20.883188,-8.625871,1.964075,2.142340,0
19,9,4,6.076307,20.883188,-8.625871,2.993064,3.089910,0
20,9,4,7.418119,20.883188,-8.625871,4.071050,4.124662,0
0,10,4,-19.418119,22.225000,-8.625871,5.712759,5.731229,0
1,10,4,-18.076307,22.225000,-8.625871,4.576549,4.616706,0
2,10,4,-16.734495,22.225000,-8.625871,3.475359,3.549683,0
3,10,4,-15.392683,22.225000,-8.625871,2.417759,2.552366,0
4,10,4,-14.050871,22.225000,-8.625871,1.414811,1.676308,0
5,10,4,-12.709059,22.225000,-8.625871,0.481210,1.081457,0
6,10,4,-11.367247,22.225000,-8.625871,0.001060,1.002336,1
7,10,4,-10.025436,22.225000,-8.625871,0.000000,1.002408,1
8,10,4,-8.683624,22.225000,-8.625871,0.000000,1.002408,1
9,10,4,-7.341812,22.225000,-8.625871,0.000000,1.002408,1
10,10,4,-6.000000,22.225000,-8.625871,0.000000,1.002408,1
11,10,4,-4.658188,22.225000,-8.625871,0.000000,1.002408,1
12,10,4,-3.316376,22.225000,-8.625871,0.000000,1.002408,1
13,10,4,-1.974564,22.225000,-8.625871,0.000000,1.002408,1
14,10,4,-0.632753,22.225000,-8.625871,0.000000,1.002408,1
15,10,4,0.709059,22.225000,-8.625871,0.000002,1.002408,1
16,10,4,2.050871,22.225000,-8.625871,0.096376,1.000363,0
17,10,4,3.392683,22.225000,-8.625871,0.947000,1.330451,0
18,10,4,4.734495,22.225000,-8.625871,1.918161,2.101844,0
19,10,4,6.076307,22.225000,-8.625871,2.950516,3.049682,0
20,10,4,7.418119,22.225000,-8.625871,4.031535,4.086337,0
0,11,4,-19.418119,23.566812,-8.625871,5.784151,5.801539,0
1,11,4,-18.076307,23.566812,-8.625871,4.653094,4.691463,0
2,11,4,-16.734495,23.566812,-8.625871,3.557660,3.628724,0
3,11,4,-15.392683,23.566812,-8.625871,2.506462,2.634208,0
4,11,4,-14.050871,23.566812,-8.625871,1.510577,1.754098,0
5,11,4,-12.709059,23.566812,-8.625871,0.584303,1.124757,0
6,11,4,-11.367247,23.566812,-8.625871,0.004594,1.002101,1
7,11,4,-10.025436,23.566812,-8.625871,0.000000,1.002408,1
8,11,4,-8.683624,23.566812,-8.625871,0.000000,1.002408,1
9,11,4,-7.341812,23.566812,-8.625871,0.000000,1.002408,1
10,11,4,-6.000000,23.566812,-8.625871,0.000000,1.002408,1
11,11,4,-4.658188,23.566812,-8.625871,0.000000,1.002408,1
12,11,4,-3.316376,23.566812,-8.625871,0.000000,1.002408,1
13,11,4,-1.974564,23.566812,-8.625871,0.000000,1.002408,1
14,11,4,-0.632753,23.566812,-8.625871,0.000000,1.002408,1
15,11,4,0.709059,23.566812,-8.625871,0.000016,1.002407,1
16,11,4,2.050871,23.566812,-8.625871,0.176377,1.005701,0
17,11,4,3.392683,23.566812,-8.625871,1.046456,1.398052,0
18,11,4,4.734495,23.566812,-8.625871,2.010248,2.183280,0
19,11,4,6.076307,23.566812,-8.625871,3.035874,3.130447,0
20,11,4,7.418119,23.566812,-8.625871,4.110824,4.163261,0
0,12,4,-19.418119,24.908624,-8.625871,5.961161,5.975978,0
1,12,4,-18.076307,24.908624,-8.625871,4.842675,4.876855,0
2,12,4,-16.734495,24.908624,-8.625871,3.761231,3.824824,0
3,12,4,-15.392683,24.908624,-8.625871,2.725531,2.838096,0
4,12,4,-14.050871,24.908624,-8.625871,1.746653,1.952696,0
5,12,4,-12.709059,24.908624,-8.625871,0.838597,1.261584,0
6,12,4,-11.367247,24.908624,-8.625871,0.074891,1.000015,0
7,12,4,-10.025436,24.908624,-8.625871,0.000004,1.002408,1
8,12,4,-8.683624,24.908624,-8.625871,0.000000,1.002408,1
9,12,4,-7.341812,24.908624,-8.625871,0.000000,1.002408,1
10,12,4,-6.000000,24.908624,-8.625871,0.000000,1.002408,1
11,12,4,-4.658188,24.908624,-8.625871,0.000000,1.002408,1
12,12,4,-3.316376,24.908624,-8.625871,0.000000,1.002408,1
13,12,4,-1.974564,24.908624,-8.625871,0.000000,1.002408,1
14,12,4,-0.632753,24.908624,-8.625871,0.000000,1.002408,1
15,12,4,0.709059,24.908624,-8.625871,0.001264,1.002322,1
16,12,4,2.050871,24.908624,-8.625871,0.425043,1.061343,0
17,12,4,3.392683,24.908624,-8.625871,1.291384,1.578966,0
18,12,4,4.734495,24.908624,-8.625871,2.237476,2.387541,0
19,12,4,6.076307,24.908624,-8.625871,3.246856,3.331056,0
20,12,4,7.418119,24.908624,-8.625871,4.307084,4.354030,0
0,13,4,-19.418119,26.250436,-8.625871,6.240554,6.251606,0
1,13,4,-18.076307,26.250436,-8.625871,5.141332,5.169529,0
2,13,4,-16.734495,26.250436,-8.625871,4.081192,4.134502,0
3,13,4,-15.392683,26.250436,-8.625871,3.068916,3.161775,0
4,13,4,-14.050871,26.250436,-8.625871,2.115515,2.277367,0
5,13,4,-12.709059,26.250436,-8.625871,1.234661,1.535489,0
6,13,4,-11.367247,26.250436,-8.625871,0.443633,1.067715,0
7,13,4,-10.025436,26.250436,-8.625871,0.004945,1.002078,1
8,13,4,-8.683624,26.250436,-8.625871,0.000000,1.002408,1
9,13,4,-7.341812,26.250436,-8.625871,0.000000,1.002408,1
10,13,4,-6.000000,26.250436,-8.625871,0.000000,1.002408,1
11,13,4,-4.658188,26.250436,-8.625871,0.000000,1.002408,1
12,13,4,-3.316376,26.250436,-8.625871,0.000000,1.002408,1
13,13,4,-1.974564,26.250436,-8.625871,0.000000,1.002408,1
14,13,4,-0.632753,26.250436,-8.625871,0.000053,1.002405,1
15,13,4,0.709059,26.250436,-8.625871,0.122253,1.001393,0
16,13,4,2.050871,26.250436,-8.625871,0.834040,1.258811,0
17,13,4,3.392683,26.250436,-8.625871,1.673410,1.890159,0
18,13,4,4.734495,26.250436,-8.625871,2.593113,2.714572,0
19,13,4,6.076307,26.250436,-8.625871,3.578041,3.648321,0
20,13,4,7.418119,26.250436,-8.625871,4.615928,4.655159,0
0,14,4,-19.418119,27.592247,-8.625871,6.617485,6.623957,0
1,14,4,-18.076307,27.592247,-8.625871,5.543191,5.564340,0
2,14,4,-16.734495,27.592247,-8.625871,4.510383,4.552134,0
3,14,4,-15.392683,27.592247,-8.625871,3.527858,3.600086,0
4,14,4,-14.050871,27.592247,-8.625871,2.606441,2.726966,0
5,14,4,-12.709059,27.592247,-8.625871,1.759284,1.963557,0
6,14,4,-11.367247,27.592247,-8.625871,1.002007,1.367359,0
7,14,4,-10.025436,27.592247,-8.625871,0.354202,1.039753,0
8,14,4,-8.683624,27.592247,-8.625871,0.011000,1.001707,0
9,14,4,-7.341812,27.592247,-8.625871,0.000015,1.002407,1
10,14,4,-6.000000,27.592247,-8.625871,0.000001,1.002409,1
11,14,4,-4.658188,27.592247,-8.625871,0.000001,1.002408,1
12,14,4,-3.316376,27.592247,-8.625871,0.000001,1.002409,1
13,14,4,-1.974564,27.592247,-8.625871,0.000548,1.002371,1
14,14,4,-0.632753,27.592247,-8.625871,0.111220,1.000872,0
15,14,4,0.709059,27.592247,-8.625871,0.668792,1.165854,0
16,14,4,2.050871,27.592247,-8.625871,1.375530,1.644948,0
17,14,4,3.392683,27.592247,-8.625871,2.180701,2.336107,0
18,14,4,4.734495,27.592247,-8.625871,3.067488,3.160420,0
19,14,4,6.076307,27.592247,-8.625871,4.021529,4.076636,0
20,14,4,7.418119,27.592247,-8.625871,5.030889,5.061217,0
0,15,4,-19.418119,28.934059,-8.625871,7.085885,7.087342,0
1,15,4,-18.076307,28.934059,-8.625871,6.040990,6.054695,0
2,15,4,-16.734495,28.934059,-8.625871,5.040087,5.070234,0
3,15,4,-15.392683,28.934059,-8.625871,4.091882,4.144875,0
4,15,4,-14.050871,28.934059,-8.625871,3.206861,3.292928,0
5,15,4,-12.709059,28.934059,-8.625871,2.397470,2.533712,0
6,15,4,-11.367247,28.934059,-8.625871,1.678098,1.894139,0
7,15,4,-10.025436,28.934059,-8.625871,1.064740,1.410890,0
8,15,4,-8.683624,28.934059,-8.625871,0.574242,1.120187,0
9,15,4,-7.341812,28.934059,-8.625871,0.229257,1.012689,0
10,15,4,-6.000000,28.934059,-8.625871,0.073051,1.000006,0
11,15,4,-4.658188,28.934059,-8.625871,0.052310,1.000147,0
12,15,4,-3.316376,28.934059,-8.625871,0.128563,1.001746,0
13,15,4,-1.974564,28.934059,-8.625871,0.384374,1.048418,0
14,15,4,-0.632753,28.934059,-8.625871,0.807722,1.243001,0
15,15,4,0.709059,28.934059,-8.625871,1.362950,1.634978,0
16,15,4,2.050871,28.934059,-8.625871,2.032391,2.202988,0
17,15,4,3.392683,28.934059,-8.625871,2.799537,2.907473,0
18,15,4,4.734495,28.934059,-8.625871,3.649139,3.716746,0
19,15,4,6.076307,28.934059,-8.625871,4.567780,4.608146,0
20,15,4,7.418119,28.934059,-8.625871,5.544027,5.565163,0
0,16,4,-19.418119,30.275871,-8.625871,7.638894,7.635218,0
1,16,4,-18.076307,30.275871,-8.625871,6.626644,6.633012,0
2,16,4,-16.734495,30.275871,-8.625871,5.660772,5.680047,0
3,16,4,-15.392683,30.275871,-8.625871,4.749766,4.785958,0
4,16,4,-14.050871,30.275871,-8.625871,3.903628,3.962442,0
5,16,4,-12.709059,30.275871,-8.625871,3.133940,3.223526,0
6,16,4,-11.367247,30.275871,-8.625871,2.453741,2.585511,0
7,16,4,-10.025436,30.275871,-8.625871,1.877123,2.065841,0
8,16,4,-8.683624,30.275871,-8.625871,1.418418,1.679204,0
9,16,4,-7.341812,30.275871,-8.625871,1.090954,1.429503,0
10,16,4,-6.000000,30.275871,-8.625871,0.905485,1.303442,0
11,16,4,-4.658188,30.275871,-8.625871,0.868617,1.280108,0
12,16,4,-3.316376,30.275871,-8.625871,0.981711,1.353598,0
13,16,4,-1.974564,30.275871,-8.625871,1.240643,1.540034,0
14,16,4,-0.632753,30.275871,-8.625871,1.636516,1.858954,0
15,16,4,0.709059,30.275871,-8.625871,2.157058,2.314763,0
16,16,4,2.050871,30.275871,-8.625871,2.788248,2.896875,0
17,16,4,3.392683,30.275871,-8.625871,3.515747,3.588453,0
18,16,4,4.734495,30.275871,-8.625871,4.325928,4.372373,0
19,16,4,6.076307,30.275871,-8.625871,5.206464,5.233446,0
20,16,4,7.418119,30.275871,-8.625871,6.146575,6.158855,0
0,17,4,-19.418119,31.617683,-8.625871,8.269262,8.260569,0
1,17,4,-18.076307,31.617683,-8.625871,7.291758,7.291214,0
2,17,4,-16.734495,31.617683,-8.625871,6.362734,6.372242,0
3,17,4,-15.392683,31.617683,-8.625871,5.490341,5.512359,0
4,17,4,-14.050871,31.617683,-8.625871,4.683978,4.721643,0
5,17,4,-12.709059,31.617683,-8.625871,3.954267,4.011463,0
6,17,4,-11.367247,31.617683,-8.625871,3.312862,3.394075,0
7,17,4,-10.025436,31.617683,-8.625871,2.772026,2.881656,0
8,17,4,-8.683624,31.617683,-8.625871,2.343912,2.484592,0
9,17,4,-7.341812,31.617683,-8.625871,2.039551,2.209369,0
10,17,4,-6.000000,31.617683,-8.625871,1.867665,2.057569,0
11,17,4,-4.658188,31.617683,-8.625871,1.833541,2.027815,0
12,17,4,-3.316376,31.617683,-8.625871,1.938263,2.119547,0
13,17,4,-1.974564,31.617683,-8.625871,2.178543,2.334157,0
14,17,4,-0.632753,31.617683,-8.625871,2.547217,2.671956,0
15,17,4,0.709059,31.617683,-8.625871,3.034236,3.128894,0
16,17,4,2.050871,31.617683,-8.625871,3.627855,3.696252,0
17,17,4,3.392683,31.617683,-8.625871,4.315758,4.362472,0
18,17,4,4.734495,31.617683,-8.625871,5.085919,5.115174,0
19,17,4,6.076307,31.617683,-8.625871,5.927176,5.942474,0
20,17,4,7.418119,31.617683,-8.625871,6.829516,6.833634,0
0,18,4,-19.418119,32.959495,-8.625871,8.969699,8.956255,0
1,18,4,-18.076307,32.959495,-8.625871,8.028041,8.021174,0
2,18,4,-16.734495,32.959495,-8.625871,7.136584,7.137537,0
3,18,4,-15.392683,32.959495,-8.625871,6.303048,6.313303,0
4,18,4,-14.050871,32.959495,-8.625871,5.536148,5.557412,0
5,18,4,-12.709059,32.959495,-8.625871,4.845506,4.879626,0
6,18,4,-11.367247,32.959495,-8.625871,4.241432,4.290160,0
7,18,4,-10.025436,32.959495,-8.625871,3.734512,3.799040,0
8,18,4,-8.683624,32.959495,-8.625871,3.334991,3.415228,0
9,18,4,-7.341812,32.959495,-8.625871,3.051975,3.145708,0
10,18,4,-6.000000,32.959495,-8.625871,2.892540,2.994973,0
11,18,4,-4.658188,32.959495,-8.625871,2.860924,2.965190,0
12,18,4,-3.316376,32.959495,-8.625871,2.957989,3.056744,0
13,18,4,-1.974564,32.959495,-8.625871,3.181110,3.268403,0
14,18,4,-0.632753,32.959495,-8.625871,3.524515,3.596875,0
15,18,4,0.709059,32.959495,-8.625871,3.979984,4.036373,0
16,18,4,2.050871,32.959495,-8.625871,4.537721,4.578808,0
17,18,4,3.392683,32.959495,-8.625871,5.187216,5.214554,0
18,18,4,4.734495,32.959495,-8.625871,5.917963,5.933393,0
19,18,4,6.076307,32.959495,-8.625871,6.719961,6.725277,0
20,18,4,7.418119,32.959495,-8.625871,7.584033,7.580832,0
0,19,4,-19.418119,34.301307,-8.625871,9.733133,9.715289,0
1,19,4,-18.076307,34.301307,-8.625871,8.827601,8.815060,0
2,19,4,-16.734495,34.301307,-8.625871,7.973570,7.967131,0
3,19,4,-15.392683,34.301307,-8.625871,7.178263,7.178808,0
4,19,4,-14.050871,34.301307,-8.625871,6.449672,6.458118,0
5,19,4,-12.709059,34.301307,-8.625871,5.796434,5.813639,0
6,19,4,-11.367247,34.301307,-8.625871,5.227601,5.254195,0
7,19,4,-10.025436,34.301307,-8.625871,4.752267,4.788404,0
8,19,4,-8.683624,34.301307,-8.625871,4.379054,4.424107,0
9,19,4,-7.341812,34.301307,-8.625871,4.115483,4.167783,0
10,19,4,-6.000000,34.301307,-8.625871,3.967313,4.024099,0
11,19,4,-4.658188,34.301307,-8.625871,3.937958,3.995671,0
12,19,4,-3.316376,34.301307,-8.625871,4.028110,4.083016,0
13,19,4,-1.974564,34.301307,-8.625871,4.235660,4.284547,0
14,19,4,-0.632753,34.301307,-8.625871,4.555937,4.596586,0
15,19,4,0.709059,34.301307,-8.625871,4.982203,5.013500,0
16,19,4,2.050871,34.301307,-8.625871,5.506293,5.528047,0
17,19,4,3.392683,34.301307,-8.625871,6.119273,6.131917,0
18,19,4,4.734495,34.301307,-8.625871,6.812014,6.816321,0
19,19,4,6.076307,34.301307,-8.625871,7.575638,7.572511,0
20,19,4,7.418119,34.301307,-8.625871,8.401815,8.392161,0
0,20,4,-19.418119,35.643119,-8.625871,10.552900,10.531041,0
1,20,4,-18.076307,35.643119,-8.625871,9.683133,9.665557,0
2,20,4,-16.734495,35.643119,-8.625871,8.865749,8.852963,0
3,20,4,-15.392683,35.643119,-8.625871,8.107439,8.099959,0
4,20,4,-14.050871,35.643119,-8.625871,7.415467,7.413773,0
5,20,4,-12.709059,35.643119,-8.625871,6.797533,6.801997,0
6,20,4,-11.367247,35.643119,-8.625871,6.261550,6.272332,0
7,20,4,-10.025436,35.643119,-8.625871,5.815313,5.832237,0
8,20,4,-8.683624,35.643119,-8.625871,5.466080,5.488503,0
9,20,4,-7.341812,35.643119,-8.625871,5.220085,5.246817,0
10,20,4,-6.000000,35.643119,-8.625871,5.082039,5.111369,0
11,20,4,-4.658188,35.643119,-8.625871,5.054711,5.084571,0
12,20,4,-3.316376,35.643119,-8.625871,5.138660,5.166908,0
13,20,4,-1.974564,35.643119,-8.625871,5.332181,5.356900,0
14,20,4,-0.632753,35.643119,-8.625871,5.631468,5.651203,0
15,20,4,0.709059,35.643119,-8.625871,6.030978,6.044821,0
16,20,4,2.050871,35.643119,-8.625871,6.523890,6.531451,0
17,20,4,3.392683,35.643119,-8.625871,7.102616,7.103906,0
18,20,4,4.734495,35.643119,-8.625871,7.759253,7.754555,0
19,20,4,6.076307,35.643119,-8.625871,8.485961,8.475714,0
20,20,4,7.418119,35.643119,-8.625871,9.275242,9.259951,0
0,0,5,-19.418119,8.806881,-7.284059,9.766437,9.748417,0
1,0,5,-18.076307,8.806881,-7.284059,8.862416,8.849651,0
2,0,5,-16.734495,8.806881,-7.284059,8.009942,8.003217,0
3,0,5,-15.392683,8.806881,-7.284059,7.216216,7.216393,0
4,0,5,-14.050871,8.806881,-7.284059,6.489198,6.497170,0
5,0,5,-12.709059,8.806881,-7.284059,5.837485,5.854082,0
6,0,5,-11.367247,8.806881,-7.284059,5.270079,5.295903,0
7,0,5,-10.025436,8.806881,-7.284059,4.796016,4.831197,0
8,0,5,-8.683624,8.806881,-7.284059,4.423855,4.467760,0
9,0,5,-7.341812,8.806881,-7.284059,4.161059,4.212042,0
10,0,5,-6.000000,8.806881,-7.284059,4.013336,4.068694,0
11,0,5,-4.658188,8.806881,-7.284059,3.984071,4.040333,0
12,0,5,-3.316376,8.806881,-7.284059,4.073948,4.127474,0
13,0,5,-1.974564,8.806881,-7.284059,4.280879,4.328530,0
14,0,5,-0.632753,8.806881,-7.284059,4.600233,4.639831,0
15,0,5,0.709059,8.806881,-7.284059,5.025327,5.055765,0
16,0,5,2.050871,8.806881,-7.284059,5.548060,5.569130,0
17,0,5,3.392683,8.806881,-7.284059,6.159555,6.171664,0
18,0,5,4.734495,8.806881,-7.284059,6.850741,6.854631,0
19,0,5,6.076307,8.806881,-7.284059,7.612784,7.609333,0
20,0,5,7.418119,8.806881,-7.284059,8.437389,8.427483,0
0,1,5,-19.418119,10.148693,-7.284059,8.944628,8.931342,0
1,1,5,-18.076307,10.148693,-7.284059,8.001734,7.995073,0
2,1,5,-16.734495,10.148693,-7.284059,7.108988,7.110215,0
3,1,5,-15.392683,10.148693,-7.284059,6.274128,6.284750,0
4,1,5,-14.050871,10.148693,-7.284059,5.505892,5.527653,0
5,1,5,-12.709059,10.148693,-7.284059,4.813936,4.848731,0
6,1,5,-11.367247,10.148693,-7.284059,4.208615,4.258254,0
7,1,5,-10.025436,10.148693,-7.284059,3.700570,3.766306,0
8,1,5,-8.683624,10.148693,-7.284059,3.300107,3.381889,0
9,1,5,-7.341812,10.148693,-7.284059,3.016391,3.111991,0
10,1,5,-6.000000,10.148693,-7.284059,2.856550,2.961072,0
11,1,5,-4.658188,10.148693,-7.284059,2.824852,2.931256,0
12,1,5,-3.316376,10.148693,-7.284059,2.922167,3.022915,0
13,1,5,-1.974564,10.148693,-7.284059,3.145850,3.234851,0
14,1,5,-0.632753,10.148693,-7.284059,3.490085,3.563815,0
15,1,5,0.709059,10.148693,-7.284059,3.946597,4.004035,0
16,1,5,2.050871,10.148693,-7.284059,4.505527,4.547397,0
17,1,5,3.392683,10.148693,-7.284059,5.156310,5.184225,0
18,1,5,4.734495,10.148693,-7.284059,5.888387,5.904242,0
19,1,5,6.076307,10.148693,-7.284059,6.691719,6.697350,0
20,1,5,7.418119,10.148693,-7.284059,7.557100,7.554135,0
0,2,5,-19.418119,11.490505,-7.284059,8.181289,8.173249,0
1,2,5,-18.076307,11.490505,-7.284059,7.199084,7.199426,0
2,2,5,-16.734495,11.490505,-7.284059,6.265099,6.275836,0
3,2,5,-15.392683,11.490505,-7.284059,5.387538,5.411294,0
4,2,5,-14.050871,11.490505,-7.284059,4.575885,4.616058,0
5,2,5,-12.709059,11.490505,-7.284059,3.840892,3.901769,0
6,2,5,-11.367247,11.490505,-7.284059,3.194397,3.281054,0
7,2,5,-10.025436,11.490505,-7.284059,2.648899,2.766510,0
8,2,5,-8.683624,11.490505,-7.284059,2.216824,2.368804,0
9,2,5,-7.341812,11.490505,-7.284059,1.909487,2.094219,0
10,2,5,-6.000000,11.490505,-7.284059,1.735858,1.943433,0
11,2,5,-4.658188,11.490505,-7.284059,1.701383,1.913954,0
12,2,5,-3.316376,11.490505,-7.284059,1.807178,2.004922,0
13,2,5,-1.974564,11.490505,-7.284059,2.049855,2.218563,0
14,2,5,-0.632753,11.490505,-7.284059,2.422041,2.556307,0
15,2,5,0.709059,11.490505,-7.284059,2.913414,3.014657,0
16,2,5,2.050871,11.490505,-7.284059,3.511946,3.584802,0
17,2,5,3.392683,11.490505,-7.284059,4.205062,4.254800,0
18,2,5,4.734495,11.490505,-7.284059,4.980530,5.011861,0
19,2,5,6.076307,11.490505,-7.284059,5.827028,5.843779,0
20,2,5,7.418119,11.490505,-7.284059,6.734439,6.739594,0
0,3,5,-19.418119,12.832317,-7.284059,7.483631,7.481319,0
1,3,5,-18.076307,12.832317,-7.284059,6.462429,6.470721,0
2,3,5,-16.734495,12.832317,-7.284059,5.486992,5.509066,0
3,3,5,-15.392683,12.832317,-7.284059,4.565877,4.606288,0
4,3,5,-14.050871,12.832317,-7.284059,3.709229,3.774655,0
5,3,5,-12.709059,12.832317,-7.284059,2.928872,3.029244,0
6,3,5,-11.367247,12.832317,-7.284059,2.238212,2.388210,0
7,3,5,-10.025436,12.832317,-7.284059,1.651845,1.871894,0
8,3,5,-8.683624,12.832317,-7.284059,1.184724,1.497947,0
9,3,5,-7.341812,12.832317,-7.284059,0.850858,1.269096,0
10,3,5,-6.000000,12.832317,-7.284059,0.661649,1.162198,0
11,3,5,-4.658188,12.832317,-7.284059,0.624045,1.143495,0
12,3,5,-3.316376,12.832317,-7.284059,0.739414,1.203685,0
13,3,5,-1.974564,12.832317,-7.284059,1.003515,1.368388,0
14,3,5,-0.632753,12.832317,-7.284059,1.406901,1.669966,0
15,3,5,0.709059,12.832317,-7.284059,1.936621,2.118099,0
16,3,5,2.050871,12.832317,-7.284059,2.577994,2.700521,0
17,3,5,3.392683,12.832317,-7.284059,3.316115,3.397185,0
18,3,5,4.734495,12.832317,-7.284059,4.136922,4.188599,0
19,3,5,6.076307,12.832317,-7.284059,5.027786,5.058175,0
20,3,5,7.418119,12.832317,-7.284059,5.977741,5.992325,0
0,4,5,-19.418119,14.174129,-7.284059,6.859313,6.863111,0
1,4,5,-18.076307,14.174129,-7.284059,5.800407,5.817552,0
2,4,5,-16.734495,14.174129,-7.284059,4.784343,4.819777,0
3,4,5,-15.392683,14.174129,-7.284059,3.819882,3.881465,0
4,4,5,-14.050871,14.174129,-7.284059,2.917687,3.018688,0
5,4,5,-12.709059,14.174129,-7.284059,2.090550,2.254964,0
6,4,5,-11.367247,14.174129,-7.284059,1.353448,1.627471,0
7,4,5,-10.025436,14.174129,-7.284059,0.723274,1.194777,0
8,4,5,-8.683624,14.174129,-7.284059,0.227090,1.012350,0
9,4,5,-7.341812,14.174129,-7.284059,0.017551,1.001346,0
10,4,5,-6.000000,14.174129,-7.284059,0.001370,1.002314,1
11,4,5,-4.658188,14.174129,-7.284059,0.000768,1.002356,1
12,4,5,-3.316376,14.174129,-7.284059,0.004230,1.002124,1
13,4,5,-1.974564,14.174129,-7.284059,0.077604,1.000033,0
14,4,5,-0.632753,14.174129,-7.284059,0.459261,1.073292,0
15,4,5,0.709059,14.174129,-7.284059,1.029861,1.386506,0
16,4,5,2.050871,14.174129,-7.284059,1.716725,1.927052,0
17,4,5,3.392683,14.174129,-7.284059,2.501699,2.629802,0
18,4,5,4.734495,14.174129,-7.284059,3.368812,3.447582,0
19,4,5,6.076307,14.174129,-7.284059,4.304191,4.351214,0
20,4,5,7.418119,14.174129,-7.284059,5.296149,5.321506,0
0,5,5,-19.418119,15.515941,-7.284059,6.316228,6.326317,0
1,5,5,-18.076307,15.515941,-7.284059,5.222106,5.248800,0
2,5,5,-16.734495,15.515941,-7.284059,4.167579,4.218376,0
3,5,5,-15.392683,15.515941,-7.284059,3.161441,3.249682,0
4,5,5,-14.050871,15.515941,-7.284059,2.214672,2.366853,0
5,5,5,-12.709059,15.515941,-7.284059,1.340845,1.617547,0
6,5,5,-11.367247,15.515941,-7.284059,0.556599,1.112348,0
7,5,5,-10.025436,15.515941,-7.284059,0.023165,1.001070,0
8,5,5,-8.683624,15.515941,-7.284059,0.000012,1.002408,1
9,5,5,-7.341812,15.515941,-7.284059,0.000000,1.002408,1
10,5,5,-6.000000,15.515941,-7.284059,0.000000,1.002408,1
11,5,5,-4.658188,15.515941,-7.284059,0.000000,1.002408,1
12,5,5,-3.316376,15.515941,-7.284059,0.000000,1.002408,1
13,5,5,-1.974564,15.515941,-7.284059,0.000000,1.002408,1
14,5,5,-0.632753,15.515941,-7.284059,0.000672,1.002362,1
15,5,5,0.709059,15.515941,-7.284059,0.220137,1.011290,0
16,5,5,2.050871,15.515941,-7.284059,0.943756,1.328314,0
17,5,5,3.392683,15.515941,-7.284059,1.775974,1.977938,0
18,5,5,4.734495,15.515941,-7.284059,2.688833,2.803782,0
19,5,5,6.076307,15.515941,-7.284059,3.667374,3.734313,0
20,5,5,7.418119,15.515941,-7.284059,4.699390,4.736706,0
0,6,5,-19.418119,16.857753,-7.284059,5.862186,5.878421,0
1,6,5,-18.076307,16.857753,-7.284059,4.736707,4.773188,0
2,6,5,-16.734495,16.857753,-7.284059,3.647489,3.715157,0
3,6,5,-15.392683,16.857753,-7.284059,2.603189,2.723941,0
4,6,5,-14.050871,16.857753,-7.284059,1.614888,1.840758,0
5,6,5,-12.709059,16.857753,-7.284059,0.696720,1.180455,0
6,6,5,-11.367247,16.857753,-7.284059,0.020044,1.001220,0
7,6,5,-10.025436,16.857753,-7.284059,0.000000,1.002408,1
8,6,5,-8.683624,16.857753,-7.284059,0.000000,1.002408,1
9,6,5,-7.341812,16.857753,-7.284059,0.000000,1.002408,1
10,6,5,-6.000000,16.857753,-7.284059,0.000000,1.002408,1
11,6,5,-4.658188,16.857753,-7.284059,0.000000,1.002408,1
12,6,5,-3.316376,16.857753,-7.284059,0.000000,1.002408,1
13,6,5,-1.974564,16.857753,-7.284059,0.000000,1.002408,1
14,6,5,-0.632753,16.857753,-7.284059,0.000000,1.002408,1
15,6,5,0.709059,16.857753,-7.284059,0.000159,1.002397,1
16,6,5,2.050871,16.857753,-7.284059,0.282106,1.022362,0
17,6,5,3.392683,16.857753,-7.284059,1.154721,1.475745,0
18,6,5,4.734495,16.857753,-7.284059,2.110611,2.272962,0
19,6,5,6.076307,16.857753,-7.284059,3.129000,3.218831,0
20,6,5,7.418119,16.857753,-7.284059,4.197403,4.247356,0
0,7,5,-19.418119,18.199564,-7.284059,5.504497,5.526281,0
1,7,5,-18.076307,18.199564,-7.284059,4.352972,4.398704,0
2,7,5,-16.734495,18.199564,-7.284059,3.234606,3.319373,0
3,7,5,-15.392683,18.199564,-7.284059,2.157799,2.315431,0
4,7,5,-14.050871,18.199564,-7.284059,1.133541,1.460239,0
5,7,5,-12.709059,18.199564,-7.284059,0.190414,1.007290,0
6,7,5,-11.367247,18.199564,-7.284059,0.000007,1.002408,1
7,7,5,-10.025436,18.199564,-7.284059,0.000000,1.002408,1
8,7,5,-8.683624,18.199564,-7.284059,0.000000,1.002408,1
9,7,5,-7.341812,18.199564,-7.284059,0.000000,1.002408,1
10,7,5,-6.000000,18.199564,-7.284059,0.000000,1.002408,1
11,7,5,-4.658188,18.199564,-7.284059,0.000000,1.002408,1
12,7,5,-3.316376,18.199564,-7.284059,0.000000,1.002408,1
13,7,5,-1.974564,18.199564,-7.284059,0.000000,1.002408,1
14,7,5,-0.632753,18.199564,-7.284059,0.000000,1.002408,1
15,7,5,0.709059,18.199564,-7.284059,0.000000,1.002408,1
16,7,5,2.050871,18.199564,-7.284059,0.004494,1.002107,1
17,7,5,3.392683,18.199564,-7.284059,0.654595,1.158620,0
18,7,5,4.734495,18.199564,-7.284059,1.648010,1.868653,0
19,7,5,6.076307,18.199564,-7.284059,2.700602,2.814780,0
20,7,5,7.418119,18.199564,-7.284059,3.799776,3.862042,0
0,8,5,-19.418119,19.541376,-7.284059,5.249490,5.275686,0
1,8,5,-18.076307,19.541376,-7.284059,4.078619,4.132005,0
2,8,5,-16.734495,19.541376,-7.284059,2.938398,3.038238,0
3,8,5,-15.392683,19.541376,-7.284059,1.836941,2.030774,0
4,8,5,-14.050871,19.541376,-7.284059,0.785054,1.229673,0
5,8,5,-12.709059,19.541376,-7.284059,0.009270,1.001809,1
6,8,5,-11.367247,19.541376,-7.284059,0.000000,1.002408,1
7,8,5,-10.025436,19.541376,-7.284059,0.000000,1.002408,1
8,8,5,-8.683624,19.541376,-7.284059,0.000000,1.002408,1
9,8,5,-7.341812,19.541376,-7.284059,0.000000,1.002408,1
10,8,5,-6.000000,19.541376,-7.284059,0.000000,1.002408,1
11,8,5,-4.658188,19.541376,-7.284059,0.000000,1.002408,1
12,8,5,-3.316376,19.541376,-7.284059,0.000000,1.002408,1
13,8,5,-1.974564,19.541376,-7.284059,0.000000,1.002408,1
14,8,5,-0.632753,19.541376,-7.284059,0.000000,1.002408,1
15,8,5,0.709059,19.541376,-7.284059,0.000000,1.002408,1
16,8,5,2.050871,19.541376,-7.284059,0.000012,1.002408,1
17,8,5,3.392683,19.541376,-7.284059,0.295599,1.025254,0
18,8,5,4.734495,19.541376,-7.284059,1.313972,1.596511,0
19,8,5,6.076307,19.541376,-7.284059,2.392668,2.529301,0
20,8,5,7.418119,19.541376,-7.284059,3.515035,3.587769,0
0,9,5,-19.418119,20.883188,-7.284059,5.102017,5.130963,0
1,9,5,-18.076307,20.883188,-7.284059,3.919646,3.977945,0
2,9,5,-16.734495,20.883188,-7.284059,2.766350,2.876334,0
3,9,5,-15.392683,20.883188,-7.284059,1.650028,1.870358,0
4,9,5,-14.050871,20.883188,-7.284059,0.581443,1.123451,0
5,9,5,-12.709059,20.883188,-7.284059,0.000471,1.002376,1
6,9,5,-11.367247,20.883188,-7.284059,0.000000,1.002408,1
7,9,5,-10.025436,20.883188,-7.284059,0.000000,1.002408,1
8,9,5,-8.683624,20.883188,-7.284059,0.000000,1.002408,1
9,9,5,-7.341812,20.883188,-7.284059,0.000000,1.002408,1
10,9,5,-6.000000,20.883188,-7.284059,0.000000,1.002408,1
11,9,5,-4.658188,20.883188,-7.284059,0.000000,1.002408,1
12,9,5,-3.316376,20.883188,-7.284059,0.000000,1.002408,1
13,9,5,-1.974564,20.883188,-7.284059,0.000000,1.002408,1
14,9,5,-0.632753,20.883188,-7.284059,0.000000,1.002408,1
15,9,5,0.709059,20.883188,-7.284059,0.000000,1.002408,1
16,9,5,2.050871,20.883188,-7.284059,0.000000,1.002408,1
17,9,5,3.392683,20.883188,-7.284059,0.113711,1.000979,0
18,9,5,4.734495,20.883188,-7.284059,1.119055,1.449717,0
19,9,5,6.076307,20.883188,-7.284059,2.213565,2.365850,0
20,9,5,7.418119,20.883188,-7.284059,3.349860,3.429448,0
0,10,5,-19.418119,22.225000,-7.284059,5.065024,5.094684,0
1,10,5,-18.076307,22.225000,-7.284059,3.879731,3.939324,0
2,10,5,-16.734495,22.225000,-7.284059,2.723103,2.835824,0
3,10,5,-15.392683,22.225000,-7.284059,1.602978,1.830771,0
4,10,5,-14.050871,22.225000,-7.284059,0.530183,1.101035,0
5,10,5,-12.709059,22.225000,-7.284059,0.000191,1.002395,1
6,10,5,-11.367247,22.225000,-7.284059,0.000000,1.002408,1
7,10,5,-10.025436,22.225000,-7.284059,0.000000,1.002408,1
8,10,5,-8.683624,22.225000,-7.284059,0.000000,1.002408,1
9,10,5,-7.341812,22.225000,-7.284059,0.000000,1.002408,1
10,10,5,-6.000000,22.225000,-7.284059,0.000000,1.002408,1
11,10,5,-4.658188,22.225000,-7.284059,0.000000,1.002408,1
12,10,5,-3.316376,22.225000,-7.284059,0.000000,1.002408,1
13,10,5,-1.974564,22.225000,-7.284059,0.000000,1.002408,1
14,10,5,-0.632753,22.225000,-7.284059,0.000000,1.002408,1
15,10,5,0.709059,22.225000,-7.284059,0.000000,1.002408,1
16,10,5,2.050871,22.225000,-7.284059,0.000000,1.002408,1
17,10,5,3.392683,22.225000,-7.284059,0.079382,1.000049,0
18,10,5,4.734495,22.225000,-7.284059,1.069951,1.414571,0
19,10,5,6.076307,22.225000,-7.284059,2.168515,2.325100,0
20,10,5,7.418119,22.225000,-7.284059,3.308365,3.389779,0
0,11,5,-19.418119,23.566812,-7.284059,5.139265,5.167501,0
1,11,5,-18.076307,23.566812,-7.284059,3.959821,4.016842,0
2,11,5,-16.734495,23.566812,-7.284059,2.809858,2.917167,0
3,11,5,-15.392683,23.566812,-7.284059,1.697335,1.910503,0
4,11,5,-14.050871,23.566812,-7.284059,0.632990,1.147860,0
5,11,5,-12.709059,23.566812,-7.284059,0.000966,1.002342,1
6,11,5,-11.367247,23.566812,-7.284059,0.000000,1.002408,1
7,11,5,-10.025436,23.566812,-7.284059,0.000000,1.002408,1
8,11,5,-8.683624,23.566812,-7.284059,0.000000,1.002408,1
9,11,5,-7.341812,23.566812,-7.284059,0.000000,1.002408,1
10,11,5,-6.000000,23.566812,-7.284059,0.000000,1.002408,1
11,11,5,-4.658188,23.566812,-7.284059,0.000000,1.002408,1
12,11,5,-3.316376,23.566812,-7.284059,0.000000,1.002408,1
13,11,5,-1.974564,23.566812,-7.284059,0.000000,1.002408,1
14,11,5,-0.632753,23.566812,-7.284059,0.000000,1.002408,1
15,11,5,0.709059,23.566812,-7.284059,0.000000,1.002408,1
16,11,5,2.050871,23.566812,-7.284059,0.000000,1.002408,1
17,11,5,3.392683,23.566812,-7.284059,0.153519,1.003528,0
18,11,5,4.734495,23.566812,-7.284059,1.168411,1.485842,0
19,11,5,6.076307,23.566812,-7.284059,2.258875,2.406990,0
20,11,5,7.418119,23.566812,-7.284059,3.391615,3.469410,0
0,12,5,-19.418119,24.908624,-7.284059,5.323232,5.348109,0
1,12,5,-18.076307,24.908624,-7.284059,4.158024,4.209094,0
2,12,5,-16.734495,24.908624,-7.284059,3.024219,3.119405,0
3,12,5,-15.392683,24.908624,-7.284059,1.930025,2.112287,0
4,12,5,-14.050871,24.908624,-7.284059,0.886306,1.291224,0
5,12,5,-12.709059,24.908624,-7.284059,0.028556,1.000836,0
6,12,5,-11.367247,24.908624,-7.284059,0.000000,1.002408,1
7,12,5,-10.025436,24.908624,-7.284059,0.000000,1.002408,1
8,12,5,-8.683624,24.908624,-7.284059,0.000000,1.002408,1
9,12,5,-7.341812,24.908624,-7.284059,0.000000,1.002408,1
10,12,5,-6.000000,24.908624,-7.284059,0.000000,1.002408,1
11,12,5,-4.658188,24.908624,-7.284059,0.000000,1.002408,1
12,12,5,-3.316376,24.908624,-7.284059,0.000000,1.002408,1
13,12,5,-1.974564,24.908624,-7.284059,0.000000,1.002408,1
14,12,5,-0.632753,24.908624,-7.284059,0.000000,1.002408,1
15,12,5,0.709059,24.908624,-7.284059,0.000000,1.002408,1
16,12,5,2.050871,24.908624,-7.284059,0.000055,1.002405,1
17,12,5,3.392683,24.908624,-7.284059,0.398153,1.052639,0
18,12,5,4.734495,24.908624,-7.284059,1.410950,1.673211,0
19,12,5,6.076307,24.908624,-7.284059,2.481941,2.611538,0
20,12,5,7.418119,24.908624,-7.284059,3.597487,3.667026,0
0,13,5,-19.418119,26.250436,-7.284059,5.613299,5.633321,0
1,13,5,-18.076307,26.250436,-7.284059,4.469827,4.512578,0
2,13,5,-16.734495,26.250436,-7.284059,3.360508,3.439635,0
3,13,5,-15.392683,26.250436,-7.284059,2.293835,2.438833,0
4,13,5,-14.050871,26.250436,-7.284059,1.280844,1.570823,0
5,13,5,-12.709059,26.250436,-7.284059,0.338073,1.035452,0
6,13,5,-11.367247,26.250436,-7.284059,0.000059,1.002404,1
7,13,5,-10.025436,26.250436,-7.284059,0.000000,1.002408,1
8,13,5,-8.683624,26.250436,-7.284059,0.000000,1.002408,1
9,13,5,-7.341812,26.250436,-7.284059,0.000000,1.002408,1
10,13,5,-6.000000,26.250436,-7.284059,0.000000,1.002408,1
11,13,5,-4.658188,26.250436,-7.284059,0.000000,1.002408,1
12,13,5,-3.316376,26.250436,-7.284059,0.000000,1.002408,1
13,13,5,-1.974564,26.250436,-7.284059,0.000000,1.002408,1
14,13,5,-0.632753,26.250436,-7.284059,0.000000,1.002408,1
15,13,5,0.709059,26.250436,-7.284059,0.000000,1.002408,1
16,13,5,2.050871,26.250436,-7.284059,0.026422,1.000925,0
17,13,5,3.392683,26.250436,-7.284059,0.807773,1.243032,0
18,13,5,4.734495,26.250436,-7.284059,1.789431,1.989560,0
19,13,5,6.076307,26.250436,-7.284059,2.831335,2.937351,0
20,13,5,7.418119,26.250436,-7.284059,3.920939,3.979196,0
0,14,5,-19.418119,27.592247,-7.284059,6.004066,6.018282,0
1,14,5,-18.076307,27.592247,-7.284059,4.888583,4.921797,0
2,14,5,-16.734495,27.592247,-7.284059,3.810472,3.872373,0
3,14,5,-15.392683,27.592247,-7.284059,2.778450,2.887681,0
4,14,5,-14.050871,27.592247,-7.284059,1.803589,2.001812,0
5,14,5,-12.709059,27.592247,-7.284059,0.899843,1.299831,0
6,14,5,-11.367247,27.592247,-7.284059,0.115071,1.001040,0
7,14,5,-10.025436,27.592247,-7.284059,0.000000,1.002408,1
8,14,5,-8.683624,27.592247,-7.284059,0.000000,1.002408,1
9,14,5,-7.341812,27.592247,-7.284059,0.000000,1.002408,1
10,14,5,-6.000000,27.592247,-7.284059,0.000000,1.002408,1
11,14,5,-4.658188,27.592247,-7.284059,0.000000,1.002408,1
12,14,5,-3.316376,27.592247,-7.284059,0.000000,1.002408,1
13,14,5,-1.974564,27.592247,-7.284059,0.000000,1.002408,1
14,14,5,-0.632753,27.592247,-7.284059,0.000000,1.002408,1
15,14,5,0.709059,27.592247,-7.284059,0.002576,1.002233,1
16,14,5,2.050871,27.592247,-7.284059,0.487986,1.084055,0
17,14,5,3.392683,27.592247,-7.284059,1.350404,1.625070,0
18,14,5,4.734495,27.592247,-7.284059,2.292324,2.437455,0
19,14,5,6.076307,27.592247,-7.284059,3.297857,3.379740,0
20,14,5,7.418119,27.592247,-7.284059,4.354584,4.400274,0
0,15,5,-19.418119,28.934059,-7.284059,6.488819,6.496795,0
1,15,5,-18.076307,28.934059,-7.284059,5.406148,5.429584,0
2,15,5,-16.734495,28.934059,-7.284059,4.364184,4.409624,0
3,15,5,-15.392683,28.934059,-7.284059,3.371730,3.450374,0
4,15,5,-14.050871,28.934059,-7.284059,2.439685,2.572554,0
5,15,5,-12.709059,28.934059,-7.284059,1.581385,1.812721,0
6,15,5,-11.367247,28.934059,-7.284059,0.812800,1.246024,0
7,15,5,-10.025436,28.934059,-7.284059,0.167172,1.004764,0
8,15,5,-8.683624,28.934059,-7.284059,0.000218,1.002393,1
9,15,5,-7.341812,28.934059,-7.284059,0.000003,1.002409,1
10,15,5,-6.000000,28.934059,-7.284059,0.000000,1.002408,1
11,15,5,-4.658188,28.934059,-7.284059,0.000000,1.002408,1
12,15,5,-3.316376,28.934059,-7.284059,0.000000,1.002408,1
13,15,5,-1.974564,28.934059,-7.284059,0.000020,1.002410,1
14,15,5,-0.632753,28.934059,-7.284059,0.016752,1.001387,0
15,15,5,0.709059,28.934059,-7.284059,0.474457,1.078904,0
16,15,5,2.050871,28.934059,-7.284059,1.192073,1.503426,0
17,15,5,3.392683,28.934059,-7.284059,2.008526,2.181749,0
18,15,5,4.734495,28.934059,-7.284059,2.906226,3.007876,0
19,15,5,6.076307,28.934059,-7.284059,3.870554,3.930449,0
20,15,5,7.418119,28.934059,-7.284059,4.889454,4.922649,0
0,16,5,-19.418119,30.275871,-7.284059,7.060029,7.061745,0
1,16,5,-18.076307,30.275871,-7.284059,6.013554,6.027638,0
2,16,5,-16.734495,30.275871,-7.284059,5.010946,5.041669,0
3,16,5,-15.392683,30.275871,-7.284059,4.060917,4.114832,0
4,16,5,-14.050871,30.275871,-7.284059,3.173975,3.261610,0
5,16,5,-12.709059,30.275871,-7.284059,2.362605,2.501715,0
6,16,5,-11.367247,30.275871,-7.284059,1.641264,1.862958,0
7,16,5,-10.025436,30.275871,-7.284059,1.026041,1.383862,0
8,16,5,-8.683624,30.275871,-7.284059,0.533948,1.102616,0
9,16,5,-7.341812,30.275871,-7.284059,0.190415,1.007290,0
10,16,5,-6.000000,30.275871,-7.284059,0.047470,1.000241,0
11,16,5,-4.658188,30.275871,-7.284059,0.031119,1.000734,0
12,16,5,-3.316376,30.275871,-7.284059,0.095421,1.000337,0
13,16,5,-1.974564,30.275871,-7.284059,0.343784,1.036948,0
14,16,5,-0.632753,30.275871,-7.284059,0.768187,1.219934,0
15,16,5,0.709059,30.275871,-7.284059,1.325180,1.605263,0
16,16,5,2.050871,30.275871,-7.284059,1.996554,2.171116,0
17,16,5,3.392683,30.275871,-7.284059,2.765684,2.875709,0
18,16,5,4.734495,30.275871,-7.284059,3.617242,3.686035,0
19,16,5,6.076307,30.275871,-7.284059,4.537758,4.578844,0
20,16,5,7.418119,30.275871,-7.284059,5.515770,5.537368,0
0,17,5,-19.418119,31.617683,-7.284059,7.709816,7.705535,0
1,17,5,-18.076307,31.617683,-7.284059,6.701602,6.707123,0
2,17,5,-16.734495,31.617683,-7.284059,5.740033,5.758086,0
3,17,5,-15.392683,31.617683,-7.284059,4.833561,4.867935,0
4,17,5,-14.050871,31.617683,-7.284059,3.992125,4.048137,0
5,17,5,-12.709059,31.617683,-7.284059,3.227195,3.312307,0
6,17,5,-11.367247,31.617683,-7.284059,2.551648,2.676065,0
7,17,5,-10.025436,31.617683,-7.284059,1.979350,2.155860,0
8,17,5,-8.683624,31.617683,-7.284059,1.524363,1.765441,0
9,17,5,-7.341812,31.617683,-7.284059,1.199721,1.509146,0
10,17,5,-6.000000,31.617683,-7.284059,1.015918,1.376884,0
11,17,5,-4.658188,31.617683,-7.284059,0.979387,1.352033,0
12,17,5,-3.316376,31.617683,-7.284059,1.091453,1.429860,0
13,17,5,-1.974564,31.617683,-7.284059,1.348102,1.623256,0
14,17,5,-0.632753,31.617683,-7.284059,1.740660,1.947552,0
15,17,5,0.709059,31.617683,-7.284059,2.257141,2.405413,0
16,17,5,2.050871,31.617683,-7.284059,2.883811,2.986746,0
17,17,5,3.392683,31.617683,-7.284059,3.606581,3.675775,0
18,17,5,4.734495,31.617683,-7.284059,4.412015,4.456221,0
19,17,5,6.076307,31.617683,-7.284059,5.287923,5.313426,0
20,17,5,7.418119,31.617683,-7.284059,6.223611,6.234882,0
0,18,5,-19.418119,32.959495,-7.284059,8.430337,8.420481,0
1,18,5,-18.076307,32.959495,-7.284059,7.461322,7.459211,0
2,18,5,-16.734495,32.959495,-7.284059,6.541234,6.548591,0
3,18,5,-15.392683,32.959495,-7.284059,5.678131,5.697135,0
4,18,5,-14.050871,32.959495,-7.284059,4.881252,4.914619,0
5,18,5,-12.709059,32.959495,-7.284059,4.160982,4.211968,0
6,18,5,-11.367247,32.959495,-7.284059,3.528650,3.600846,0
7,18,5,-10.025436,32.959495,-7.284059,2.996102,3.092784,0
8,18,5,-8.683624,32.959495,-7.284059,2.575010,2.697749,0
9,18,5,-7.341812,32.959495,-7.284059,2.275911,2.422497,0
10,18,5,-6.000000,32.959495,-7.284059,2.107104,2.269813,0
11,18,5,-4.658188,32.959495,-7.284059,2.073602,2.239786,0
12,18,5,-3.316376,32.959495,-7.284059,2.176429,2.332247,0
13,18,5,-1.974564,32.959495,-7.284059,2.412471,2.547502,0
14,18,5,-0.632753,32.959495,-7.284059,2.774926,2.884376,0
15,18,5,0.709059,32.959495,-7.284059,3.254216,3.338077,0
16,18,5,2.050871,32.959495,-7.284059,3.839091,3.900029,0
17,18,5,3.392683,32.959495,-7.284059,4.517686,4.559259,0
18,18,5,4.734495,32.959495,-7.284059,5.278350,5.304025,0
19,18,5,6.076307,32.959495,-7.284059,6.110197,6.122963,0
20,18,5,7.418119,32.959495,-7.284059,7.003412,7.005704,0
0,19,5,-19.418119,34.301307,-7.284059,9.214061,9.199130,0
1,19,5,-18.076307,34.301307,-7.284059,8.284284,8.275480,0
2,19,5,-16.734495,34.301307,-7.284059,7.405182,7.403582,0
3,19,5,-15.392683,34.301307,-7.284059,6.584318,6.591173,0
4,19,5,-14.050871,34.301307,-7.284059,5.830171,5.846876,0
5,19,5,-12.709059,34.301307,-7.284059,5.152036,5.180031,0
6,19,5,-11.367247,34.301307,-7.284059,4.559798,4.600355,0
7,19,5,-10.025436,34.301307,-7.284059,4.063532,4.117368,0
8,19,5,-8.683624,34.301307,-7.284059,3.672917,3.739654,0
9,19,5,-7.341812,34.301307,-7.284059,3.396505,3.474093,0
10,19,5,-6.000000,34.301307,-7.284059,3.240904,3.325379,0
11,19,5,-4.658188,34.301307,-7.284059,3.210057,3.295974,0
12,19,5,-3.316376,34.301307,-7.284059,3.304769,3.386342,0
13,19,5,-1.974564,34.301307,-7.284059,3.522596,3.595031,0
14,19,5,-0.632753,34.301307,-7.284059,3.858158,3.918462,0
15,19,5,0.709059,34.301307,-7.284059,4.303758,4.350793,0
16,19,5,2.050871,34.301307,-7.284059,4.850170,4.884192,0
17,19,5,3.392683,34.301307,-7.284059,5.487429,5.509496,0
18,19,5,4.734495,34.301307,-7.284059,6.205496,6.217002,0
19,19,5,6.076307,34.301307,-7.284059,6.994747,6.997128,0
20,19,5,7.418119,34.301307,-7.284059,7.846285,7.840869,0
0,20,5,-19.418119,35.643119,-7.284059,10.053963,10.034470,0
1,20,5,-18.076307,35.643119,-7.284059,9.162780,9.148155,0
2,20,5,-16.734495,35.643119,-7.284059,8.323500,8.314410,0
3,20,5,-15.392683,35.643119,-7.284059,7.543135,7.540294,0
4,20,5,-14.050871,35.643119,-7.284059,6.829386,6.833505,0
5,20,5,-12.709059,35.643119,-7.284059,6.190507,6.202209,0
6,20,5,-11.367247,35.643119,-7.284059,5.635082,5.654759,0
7,20,5,-10.025436,35.643119,-7.284059,5.171663,5.199290,0
8,20,5,-8.683624,35.643119,-7.284059,4.808298,4.843214,0
9,20,5,-7.341812,35.643119,-7.284059,4.551962,4.592706,0
10,20,5,-6.000000,35.643119,-7.284059,4.407966,4.452275,0
11,20,5,-4.658188,35.643119,-7.284059,4.379447,4.424490,0
12,20,5,-3.316376,35.643119,-7.284059,4.467040,4.509860,0
13,20,5,-1.974564,35.643119,-7.284059,4.668810,4.706820,0
14,20,5,-0.632753,35.643119,-7.284059,4.980457,5.011789,0
15,20,5,0.709059,35.643119,-7.284059,5.395750,5.419365,0
16,20,5,2.050871,35.643119,-7.284059,5.907094,5.922680,0
17,20,5,3.392683,35.643119,-7.284059,6.506118,6.513888,0
18,20,5,4.734495,35.643119,-7.284059,7.184200,7.184687,0
19,20,5,6.076307,35.643119,-7.284059,7.932889,7.926774,0
20,20,5,7.418119,35.643119,-7.284059,8.744191,8.732194,0
0,0,6,-19.418119,8.806881,-5.942247,9.336548,9.320901,0
1,0,6,-18.076307,8.806881,-5.942247,8.412611,8.402881,0
2,0,6,-16.734495,8.806881,-5.942247,7.539566,7.536756,0
3,0,6,-15.392683,8.806881,-5.942247,6.724895,6.730156,0
4,0,6,-14.050871,8.806881,-5.942247,5.976961,5.991555,0
5,0,6,-12.709059,8.806881,-5.942247,5.304899,5.330100,0
6,0,6,-11.367247,8.806881,-5.942247,4.718389,4.755278,0
7,0,6,-10.025436,8.806881,-5.942247,4.227261,4.276380,0
8,0,6,-8.683624,8.806881,-5.942247,3.840931,3.901807,0
9,0,6,-7.341812,8.806881,-5.942247,3.567687,3.638364,0
10,0,6,-6.000000,8.806881,-5.942247,3.413922,3.490777,0
11,0,6,-4.658188,8.806881,-5.942247,3.383445,3.461588,0
12,0,6,-3.316376,8.806881,-5.942247,3.477029,3.551284,0
13,0,6,-1.974564,8.806881,-5.942247,3.692318,3.758351,0
14,0,6,-0.632753,8.806881,-5.942247,4.024112,4.079141,0
15,0,6,0.709059,8.806881,-5.942247,4.464959,4.507831,0
16,0,6,2.050871,8.806881,-5.942247,5.005900,5.036723,0
17,0,6,3.392683,8.806881,-5.942247,5.637227,5.656871,0
18,0,6,4.734495,8.806881,-5.942247,6.349127,6.358804,0
19,0,6,6.076307,8.806881,-5.942247,7.132158,7.133156,0
20,0,6,7.418119,8.806881,-5.942247,7.977561,7.971090,0
0,1,6,-19.418119,10.148693,-5.942247,8.496711,8.486389,0
1,1,6,-18.076307,10.148693,-5.942247,7.531150,7.528415,0
2,1,6,-16.734495,10.148693,-5.942247,6.614692,6.621197,0
3,1,6,-15.392683,10.148693,-5.942247,5.755353,5.773174,0
4,1,6,-14.050871,10.148693,-5.942247,4.962308,4.994006,0
5,1,6,-12.709059,10.148693,-5.942247,4.245846,4.294452,0
6,1,6,-11.367247,10.148693,-5.942247,3.617162,3.685959,0
7,1,6,-10.025436,10.148693,-5.942247,3.087939,3.179827,0
8,1,6,-8.683624,10.148693,-5.942247,2.669658,2.785876,0
9,1,6,-7.341812,10.148693,-5.942247,2.372663,2.510938,0
10,1,6,-6.000000,10.148693,-5.942247,2.205084,2.358167,0
11,1,6,-4.658188,10.148693,-5.942247,2.171829,2.328092,0
12,1,6,-3.316376,10.148693,-5.942247,2.273900,2.420665,0
13,1,6,-1.974564,10.148693,-5.942247,2.508250,2.635862,0
14,1,6,-0.632753,10.148693,-5.942247,2.868219,2.972059,0
15,1,6,0.709059,10.148693,-5.942247,3.344411,3.424237,0
16,1,6,2.050871,10.148693,-5.942247,3.925774,3.983876,0
17,1,6,3.392683,10.148693,-5.942247,4.600620,4.640209,0
18,1,6,4.734495,10.148693,-5.942247,5.357449,5.381726,0
19,1,6,6.076307,10.148693,-5.942247,6.185488,6.197255,0
20,1,6,7.418119,10.148693,-5.942247,7.075001,7.076567,0
0,2,6,-19.418119,11.490505,-5.942247,7.715200,7.710872,0
1,2,6,-18.076307,11.490505,-5.942247,6.707290,6.712747,0
2,2,6,-16.734495,11.490505,-5.942247,5.746046,5.764008,0
3,2,6,-15.392683,11.490505,-5.942247,4.839916,4.874155,0
4,2,6,-14.050871,11.490505,-5.942247,3.998834,4.054639,0
5,2,6,-12.709059,11.490505,-5.942247,3.234263,3.319046,0
6,2,6,-11.367247,11.490505,-5.942247,2.559065,2.682947,0
7,2,6,-10.025436,11.490505,-5.942247,1.987092,2.162722,0
8,2,6,-8.683624,11.490505,-5.942247,1.532384,1.772058,0
9,2,6,-7.341812,11.490505,-5.942247,1.207955,1.515323,0
10,2,6,-6.000000,11.490505,-5.942247,1.024276,1.382643,0
11,2,6,-4.658188,11.490505,-5.942247,0.987771,1.357689,0
12,2,6,-3.316376,11.490505,-5.942247,1.099760,1.435809,0
13,2,6,-1.974564,11.490505,-5.942247,1.356237,1.629672,0
14,2,6,-0.632753,11.490505,-5.942247,1.748546,1.954323,0
15,2,6,0.709059,11.490505,-5.942247,2.264722,2.412310,0
16,2,6,2.050871,11.490505,-5.942247,2.891052,2.993570,0
17,2,6,3.392683,11.490505,-5.942247,3.613466,3.682401,0
18,2,6,4.734495,11.490505,-5.942247,4.418543,4.462583,0
19,2,6,6.076307,11.490505,-5.942247,5.294102,5.319495,0
20,2,6,7.418119,11.490505,-5.942247,6.229456,6.240651,0
0,3,6,-19.418119,12.832317,-5.942247,6.999575,7.001906,0
1,3,6,-18.076307,12.832317,-5.942247,5.949387,5.964370,0
2,3,6,-16.734495,12.832317,-5.942247,4.942768,4.974863,0
3,3,6,-15.392683,12.832317,-5.942247,3.988443,4.044569,0
4,3,6,-14.050871,12.832317,-5.942247,3.096972,3.188403,0
5,3,6,-12.709059,12.832317,-5.942247,2.280930,2.427069,0
6,3,6,-11.367247,12.832317,-5.942247,1.554930,1.790716,0
7,3,6,-10.025436,12.832317,-5.942247,0.935294,1.322759,0
8,3,6,-8.683624,12.832317,-5.942247,0.439938,1.066426,0
9,3,6,-7.341812,12.832317,-5.942247,0.116368,1.001100,0
10,3,6,-6.000000,12.832317,-5.942247,0.022334,1.001109,0
11,3,6,-4.658188,12.832317,-5.942247,0.014494,1.001509,0
12,3,6,-3.316376,12.832317,-5.942247,0.048972,1.000210,0
13,3,6,-1.974564,12.832317,-5.942247,0.252718,1.016656,0
14,3,6,-0.632753,12.832317,-5.942247,0.675487,1.169310,0
15,3,6,0.709059,12.832317,-5.942247,1.236633,1.536986,0
16,3,6,2.050871,12.832317,-5.942247,1.912580,2.096937,0
17,3,6,3.392683,12.832317,-5.942247,2.686399,2.801507,0
18,3,6,4.734495,12.832317,-5.942247,3.542571,3.614222,0
19,3,6,6.076307,12.832317,-5.942247,4.467506,4.510314,0
20,3,6,7.418119,12.832317,-5.942247,5.449672,5.472370,0
0,4,6,-19.418119,14.174129,-5.942247,6.357945,6.367513,0
1,4,6,-18.076307,14.174129,-5.942247,5.266613,5.292500,0
2,4,6,-16.734495,14.174129,-5.942247,4.215154,4.264610,0
3,4,6,-15.392683,14.174129,-5.942247,3.212362,3.298170,0
4,4,6,-14.050871,14.174129,-5.942247,2.269202,2.416388,0
5,4,6,-12.709059,14.174129,-5.942247,1.399192,1.663798,0
6,4,6,-11.367247,14.174129,-5.942247,0.618746,1.140934,0
7,4,6,-10.025436,14.174129,-5.942247,0.042888,1.000353,0
8,4,6,-8.683624,14.174129,-5.942247,0.000034,1.002406,1
9,4,6,-7.341812,14.174129,-5.942247,0.000000,1.002408,1
10,4,6,-6.000000,14.174129,-5.942247,0.000000,1.002408,1
11,4,6,-4.658188,14.174129,-5.942247,0.000000,1.002408,1
12,4,6,-3.316376,14.174129,-5.942247,0.000000,1.002408,1
13,4,6,-1.974564,14.174129,-5.942247,0.000001,1.002408,1
14,4,6,-0.632753,14.174129,-5.942247,0.001686,1.002293,1
15,4,6,0.709059,14.174129,-5.942247,0.279252,1.021772,0
16,4,6,2.050871,14.174129,-5.942247,1.004018,1.368731,0
17,4,6,3.392683,14.174129,-5.942247,1.832357,2.026784,0
18,4,6,4.734495,14.174129,-5.942247,2.741495,2.853042,0
19,4,6,6.076307,14.174129,-5.942247,3.716556,3.781721,0
20,4,6,7.418119,14.174129,-5.942247,4.745367,4.781657,0
0,5,6,-19.418119,15.515941,-5.942247,5.798746,5.815916,0
1,5,6,-18.076307,15.515941,-5.942247,4.668736,4.706748,0
2,5,6,-16.734495,15.515941,-5.942247,3.574471,3.644887,0
3,5,6,-15.392683,15.515941,-5.942247,2.524572,2.650970,0
4,5,6,-14.050871,15.515941,-5.942247,1.530115,1.770185,0
5,5,6,-12.709059,15.515941,-5.942247,0.605371,1.134555,0
6,5,6,-11.367247,15.515941,-5.942247,0.006629,1.001971,1
7,5,6,-10.025436,15.515941,-5.942247,0.000000,1.002408,1
8,5,6,-8.683624,15.515941,-5.942247,0.000000,1.002408,1
9,5,6,-7.341812,15.515941,-5.942247,0.000000,1.002408,1
10,5,6,-6.000000,15.515941,-5.942247,0.000000,1.002408,1
11,5,6,-4.658188,15.515941,-5.942247,0.000000,1.002408,1
12,5,6,-3.316376,15.515941,-5.942247,0.000000,1.002408,1
13,5,6,-1.974564,15.515941,-5.942247,0.000000,1.002408,1
14,5,6,-0.632753,15.515941,-5.942247,0.000000,1.002408,1
15,5,6,0.709059,15.515941,-5.942247,0.000032,1.002406,1
16,5,6,2.050871,15.515941,-5.942247,0.195704,1.007939,0
17,5,6,3.392683,15.515941,-5.942247,1.066740,1.412302,0
18,5,6,4.734495,15.515941,-5.942247,2.029042,2.200004,0
19,5,6,6.076307,15.515941,-5.942247,3.053306,3.146970,0
20,5,6,7.418119,15.515941,-5.942247,4.127024,4.178988,0
0,6,6,-19.418119,16.857753,-5.942247,5.330401,5.355152,0
1,6,6,-18.076307,16.857753,-5.942247,4.165741,4.216590,0
2,6,6,-16.734495,16.857753,-5.942247,3.032556,3.127303,0
3,6,6,-15.392683,16.857753,-5.942247,1.939062,2.120251,0
4,6,6,-14.050871,16.857753,-5.942247,0.896130,1.297461,0
5,6,6,-12.709059,16.857753,-5.942247,0.033385,1.000650,0
6,6,6,-11.367247,16.857753,-5.942247,0.000000,1.002408,1
7,6,6,-10.025436,16.857753,-5.942247,0.000000,1.002408,1
8,6,6,-8.683624,16.857753,-5.942247,0.000000,1.002408,1
9,6,6,-7.341812,16.857753,-5.942247,0.000000,1.002408,1
10,6,6,-6.000000,16.857753,-5.942247,0.000000,1.002408,1
11,6,6,-4.658188,16.857753,-5.942247,0.000000,1.002408,1
12,6,6,-3.316376,16.857753,-5.942247,0.000000,1.002408,1
13,6,6,-1.974564,16.857753,-5.942247,0.000000,1.002408,1
14,6,6,-0.632753,16.857753,-5.942247,0.000000,1.002408,1
15,6,6,0.709059,16.857753,-5.942247,0.000000,1.002408,1
16,6,6,2.050871,16.857753,-5.942247,0.000101,1.002401,1
17,6,6,3.392683,16.857753,-5.942247,0.408399,1.055883,0
18,6,6,4.734495,16.857753,-5.942247,1.420362,1.680766,0
19,6,6,6.076307,16.857753,-5.942247,2.490610,2.619549,0
20,6,6,7.418119,16.857753,-5.942247,3.605499,3.674734,0
0,7,6,-19.418119,18.199564,-5.942247,4.960866,4.992594,0
1,7,6,-18.076307,18.199564,-5.942247,3.767266,3.830650,0
2,7,6,-16.734495,18.199564,-5.942247,2.601141,2.722036,0
3,7,6,-15.392683,18.199564,-5.942247,1.470144,1.721033,0
4,7,6,-14.050871,18.199564,-5.942247,0.386174,1.048960,0
5,7,6,-12.709059,18.199564,-5.942247,0.000017,1.002407,1
6,7,6,-11.367247,18.199564,-5.942247,0.000000,1.002408,1
7,7,6,-10.025436,18.199564,-5.942247,0.000000,1.002408,1
8,7,6,-8.683624,18.199564,-5.942247,0.000000,1.002408,1
9,7,6,-7.341812,18.199564,-5.942247,0.000000,1.002408,1
10,7,6,-6.000000,18.199564,-5.942247,0.000000,1.002408,1
11,7,6,-4.658188,18.199564,-5.942247,0.000000,1.002408,1
12,7,6,-3.316376,18.199564,-5.942247,0.000000,1.002408,1
13,7,6,-1.974564,18.199564,-5.942247,0.000000,1.002408,1
14,7,6,-0.632753,18.199564,-5.942247,0.000000,1.002408,1
15,7,6,0.709059,18.199564,-5.942247,0.000000,1.002408,1
16,7,6,2.050871,18.199564,-5.942247,0.000000,1.002408,1
17,7,6,3.392683,18.199564,-5.942247,0.021432,1.001152,0
18,7,6,4.734495,18.199564,-5.942247,0.931230,1.320103,0
19,7,6,6.076307,18.199564,-5.942247,2.041402,2.211021,0
20,7,6,7.418119,18.199564,-5.942247,3.191402,3.278202,0
0,8,6,-19.418119,19.541376,-5.942247,4.697081,4.734449,0
1,8,6,-18.076307,19.541376,-5.942247,3.481890,3.555949,0
2,8,6,-16.734495,19.541376,-5.942247,2.290918,2.436173,0
3,8,6,-15.392683,19.541376,-5.942247,1.131246,1.458568,0
4,8,6,-14.050871,19.541376,-5.942247,0.073134,1.000007,0
5,8,6,-12.709059,19.541376,-5.942247,0.000000,1.002408,1
6,8,6,-11.367247,19.541376,-5.942247,0.000000,1.002408,1
7,8,6,-10.025436,19.541376,-5.942247,0.000000,1.002408,1
8,8,6,-8.683624,19.541376,-5.942247,0.000000,1.002408,1
9,8,6,-7.341812,19.541376,-5.942247,0.000000,1.002408,1
10,8,6,-6.000000,19.541376,-5.942247,0.000000,1.002408,1
11,8,6,-4.658188,19.541376,-5.942247,0.000000,1.002408,1
12,8,6,-3.316376,19.541376,-5.942247,0.000000,1.002408,1
13,8,6,-1.974564,19.541376,-5.942247,0.000000,1.002408,1
14,8,6,-0.632753,19.541376,-5.942247,0.000000,1.002408,1
15,8,6,0.709059,19.541376,-5.942247,0.000000,1.002408,1
16,8,6,2.050871,19.541376,-5.942247,0.000000,1.002408,1
17,8,6,3.392683,19.541376,-5.942247,0.000123,1.002400,1
18,8,6,4.734495,19.541376,-5.942247,0.576847,1.121364,0
19,8,6,6.076307,19.541376,-5.942247,1.717629,1.927824,0
20,8,6,7.418119,19.541376,-5.942247,2.894279,2.996612,0
0,9,6,-19.418119,20.883188,-5.942247,4.544398,4.585324,0
1,9,6,-18.076307,20.883188,-5.942247,3.316335,3.397394,0
2,9,6,-16.734495,20.883188,-5.942247,2.110434,2.272803,0
3,9,6,-15.392683,20.883188,-5.942247,0.933369,1.321500,0
4,9,6,-14.050871,20.883188,-5.942247,0.008877,1.001833,1
5,9,6,-12.709059,20.883188,-5.942247,0.000000,1.002408,1
6,9,6,-11.367247,20.883188,-5.942247,0.000000,1.002408,1
7,9,6,-10.025436,20.883188,-5.942247,0.000000,1.002408,1
8,9,6,-8.683624,20.883188,-5.942247,0.000000,1.002408,1
9,9,6,-7.341812,20.883188,-5.942247,0.000000,1.002408,1
10,9,6,-6.000000,20.883188,-5.942247,0.000000,1.002408,1
11,9,6,-4.658188,20.883188,-5.942247,0.000000,1.002408,1
12,9,6,-3.316376,20.883188,-5.942247,0.000000,1.002408,1
13,9,6,-1.974564,20.883188,-5.942247,0.000000,1.002408,1
14,9,6,-0.632753,20.883188,-5.942247,0.000000,1.002408,1
15,9,6,0.709059,20.883188,-5.942247,0.000000,1.002408,1
16,9,6,2.050871,20.883188,-5.942247,0.000000,1.002408,1
17,9,6,3.392683,20.883188,-5.942247,0.000003,1.002408,1
18,9,6,4.734495,20.883188,-5.942247,0.370985,1.044474,0
19,9,6,6.076307,20.883188,-5.942247,1.528948,1.769222,0
20,9,6,7.418119,20.883188,-5.942247,2.721682,2.834494,0
0,10,6,-19.418119,22.225000,-5.942247,4.506082,4.547938,0
1,10,6,-18.076307,22.225000,-5.942247,3.274743,3.357667,0
2,10,6,-16.734495,22.225000,-5.942247,2.065031,2.232120,0
3,10,6,-15.392683,22.225000,-5.942247,0.883505,1.289454,0
4,10,6,-14.050871,22.225000,-5.942247,0.004421,1.002112,1
5,10,6,-12.709059,22.225000,-5.942247,0.000000,1.002408,1
6,10,6,-11.367247,22.225000,-5.942247,0.000000,1.002408,1
7,10,6,-10.025436,22.225000,-5.942247,0.000000,1.002408,1
8,10,6,-8.683624,22.225000,-5.942247,0.000000,1.002408,1
9,10,6,-7.341812,22.225000,-5.942247,0.000000,1.002408,1
10,10,6,-6.000000,22.225000,-5.942247,0.000000,1.002408,1
11,10,6,-4.658188,22.225000,-5.942247,0.000000,1.002408,1
12,10,6,-3.316376,22.225000,-5.942247,0.000000,1.002408,1
13,10,6,-1.974564,22.225000,-5.942247,0.000000,1.002408,1
14,10,6,-0.632753,22.225000,-5.942247,0.000000,1.002408,1
15,10,6,0.709059,22.225000,-5.942247,0.000000,1.002408,1
16,10,6,2.050871,22.225000,-5.942247,0.000000,1.002408,1
17,10,6,3.392683,22.225000,-5.942247,0.000001,1.002408,1
18,10,6,4.734495,22.225000,-5.942247,0.319996,1.030910,0
19,10,6,6.076307,22.225000,-5.942247,1.481445,1.730243,0
20,10,6,7.418119,22.225000,-5.942247,2.678294,2.793938,0
0,11,6,-19.418119,23.566812,-5.942247,4.582971,4.622976,0
1,11,6,-18.076307,23.566812,-5.942247,3.358186,3.437414,0
2,11,6,-16.734495,23.566812,-5.942247,2.156096,2.313895,0
3,11,6,-15.392683,23.566812,-5.942247,0.983483,1.354793,0
4,11,6,-14.050871,23.566812,-5.942247,0.016012,1.001427,0
5,11,6,-12.709059,23.566812,-5.942247,0.000000,1.002408,1
6,11,6,-11.367247,23.566812,-5.942247,0.000000,1.002408,1
7,11,6,-10.025436,23.566812,-5.942247,0.000000,1.002408,1
8,11,6,-8.683624,23.566812,-5.942247,0.000000,1.002408,1
9,11,6,-7.341812,23.566812,-5.942247,0.000000,1.002408,1
10,11,6,-6.000000,23.566812,-5.942247,0.000000,1.002408,1
11,11,6,-4.658188,23.566812,-5.942247,0.000000,1.002408,1
12,11,6,-3.316376,23.566812,-5.942247,0.000000,1.002408,1
13,11,6,-1.974564,23.566812,-5.942247,0.000000,1.002408,1
14,11,6,-0.632753,23.566812,-5.942247,0.000000,1.002408,1
15,11,6,0.709059,23.566812,-5.942247,0.000000,1.002408,1
16,11,6,2.050871,23.566812,-5.942247,0.000000,1.002408,1
17,11,6,3.392683,23.566812,-5.942247,0.000005,1.002408,1
18,11,6,4.734495,23.566812,-5.942247,0.422717,1.060566,0
19,11,6,6.076307,23.566812,-5.942247,1.576707,1.808822,0
20,11,6,7.418119,23.566812,-5.942247,2.765330,2.875377,0
0,12,6,-19.418119,24.908624,-5.942247,4.773390,4.809064,0
1,12,6,-18.076307,24.908624,-5.942247,3.564529,3.635327,0
2,12,6,-16.734495,24.908624,-5.942247,2.380864,2.518463,0
3,12,6,-15.392683,24.908624,-5.942247,1.229662,1.531699,0
4,12,6,-14.050871,24.908624,-5.942247,0.143929,1.002770,0
5,12,6,-12.709059,24.908624,-5.942247,0.000000,1.002408,1
6,12,6,-11.367247,24.908624,-5.942247,0.000000,1.002408,1
7,12,6,-10.025436,24.908624,-5.942247,0.000000,1.002408,1
8,12,6,-8.683624,24.908624,-5.942247,0.000000,1.002408,1
9,12,6,-7.341812,24.908624,-5.942247,0.000000,1.002408,1
10,12,6,-6.000000,24.908624,-5.942247,0.000000,1.002408,1
11,12,6,-4.658188,24.908624,-5.942247,0.000000,1.002408,1
12,12,6,-3.316376,24.908624,-5.942247,0.000000,1.002408,1
13,12,6,-1.974564,24.908624,-5.942247,0.000000,1.002408,1
14,12,6,-0.632753,24.908624,-5.942247,0.000000,1.002408,1
15,12,6,0.709059,24.908624,-5.942247,0.000000,1.002408,1
16,12,6,2.050871,24.908624,-5.942247,0.000000,1.002408,1
17,12,6,3.392683,24.908624,-5.942247,0.000531,1.002372,1
18,12,6,4.734495,24.908624,-5.942247,0.679782,1.171542,0
19,12,6,6.076307,24.908624,-5.942247,1.811573,2.008733,0
20,12,6,7.418119,24.908624,-5.942247,2.980369,3.077901,0
0,13,6,-19.418119,26.250436,-5.942247,5.073328,5.102826,0
1,13,6,-18.076307,26.250436,-5.942247,3.888692,3.947992,0
2,13,6,-16.734495,26.250436,-5.942247,2.732814,2.844913,0
3,13,6,-15.392683,26.250436,-5.942247,1.613545,1.839631,0
4,13,6,-14.050871,26.250436,-5.942247,0.541660,1.105887,0
5,13,6,-12.709059,26.250436,-5.942247,0.000152,1.002398,1
6,13,6,-11.367247,26.250436,-5.942247,0.000000,1.002408,1
7,13,6,-10.025436,26.250436,-5.942247,0.000000,1.002408,1
8,13,6,-8.683624,26.250436,-5.942247,0.000000,1.002408,1
9,13,6,-7.341812,26.250436,-5.942247,0.000000,1.002408,1
10,13,6,-6.000000,26.250436,-5.942247,0.000000,1.002408,1
11,13,6,-4.658188,26.250436,-5.942247,0.000000,1.002408,1
12,13,6,-3.316376,26.250436,-5.942247,0.000000,1.002408,1
13,13,6,-1.974564,26.250436,-5.942247,0.000000,1.002408,1
14,13,6,-0.632753,26.250436,-5.942247,0.000000,1.002408,1
15,13,6,0.709059,26.250436,-5.942247,0.000000,1.002408,1
16,13,6,2.050871,26.250436,-5.942247,0.000000,1.002408,1
17,13,6,3.392683,26.250436,-5.942247,0.084690,1.000116,0
18,13,6,4.734495,26.250436,-5.942247,1.080981,1.422393,0
19,13,6,6.076307,26.250436,-5.942247,2.178631,2.334237,0
20,13,6,7.418119,26.250436,-5.942247,3.317681,3.398681,0
0,14,6,-19.418119,27.592247,-5.942247,5.476836,5.499079,0
1,14,6,-18.076307,27.592247,-5.942247,4.323244,4.369760,0
2,14,6,-16.734495,27.592247,-5.942247,3.202552,3.288823,0
3,14,6,-15.392683,27.592247,-5.942247,2.123134,2.284214,0
4,14,6,-14.050871,27.592247,-5.942247,1.095962,1.433086,0
5,14,6,-12.709059,27.592247,-5.942247,0.154154,1.003581,0
6,14,6,-11.367247,27.592247,-5.942247,0.000001,1.002409,1
7,14,6,-10.025436,27.592247,-5.942247,0.000000,1.002408,1
8,14,6,-8.683624,27.592247,-5.942247,0.000000,1.002408,1
9,14,6,-7.341812,27.592247,-5.942247,0.000000,1.002408,1
10,14,6,-6.000000,27.592247,-5.942247,0.000000,1.002408,1
11,14,6,-4.658188,27.592247,-5.942247,0.000000,1.002408,1
12,14,6,-3.316376,27.592247,-5.942247,0.000000,1.002408,1
13,14,6,-1.974564,27.592247,-5.942247,0.000000,1.002408,1
14,14,6,-0.632753,27.592247,-5.942247,0.000000,1.002408,1
15,14,6,0.709059,27.592247,-5.942247,0.000000,1.002408,1
16,14,6,2.050871,27.592247,-5.942247,0.001662,1.002295,1
17,14,6,3.392683,27.592247,-5.942247,0.615489,1.139370,0
18,14,6,4.734495,27.592247,-5.942247,1.611953,1.838295,0
19,14,6,6.076307,27.592247,-5.942247,2.667305,2.783679,0
20,14,6,7.418119,27.592247,-5.942247,3.768942,3.832267,0
0,15,6,-19.418119,28.934059,-5.942247,5.976570,5.991170,0
1,15,6,-18.076307,28.934059,-5.942247,4.859165,4.892996,0
2,15,6,-16.734495,28.934059,-5.942247,3.778921,3.841901,0
3,15,6,-15.392683,28.934059,-5.942247,2.744545,2.855899,0
4,15,6,-14.050871,28.934059,-5.942247,1.767114,1.970299,0
5,15,6,-12.709059,28.934059,-5.942247,0.860611,1.275124,0
6,15,6,-11.367247,28.934059,-5.942247,0.085105,1.000123,0
7,15,6,-10.025436,28.934059,-5.942247,0.000010,1.002409,1
8,15,6,-8.683624,28.934059,-5.942247,0.000000,1.002408,1
9,15,6,-7.341812,28.934059,-5.942247,0.000000,1.002408,1
10,15,6,-6.000000,28.934059,-5.942247,0.000000,1.002408,1
11,15,6,-4.658188,28.934059,-5.942247,0.000000,1.002408,1
12,15,6,-3.316376,28.934059,-5.942247,0.000000,1.002408,1
13,15,6,-1.974564,28.934059,-5.942247,0.000000,1.002408,1
14,15,6,-0.632753,28.934059,-5.942247,0.000000,1.002408,1
15,15,6,0.709059,28.934059,-5.942247,0.000831,1.002351,1
16,15,6,2.050871,28.934059,-5.942247,0.447510,1.069080,0
17,15,6,3.392683,28.934059,-5.942247,1.312596,1.595438,0
18,15,6,4.734495,28.934059,-5.942247,2.257185,2.405452,0
19,15,6,6.076307,28.934059,-5.942247,3.265179,3.348539,0
20,15,6,7.418119,28.934059,-5.942247,4.324147,4.370638,0
0,16,6,-19.418119,30.275871,-5.942247,6.564362,6.571448,0
1,16,6,-18.076307,30.275871,-5.942247,5.486625,5.508705,0
2,16,6,-16.734495,30.275871,-5.942247,4.450059,4.493303,0
3,16,6,-15.392683,30.275871,-5.942247,3.463462,3.538269,0
4,16,6,-14.050871,30.275871,-5.942247,2.537692,2.663126,0
5,16,6,-12.709059,30.275871,-5.942247,1.685977,1.900835,0
6,16,6,-11.367247,30.275871,-5.942247,0.924081,1.315447,0
7,16,6,-10.025436,30.275871,-5.942247,0.273618,1.020630,0
8,16,6,-8.683624,30.275871,-5.942247,0.000892,1.002347,1
9,16,6,-7.341812,30.275871,-5.942247,0.000042,1.002411,1
10,16,6,-6.000000,30.275871,-5.942247,0.000002,1.002409,1
11,16,6,-4.658188,30.275871,-5.942247,0.000001,1.002409,1
12,16,6,-3.316376,30.275871,-5.942247,0.000008,1.002409,1
13,16,6,-1.974564,30.275871,-5.942247,0.000254,1.002426,1
14,16,6,-0.632753,30.275871,-5.942247,0.054628,1.000110,0
15,16,6,0.709059,30.275871,-5.942247,0.588678,1.126766,0
16,16,6,2.050871,30.275871,-5.942247,1.299952,1.585606,0
17,16,6,3.392683,30.275871,-5.942247,2.109734,2.272175,0
18,16,6,4.734495,30.275871,-5.942247,3.000988,3.097409,0
19,16,6,6.076307,30.275871,-5.942247,3.959246,4.016285,0
20,16,6,7.418119,30.275871,-5.942247,4.972520,5.004012,0
0,17,6,-19.418119,31.617683,-5.942247,7.231737,7.231764,0
1,17,6,-18.076307,31.617683,-5.942247,6.195660,6.207294,0
2,17,6,-16.734495,31.617683,-5.942247,5.204262,5.231284,0
3,17,6,-15.392683,31.617683,-5.942247,4.266197,4.314246,0
4,17,6,-14.050871,31.617683,-5.942247,3.391833,3.469619,0
5,17,6,-12.709059,31.617683,-5.942247,2.593387,2.714826,0
6,17,6,-11.367247,31.617683,-5.942247,1.884882,2.072633,0
7,17,6,-10.025436,31.617683,-5.942247,1.281780,1.571545,0
8,17,6,-8.683624,31.617683,-5.942247,0.800133,1.238509,0
9,17,6,-7.341812,31.617683,-5.942247,0.455419,1.071903,0
10,17,6,-6.000000,31.617683,-5.942247,0.262268,1.018421,0
11,17,6,-4.658188,31.617683,-5.942247,0.225038,1.012032,0
12,17,6,-3.316376,31.617683,-5.942247,0.340954,1.036203,0
13,17,6,-1.974564,31.617683,-5.942247,0.613007,1.138182,0
14,17,6,-0.632753,31.617683,-5.942247,1.029359,1.386158,0
15,17,6,0.709059,31.617683,-5.942247,1.574880,1.807300,0
16,17,6,2.050871,31.617683,-5.942247,2.233678,2.384093,0
17,17,6,3.392683,31.617683,-5.942247,2.989861,3.086879,0
18,17,6,4.734495,31.617683,-5.942247,3.828628,3.889916,0
19,17,6,6.076307,31.617683,-5.942247,4.736854,4.773333,0
20,17,6,7.418119,31.617683,-5.942247,5.703275,5.721891,0
0,18,6,-19.418119,32.959495,-5.942247,7.970338,7.963925,0
1,18,6,-18.076307,32.959495,-5.942247,6.976668,6.979235,0
2,18,6,-16.734495,32.959495,-5.942247,6.030554,6.044404,0
3,18,6,-15.392683,32.959495,-5.942247,5.140317,5.168533,0
4,18,6,-14.050871,32.959495,-5.942247,4.315644,4.362362,0
5,18,6,-12.709059,32.959495,-5.942247,3.567607,3.638287,0
6,18,6,-11.367247,32.959495,-5.942247,2.908497,3.010018,0
7,18,6,-10.025436,32.959495,-5.942247,2.351401,2.491449,0
8,18,6,-8.683624,32.959495,-5.942247,1.909442,2.094179,0
9,18,6,-7.341812,32.959495,-5.942247,1.594660,1.823809,0
10,18,6,-6.000000,32.959495,-5.942247,1.416661,1.677793,0
11,18,6,-4.658188,32.959495,-5.942247,1.381304,1.649537,0
12,18,6,-3.316376,32.959495,-5.942247,1.489791,1.737061,0
13,18,6,-1.974564,32.959495,-5.942247,1.738473,1.945676,0
14,18,6,-0.632753,32.959495,-5.942247,2.119436,2.280890,0
15,18,6,0.709059,32.959495,-5.942247,2.621657,2.741128,0
16,18,6,2.050871,32.959495,-5.942247,3.232386,3.317257,0
17,18,6,3.392683,32.959495,-5.942247,3.938402,3.996100,0
18,18,6,4.734495,32.959495,-5.942247,4.726948,4.763646,0
19,18,6,6.076307,32.959495,-5.942247,5.586323,5.606775,0
20,18,6,7.418119,32.959495,-5.942247,6.506151,6.513921,0
0,19,6,-19.418119,34.301307,-5.942247,8.772222,8.760040,0
1,19,6,-18.076307,34.301307,-5.942247,7.820733,7.815526,0
2,19,6,-16.734495,34.301307,-5.942247,6.919017,6.922184,0
3,19,6,-15.392683,34.301307,-5.942247,6.074920,6.088162,0
4,19,6,-14.050871,34.301307,-5.942247,5.297347,5.322683,0
5,19,6,-12.709059,34.301307,-5.942247,4.596195,4.635888,0
6,19,6,-11.367247,34.301307,-5.942247,3.982132,4.038455,0
7,19,6,-10.025436,34.301307,-5.942247,3.466184,3.540880,0
8,19,6,-8.683624,34.301307,-5.942247,3.059089,3.152454,0
9,19,6,-7.341812,34.301307,-5.942247,2.770441,2.880169,0
10,19,6,-6.000000,34.301307,-5.942247,2.607730,2.728165,0
11,19,6,-4.658188,34.301307,-5.942247,2.575454,2.698162,0
12,19,6,-3.316376,34.301307,-5.942247,2.674533,2.790426,0
13,19,6,-1.974564,34.301307,-5.942247,2.902175,3.004056,0
14,19,6,-0.632753,34.301307,-5.942247,3.252260,3.336212,0
15,19,6,0.709059,34.301307,-5.942247,3.716106,3.781287,0
16,19,6,2.050871,34.301307,-5.942247,4.283419,4.331001,0
17,19,6,3.392683,34.301307,-5.942247,4.943220,4.975306,0
18,19,6,4.734495,34.301307,-5.942247,5.684598,5.703502,0
19,19,6,6.076307,34.301307,-5.942247,6.497241,6.505117,0
20,19,6,7.418119,34.301307,-5.942247,7.371740,7.370448,0
0,20,6,-19.418119,35.643119,-5.942247,9.630041,9.612751,0
1,20,6,-18.076307,35.643119,-5.942247,8.719797,8.707960,0
2,20,6,-16.734495,35.643119,-5.942247,7.860908,7.855373,0
3,20,6,-15.392683,35.643119,-5.942247,7.060666,7.062376,0
4,20,6,-14.050871,35.643119,-5.942247,6.327156,6.337108,0
5,20,6,-12.709059,35.643119,-5.942247,5.669143,5.688287,0
6,20,6,-11.367247,35.643119,-5.942247,5.095837,5.124901,0
7,20,6,-10.025436,35.643119,-5.942247,4.616516,4.655733,0
8,20,6,-8.683624,35.643119,-5.942247,4.239999,4.288766,0
9,20,6,-7.341812,35.643119,-5.942247,3.973995,4.030571,0
10,20,6,-6.000000,35.643119,-5.942247,3.824420,3.885850,0
11,20,6,-4.658188,35.643119,-5.942247,3.794783,3.857219,0
12,20,6,-3.316376,35.643119,-5.942247,3.885797,3.945191,0
13,20,6,-1.974564,35.643119,-5.942247,4.095292,4.148185,0
14,20,6,-0.632753,35.643119,-5.942247,4.418468,4.462509,0
15,20,6,0.709059,35.643119,-5.942247,4.848411,4.882469,0
16,20,6,2.050871,35.643119,-5.942247,5.376760,5.400702,0
17,20,6,3.392683,35.643119,-5.942247,5.994388,6.008739,0
18,20,6,4.734495,35.643119,-5.942247,6.691995,6.697623,0
19,20,6,6.076307,35.643119,-5.942247,7.460559,7.458456,0
20,20,6,7.418119,35.643119,-5.942247,8.291643,8.282785,0
0,0,7,-19.418119,8.806881,-4.600436,8.987293,8.973740,0
1,0,7,-18.076307,8.806881,-4.600436,8.046501,8.039491,0
2,0,7,-16.734495,8.806881,-4.600436,7.155946,7.156709,0
3,0,7,-15.392683,8.806881,-4.600436,6.323338,6.333337,0
4,0,7,-14.050871,8.806881,-4.600436,5.557372,5.578291,0
5,0,7,-12.709059,8.806881,-4.600436,4.867649,4.901301,0
6,0,7,-11.367247,8.806881,-4.600436,4.264446,4.312543,0
7,0,7,-10.025436,8.806881,-4.600436,3.758311,3.822006,0
8,0,7,-8.683624,8.806881,-4.600436,3.359448,3.438621,0
9,0,7,-7.341812,8.806881,-4.600436,3.076921,3.169370,0
10,0,7,-6.000000,8.806881,-4.600436,2.917770,3.018767,0
11,0,7,-4.658188,8.806881,-4.600436,2.886211,2.989007,0
12,0,7,-3.316376,8.806881,-4.600436,2.983102,3.080485,0
13,0,7,-1.974564,8.806881,-4.600436,3.205831,3.291947,0
14,0,7,-0.632753,8.806881,-4.600436,3.548656,3.620070,0
15,0,7,0.709059,8.806881,-4.600436,4.003396,4.059060,0
16,0,7,2.050871,8.806881,-4.600436,4.560299,4.600843,0
17,0,7,3.392683,8.806881,-4.600436,5.208895,5.235832,0
18,0,7,4.734495,8.806881,-4.600436,5.938711,5.953845,0
19,0,7,6.076307,8.806881,-4.600436,6.739776,6.744872,0
20,0,7,7.418119,8.806881,-4.600436,7.602932,7.599567,0
0,1,7,-19.418119,10.148693,-4.600436,8.132203,8.124534,0
1,1,7,-18.076307,10.148693,-4.600436,7.147354,7.148201,0
2,1,7,-16.734495,10.148693,-4.600436,6.210577,6.222017,0
3,1,7,-15.392683,10.148693,-4.600436,5.330102,5.354858,0
4,1,7,-14.050871,10.148693,-4.600436,4.515462,4.557089,0
5,1,7,-12.709059,10.148693,-4.600436,3.777482,3.840512,0
6,1,7,-11.367247,10.148693,-4.600436,3.128104,3.217979,0
7,1,7,-10.025436,10.148693,-4.600436,2.579961,2.702348,0
8,1,7,-8.683624,10.148693,-4.600436,2.145636,2.304467,0
9,1,7,-7.341812,10.148693,-4.600436,1.836607,2.030482,0
10,1,7,-6.000000,10.148693,-4.600436,1.661986,1.880474,0
11,1,7,-4.658188,10.148693,-4.600436,1.627311,1.851200,0
12,1,7,-3.316376,10.148693,-4.600436,1.733717,1.941597,0
13,1,7,-1.974564,10.148693,-4.600436,1.977758,2.154450,0
14,1,7,-0.632753,10.148693,-4.600436,2.351940,2.491943,0
15,1,7,0.709059,10.148693,-4.600436,2.845785,2.950942,0
16,1,7,2.050871,10.148693,-4.600436,3.447102,3.522578,0
17,1,7,3.392683,10.148693,-4.600436,4.143169,4.194665,0
18,1,7,4.734495,10.148693,-4.600436,4.921634,4.954163,0
19,1,7,6.076307,10.148693,-4.600436,5.771089,5.788673,0
20,1,7,7.418119,10.148693,-4.600436,6.681356,6.687104,0
0,2,7,-19.418119,11.490505,-4.600436,7.335237,7.334284,0
1,2,7,-18.076307,11.490505,-4.600436,6.305326,6.315553,0
2,2,7,-16.734495,11.490505,-4.600436,5.320554,5.345478,0
3,2,7,-15.392683,11.490505,-4.600436,4.389538,4.434320,0
4,2,7,-14.050871,11.490505,-4.600436,3.522556,3.594992,0
5,2,7,-12.709059,11.490505,-4.600436,2.731664,2.843836,0
6,2,7,-11.367247,11.490505,-4.600436,2.030628,2.201416,0
7,2,7,-10.025436,11.490505,-4.600436,1.434545,1.692187,0
8,2,7,-8.683624,11.490505,-4.600436,0.959005,1.338400,0
9,2,7,-7.341812,11.490505,-4.600436,0.618775,1.140948,0
10,2,7,-6.000000,11.490505,-4.600436,0.426371,1.061789,0
11,2,7,-4.658188,11.490505,-4.600436,0.388380,1.049628,0
12,2,7,-3.316376,11.490505,-4.600436,0.505300,1.090857,0
13,2,7,-1.974564,11.490505,-4.600436,0.774359,1.223480,0
14,2,7,-0.632753,11.490505,-4.600436,1.185267,1.498351,0
15,2,7,0.709059,11.490505,-4.600436,1.724152,1.933404,0
16,2,7,2.050871,11.490505,-4.600436,2.375649,2.513677,0
17,2,7,3.392683,11.490505,-4.600436,3.124281,3.214346,0
18,2,7,4.734495,11.490505,-4.600436,3.955556,4.012712,0
19,2,7,6.076307,11.490505,-4.600436,4.856556,4.890442,0
20,2,7,7.418119,11.490505,-4.600436,5.816135,5.833047,0
0,3,7,-19.418119,12.832317,-4.600436,6.604252,6.610877,0
1,3,7,-18.076307,12.832317,-4.600436,5.529102,5.550482,0
2,3,7,-16.734495,12.832317,-4.600436,4.495361,4.537481,0
3,3,7,-15.392683,12.832317,-4.600436,3.511826,3.584687,0
4,3,7,-14.050871,12.832317,-4.600436,2.589329,2.711053,0
5,3,7,-12.709059,12.832317,-4.600436,1.741043,1.947880,0
6,3,7,-11.367247,12.832317,-4.600436,0.982621,1.354212,0
7,3,7,-10.025436,12.832317,-4.600436,0.334570,1.034549,0
8,3,7,-8.683624,12.832317,-4.600436,0.010078,1.001761,0
9,3,7,-7.341812,12.832317,-4.600436,0.000041,1.002406,1
10,3,7,-6.000000,12.832317,-4.600436,0.000001,1.002408,1
11,3,7,-4.658188,12.832317,-4.600436,0.000000,1.002408,1
12,3,7,-3.316376,12.832317,-4.600436,0.000004,1.002408,1
13,3,7,-1.974564,12.832317,-4.600436,0.000652,1.002363,1
14,3,7,-0.632753,12.832317,-4.600436,0.099427,1.000449,0
15,3,7,0.709059,12.832317,-4.600436,0.648881,1.155744,0
16,3,7,2.050871,12.832317,-4.600436,1.356725,1.630058,0
17,3,7,3.392683,12.832317,-4.600436,2.163039,2.320158,0
18,3,7,4.734495,12.832317,-4.600436,3.050934,3.144721,0
19,3,7,6.076307,12.832317,-4.600436,4.006021,4.061604,0
20,3,7,7.418119,12.832317,-4.600436,5.016353,5.046969,0
0,4,7,-19.418119,14.174129,-4.600436,5.947741,5.962747,0
1,4,7,-18.076307,14.174129,-4.600436,4.828312,4.862798,0
2,4,7,-16.734495,14.174129,-4.600436,3.745821,3.809952,0
3,4,7,-15.392683,14.174129,-4.600436,2.708965,2.822598,0
4,4,7,-14.050871,14.174129,-4.600436,1.728821,1.937402,0
5,4,7,-12.709059,14.174129,-4.600436,0.819410,1.249978,0
6,4,7,-11.367247,14.174129,-4.600436,0.065514,1.000008,0
7,4,7,-10.025436,14.174129,-4.600436,0.000005,1.002408,1
8,4,7,-8.683624,14.174129,-4.600436,0.000000,1.002408,1
9,4,7,-7.341812,14.174129,-4.600436,0.000000,1.002408,1
10,4,7,-6.000000,14.174129,-4.600436,0.000000,1.002408,1
11,4,7,-4.658188,14.174129,-4.600436,0.000000,1.002408,1
12,4,7,-3.316376,14.174129,-4.600436,0.000000,1.002408,1
13,4,7,-1.974564,14.174129,-4.600436,0.000000,1.002408,1
14,4,7,-0.632753,14.174129,-4.600436,0.000000,1.002408,1
15,4,7,0.709059,14.174129,-4.600436,0.001128,1.002331,1
16,4,7,2.050871,14.174129,-4.600436,0.405501,1.054956,0
17,4,7,3.392683,14.174129,-4.600436,1.272896,1.564702,0
18,4,7,4.734495,14.174129,-4.600436,2.220302,2.371957,0
19,4,7,6.076307,14.174129,-4.600436,3.230893,3.315833,0
20,4,7,7.418119,14.174129,-4.600436,4.292220,4.339565,0
0,5,7,-19.418119,15.515941,-4.600436,5.374616,5.398595,0
1,5,7,-18.076307,15.515941,-4.600436,4.213321,4.262828,0
2,5,7,-16.734495,15.515941,-4.600436,3.083940,3.176032,0
3,5,7,-15.392683,15.515941,-4.600436,1.994741,2.169507,0
4,5,7,-14.050871,15.515941,-4.600436,0.956628,1.336822,0
5,5,7,-12.709059,15.515941,-4.600436,0.058872,1.000056,0
6,5,7,-11.367247,15.515941,-4.600436,0.000000,1.002408,1
7,5,7,-10.025436,15.515941,-4.600436,0.000000,1.002408,1
8,5,7,-8.683624,15.515941,-4.600436,0.000000,1.002408,1
9,5,7,-7.341812,15.515941,-4.600436,0.000000,1.002408,1
10,5,7,-6.000000,15.515941,-4.600436,0.000000,1.002408,1
11,5,7,-4.658188,15.515941,-4.600436,0.000000,1.002408,1
12,5,7,-3.316376,15.515941,-4.600436,0.000000,1.002408,1
13,5,7,-1.974564,15.515941,-4.600436,0.000000,1.002408,1
14,5,7,-0.632753,15.515941,-4.600436,0.000000,1.002408,1
15,5,7,0.709059,15.515941,-4.600436,0.000000,1.002408,1
16,5,7,2.050871,15.515941,-4.600436,0.000285,1.002389,1
17,5,7,3.392683,15.515941,-4.600436,0.470853,1.077556,0
18,5,7,4.734495,15.515941,-4.600436,1.478339,1.727710,0
19,5,7,6.076307,15.515941,-4.600436,2.544037,2.669008,0
20,5,7,7.418119,15.515941,-4.600436,3.654887,3.722283,0
0,6,7,-19.418119,16.857753,-4.600436,4.893849,4.926953,0
1,6,7,-18.076307,16.857753,-4.600436,3.694840,3.760782,0
2,6,7,-16.734495,16.857753,-4.600436,2.522511,2.649062,0
3,6,7,-15.392683,16.857753,-4.600436,1.384387,1.651990,0
4,6,7,-14.050871,16.857753,-4.600436,0.295046,1.025132,0
5,6,7,-12.709059,16.857753,-4.600436,0.000003,1.002408,1
6,6,7,-11.367247,16.857753,-4.600436,0.000000,1.002408,1
7,6,7,-10.025436,16.857753,-4.600436,0.000000,1.002408,1
8,6,7,-8.683624,16.857753,-4.600436,0.000000,1.002408,1
9,6,7,-7.341812,16.857753,-4.600436,0.000000,1.002408,1
10,6,7,-6.000000,16.857753,-4.600436,0.000000,1.002408,1
11,6,7,-4.658188,16.857753,-4.600436,0.000000,1.002408,1
12,6,7,-3.316376,16.857753,-4.600436,0.000000,1.002408,1
13,6,7,-1.974564,16.857753,-4.600436,0.000000,1.002408,1
14,6,7,-0.632753,16.857753,-4.600436,0.000000,1.002408,1
15,6,7,0.709059,16.857753,-4.600436,0.000000,1.002408,1
16,6,7,2.050871,16.857753,-4.600436,0.000000,1.002408,1
17,6,7,3.392683,16.857753,-4.600436,0.007211,1.001935,1
18,6,7,4.734495,16.857753,-4.600436,0.841606,1.263421,0
19,6,7,6.076307,16.857753,-4.600436,1.959400,2.138207,0
20,6,7,7.418119,16.857753,-4.600436,3.116039,3.206514,0
0,7,7,-19.418119,18.199564,-4.600436,4.513979,4.555642,0
1,7,7,-18.076307,18.199564,-4.600436,3.283317,3.365853,0
2,7,7,-16.734495,18.199564,-4.600436,2.074392,2.240493,0
3,7,7,-15.392683,18.199564,-4.600436,0.893789,1.295971,0
4,7,7,-14.050871,18.199564,-4.600436,0.005370,1.002051,1
5,7,7,-12.709059,18.199564,-4.600436,0.000000,1.002408,1
6,7,7,-11.367247,18.199564,-4.600436,0.000000,1.002408,1
7,7,7,-10.025436,18.199564,-4.600436,0.000000,1.002408,1
8,7,7,-8.683624,18.199564,-4.600436,0.000000,1.002408,1
9,7,7,-7.341812,18.199564,-4.600436,0.000000,1.002408,1
10,7,7,-6.000000,18.199564,-4.600436,0.000000,1.002408,1
11,7,7,-4.658188,18.199564,-4.600436,0.000000,1.002408,1
12,7,7,-3.316376,18.199564,-4.600436,0.000000,1.002408,1
13,7,7,-1.974564,18.199564,-4.600436,0.000000,1.002408,1
14,7,7,-0.632753,18.199564,-4.600436,0.000000,1.002408,1
15,7,7,0.709059,18.199564,-4.600436,0.000000,1.002408,1
16,7,7,2.050871,18.199564,-4.600436,0.000000,1.002408,1
17,7,7,3.392683,18.199564,-4.600436,0.000001,1.002408,1
18,7,7,4.734495,18.199564,-4.600436,0.330556,1.033527,0
19,7,7,6.076307,18.199564,-4.600436,1.491240,1.738246,0
20,7,7,7.418119,18.199564,-4.600436,2.687239,2.802292,0
0,8,7,-19.418119,19.541376,-4.600436,4.242507,4.291205,0
1,8,7,-18.076307,19.541376,-4.600436,2.988134,3.085245,0
2,8,7,-16.734495,19.541376,-4.600436,1.751450,1.956819,0
3,8,7,-15.392683,19.541376,-4.600436,0.538355,1.104480,0
4,8,7,-14.050871,19.541376,-4.600436,0.000016,1.002407,1
5,8,7,-12.709059,19.541376,-4.600436,0.000000,1.002408,1
6,8,7,-11.367247,19.541376,-4.600436,0.000000,1.002408,1
7,8,7,-10.025436,19.541376,-4.600436,0.000000,1.002408,1
8,8,7,-8.683624,19.541376,-4.600436,0.000000,1.002408,1
9,8,7,-7.341812,19.541376,-4.600436,0.000000,1.002408,1
10,8,7,-6.000000,19.541376,-4.600436,0.000000,1.002408,1
11,8,7,-4.658188,19.541376,-4.600436,0.000000,1.002408,1
12,8,7,-3.316376,19.541376,-4.600436,0.000000,1.002408,1
13,8,7,-1.974564,19.541376,-4.600436,0.000000,1.002408,1
14,8,7,-0.632753,19.541376,-4.600436,0.000000,1.002408,1
15,8,7,0.709059,19.541376,-4.600436,0.000000,1.002408,1
16,8,7,2.050871,19.541376,-4.600436,0.000000,1.002408,1
17,8,7,3.392683,19.541376,-4.600436,0.000000,1.002408,1
18,8,7,4.734495,19.541376,-4.600436,0.045694,1.000282,0
19,8,7,6.076307,19.541376,-4.600436,1.152927,1.474426,0
20,8,7,7.418119,19.541376,-4.600436,2.378999,2.516751,0
0,9,7,-19.418119,20.883188,-4.600436,4.085252,4.138441,0
1,9,7,-18.076307,20.883188,-4.600436,2.816702,2.923596,0
2,9,7,-16.734495,20.883188,-4.600436,1.563274,1.797644,0
3,9,7,-15.392683,20.883188,-4.600436,0.332674,1.034064,0
4,9,7,-14.050871,20.883188,-4.600436,0.000000,1.002408,1
5,9,7,-12.709059,20.883188,-4.600436,0.000000,1.002408,1
6,9,7,-11.367247,20.883188,-4.600436,0.000000,1.002408,1
7,9,7,-10.025436,20.883188,-4.600436,0.000000,1.002408,1
8,9,7,-8.683624,20.883188,-4.600436,0.000000,1.002408,1
9,9,7,-7.341812,20.883188,-4.600436,0.000000,1.002408,1
10,9,7,-6.000000,20.883188,-4.600436,0.000000,1.002408,1
11,9,7,-4.658188,20.883188,-4.600436,0.000000,1.002408,1
12,9,7,-3.316376,20.883188,-4.600436,0.000000,1.002408,1
13,9,7,-1.974564,20.883188,-4.600436,0.000000,1.002408,1
14,9,7,-0.632753,20.883188,-4.600436,0.000000,1.002408,1
15,9,7,0.709059,20.883188,-4.600436,0.000000,1.002408,1
16,9,7,2.050871,20.883188,-4.600436,0.000000,1.002408,1
17,9,7,3.392683,20.883188,-4.600436,0.000000,1.002408,1
18,9,7,4.734495,20.883188,-4.600436,0.004255,1.002123,1
19,9,7,6.076307,20.883188,-4.600436,0.955406,1.336011,0
20,9,7,7.418119,20.883188,-4.600436,2.199711,2.353302,0
0,10,7,-19.418119,22.225000,-4.600436,4.045773,4.100144,0
1,10,7,-18.076307,22.225000,-4.600436,2.773611,2.883143,0
2,10,7,-16.734495,22.225000,-4.600436,1.515900,1.758474,0
3,10,7,-15.392683,22.225000,-4.600436,0.282217,1.022385,0
4,10,7,-14.050871,22.225000,-4.600436,0.000000,1.002408,1
5,10,7,-12.709059,22.225000,-4.600436,0.000000,1.002408,1
6,10,7,-11.367247,22.225000,-4.600436,0.000000,1.002408,1
7,10,7,-10.025436,22.225000,-4.600436,0.000000,1.002408,1
8,10,7,-8.683624,22.225000,-4.600436,0.000000,1.002408,1
9,10,7,-7.341812,22.225000,-4.600436,0.000000,1.002408,1
10,10,7,-6.000000,22.225000,-4.600436,0.000000,1.002408,1
11,10,7,-4.658188,22.225000,-4.600436,0.000000,1.002408,1
12,10,7,-3.316376,22.225000,-4.600436,0.000000,1.002408,1
13,10,7,-1.974564,22.225000,-4.600436,0.000000,1.002408,1
14,10,7,-0.632753,22.225000,-4.600436,0.000000,1.002408,1
15,10,7,0.709059,22.225000,-4.600436,0.000000,1.002408,1
16,10,7,2.050871,22.225000,-4.600436,0.000000,1.002408,1
17,10,7,3.392683,22.225000,-4.600436,0.000000,1.002408,1
18,10,7,4.734495,22.225000,-4.600436,0.001994,1.002272,1
19,10,7,6.076307,22.225000,-4.600436,0.905633,1.303537,0
20,10,7,7.418119,22.225000,-4.600436,2.154614,2.312558,0
0,11,7,-19.418119,23.566812,-4.600436,4.124989,4.177012,0
1,11,7,-18.076307,23.566812,-4.600436,2.860052,2.964369,0
2,11,7,-16.734495,23.566812,-4.600436,1.610904,1.837415,0
3,11,7,-15.392683,23.566812,-4.600436,0.384131,1.048345,0
4,11,7,-14.050871,23.566812,-4.600436,0.000000,1.002408,1
5,11,7,-12.709059,23.566812,-4.600436,0.000000,1.002408,1
6,11,7,-11.367247,23.566812,-4.600436,0.000000,1.002408,1
7,11,7,-10.025436,23.566812,-4.600436,0.000000,1.002408,1
8,11,7,-8.683624,23.566812,-4.600436,0.000000,1.002408,1
9,11,7,-7.341812,23.566812,-4.600436,0.000000,1.002408,1
10,11,7,-6.000000,23.566812,-4.600436,0.000000,1.002408,1
11,11,7,-4.658188,23.566812,-4.600436,0.000000,1.002408,1
12,11,7,-3.316376,23.566812,-4.600436,0.000000,1.002408,1
13,11,7,-1.974564,23.566812,-4.600436,0.000000,1.002408,1
14,11,7,-0.632753,23.566812,-4.600436,0.000000,1.002408,1
15,11,7,0.709059,23.566812,-4.600436,0.000000,1.002408,1
16,11,7,2.050871,23.566812,-4.600436,0.000000,1.002408,1
17,11,7,3.392683,23.566812,-4.600436,0.000000,1.002408,1
18,11,7,4.734495,23.566812,-4.600436,0.008042,1.001883,1
19,11,7,6.076307,23.566812,-4.600436,1.005428,1.369695,0
20,11,7,7.418119,23.566812,-4.600436,2.245068,2.394438,0
0,12,7,-19.418119,24.908624,-4.600436,4.321068,4.367641,0
1,12,7,-18.076307,24.908624,-4.600436,3.073654,3.166270,0
2,12,7,-16.734495,24.908624,-4.600436,1.845149,2.037921,0
3,12,7,-15.392683,24.908624,-4.600436,0.641560,1.152092,0
4,12,7,-14.050871,24.908624,-4.600436,0.000071,1.002404,1
5,12,7,-12.709059,24.908624,-4.600436,0.000000,1.002408,1
6,12,7,-11.367247,24.908624,-4.600436,0.000000,1.002408,1
7,12,7,-10.025436,24.908624,-4.600436,0.000000,1.002408,1
8,12,7,-8.683624,24.908624,-4.600436,0.000000,1.002408,1
9,12,7,-7.341812,24.908624,-4.600436,0.000000,1.002408,1
10,12,7,-6.000000,24.908624,-4.600436,0.000000,1.002408,1
11,12,7,-4.658188,24.908624,-4.600436,0.000000,1.002408,1
12,12,7,-3.316376,24.908624,-4.600436,0.000000,1.002408,1
13,12,7,-1.974564,24.908624,-4.600436,0.000000,1.002408,1
14,12,7,-0.632753,24.908624,-4.600436,0.000000,1.002408,1
15,12,7,0.709059,24.908624,-4.600436,0.000000,1.002408,1
16,12,7,2.050871,24.908624,-4.600436,0.000000,1.002408,1
17,12,7,3.392683,24.908624,-4.600436,0.000000,1.002408,1
18,12,7,4.734495,24.908624,-4.600436,0.101679,1.000519,0
19,12,7,6.076307,24.908624,-4.600436,1.251170,1.548054,0
20,12,7,7.418119,24.908624,-4.600436,2.468361,2.598999,0
0,13,7,-19.418119,26.250436,-4.600436,4.629638,4.668549,0
1,13,7,-18.076307,26.250436,-4.600436,3.408796,3.485866,0
2,13,7,-16.734495,26.250436,-4.600436,2.211280,2.363780,0
3,13,7,-15.392683,26.250436,-4.600436,1.044000,1.396337,0
4,13,7,-14.050871,26.250436,-4.600436,0.030444,1.000760,0
5,13,7,-12.709059,26.250436,-4.600436,0.000000,1.002408,1
6,13,7,-11.367247,26.250436,-4.600436,0.000000,1.002408,1
7,13,7,-10.025436,26.250436,-4.600436,0.000000,1.002408,1
8,13,7,-8.683624,26.250436,-4.600436,0.000000,1.002408,1
9,13,7,-7.341812,26.250436,-4.600436,0.000000,1.002408,1
10,13,7,-6.000000,26.250436,-4.600436,0.000000,1.002408,1
11,13,7,-4.658188,26.250436,-4.600436,0.000000,1.002408,1
12,13,7,-3.316376,26.250436,-4.600436,0.000000,1.002408,1
13,13,7,-1.974564,26.250436,-4.600436,0.000000,1.002408,1
14,13,7,-0.632753,26.250436,-4.600436,0.000000,1.002408,1
15,13,7,0.709059,26.250436,-4.600436,0.000000,1.002408,1
16,13,7,2.050871,26.250436,-4.600436,0.000000,1.002408,1
17,13,7,3.392683,26.250436,-4.600436,0.000009,1.002408,1
18,13,7,4.734495,26.250436,-4.600436,0.485653,1.083157,0
19,13,7,6.076307,26.250436,-4.600436,1.634404,1.857174,0
20,13,7,7.418119,26.250436,-4.600436,2.818097,2.924907,0
0,14,7,-19.418119,27.592247,-4.600436,5.044246,5.074312,0
1,14,7,-18.076307,27.592247,-4.600436,3.857306,3.917638,0
2,14,7,-16.734495,27.592247,-4.600436,2.698797,2.813092,0
3,14,7,-15.392683,27.592247,-4.600436,1.576523,1.808668,0
4,14,7,-14.050871,27.592247,-4.600436,0.501313,1.089270,0
5,14,7,-12.709059,27.592247,-4.600436,0.000035,1.002406,1
6,14,7,-11.367247,27.592247,-4.600436,0.000000,1.002408,1
7,14,7,-10.025436,27.592247,-4.600436,0.000000,1.002408,1
8,14,7,-8.683624,27.592247,-4.600436,0.000000,1.002408,1
9,14,7,-7.341812,27.592247,-4.600436,0.000000,1.002408,1
10,14,7,-6.000000,27.592247,-4.600436,0.000000,1.002408,1
11,14,7,-4.658188,27.592247,-4.600436,0.000000,1.002408,1
12,14,7,-3.316376,27.592247,-4.600436,0.000000,1.002408,1
13,14,7,-1.974564,27.592247,-4.600436,0.000000,1.002408,1
14,14,7,-0.632753,27.592247,-4.600436,0.000000,1.002408,1
15,14,7,0.709059,27.592247,-4.600436,0.000000,1.002408,1
16,14,7,2.050871,27.592247,-4.600436,0.000000,1.002408,1
17,14,7,3.392683,27.592247,-4.600436,0.060184,1.000043,0
18,14,7,4.734495,27.592247,-4.600436,1.042334,1.395174,0
19,14,7,6.076307,27.592247,-4.600436,2.143190,2.302263,0
20,14,7,7.418119,27.592247,-4.600436,3.285049,3.367507,0
0,15,7,-19.418119,28.934059,-4.600436,5.556972,5.577898,0
1,15,7,-18.076307,28.934059,-4.600436,4.409346,4.453620,0
2,15,7,-16.734495,28.934059,-4.600436,3.295363,3.377357,0
3,15,7,-15.392683,28.934059,-4.600436,2.223471,2.374832,0
4,15,7,-14.050871,28.934059,-4.600436,1.204685,1.512867,0
5,15,7,-12.709059,28.934059,-4.600436,0.258269,1.017671,0
6,15,7,-11.367247,28.934059,-4.600436,0.000017,1.002410,1
7,15,7,-10.025436,28.934059,-4.600436,0.000000,1.002408,1
8,15,7,-8.683624,28.934059,-4.600436,0.000000,1.002408,1
9,15,7,-7.341812,28.934059,-4.600436,0.000000,1.002408,1
10,15,7,-6.000000,28.934059,-4.600436,0.000000,1.002408,1
11,15,7,-4.658188,28.934059,-4.600436,0.000000,1.002408,1
12,15,7,-3.316376,28.934059,-4.600436,0.000000,1.002408,1
13,15,7,-1.974564,28.934059,-4.600436,0.000000,1.002408,1
14,15,7,-0.632753,28.934059,-4.600436,0.000000,1.002408,1
15,15,7,0.709059,28.934059,-4.600436,0.000000,1.002408,1
16,15,7,2.050871,28.934059,-4.600436,0.007969,1.001888,1
17,15,7,3.392683,28.934059,-4.600436,0.728575,1.197686,0
18,15,7,4.734495,28.934059,-4.600436,1.716296,1.926685,0
19,15,7,6.076307,28.934059,-4.600436,2.763702,2.873850,0
20,15,7,7.418119,28.934059,-4.600436,3.858236,3.918537,0
0,16,7,-19.418119,30.275871,-4.600436,6.159068,6.171182,0
1,16,7,-18.076307,30.275871,-4.600436,5.054298,5.084167,0
2,16,7,-16.734495,30.275871,-4.600436,3.988040,4.044179,0
3,16,7,-15.392683,30.275871,-4.600436,2.969059,3.067206,0
4,16,7,-14.050871,30.275871,-4.600436,2.008392,2.181630,0
5,16,7,-12.709059,30.275871,-4.600436,1.119812,1.450265,0
6,16,7,-11.367247,30.275871,-4.600436,0.322133,1.031431,0
7,16,7,-10.025436,30.275871,-4.600436,0.000374,1.002434,1
8,16,7,-8.683624,30.275871,-4.600436,0.000001,1.002409,1
9,16,7,-7.341812,30.275871,-4.600436,0.000000,1.002408,1
10,16,7,-6.000000,30.275871,-4.600436,0.000000,1.002408,1
11,16,7,-4.658188,30.275871,-4.600436,0.000000,1.002408,1
12,16,7,-3.316376,30.275871,-4.600436,0.000000,1.002408,1
13,16,7,-1.974564,30.275871,-4.600436,0.000000,1.002408,1
14,16,7,-0.632753,30.275871,-4.600436,0.000030,1.002411,1
15,16,7,0.709059,30.275871,-4.600436,0.041412,1.000393,0
16,16,7,2.050871,30.275871,-4.600436,0.715304,1.190434,0
17,16,7,3.392683,30.275871,-4.600436,1.562544,1.797037,0
18,16,7,4.734495,30.275871,-4.600436,2.489758,2.618761,0
19,16,7,6.076307,30.275871,-4.600436,3.481673,3.555742,0
20,16,7,7.418119,30.275871,-4.600436,4.525967,4.567338,0
0,17,7,-19.418119,31.617683,-4.600436,6.841533,6.845522,0
1,17,7,-18.076307,31.617683,-4.600436,5.781511,5.798939,0
2,17,7,-16.734495,31.617683,-4.600436,4.764236,4.800110,0
3,17,7,-15.392683,31.617683,-4.600436,3.798473,3.860783,0
4,17,7,-14.050871,31.617683,-4.600436,2.894897,2.997195,0
5,17,7,-12.709059,31.617683,-4.600436,2.066328,2.233279,0
6,17,7,-11.367247,31.617683,-4.600436,1.327788,1.607304,0
7,17,7,-10.025436,31.617683,-4.600436,0.696228,1.180193,0
8,17,7,-8.683624,31.617683,-4.600436,0.196343,1.008019,0
9,17,7,-7.341812,31.617683,-4.600436,0.002208,1.002564,1
10,17,7,-6.000000,31.617683,-4.600436,0.002424,1.002579,1
11,17,7,-4.658188,31.617683,-4.600436,0.001707,1.002528,1
12,17,7,-3.316376,31.617683,-4.600436,0.004151,1.002705,1
13,17,7,-1.974564,31.617683,-4.600436,0.044985,1.000299,0
14,17,7,-0.632753,31.617683,-4.600436,0.431344,1.063471,0
15,17,7,0.709059,31.617683,-4.600436,1.003514,1.368387,0
16,17,7,2.050871,31.617683,-4.600436,1.691795,1.905785,0
17,17,7,3.392683,31.617683,-4.600436,2.478211,2.608093,0
18,17,7,4.734495,31.617683,-4.600436,3.346735,3.426459,0
19,17,7,6.076307,31.617683,-4.600436,4.283457,4.331038,0
20,17,7,7.418119,31.617683,-4.600436,5.276672,5.302377,0
0,18,7,-19.418119,32.959495,-4.600436,7.595565,7.592264,0
1,18,7,-18.076307,32.959495,-4.600436,6.580833,6.587728,0
2,18,7,-16.734495,32.959495,-4.600436,5.612312,5.632350,0
3,18,7,-15.392683,32.959495,-4.600436,4.698509,4.735845,0
4,18,7,-14.050871,32.959495,-4.600436,3.849469,3.910061,0
5,18,7,-12.709059,32.959495,-4.600436,3.076839,3.169292,0
6,18,7,-11.367247,32.959495,-4.600436,2.393760,2.530304,0
7,18,7,-10.025436,32.959495,-4.600436,1.814462,2.011239,0
8,18,7,-8.683624,32.959495,-4.600436,1.353448,1.627471,0
9,18,7,-7.341812,32.959495,-4.600436,1.024227,1.382609,0
10,18,7,-6.000000,32.959495,-4.600436,0.837720,1.261049,0
11,18,7,-4.658188,32.959495,-4.600436,0.800642,1.238809,0
12,18,7,-3.316376,32.959495,-4.600436,0.914377,1.309163,0
13,18,7,-1.974564,32.959495,-4.600436,1.174731,1.490522,0
14,18,7,-0.632753,32.959495,-4.600436,1.572665,1.805455,0
15,18,7,0.709059,32.959495,-4.600436,2.095728,2.259606,0
16,18,7,2.050871,32.959495,-4.600436,2.729719,2.842015,0
17,18,7,3.392683,32.959495,-4.600436,3.460145,3.535087,0
18,18,7,4.734495,32.959495,-4.600436,4.273258,4.321115,0
19,18,7,6.076307,32.959495,-4.600436,5.156648,5.184557,0
20,18,7,7.418119,32.959495,-4.600436,6.099484,6.112394,0
0,19,7,-19.418119,34.301307,-4.600436,8.412863,8.403131,0
1,19,7,-18.076307,34.301307,-4.600436,7.442934,7.440990,0
2,19,7,-16.734495,34.301307,-4.600436,6.521886,6.529471,0
3,19,7,-15.392683,34.301307,-4.600436,5.657786,5.677107,0
4,19,7,-14.050871,34.301307,-4.600436,4.859890,4.893706,0
5,19,7,-12.709059,34.301307,-4.600436,4.138610,4.190239,0
6,19,7,-11.367247,34.301307,-4.600436,3.505309,3.578429,0
7,19,7,-10.025436,34.301307,-4.600436,2.971877,3.069871,0
8,19,7,-8.683624,34.301307,-4.600436,2.550037,2.674571,0
9,19,7,-7.341812,34.301307,-4.600436,2.250379,2.399264,0
10,19,7,-6.000000,34.301307,-4.600436,2.081244,2.246627,0
11,19,7,-4.658188,34.301307,-4.600436,2.047676,2.216618,0
12,19,7,-3.316376,34.301307,-4.600436,2.150704,2.309034,0
13,19,7,-1.974564,34.301307,-4.600436,2.387197,2.524276,0
14,19,7,-0.632753,34.301307,-4.600436,2.750314,2.861303,0
15,19,7,0.709059,34.301307,-4.600436,3.230428,3.315389,0
16,19,7,2.050871,34.301307,-4.600436,3.816236,3.877942,0
17,19,7,3.392683,34.301307,-4.600436,4.495826,4.537934,0
18,19,7,4.734495,34.301307,-4.600436,5.257507,5.283558,0
19,19,7,6.076307,34.301307,-4.600436,6.090363,6.103396,0
20,19,7,7.418119,34.301307,-4.600436,6.984559,6.987044,0
0,20,7,-19.418119,35.643119,-4.600436,9.285817,9.270464,0
1,20,7,-18.076307,35.643119,-4.600436,8.359470,8.350120,0
2,20,7,-16.734495,35.643119,-4.600436,7.483927,7.481612,0
3,20,7,-15.392683,35.643119,-4.600436,6.666703,6.672616,0
4,20,7,-14.050871,35.643119,-4.600436,5.916210,5.931665,0
5,20,7,-12.709059,35.643119,-4.600436,5.241648,5.267986,0
6,20,7,-11.367247,35.643119,-4.600436,4.652782,4.691159,0
7,20,7,-10.025436,35.643119,-4.600436,4.159541,4.210568,0
8,20,7,-8.683624,35.643119,-4.600436,3.771451,3.834689,0
9,20,7,-7.341812,35.643119,-4.600436,3.496906,3.570362,0
10,20,7,-6.000000,35.643119,-4.600436,3.342387,3.422301,0
11,20,7,-4.658188,35.643119,-4.600436,3.311758,3.393021,0
12,20,7,-3.316376,35.643119,-4.600436,3.405805,3.483000,0
13,20,7,-1.974564,35.643119,-4.600436,3.622136,3.690746,0
14,20,7,-0.632753,35.643119,-4.600436,3.955479,4.012636,0
15,20,7,0.709059,35.643119,-4.600436,4.398279,4.442837,0
16,20,7,2.050871,35.643119,-4.600436,4.941470,4.973592,0
17,20,7,3.392683,35.643119,-4.600436,5.575238,5.595869,0
18,20,7,4.734495,35.643119,-4.600436,6.289677,6.300101,0
19,20,7,6.076307,35.643119,-4.600436,7.075271,7.076835,0
20,20,7,7.418119,35.643119,-4.600436,7.923203,7.917165,0
0,0,8,-19.418119,8.806881,-3.258624,8.722936,8.711078,0
1,0,8,-18.076307,8.806881,-3.258624,7.768961,7.764182,0
2,0,8,-16.734495,8.806881,-3.258624,6.864645,6.868386,0
3,0,8,-15.392683,8.806881,-3.258624,6.017865,6.031890,0
4,0,8,-14.050871,8.806881,-3.258624,5.237576,5.263988,0
5,0,8,-12.709059,8.806881,-3.258624,4.533741,4.574925,0
6,0,8,-11.367247,8.806881,-3.258624,3.917123,3.975503,0
7,0,8,-10.025436,8.806881,-3.258624,3.398861,3.476349,0
8,0,8,-8.683624,8.806881,-3.258624,2.989819,3.086840,0
9,0,8,-7.341812,8.806881,-3.258624,2.699721,2.813956,0
10,0,8,-6.000000,8.806881,-3.258624,2.536165,2.661711,0
11,0,8,-4.658188,8.806881,-3.258624,2.503720,2.631671,0
12,0,8,-3.316376,8.806881,-3.258624,2.603317,2.724060,0
13,0,8,-1.974564,8.806881,-3.258624,2.832124,2.938093,0
14,0,8,-0.632753,8.806881,-3.258624,3.183927,3.271085,0
15,0,8,0.709059,8.806881,-3.258624,3.649924,3.717502,0
16,0,8,2.050871,8.806881,-3.258624,4.219689,4.269019,0
17,0,8,3.392683,8.806881,-3.258624,4.882123,4.915471,0
18,0,8,4.734495,8.806881,-3.258624,5.626211,5.646029,0
19,0,8,6.076307,8.806881,-3.258624,6.441561,6.450104,0
20,0,8,7.418119,8.806881,-3.258624,7.318705,7.317907,0
0,1,8,-19.418119,10.148693,-3.258624,7.855918,7.850423,0
1,1,8,-18.076307,10.148693,-3.258624,6.855913,6.859748,0
2,1,8,-16.734495,10.148693,-3.258624,5.903078,5.918721,0
3,1,8,-15.392683,10.148693,-3.258624,5.005791,5.036616,0
4,1,8,-14.050871,10.148693,-3.258624,4.173852,4.224471,0
5,1,8,-12.709059,10.148693,-3.258624,3.418507,3.495169,0
6,1,8,-11.367247,10.148693,-3.258624,2.752299,2.863163,0
7,1,8,-10.025436,10.148693,-3.258624,2.188652,2.343295,0
8,1,8,-8.683624,10.148693,-3.258624,1.741088,1.947919,0
9,1,8,-7.341812,10.148693,-3.258624,1.422071,1.682140,0
10,1,8,-6.000000,10.148693,-3.258624,1.241582,1.540747,0
11,1,8,-4.658188,10.148693,-3.258624,1.205721,1.513645,0
12,1,8,-3.316376,10.148693,-3.258624,1.315744,1.597892,0
13,1,8,-1.974564,10.148693,-3.258624,1.567846,1.801445,0
14,1,8,-0.632753,10.148693,-3.258624,1.953792,2.133251,0
15,1,8,0.709059,10.148693,-3.258624,2.462153,2.593270,0
16,1,8,2.050871,10.148693,-3.258624,3.079759,3.172063,0
17,1,8,3.392683,10.148693,-3.258624,3.793016,3.855512,0
18,1,8,4.734495,10.148693,-3.258624,4.588876,4.628742,0
19,1,8,6.076307,10.148693,-3.258624,5.455424,5.478025,0
20,1,8,7.418119,10.148693,-3.258624,6.382144,6.391413,0
0,2,8,-19.418119,11.490505,-3.258624,7.046816,7.048666,0
1,2,8,-18.076307,11.490505,-3.258624,5.999532,6.013811,0
2,2,8,-16.734495,11.490505,-3.258624,4.996050,5.027070,0
3,2,8,-15.392683,11.490505,-3.258624,4.045086,4.099477,0
4,2,8,-14.050871,11.490505,-3.258624,3.157159,3.245608,0
5,2,8,-12.709059,11.490505,-3.258624,2.344774,2.485381,0
6,2,8,-11.367247,11.490505,-3.258624,1.622420,1.847087,0
7,2,8,-10.025436,11.490505,-3.258624,1.006240,1.370249,0
8,2,8,-8.683624,11.490505,-3.258624,0.513425,1.094129,0
9,2,8,-7.341812,11.490505,-3.258624,0.173720,1.005422,0
10,2,8,-6.000000,11.490505,-3.258624,0.041609,1.000387,0
11,2,8,-4.658188,11.490505,-3.258624,0.027225,1.000891,0
12,2,8,-3.316376,11.490505,-3.258624,0.084663,1.000116,0
13,2,8,-1.974564,11.490505,-3.258624,0.323771,1.031834,0
14,2,8,-0.632753,11.490505,-3.258624,0.747962,1.208463,0
15,2,8,0.709059,11.490505,-3.258624,1.305856,1.590192,0
16,2,8,2.050871,11.490505,-3.258624,1.978223,2.154862,0
17,2,8,3.392683,11.490505,-3.258624,2.748372,2.859483,0
18,2,8,4.734495,11.490505,-3.258624,3.600933,3.670341,0
19,2,8,6.076307,11.490505,-3.258624,4.522411,4.563869,0
20,2,8,7.418119,11.490505,-3.258624,5.501327,5.523164,0
0,3,8,-19.418119,12.832317,-3.258624,6.303714,6.313960,0
1,3,8,-18.076307,12.832317,-3.258624,5.208751,5.235691,0
2,3,8,-16.734495,12.832317,-3.258624,4.153301,4.204506,0
3,3,8,-15.392683,12.832317,-3.258624,3.146153,3.235140,0
4,3,8,-14.050871,12.832317,-3.258624,2.198295,2.352020,0
5,3,8,-12.709059,12.832317,-3.258624,1.323316,1.603805,0
6,3,8,-11.367247,12.832317,-3.258624,0.537921,1.104296,0
7,3,8,-10.025436,12.832317,-3.258624,0.018113,1.001317,0
8,3,8,-8.683624,12.832317,-3.258624,0.000005,1.002408,1
9,3,8,-7.341812,12.832317,-3.258624,0.000000,1.002408,1
10,3,8,-6.000000,12.832317,-3.258624,0.000000,1.002408,1
11,3,8,-4.658188,12.832317,-3.258624,0.000000,1.002408,1
12,3,8,-3.316376,12.832317,-3.258624,0.000000,1.002408,1
13,3,8,-1.974564,12.832317,-3.258624,0.000000,1.002408,1
14,3,8,-0.632753,12.832317,-3.258624,0.000420,1.002379,1
15,3,8,0.709059,12.832317,-3.258624,0.202607,1.008827,0
16,3,8,2.050871,12.832317,-3.258624,0.925648,1.316466,0
17,3,8,3.392683,12.832317,-3.258624,1.759039,1.963345,0
18,3,8,4.734495,12.832317,-3.258624,2.673021,2.789015,0
19,3,8,6.076307,12.832317,-3.258624,3.652612,3.720091,0
20,3,8,7.418119,12.832317,-3.258624,4.685593,4.723221,0
0,4,8,-19.418119,14.174129,-3.258624,5.635410,5.655083,0
1,4,8,-18.076307,14.174129,-3.258624,4.493561,4.535725,0
2,4,8,-16.734495,14.174129,-3.258624,3.386061,3.464092,0
3,4,8,-15.392683,14.174129,-3.258624,2.321420,2.464019,0
4,4,8,-14.050871,14.174129,-3.258624,1.310683,1.593948,0
5,4,8,-12.709059,14.174129,-3.258624,0.369921,1.044167,0
6,4,8,-11.367247,14.174129,-3.258624,0.000190,1.002395,1
7,4,8,-10.025436,14.174129,-3.258624,0.000000,1.002408,1
8,4,8,-8.683624,14.174129,-3.258624,0.000000,1.002408,1
9,4,8,-7.341812,14.174129,-3.258624,0.000000,1.002408,1
10,4,8,-6.000000,14.174129,-3.258624,0.000000,1.002408,1
11,4,8,-4.658188,14.174129,-3.258624,0.000000,1.002408,1
12,4,8,-3.316376,14.174129,-3.258624,0.000000,1.002408,1
13,4,8,-1.974564,14.174129,-3.258624,0.000000,1.002408,1
14,4,8,-0.632753,14.174129,-3.258624,0.000000,1.002408,1
15,4,8,0.709059,14.174129,-3.258624,0.000000,1.002408,1
16,4,8,2.050871,14.174129,-3.258624,0.039070,1.000461,0
17,4,8,3.392683,14.174129,-3.258624,0.838795,1.261704,0
18,4,8,4.734495,14.174129,-3.258624,1.818094,2.014391,0
19,4,8,6.076307,14.174129,-3.258624,2.857857,2.962303,0
20,4,8,7.418119,14.174129,-3.258624,3.945539,4.003012,0
0,5,8,-19.418119,15.515941,-3.258624,5.051199,5.081128,0
1,5,8,-18.076307,15.515941,-3.258624,3.864811,3.924894,0
2,5,8,-16.734495,15.515941,-3.258624,2.706932,2.820697,0
3,5,8,-15.392683,15.515941,-3.258624,1.585378,1.816053,0
4,5,8,-14.050871,15.515941,-3.258624,0.511043,1.093164,0
5,5,8,-12.709059,15.515941,-3.258624,0.000158,1.002398,1
6,5,8,-11.367247,15.515941,-3.258624,0.000000,1.002408,1
7,5,8,-10.025436,15.515941,-3.258624,0.000000,1.002408,1
8,5,8,-8.683624,15.515941,-3.258624,0.000000,1.002408,1
9,5,8,-7.341812,15.515941,-3.258624,0.000000,1.002408,1
10,5,8,-6.000000,15.515941,-3.258624,0.000000,1.002408,1
11,5,8,-4.658188,15.515941,-3.258624,0.000000,1.002408,1
12,5,8,-3.316376,15.515941,-3.258624,0.000000,1.002408,1
13,5,8,-1.974564,15.515941,-3.258624,0.000000,1.002408,1
14,5,8,-0.632753,15.515941,-3.258624,0.000000,1.002408,1
15,5,8,0.709059,15.515941,-3.258624,0.000000,1.002408,1
16,5,8,2.050871,15.515941,-3.258624,0.000000,1.002408,1
17,5,8,3.392683,15.515941,-3.258624,0.069164,1.000000,0
18,5,8,4.734495,15.515941,-3.258624,1.051579,1.401637,0
19,5,8,6.076307,15.515941,-3.258624,2.151666,2.309901,0
20,5,8,7.418119,15.515941,-3.258624,3.292852,3.374959,0
0,6,8,-19.418119,16.857753,-3.258624,4.560500,4.601040,0
1,6,8,-18.076307,16.857753,-3.258624,3.333808,3.414097,0
2,6,8,-16.734495,16.857753,-3.258624,2.129501,2.289941,0
3,6,8,-15.392683,16.857753,-3.258624,0.954300,1.335278,0
4,6,8,-14.050871,16.857753,-3.258624,0.011867,1.001656,0
5,6,8,-12.709059,16.857753,-3.258624,0.000000,1.002408,1
6,6,8,-11.367247,16.857753,-3.258624,0.000000,1.002408,1
7,6,8,-10.025436,16.857753,-3.258624,0.000000,1.002408,1
8,6,8,-8.683624,16.857753,-3.258624,0.000000,1.002408,1
9,6,8,-7.341812,16.857753,-3.258624,0.000000,1.002408,1
10,6,8,-6.000000,16.857753,-3.258624,0.000000,1.002408,1
11,6,8,-4.658188,16.857753,-3.258624,0.000000,1.002408,1
12,6,8,-3.316376,16.857753,-3.258624,0.000000,1.002408,1
13,6,8,-1.974564,16.857753,-3.258624,0.000000,1.002408,1
14,6,8,-0.632753,16.857753,-3.258624,0.000000,1.002408,1
15,6,8,0.709059,16.857753,-3.258624,0.000000,1.002408,1
16,6,8,2.050871,16.857753,-3.258624,0.000000,1.002408,1
17,6,8,3.392683,16.857753,-3.258624,0.000005,1.002408,1
18,6,8,4.734495,16.857753,-3.258624,0.392601,1.050918,0
19,6,8,6.076307,16.857753,-3.258624,1.548893,1.785711,0
20,6,8,7.418119,16.857753,-3.258624,2.739906,2.851554,0
0,7,8,-19.418119,18.199564,-3.258624,4.172336,4.222997,0
1,7,8,-18.076307,18.199564,-3.258624,2.911678,3.013019,0
2,7,8,-16.734495,18.199564,-3.258624,1.667585,1.885218,0
3,7,8,-15.392683,18.199564,-3.258624,0.446171,1.068607,0
4,7,8,-14.050871,18.199564,-3.258624,0.000003,1.002408,1
5,7,8,-12.709059,18.199564,-3.258624,0.000000,1.002408,1
6,7,8,-11.367247,18.199564,-3.258624,0.000000,1.002408,1
7,7,8,-10.025436,18.199564,-3.258624,0.000000,1.002408,1
8,7,8,-8.683624,18.199564,-3.258624,0.000000,1.002408,1
9,7,8,-7.341812,18.199564,-3.258624,0.000000,1.002408,1
10,7,8,-6.000000,18.199564,-3.258624,0.000000,1.002408,1
11,7,8,-4.658188,18.199564,-3.258624,0.000000,1.002408,1
12,7,8,-3.316376,18.199564,-3.258624,0.000000,1.002408,1
13,7,8,-1.974564,18.199564,-3.258624,0.000000,1.002408,1
14,7,8,-0.632753,18.199564,-3.258624,0.000000,1.002408,1
15,7,8,0.709059,18.199564,-3.258624,0.000000,1.002408,1
16,7,8,2.050871,18.199564,-3.258624,0.000000,1.002408,1
17,7,8,3.392683,18.199564,-3.258624,0.000000,1.002408,1
18,7,8,4.734495,18.199564,-3.258624,0.017999,1.001323,0
19,7,8,6.076307,18.199564,-3.258624,1.064933,1.411026,0
20,7,8,7.418119,18.199564,-3.258624,2.299065,2.443604,0
0,8,8,-19.418119,19.541376,-3.258624,3.894676,3.953781,0
1,8,8,-18.076307,19.541376,-3.258624,2.608489,2.728872,0
2,8,8,-16.734495,19.541376,-3.258624,1.334074,1.612229,0
3,8,8,-15.392683,19.541376,-3.258624,0.111728,1.000894,0
4,8,8,-14.050871,19.541376,-3.258624,0.000000,1.002408,1
5,8,8,-12.709059,19.541376,-3.258624,0.000000,1.002408,1
6,8,8,-11.367247,19.541376,-3.258624,0.000000,1.002408,1
7,8,8,-10.025436,19.541376,-3.258624,0.000000,1.002408,1
8,8,8,-8.683624,19.541376,-3.258624,0.000000,1.002408,1
9,8,8,-7.341812,19.541376,-3.258624,0.000000,1.002408,1
10,8,8,-6.000000,19.541376,-3.258624,0.000001,1.002409,1
11,8,8,-4.658188,19.541376,-3.258624,0.000003,1.002409,1
12,8,8,-3.316376,19.541376,-3.258624,0.000000,1.002408,1
13,8,8,-1.974564,19.541376,-3.258624,0.000000,1.002408,1
14,8,8,-0.632753,19.541376,-3.258624,0.000000,1.002408,1
15,8,8,0.709059,19.541376,-3.258624,0.000000,1.002408,1
16,8,8,2.050871,19.541376,-3.258624,0.000000,1.002408,1
17,8,8,3.392683,19.541376,-3.258624,0.000000,1.002408,1
18,8,8,4.734495,19.541376,-3.258624,0.000093,1.002402,1
19,8,8,6.076307,19.541376,-3.258624,0.714439,1.189965,0
20,8,8,7.418119,19.541376,-3.258624,1.981675,2.157920,0
0,9,8,-19.418119,20.883188,-3.258624,3.733731,3.798287,0
1,9,8,-18.076307,20.883188,-3.258624,2.432245,2.565700,0
2,9,8,-16.734495,20.883188,-3.258624,1.139477,1.464571,0
3,9,8,-15.392683,20.883188,-3.258624,0.018164,1.001314,0
4,9,8,-14.050871,20.883188,-3.258624,0.000000,1.002408,1
5,9,8,-12.709059,20.883188,-3.258624,0.000000,1.002408,1
6,9,8,-11.367247,20.883188,-3.258624,0.000000,1.002408,1
7,9,8,-10.025436,20.883188,-3.258624,0.000000,1.002408,1
8,9,8,-8.683624,20.883188,-3.258624,0.000000,1.002408,1
9,9,8,-7.341812,20.883188,-3.258624,0.000001,1.002408,1
10,9,8,-6.000000,20.883188,-3.258624,0.000003,1.002409,1
11,9,8,-4.658188,20.883188,-3.258624,0.000020,1.002410,1
12,9,8,-3.316376,20.883188,-3.258624,0.000002,1.002408,1
13,9,8,-1.974564,20.883188,-3.258624,0.000000,1.002408,1
14,9,8,-0.632753,20.883188,-3.258624,0.000000,1.002408,1
15,9,8,0.709059,20.883188,-3.258624,0.000000,1.002408,1
16,9,8,2.050871,20.883188,-3.258624,0.000000,1.002408,1
17,9,8,3.392683,20.883188,-3.258624,0.000000,1.002408,1
18,9,8,4.734495,20.883188,-3.258624,0.000002,1.002408,1
19,9,8,6.076307,20.883188,-3.258624,0.509766,1.092649,0
20,9,8,7.418119,20.883188,-3.258624,1.796861,1.995987,0
0,10,8,-19.418119,22.225000,-3.258624,3.693314,3.759311,0
1,10,8,-18.076307,22.225000,-3.258624,2.387925,2.524945,0
2,10,8,-16.734495,22.225000,-3.258624,1.090455,1.429147,0
3,10,8,-15.392683,22.225000,-3.258624,0.009712,1.001782,1
4,10,8,-14.050871,22.225000,-3.258624,0.000000,1.002408,1
5,10,8,-12.709059,22.225000,-3.258624,0.000000,1.002408,1
6,10,8,-11.367247,22.225000,-3.258624,0.000000,1.002408,1
7,10,8,-10.025436,22.225000,-3.258624,0.000000,1.002408,1
8,10,8,-8.683624,22.225000,-3.258624,0.000000,1.002408,1
9,10,8,-7.341812,22.225000,-3.258624,0.000008,1.002408,1
10,10,8,-6.000000,22.225000,-3.258624,0.000255,1.002391,1
11,10,8,-4.658188,22.225000,-3.258624,0.000482,1.002375,1
12,10,8,-3.316376,22.225000,-3.258624,0.000064,1.002404,1
13,10,8,-1.974564,22.225000,-3.258624,0.000000,1.002408,1
14,10,8,-0.632753,22.225000,-3.258624,0.000000,1.002408,1
15,10,8,0.709059,22.225000,-3.258624,0.000000,1.002408,1
16,10,8,2.050871,22.225000,-3.258624,0.000000,1.002408,1
17,10,8,3.392683,22.225000,-3.258624,0.000000,1.002408,1
18,10,8,4.734495,22.225000,-3.258624,0.000001,1.002408,1
19,10,8,6.076307,22.225000,-3.258624,0.458341,1.072958,0
20,10,8,7.418119,22.225000,-3.258624,1.750349,1.955872,0
0,11,8,-19.418119,23.566812,-3.258624,3.774408,3.837544,0
1,11,8,-18.076307,23.566812,-3.258624,2.476824,2.606812,0
2,11,8,-16.734495,23.566812,-3.258624,1.188751,1.500948,0
3,11,8,-15.392683,23.566812,-3.258624,0.030871,1.000744,0
4,11,8,-14.050871,23.566812,-3.258624,0.000000,1.002408,1
5,11,8,-12.709059,23.566812,-3.258624,0.000000,1.002408,1
6,11,8,-11.367247,23.566812,-3.258624,0.000000,1.002408,1
7,11,8,-10.025436,23.566812,-3.258624,0.000000,1.002408,1
8,11,8,-8.683624,23.566812,-3.258624,0.000000,1.002408,1
9,11,8,-7.341812,23.566812,-3.258624,0.000002,1.002408,1
10,11,8,-6.000000,23.566812,-3.258624,0.000088,1.002402,1
11,11,8,-4.658188,23.566812,-3.258624,0.000181,1.002396,1
12,11,8,-3.316376,23.566812,-3.258624,0.000019,1.002407,1
13,11,8,-1.974564,23.566812,-3.258624,0.000000,1.002408,1
14,11,8,-0.632753,23.566812,-3.258624,0.000000,1.002408,1
15,11,8,0.709059,23.566812,-3.258624,0.000000,1.002408,1
16,11,8,2.050871,23.566812,-3.258624,0.000000,1.002408,1
17,11,8,3.392683,23.566812,-3.258624,0.000000,1.002408,1
18,11,8,4.734495,23.566812,-3.258624,0.000004,1.002408,1
19,11,8,6.076307,23.566812,-3.258624,0.561535,1.114519,0
20,11,8,7.418119,23.566812,-3.258624,1.843631,2.036598,0
0,12,8,-19.418119,24.908624,-3.258624,3.975050,4.031594,0
1,12,8,-18.076307,24.908624,-3.258624,2.696364,2.810818,0
2,12,8,-16.734495,24.908624,-3.258624,1.430896,1.689244,0
3,12,8,-15.392683,24.908624,-3.258624,0.195530,1.007917,0
4,12,8,-14.050871,24.908624,-3.258624,0.000000,1.002408,1
5,12,8,-12.709059,24.908624,-3.258624,0.000000,1.002408,1
6,12,8,-11.367247,24.908624,-3.258624,0.000000,1.002408,1
7,12,8,-10.025436,24.908624,-3.258624,0.000000,1.002408,1
8,12,8,-8.683624,24.908624,-3.258624,0.000000,1.002408,1
9,12,8,-7.341812,24.908624,-3.258624,0.000000,1.002408,1
10,12,8,-6.000000,24.908624,-3.258624,0.000001,1.002408,1
11,12,8,-4.658188,24.908624,-3.258624,0.000002,1.002408,1
12,12,8,-3.316376,24.908624,-3.258624,0.000000,1.002408,1
13,12,8,-1.974564,24.908624,-3.258624,0.000000,1.002408,1
14,12,8,-0.632753,24.908624,-3.258624,0.000000,1.002408,1
15,12,8,0.709059,24.908624,-3.258624,0.000000,1.002408,1
16,12,8,2.050871,24.908624,-3.258624,0.000000,1.002408,1
17,12,8,3.392683,24.908624,-3.258624,0.000000,1.002408,1
18,12,8,4.734495,24.908624,-3.258624,0.000407,1.002380,1
19,12,8,6.076307,24.908624,-3.258624,0.816277,1.248102,0
20,12,8,7.418119,24.908624,-3.258624,2.073735,2.239905,0
0,13,8,-19.418119,26.250436,-3.258624,4.290564,4.337953,0
1,13,8,-18.076307,26.250436,-3.258624,3.040457,3.134790,0
2,13,8,-16.734495,26.250436,-3.258624,1.808791,2.006321,0
3,13,8,-15.392683,26.250436,-3.258624,0.601494,1.132729,0
4,13,8,-14.050871,26.250436,-3.258624,0.000023,1.002407,1
5,13,8,-12.709059,26.250436,-3.258624,0.000000,1.002408,1
6,13,8,-11.367247,26.250436,-3.258624,0.000000,1.002408,1
7,13,8,-10.025436,26.250436,-3.258624,0.000000,1.002408,1
8,13,8,-8.683624,26.250436,-3.258624,0.000000,1.002408,1
9,13,8,-7.341812,26.250436,-3.258624,0.000000,1.002408,1
10,13,8,-6.000000,26.250436,-3.258624,0.000000,1.002408,1
11,13,8,-4.658188,26.250436,-3.258624,0.000000,1.002408,1
12,13,8,-3.316376,26.250436,-3.258624,0.000000,1.002408,1
13,13,8,-1.974564,26.250436,-3.258624,0.000000,1.002408,1
14,13,8,-0.632753,26.250436,-3.258624,0.000000,1.002408,1
15,13,8,0.709059,26.250436,-3.258624,0.000000,1.002408,1
16,13,8,2.050871,26.250436,-3.258624,0.000000,1.002408,1
17,13,8,3.392683,26.250436,-3.258624,0.000000,1.002408,1
18,13,8,4.734495,26.250436,-3.258624,0.075029,1.000016,0
19,13,8,6.076307,26.250436,-3.258624,1.213057,1.519160,0
20,13,8,7.418119,26.250436,-3.258624,2.433679,2.567022,0
0,14,8,-19.418119,27.592247,-3.258624,4.714070,4.751056,0
1,14,8,-18.076307,27.592247,-3.258624,3.500295,3.573615,0
2,14,8,-16.734495,27.592247,-3.258624,2.310958,2.454461,0
3,14,8,-15.392683,27.592247,-3.258624,1.153184,1.474615,0
4,14,8,-14.050871,27.592247,-3.258624,0.083458,1.000098,0
5,14,8,-12.709059,27.592247,-3.258624,0.000000,1.002408,1
6,14,8,-11.367247,27.592247,-3.258624,0.000000,1.002408,1
7,14,8,-10.025436,27.592247,-3.258624,0.000000,1.002408,1
8,14,8,-8.683624,27.592247,-3.258624,0.000000,1.002408,1
9,14,8,-7.341812,27.592247,-3.258624,0.000000,1.002408,1
10,14,8,-6.000000,27.592247,-3.258624,0.000000,1.002408,1
11,14,8,-4.658188,27.592247,-3.258624,0.000000,1.002408,1
12,14,8,-3.316376,27.592247,-3.258624,0.000000,1.002408,1
13,14,8,-1.974564,27.592247,-3.258624,0.000000,1.002408,1
14,14,8,-0.632753,27.592247,-3.258624,0.000000,1.002408,1
15,14,8,0.709059,27.592247,-3.258624,0.000000,1.002408,1
16,14,8,2.050871,27.592247,-3.258624,0.000000,1.002408,1
17,14,8,3.392683,27.592247,-3.258624,0.000057,1.002404,1
18,14,8,4.734495,27.592247,-3.258624,0.599758,1.131915,0
19,14,8,6.076307,27.592247,-3.258624,1.738565,1.945754,0
20,14,8,7.418119,27.592247,-3.258624,2.913456,3.014696,0
0,15,8,-19.418119,28.934059,-3.258624,5.237168,5.263587,0
1,15,8,-18.076307,28.934059,-3.258624,4.065344,4.119126,0
2,15,8,-16.734495,28.934059,-3.258624,2.924043,3.024686,0
3,15,8,-15.392683,28.934059,-3.258624,1.821362,2.017229,0
4,15,8,-14.050871,28.934059,-3.258624,0.768090,1.219879,0
5,15,8,-12.709059,28.934059,-3.258624,0.004580,1.002102,1
6,15,8,-11.367247,28.934059,-3.258624,0.000000,1.002408,1
7,15,8,-10.025436,28.934059,-3.258624,0.000000,1.002408,1
8,15,8,-8.683624,28.934059,-3.258624,0.000000,1.002408,1
9,15,8,-7.341812,28.934059,-3.258624,0.000000,1.002408,1
10,15,8,-6.000000,28.934059,-3.258624,0.000000,1.002408,1
11,15,8,-4.658188,28.934059,-3.258624,0.000000,1.002408,1
12,15,8,-3.316376,28.934059,-3.258624,0.000000,1.002408,1
13,15,8,-1.974564,28.934059,-3.258624,0.000000,1.002408,1
14,15,8,-0.632753,28.934059,-3.258624,0.000000,1.002408,1
15,15,8,0.709059,28.934059,-3.258624,0.000000,1.002408,1
16,15,8,2.050871,28.934059,-3.258624,0.000009,1.002409,1
17,15,8,3.392683,28.934059,-3.258624,0.277600,1.021434,0
18,15,8,4.734495,28.934059,-3.258624,1.297735,1.583886,0
19,15,8,6.076307,28.934059,-3.258624,2.377732,2.515588,0
20,15,8,7.418119,28.934059,-3.258624,3.501248,3.574530,0
0,16,8,-19.418119,30.275871,-3.258624,5.850633,5.867038,0
1,16,8,-18.076307,30.275871,-3.258624,4.724332,4.761089,0
2,16,8,-16.734495,30.275871,-3.258624,3.634199,3.702359,0
3,16,8,-15.392683,30.275871,-3.258624,2.588885,2.710640,0
4,16,8,-14.050871,30.275871,-3.258624,1.599469,1.827832,0
5,16,8,-12.709059,30.275871,-3.258624,0.680083,1.171699,0
6,16,8,-11.367247,30.275871,-3.258624,0.009023,1.001824,1
7,16,8,-10.025436,30.275871,-3.258624,0.000002,1.002409,1
8,16,8,-8.683624,30.275871,-3.258624,0.000000,1.002408,1
9,16,8,-7.341812,30.275871,-3.258624,0.000000,1.002408,1
10,16,8,-6.000000,30.275871,-3.258624,0.000000,1.002408,1
11,16,8,-4.658188,30.275871,-3.258624,0.000000,1.002408,1
12,16,8,-3.316376,30.275871,-3.258624,0.000000,1.002408,1
13,16,8,-1.974564,30.275871,-3.258624,0.000000,1.002408,1
14,16,8,-0.632753,30.275871,-3.258624,0.000000,1.002408,1
15,16,8,0.709059,30.275871,-3.258624,0.000151,1.002419,1
16,16,8,2.050871,30.275871,-3.258624,0.263852,1.018722,0
17,16,8,3.392683,30.275871,-3.258624,1.138722,1.464019,0
18,16,8,4.734495,30.275871,-3.258624,2.095772,2.259645,0
19,16,8,6.076307,30.275871,-3.258624,3.115225,3.205740,0
20,16,8,7.418119,30.275871,-3.258624,4.184592,4.234906,0
0,17,8,-19.418119,31.617683,-3.258624,6.545039,6.552351,0
1,17,8,-18.076307,31.617683,-3.258624,5.466045,5.488468,0
2,17,8,-16.734495,31.617683,-3.258624,4.428104,4.471901,0
3,17,8,-15.392683,31.617683,-3.258624,3.440016,3.515785,0
4,17,8,-14.050871,31.617683,-3.258624,2.512650,2.639934,0
5,17,8,-12.709059,31.617683,-3.258624,1.659263,1.878169,0
6,17,8,-11.367247,31.617683,-3.258624,0.895669,1.297168,0
7,17,8,-10.025436,31.617683,-3.258624,0.243779,1.015082,0
8,17,8,-8.683624,31.617683,-3.258624,0.004298,1.002715,1
9,17,8,-7.341812,31.617683,-3.258624,0.000112,1.002416,1
10,17,8,-6.000000,31.617683,-3.258624,0.000006,1.002409,1
11,17,8,-4.658188,31.617683,-3.258624,0.000003,1.002409,1
12,17,8,-3.316376,31.617683,-3.258624,0.000021,1.002410,1
13,17,8,-1.974564,31.617683,-3.258624,0.000854,1.002468,1
14,17,8,-0.632753,31.617683,-3.258624,0.031225,1.000730,0
15,17,8,0.709059,31.617683,-3.258624,0.559449,1.113599,0
16,17,8,2.050871,31.617683,-3.258624,1.272404,1.564324,0
17,17,8,3.392683,31.617683,-3.258624,2.083880,2.248987,0
18,17,8,4.734495,31.617683,-3.258624,2.976772,3.074499,0
19,17,8,6.076307,31.617683,-3.258624,3.936574,3.994331,0
20,17,8,7.418119,31.617683,-3.258624,4.951280,4.983203,0
0,18,8,-19.418119,32.959495,-3.258624,7.311224,7.310496,0
1,18,8,-18.076307,32.959495,-3.258624,6.279889,6.290438,0
2,18,8,-16.734495,32.959495,-3.258624,5.293588,5.318991,0
3,18,8,-15.392683,32.959495,-3.258624,4.360947,4.406471,0
4,18,8,-14.050871,32.959495,-3.258624,3.492266,3.565907,0
5,18,8,-12.709059,32.959495,-3.258624,2.699636,2.813877,0
6,18,8,-11.367247,32.959495,-3.258624,1.996885,2.171410,0
7,18,8,-10.025436,32.959495,-3.258624,1.399192,1.663798,0
8,18,8,-8.683624,32.959495,-3.258624,0.922251,1.314259,0
9,18,8,-7.341812,32.959495,-3.258624,0.580898,1.123202,0
10,18,8,-6.000000,32.959495,-3.258624,0.387396,1.049330,0
11,18,8,-4.658188,32.959495,-3.258624,0.348986,1.038337,0
12,18,8,-3.316376,32.959495,-3.258624,0.466902,1.076091,0
13,18,8,-1.974564,32.959495,-3.258624,0.737024,1.202356,0
14,18,8,-0.632753,32.959495,-3.258624,1.149193,1.471684,0
15,18,8,0.709059,32.959495,-3.258624,1.689600,1.903917,0
16,18,8,2.050871,32.959495,-3.258624,2.342772,2.483549,0
17,18,8,3.392683,32.959495,-3.258624,3.093140,3.184765,0
18,18,8,4.734495,32.959495,-3.258624,3.926139,3.984230,0
19,18,8,6.076307,32.959495,-3.258624,4.828804,4.863280,0
20,18,8,7.418119,32.959495,-3.258624,5.789961,5.807262,0
0,19,8,-19.418119,34.301307,-3.258624,8.140611,8.132878,0
1,19,8,-18.076307,34.301307,-3.258624,7.156215,7.156976,0
2,19,8,-16.734495,34.301307,-3.258624,6.219918,6.231237,0
3,19,8,-15.392683,34.301307,-3.258624,5.339944,5.364527,0
4,19,8,-14.050871,34.301307,-3.258624,4.525817,4.567192,0
5,19,8,-12.709059,34.301307,-3.258624,3.788350,3.851007,0
6,19,8,-11.367247,34.301307,-3.258624,3.139469,3.228783,0
7,19,8,-10.025436,34.301307,-3.258624,2.591781,2.713333,0
8,19,8,-8.683624,34.301307,-3.258624,2.157843,2.315471,0
9,19,8,-7.341812,34.301307,-3.258624,1.849106,2.041370,0
10,19,8,-6.000000,34.301307,-3.258624,1.674656,1.891216,0
11,19,8,-4.658188,34.301307,-3.258624,1.640015,1.861904,0
12,19,8,-3.316376,34.301307,-3.258624,1.746316,1.952407,0
13,19,8,-1.974564,34.301307,-3.258624,1.990122,2.165409,0
14,19,8,-0.632753,34.301307,-3.258624,2.363960,2.502958,0
15,19,8,0.709059,34.301307,-3.258624,2.857379,2.961853,0
16,19,8,2.050871,34.301307,-3.258624,3.458217,3.533238,0
17,19,8,3.392683,34.301307,-3.258624,4.153777,4.204968,0
18,19,8,4.734495,34.301307,-3.258624,4.931726,4.964048,0
19,19,8,6.076307,34.301307,-3.258624,5.780673,5.798113,0
20,19,8,7.418119,34.301307,-3.258624,6.690450,6.696096,0
0,20,8,-19.418119,35.643119,-3.258624,9.025383,9.011593,0
1,20,8,-18.076307,35.643119,-3.258624,8.086459,8.079140,0
2,20,8,-16.734495,35.643119,-3.258624,7.197850,7.198205,0
3,20,8,-15.392683,35.643119,-3.258624,6.367240,6.376693,0
4,20,8,-14.050871,35.643119,-3.258624,5.603289,5.623471,0
5,20,8,-12.709059,35.643119,-3.258624,4.915545,4.948199,0
6,20,8,-11.367247,35.643119,-3.258624,4.314218,4.360973,0
7,20,8,-10.025436,35.643119,-3.258624,3.809774,3.871699,0
8,20,8,-8.683624,35.643119,-3.258624,3.412326,3.489248,0
9,20,8,-7.341812,35.643119,-3.258624,3.130850,3.220589,0
10,20,8,-6.000000,35.643119,-3.258624,2.972309,3.070279,0
11,20,8,-4.658188,35.643119,-3.258624,2.940872,3.040574,0
12,20,8,-3.316376,35.643119,-3.258624,3.037388,3.131882,0
13,20,8,-1.974564,35.643119,-3.258624,3.259275,3.342905,0
14,20,8,-0.632753,35.643119,-3.258624,3.600853,3.670264,0
15,20,8,0.709059,35.643119,-3.258624,4.054026,4.108148,0
16,20,8,2.050871,35.643119,-3.258624,4.609132,4.648522,0
17,20,8,3.392683,35.643119,-3.258624,5.255791,5.281873,0
18,20,8,4.734495,35.643119,-3.258624,5.983602,5.998104,0
19,20,8,6.076307,35.643119,-3.258624,6.782655,6.787281,0
20,20,8,7.418119,35.643119,-3.258624,7.643836,7.640117,0
0,0,9,-19.418119,8.806881,-1.916812,8.546904,8.536235,0
1,0,9,-18.076307,8.806881,-1.916812,7.583939,7.580739,0
2,0,9,-16.734495,8.806881,-1.916812,6.670205,6.676078,0
3,0,9,-15.392683,8.806881,-1.916812,5.813688,5.830636,0
4,0,9,-14.050871,8.806881,-1.916812,5.023514,5.053988,0
5,0,9,-12.709059,8.806881,-1.916812,4.309900,4.356770,0
6,0,9,-11.367247,8.806881,-1.916812,3.683942,3.750278,0
7,0,9,-10.025436,8.806881,-1.916812,3.157200,3.245647,0
8,0,9,-8.683624,8.806881,-1.916812,2.741013,2.852591,0
9,0,9,-7.341812,8.806881,-1.916812,2.445584,2.577990,0
10,0,9,-6.000000,8.806881,-1.916812,2.278919,2.425237,0
11,0,9,-4.658188,8.806881,-1.916812,2.245848,2.395147,0
12,0,9,-3.316376,8.806881,-1.916812,2.347357,2.487746,0
13,0,9,-1.974564,8.806881,-1.916812,2.580448,2.702801,0
14,0,9,-0.632753,8.806881,-1.916812,2.938565,3.038395,0
15,0,9,0.709059,8.806881,-1.916812,3.412447,3.489364,0
16,0,9,2.050871,8.806881,-1.916812,3.991187,4.047228,0
17,0,9,3.392683,8.806881,-1.916812,4.663232,4.701369,0
18,0,9,4.734495,8.806881,-1.916812,5.417190,5.440438,0
19,0,9,6.076307,8.806881,-1.916812,6.242375,6.253404,0
20,0,9,7.418119,8.806881,-1.916812,7.129111,7.130139,0
0,1,9,-19.418119,10.148693,-1.916812,7.671754,7.667795,0
1,1,9,-18.076307,10.148693,-1.916812,6.661377,6.667351,0
2,1,9,-16.734495,10.148693,-1.916812,5.697504,5.716209,0
3,1,9,-15.392683,10.148693,-1.916812,4.788605,4.823947,0
4,1,9,-14.050871,10.148693,-1.916812,3.944653,4.002153,0
5,1,9,-12.709059,10.148693,-1.916812,3.177179,3.264660,0
6,1,9,-11.367247,10.148693,-1.916812,2.499145,2.627439,0
7,1,9,-10.025436,10.148693,-1.916812,1.924539,2.107456,0
8,1,9,-8.683624,10.148693,-1.916812,1.467566,1.718935,0
9,1,9,-7.341812,10.148693,-1.916812,1.141417,1.465989,0
10,1,9,-6.000000,10.148693,-1.916812,0.956724,1.336885,0
11,1,9,-4.658188,10.148693,-1.916812,0.920013,1.312808,0
12,1,9,-3.316376,10.148693,-1.916812,1.032628,1.388424,0
13,1,9,-1.974564,10.148693,-1.916812,1.290496,1.578279,0
14,1,9,-0.632753,10.148693,-1.916812,1.684825,1.899855,0
15,1,9,0.709059,10.148693,-1.916812,2.203475,2.356710,0
16,1,9,2.050871,10.148693,-1.916812,2.832560,2.938504,0
17,1,9,3.392683,10.148693,-1.916812,3.557859,3.628916,0
18,1,9,4.734495,10.148693,-1.916812,4.365833,4.411229,0
19,1,9,6.076307,10.148693,-1.916812,5.244217,5.270509,0
20,1,9,7.418119,10.148693,-1.916812,6.182274,6.194083,0
0,2,9,-19.418119,11.490505,-1.916812,6.854350,6.858201,0
1,2,9,-18.076307,11.490505,-1.916812,5.795133,5.812357,0
2,2,9,-16.734495,11.490505,-1.916812,4.778731,4.814288,0
3,2,9,-15.392683,11.490505,-1.916812,3.813907,3.875692,0
4,2,9,-14.050871,11.490505,-1.916812,2.911327,3.012688,0
5,2,9,-12.709059,11.490505,-1.916812,2.083791,2.248908,0
6,2,9,-11.367247,11.490505,-1.916812,1.346288,1.621828,0
7,2,9,-10.025436,11.490505,-1.916812,0.715728,1.190664,0
8,2,9,-8.683624,11.490505,-1.916812,0.218424,1.011036,0
9,2,9,-7.341812,11.490505,-1.916812,0.010688,1.001725,0
10,2,9,-6.000000,11.490505,-1.916812,0.000899,1.002471,1
11,2,9,-4.658188,11.490505,-1.916812,0.001017,1.002479,1
12,2,9,-3.316376,11.490505,-1.916812,0.000455,1.002377,1
13,2,9,-1.974564,11.490505,-1.916812,0.067998,1.000001,0
14,2,9,-0.632753,11.490505,-1.916812,0.451465,1.070485,0
15,2,9,0.709059,11.490505,-1.916812,1.022510,1.381424,0
16,2,9,2.050871,11.490505,-1.916812,1.709769,1.921109,0
17,2,9,3.392683,11.490505,-1.916812,2.495145,2.623741,0
18,2,9,4.734495,11.490505,-1.916812,3.362651,3.441686,0
19,2,9,6.076307,11.490505,-1.916812,4.298404,4.345583,0
20,2,9,7.418119,11.490505,-1.916812,5.290713,5.316167,0
0,3,9,-19.418119,12.832317,-1.916812,6.102931,6.115795,0
1,3,9,-18.076307,12.832317,-1.916812,4.994306,5.025361,0
2,3,9,-16.734495,12.832317,-1.916812,3.923789,3.981954,0
3,3,9,-15.392683,12.832317,-1.916812,2.900128,3.002126,0
4,3,9,-14.050871,12.832317,-1.916812,1.934378,2.116122,0
5,3,9,-12.709059,12.832317,-1.916812,1.040378,1.393811,0
6,3,9,-11.367247,12.832317,-1.916812,0.242617,1.014883,0
7,3,9,-10.025436,12.832317,-1.916812,0.000241,1.002392,1
8,3,9,-8.683624,12.832317,-1.916812,0.000000,1.002408,1
9,3,9,-7.341812,12.832317,-1.916812,0.000000,1.002408,1
10,3,9,-6.000000,12.832317,-1.916812,0.000000,1.002408,1
11,3,9,-4.658188,12.832317,-1.916812,0.000000,1.002408,1
12,3,9,-3.316376,12.832317,-1.916812,0.000000,1.002408,1
13,3,9,-1.974564,12.832317,-1.916812,0.000000,1.002408,1
14,3,9,-0.632753,12.832317,-1.916812,0.000001,1.002408,1
15,3,9,0.709059,12.832317,-1.916812,0.021889,1.001130,0
16,3,9,2.050871,12.832317,-1.916812,0.633192,1.147959,0
17,3,9,3.392683,12.832317,-1.916812,1.485907,1.733886,0
18,3,9,4.734495,12.832317,-1.916812,2.418382,2.552940,0
19,3,9,6.076307,12.832317,-1.916812,3.415179,3.491981,0
20,3,9,7.418119,12.832317,-1.916812,4.463937,4.506834,0
0,4,9,-19.418119,14.174129,-1.916812,5.426506,5.449595,0
1,4,9,-18.076307,14.174129,-1.916812,4.269134,4.317104,0
2,4,9,-16.734495,14.174129,-1.916812,3.144183,3.233266,0
3,4,9,-15.392683,14.174129,-1.916812,2.059974,2.227600,0
4,4,9,-14.050871,14.174129,-1.916812,1.027450,1.384837,0
5,4,9,-12.709059,14.174129,-1.916812,0.101990,1.000529,0
6,4,9,-11.367247,14.174129,-1.916812,0.000001,1.002408,1
7,4,9,-10.025436,14.174129,-1.916812,0.000000,1.002408,1
8,4,9,-8.683624,14.174129,-1.916812,0.000000,1.002408,1
9,4,9,-7.341812,14.174129,-1.916812,0.000000,1.002408,1
10,4,9,-6.000000,14.174129,-1.916812,0.000000,1.002408,1
11,4,9,-4.658188,14.174129,-1.916812,0.000000,1.002408,1
12,4,9,-3.316376,14.174129,-1.916812,0.000000,1.002408,1
13,4,9,-1.974564,14.174129,-1.916812,0.000000,1.002408,1
14,4,9,-0.632753,14.174129,-1.916812,0.000000,1.002408,1
15,4,9,0.709059,14.174129,-1.916812,0.000000,1.002408,1
16,4,9,2.050871,14.174129,-1.916812,0.000886,1.002347,1
17,4,9,3.392683,14.174129,-1.916812,0.544307,1.107020,0
18,4,9,4.734495,14.174129,-1.916812,1.546238,1.783512,0
19,4,9,6.076307,14.174129,-1.916812,2.606654,2.727165,0
20,4,9,7.418119,14.174129,-1.916812,3.712806,3.778104,0
0,5,9,-19.418119,15.515941,-1.916812,4.834633,4.868984,0
1,5,9,-18.076307,15.515941,-1.916812,3.630801,3.699088,0
2,5,9,-16.734495,15.515941,-1.916812,2.452930,2.584763,0
3,5,9,-15.392683,15.515941,-1.916812,1.308421,1.592187,0
4,5,9,-14.050871,15.515941,-1.916812,0.217823,1.010948,0
5,5,9,-12.709059,15.515941,-1.916812,0.000001,1.002408,1
6,5,9,-11.367247,15.515941,-1.916812,0.000000,1.002408,1
7,5,9,-10.025436,15.515941,-1.916812,0.000000,1.002408,1
8,5,9,-8.683624,15.515941,-1.916812,0.000000,1.002408,1
9,5,9,-7.341812,15.515941,-1.916812,0.000000,1.002408,1
10,5,9,-6.000000,15.515941,-1.916812,0.000000,1.002408,1
11,5,9,-4.658188,15.515941,-1.916812,0.000000,1.002408,1
12,5,9,-3.316376,15.515941,-1.916812,0.000000,1.002408,1
13,5,9,-1.974564,15.515941,-1.916812,0.000000,1.002408,1
14,5,9,-0.632753,15.515941,-1.916812,0.000000,1.002408,1
15,5,9,0.709059,15.515941,-1.916812,0.000000,1.002408,1
16,5,9,2.050871,15.515941,-1.916812,0.000000,1.002408,1
17,5,9,3.392683,15.515941,-1.916812,0.002394,1.002245,1
18,5,9,4.734495,15.515941,-1.916812,0.762173,1.216499,0
19,5,9,6.076307,15.515941,-1.916812,1.886801,2.074314,0
20,5,9,7.418119,15.515941,-1.916812,3.049380,3.143248,0
0,6,9,-19.418119,16.857753,-1.916812,4.337047,4.383197,0
1,6,9,-18.076307,16.857753,-1.916812,3.091039,3.182770,0
2,6,9,-16.734495,16.857753,-1.916812,1.864182,2.054527,0
3,6,9,-15.392683,16.857753,-1.916812,0.662538,1.162652,0
4,6,9,-14.050871,16.857753,-1.916812,0.000152,1.002398,1
5,6,9,-12.709059,16.857753,-1.916812,0.000000,1.002408,1
6,6,9,-11.367247,16.857753,-1.916812,0.000000,1.002408,1
7,6,9,-10.025436,16.857753,-1.916812,0.000000,1.002408,1
8,6,9,-8.683624,16.857753,-1.916812,0.000000,1.002408,1
9,6,9,-7.341812,16.857753,-1.916812,0.000000,1.002408,1
10,6,9,-6.000000,16.857753,-1.916812,0.000000,1.002408,1
11,6,9,-4.658188,16.857753,-1.916812,0.000000,1.002408,1
12,6,9,-3.316376,16.857753,-1.916812,0.000000,1.002408,1
13,6,9,-1.974564,16.857753,-1.916812,0.000000,1.002408,1
14,6,9,-0.632753,16.857753,-1.916812,0.000000,1.002408,1
15,6,9,0.709059,16.857753,-1.916812,0.000000,1.002408,1
16,6,9,2.050871,16.857753,-1.916812,0.000000,1.002408,1
17,6,9,3.392683,16.857753,-1.916812,0.000000,1.002408,1
18,6,9,4.734495,16.857753,-1.916812,0.118342,1.001195,0
19,6,9,6.076307,16.857753,-1.916812,1.271118,1.563335,0
20,6,9,7.418119,16.857753,-1.916812,2.486521,2.615770,0
0,7,9,-19.418119,18.199564,-1.916812,3.943114,4.000663,0
1,7,9,-18.076307,18.199564,-1.916812,2.661458,2.778224,0
2,7,9,-16.734495,18.199564,-1.916812,1.392452,1.658416,0
3,7,9,-15.392683,18.199564,-1.916812,0.160565,1.004143,0
4,7,9,-14.050871,18.199564,-1.916812,0.000000,1.002408,1
5,7,9,-12.709059,18.199564,-1.916812,0.000000,1.002408,1
6,7,9,-11.367247,18.199564,-1.916812,0.000000,1.002408,1
7,7,9,-10.025436,18.199564,-1.916812,0.000000,1.002408,1
8,7,9,-8.683624,18.199564,-1.916812,0.000000,1.002408,1
9,7,9,-7.341812,18.199564,-1.916812,0.000000,1.002408,1
10,7,9,-6.000000,18.199564,-1.916812,0.000001,1.002409,1
11,7,9,-4.658188,18.199564,-1.916812,0.000003,1.002409,1
12,7,9,-3.316376,18.199564,-1.916812,0.000000,1.002408,1
13,7,9,-1.974564,18.199564,-1.916812,0.000000,1.002408,1
14,7,9,-0.632753,18.199564,-1.916812,0.000000,1.002408,1
15,7,9,0.709059,18.199564,-1.916812,0.000000,1.002408,1
16,7,9,2.050871,18.199564,-1.916812,0.000000,1.002408,1
17,7,9,3.392683,18.199564,-1.916812,0.000000,1.002408,1
18,7,9,4.734495,18.199564,-1.916812,0.000274,1.002389,1
19,7,9,6.076307,18.199564,-1.916812,0.775850,1.224339,0
20,7,9,7.418119,18.199564,-1.916812,2.037174,2.207250,0
0,8,9,-19.418119,19.541376,-1.916812,3.661140,3.728306,0
1,8,9,-18.076307,19.541376,-1.916812,2.352627,2.492572,0
2,8,9,-16.734495,19.541376,-1.916812,1.051386,1.401502,0
3,8,9,-15.392683,19.541376,-1.916812,0.005956,1.002013,1
4,8,9,-14.050871,19.541376,-1.916812,0.000000,1.002408,1
5,8,9,-12.709059,19.541376,-1.916812,0.000000,1.002408,1
6,8,9,-11.367247,19.541376,-1.916812,0.000000,1.002408,1
7,8,9,-10.025436,19.541376,-1.916812,0.000000,1.002408,1
8,8,9,-8.683624,19.541376,-1.916812,0.000000,1.002408,1
9,8,9,-7.341812,19.541376,-1.916812,0.000016,1.002410,1
10,8,9,-6.000000,19.541376,-1.916812,0.001005,1.002479,1
11,8,9,-4.658188,19.541376,-1.916812,0.002234,1.002566,1
12,8,9,-3.316376,19.541376,-1.916812,0.000189,1.002422,1
13,8,9,-1.974564,19.541376,-1.916812,0.000000,1.002408,1
14,8,9,-0.632753,19.541376,-1.916812,0.000000,1.002408,1
15,8,9,0.709059,19.541376,-1.916812,0.000000,1.002408,1
16,8,9,2.050871,19.541376,-1.916812,0.000000,1.002408,1
17,8,9,3.392683,19.541376,-1.916812,0.000000,1.002408,1
18,8,9,4.734495,19.541376,-1.916812,0.000000,1.002408,1
19,8,9,6.076307,19.541376,-1.916812,0.417542,1.058854,0
20,8,9,7.418119,19.541376,-1.916812,1.713293,1.924119,0
0,9,9,-19.418119,20.883188,-1.916812,3.497619,3.571046,0
1,9,9,-18.076307,20.883188,-1.916812,2.172983,2.329135,0
2,9,9,-16.734495,20.883188,-1.916812,0.852190,1.269917,0
3,9,9,-15.392683,20.883188,-1.916812,0.000268,1.002390,1
4,9,9,-14.050871,20.883188,-1.916812,0.000000,1.002408,1
5,9,9,-12.709059,20.883188,-1.916812,0.000000,1.002408,1
6,9,9,-11.367247,20.883188,-1.916812,0.000000,1.002408,1
7,9,9,-10.025436,20.883188,-1.916812,0.000000,1.002408,1
8,9,9,-8.683624,20.883188,-1.916812,0.000000,1.002408,1
9,9,9,-7.341812,20.883188,-1.916812,0.000159,1.002420,1
10,9,9,-6.000000,20.883188,-1.916812,0.012550,1.003356,0
11,9,9,-4.658188,20.883188,-1.916812,0.027044,1.004644,0
12,9,9,-3.316376,20.883188,-1.916812,0.002382,1.002576,1
13,9,9,-1.974564,20.883188,-1.916812,0.000002,1.002408,1
14,9,9,-0.632753,20.883188,-1.916812,0.000000,1.002408,1
15,9,9,0.709059,20.883188,-1.916812,0.000000,1.002408,1
16,9,9,2.050871,20.883188,-1.916812,0.000000,1.002408,1
17,9,9,3.392683,20.883188,-1.916812,0.000000,1.002408,1
18,9,9,4.734495,20.883188,-1.916812,0.000000,1.002408,1
19,9,9,6.076307,20.883188,-1.916812,0.216469,1.010750,0
20,9,9,7.418119,20.883188,-1.916812,1.524548,1.765594,0
0,10,9,-19.418119,22.225000,-1.916812,3.456546,3.531635,0
1,10,9,-18.076307,22.225000,-1.916812,2.127795,2.288406,0
2,10,9,-16.734495,22.225000,-1.916812,0.801988,1.239604,0
3,10,9,-15.392683,22.225000,-1.916812,0.000106,1.002401,1
4,10,9,-14.050871,22.225000,-1.916812,0.000000,1.002408,1
5,10,9,-12.709059,22.225000,-1.916812,0.000000,1.002408,1
6,10,9,-11.367247,22.225000,-1.916812,0.000000,1.002408,1
7,10,9,-10.025436,22.225000,-1.916812,0.000000,1.002408,1
8,10,9,-8.683624,22.225000,-1.916812,0.000003,1.002408,1
9,10,9,-7.341812,22.225000,-1.916812,0.001438,1.002310,1
10,10,9,-6.000000,22.225000,-1.916812,0.022864,1.001084,0
11,10,9,-4.658188,22.225000,-1.916812,0.036505,1.000542,0
12,10,9,-3.316376,22.225000,-1.916812,0.007898,1.001892,1
13,10,9,-1.974564,22.225000,-1.916812,0.000104,1.002401,1
14,10,9,-0.632753,22.225000,-1.916812,0.000000,1.002408,1
15,10,9,0.709059,22.225000,-1.916812,0.000000,1.002408,1
16,10,9,2.050871,22.225000,-1.916812,0.000000,1.002408,1
17,10,9,3.392683,22.225000,-1.916812,0.000000,1.002408,1
18,10,9,4.734495,22.225000,-1.916812,0.000000,1.002408,1
19,10,9,6.076307,22.225000,-1.916812,0.170465,1.005089,0
20,10,9,7.418119,22.225000,-1.916812,1.477028,1.726641,0
0,11,9,-19.418119,23.566812,-1.916812,3.538952,3.610744,0
1,11,9,-18.076307,23.566812,-1.916812,2.218431,2.370261,0
2,11,9,-16.734495,23.566812,-1.916812,0.902641,1.301620,0
3,11,9,-15.392683,23.566812,-1.916812,0.000557,1.002370,1
4,11,9,-14.050871,23.566812,-1.916812,0.000000,1.002408,1
5,11,9,-12.709059,23.566812,-1.916812,0.000000,1.002408,1
6,11,9,-11.367247,23.566812,-1.916812,0.000000,1.002408,1
7,11,9,-10.025436,23.566812,-1.916812,0.000000,1.002408,1
8,11,9,-8.683624,23.566812,-1.916812,0.000001,1.002408,1
9,11,9,-7.341812,23.566812,-1.916812,0.000633,1.002365,1
10,11,9,-6.000000,23.566812,-1.916812,0.018698,1.001287,0
11,11,9,-4.658188,23.566812,-1.916812,0.035845,1.000564,0
12,11,9,-3.316376,23.566812,-1.916812,0.004799,1.002087,1
13,11,9,-1.974564,23.566812,-1.916812,0.000032,1.002406,1
14,11,9,-0.632753,23.566812,-1.916812,0.000000,1.002408,1
15,11,9,0.709059,23.566812,-1.916812,0.000000,1.002408,1
16,11,9,2.050871,23.566812,-1.916812,0.000000,1.002408,1
17,11,9,3.392683,23.566812,-1.916812,0.000000,1.002408,1
18,11,9,4.734495,23.566812,-1.916812,0.000000,1.002408,1
19,11,9,6.076307,23.566812,-1.916812,0.265129,1.018966,0
20,11,9,7.418119,23.566812,-1.916812,1.572323,1.805171,0
0,12,9,-19.418119,24.908624,-1.916812,3.742780,3.807018,0
1,12,9,-18.076307,24.908624,-1.916812,2.442164,2.574838,0
2,12,9,-16.734495,24.908624,-1.916812,1.150444,1.472602,0
3,12,9,-15.392683,24.908624,-1.916812,0.019575,1.001243,0
4,12,9,-14.050871,24.908624,-1.916812,0.000000,1.002408,1
5,12,9,-12.709059,24.908624,-1.916812,0.000000,1.002408,1
6,12,9,-11.367247,24.908624,-1.916812,0.000000,1.002408,1
7,12,9,-10.025436,24.908624,-1.916812,0.000000,1.002408,1
8,12,9,-8.683624,24.908624,-1.916812,0.000000,1.002408,1
9,12,9,-7.341812,24.908624,-1.916812,0.000007,1.002408,1
10,12,9,-6.000000,24.908624,-1.916812,0.000411,1.002380,1
11,12,9,-4.658188,24.908624,-1.916812,0.000896,1.002347,1
12,12,9,-3.316376,24.908624,-1.916812,0.000082,1.002403,1
13,12,9,-1.974564,24.908624,-1.916812,0.000000,1.002408,1
14,12,9,-0.632753,24.908624,-1.916812,0.000000,1.002408,1
15,12,9,0.709059,24.908624,-1.916812,0.000000,1.002408,1
16,12,9,2.050871,24.908624,-1.916812,0.000000,1.002408,1
17,12,9,3.392683,24.908624,-1.916812,0.000000,1.002408,1
18,12,9,4.734495,24.908624,-1.916812,0.000001,1.002408,1
19,12,9,6.076307,24.908624,-1.916812,0.521254,1.097329,0
20,12,9,7.418119,24.908624,-1.916812,1.807269,2.005001,0
0,13,9,-19.418119,26.250436,-1.916812,4.063130,4.116979,0
1,13,9,-18.076307,26.250436,-1.916812,2.792559,2.900922,0
2,13,9,-16.734495,26.250436,-1.916812,1.536735,1.775652,0
3,13,9,-15.392683,26.250436,-1.916812,0.303899,1.027116,0
4,13,9,-14.050871,26.250436,-1.916812,0.000000,1.002408,1
5,13,9,-12.709059,26.250436,-1.916812,0.000000,1.002408,1
6,13,9,-11.367247,26.250436,-1.916812,0.000000,1.002408,1
7,13,9,-10.025436,26.250436,-1.916812,0.000000,1.002408,1
8,13,9,-8.683624,26.250436,-1.916812,0.000000,1.002408,1
9,13,9,-7.341812,26.250436,-1.916812,0.000000,1.002408,1
10,13,9,-6.000000,26.250436,-1.916812,0.000000,1.002408,1
11,13,9,-4.658188,26.250436,-1.916812,0.000000,1.002408,1
12,13,9,-3.316376,26.250436,-1.916812,0.000000,1.002408,1
13,13,9,-1.974564,26.250436,-1.916812,0.000000,1.002408,1
14,13,9,-0.632753,26.250436,-1.916812,0.000000,1.002408,1
15,13,9,0.709059,26.250436,-1.916812,0.000000,1.002408,1
16,13,9,2.050871,26.250436,-1.916812,0.000000,1.002408,1
17,13,9,3.392683,26.250436,-1.916812,0.000000,1.002408,1
18,13,9,4.734495,26.250436,-1.916812,0.002272,1.002254,1
19,13,9,6.076307,26.250436,-1.916812,0.927525,1.317687,0
20,13,9,7.418119,26.250436,-1.916812,2.174446,2.330456,0
0,14,9,-19.418119,27.592247,-1.916812,4.492819,4.535001,0
1,14,9,-18.076307,27.592247,-1.916812,3.260342,3.343923,0
2,14,9,-16.734495,27.592247,-1.916812,2.049304,2.218071,0
3,14,9,-15.392683,27.592247,-1.916812,0.866224,1.278615,0
4,14,9,-14.050871,27.592247,-1.916812,0.002475,1.002240,1
5,14,9,-12.709059,27.592247,-1.916812,0.000000,1.002408,1
6,14,9,-11.367247,27.592247,-1.916812,0.000000,1.002408,1
7,14,9,-10.025436,27.592247,-1.916812,0.000000,1.002408,1
8,14,9,-8.683624,27.592247,-1.916812,0.000000,1.002408,1
9,14,9,-7.341812,27.592247,-1.916812,0.000000,1.002408,1
10,14,9,-6.000000,27.592247,-1.916812,0.000000,1.002408,1
11,14,9,-4.658188,27.592247,-1.916812,0.000000,1.002408,1
12,14,9,-3.316376,27.592247,-1.916812,0.000000,1.002408,1
13,14,9,-1.974564,27.592247,-1.916812,0.000000,1.002408,1
14,14,9,-0.632753,27.592247,-1.916812,0.000000,1.002408,1
15,14,9,0.709059,27.592247,-1.916812,0.000000,1.002408,1
16,14,9,2.050871,27.592247,-1.916812,0.000000,1.002408,1
17,14,9,3.392683,27.592247,-1.916812,0.000000,1.002408,1
18,14,9,4.734495,27.592247,-1.916812,0.301989,1.026682,0
19,14,9,6.076307,27.592247,-1.916812,1.464987,1.716839,0
20,14,9,7.418119,27.592247,-1.916812,2.663268,2.779913,0
0,15,9,-19.418119,28.934059,-1.916812,5.023101,5.053583,0
1,15,9,-18.076307,28.934059,-1.916812,3.834479,3.895571,0
2,15,9,-16.734495,28.934059,-1.916812,2.674049,2.789974,0
3,15,9,-15.392683,28.934059,-1.916812,1.549577,1.786278,0
4,15,9,-14.050871,28.934059,-1.916812,0.471941,1.077962,0
5,15,9,-12.709059,28.934059,-1.916812,0.000026,1.002410,1
6,15,9,-11.367247,28.934059,-1.916812,0.000000,1.002408,1
7,15,9,-10.025436,28.934059,-1.916812,0.000000,1.002408,1
8,15,9,-8.683624,28.934059,-1.916812,0.000000,1.002408,1
9,15,9,-7.341812,28.934059,-1.916812,0.000000,1.002408,1
10,15,9,-6.000000,28.934059,-1.916812,0.000000,1.002408,1
11,15,9,-4.658188,28.934059,-1.916812,0.000000,1.002408,1
12,15,9,-3.316376,28.934059,-1.916812,0.000000,1.002408,1
13,15,9,-1.974564,28.934059,-1.916812,0.000000,1.002408,1
14,15,9,-0.632753,28.934059,-1.916812,0.000000,1.002408,1
15,15,9,0.709059,28.934059,-1.916812,0.000000,1.002408,1
16,15,9,2.050871,28.934059,-1.916812,0.000000,1.002408,1
17,15,9,3.392683,28.934059,-1.916812,0.044100,1.000321,0
18,15,9,4.734495,28.934059,-1.916812,1.014199,1.375703,0
19,15,9,6.076307,28.934059,-1.916812,2.117400,2.279061,0
20,15,9,7.418119,28.934059,-1.916812,3.261311,3.344848,0
0,16,9,-19.418119,30.275871,-1.916812,5.644416,5.663946,0
1,16,9,-18.076307,30.275871,-1.916812,4.503226,4.545152,0
2,16,9,-16.734495,30.275871,-1.916812,3.396465,3.474054,0
3,16,9,-15.392683,30.275871,-1.916812,2.332649,2.474286,0
4,16,9,-14.050871,30.275871,-1.916812,1.322826,1.603422,0
5,16,9,-12.709059,30.275871,-1.916812,0.382210,1.047770,0
6,16,9,-11.367247,30.275871,-1.916812,0.000232,1.002425,1
7,16,9,-10.025436,30.275871,-1.916812,0.000000,1.002408,1
8,16,9,-8.683624,30.275871,-1.916812,0.000000,1.002408,1
9,16,9,-7.341812,30.275871,-1.916812,0.000000,1.002408,1
10,16,9,-6.000000,30.275871,-1.916812,0.000000,1.002408,1
11,16,9,-4.658188,30.275871,-1.916812,0.000000,1.002408,1
12,16,9,-3.316376,30.275871,-1.916812,0.000000,1.002408,1
13,16,9,-1.974564,30.275871,-1.916812,0.000000,1.002408,1
14,16,9,-0.632753,30.275871,-1.916812,0.000000,1.002408,1
15,16,9,0.709059,30.275871,-1.916812,0.000002,1.002409,1
16,16,9,2.050871,30.275871,-1.916812,0.034684,1.000604,0
17,16,9,3.392683,30.275871,-1.916812,0.851414,1.269438,0
18,16,9,4.734495,30.275871,-1.916812,1.829760,2.024527,0
19,16,9,6.076307,30.275871,-1.916812,2.868655,2.972469,0
20,16,9,7.418119,30.275871,-1.916812,3.955556,4.012712,0
0,17,9,-19.418119,31.617683,-1.916812,6.347036,6.356739,0
1,17,9,-18.076307,31.617683,-1.916812,5.254976,5.281072,0
2,17,9,-16.734495,31.617683,-1.916812,4.202716,4.252520,0
3,17,9,-15.392683,31.617683,-1.916812,3.199052,3.285488,0
4,17,9,-14.050871,31.617683,-1.916812,2.254951,2.403421,0
5,17,9,-12.709059,31.617683,-1.916812,1.383947,1.651639,0
6,17,9,-11.367247,31.617683,-1.916812,0.602431,1.133169,0
7,17,9,-10.025436,31.617683,-1.916812,0.017859,1.001330,0
8,17,9,-8.683624,31.617683,-1.916812,0.000220,1.002424,1
9,17,9,-7.341812,31.617683,-1.916812,0.000001,1.002409,1
10,17,9,-6.000000,31.617683,-1.916812,0.000000,1.002408,1
11,17,9,-4.658188,31.617683,-1.916812,0.000000,1.002408,1
12,17,9,-3.316376,31.617683,-1.916812,0.000000,1.002408,1
13,17,9,-1.974564,31.617683,-1.916812,0.000014,1.002409,1
14,17,9,-0.632753,31.617683,-1.916812,0.002971,1.002619,1
15,17,9,0.709059,31.617683,-1.916812,0.260451,1.018078,0
16,17,9,2.050871,31.617683,-1.916812,0.988273,1.358029,0
17,17,9,3.392683,31.617683,-1.916812,1.817623,2.013982,0
18,17,9,4.734495,31.617683,-1.916812,2.727731,2.840155,0
19,17,9,6.076307,31.617683,-1.916812,3.703699,3.769323,0
20,17,9,7.418119,31.617683,-1.916812,4.733346,4.769902,0
0,18,9,-19.418119,32.959495,-1.916812,7.121553,7.122655,0
1,18,9,-18.076307,32.959495,-1.916812,6.078828,6.092017,0
2,18,9,-16.734495,32.959495,-1.916812,5.080268,5.109632,0
3,18,9,-15.392683,32.959495,-1.916812,4.134565,4.186310,0
4,18,9,-14.050871,32.959495,-1.916812,3.252179,3.336134,0
5,18,9,-12.709059,32.959495,-1.916812,2.445497,2.577910,0
6,18,9,-11.367247,32.959495,-1.916812,1.728821,1.937402,0
7,18,9,-10.025436,32.959495,-1.916812,1.118012,1.448962,0
8,18,9,-8.683624,32.959495,-1.916812,0.629647,1.146222,0
9,18,9,-7.341812,32.959495,-1.916812,0.280262,1.021980,0
10,18,9,-6.000000,32.959495,-1.916812,0.086789,1.000150,0
11,18,9,-4.658188,32.959495,-1.916812,0.049796,1.000193,0
12,18,9,-3.316376,32.959495,-1.916812,0.165145,1.004569,0
13,18,9,-1.974564,32.959495,-1.916812,0.439831,1.066389,0
14,18,9,-0.632753,32.959495,-1.916812,0.862134,1.276070,0
15,18,9,0.709059,32.959495,-1.916812,1.414951,1.676420,0
16,18,9,2.050871,32.959495,-1.916812,2.081750,2.247080,0
17,18,9,3.392683,32.959495,-1.916812,2.846179,2.951313,0
18,18,9,4.734495,32.959495,-1.916812,3.693101,3.759105,0
19,18,9,6.076307,32.959495,-1.916812,4.609170,4.648558,0
20,18,9,7.418119,32.959495,-1.916812,5.582993,5.603499,0
0,19,9,-19.418119,34.301307,-1.916812,7.959199,7.952874,0
1,19,9,-18.076307,34.301307,-1.916812,6.964916,6.967604,0
2,19,9,-16.734495,34.301307,-1.916812,6.018152,6.032173,0
3,19,9,-15.392683,34.301307,-1.916812,5.127233,5.155698,0
4,19,9,-14.050871,34.301307,-1.916812,4.301860,4.348946,0
5,19,9,-12.709059,34.301307,-1.916812,3.553119,3.624359,0
6,19,9,-11.367247,34.301307,-1.916812,2.893326,2.995713,0
7,19,9,-10.025436,34.301307,-1.916812,2.335601,2.476986,0
8,19,9,-8.683624,34.301307,-1.916812,1.893104,2.079839,0
9,19,9,-7.341812,34.301307,-1.916812,1.577916,1.809829,0
10,19,9,-6.000000,34.301307,-1.916812,1.399679,1.664187,0
11,19,9,-4.658188,34.301307,-1.916812,1.364273,1.636025,0
12,19,9,-3.316376,34.301307,-1.916812,1.472907,1.723283,0
13,19,9,-1.974564,34.301307,-1.916812,1.721917,1.931492,0
14,19,9,-0.632753,34.301307,-1.916812,2.103357,2.266450,0
15,19,9,0.709059,34.301307,-1.916812,2.606168,2.726712,0
16,19,9,2.050871,34.301307,-1.916812,3.217559,3.303122,0
17,19,9,3.392683,34.301307,-1.916812,3.924271,3.982421,0
18,19,9,4.734495,34.301307,-1.916812,4.713523,4.750521,0
19,19,9,6.076307,34.301307,-1.916812,5.573590,5.594247,0
20,19,9,7.418119,34.301307,-1.916812,6.494084,6.501998,0
0,20,9,-19.418119,35.643119,-1.916812,8.852021,8.839323,0
1,20,9,-18.076307,35.643119,-1.916812,7.904531,7.898643,0
2,20,9,-16.734495,35.643119,-1.916812,7.006991,7.009246,0
3,20,9,-15.392683,35.643119,-1.916812,6.167197,6.179205,0
4,20,9,-14.050871,35.643119,-1.916812,5.393978,5.417623,0
5,20,9,-12.709059,35.643119,-1.916812,4.697118,4.734485,0
6,20,9,-11.367247,35.643119,-1.916812,4.087139,4.140272,0
7,20,9,-10.025436,35.643119,-1.916812,3.574886,3.645286,0
8,20,9,-8.683624,35.643119,-1.916812,3.170894,3.258678,0
9,20,9,-7.341812,35.643119,-1.916812,2.884555,2.987447,0
10,20,9,-6.000000,35.643119,-1.916812,2.723188,2.835903,0
11,20,9,-4.658188,35.643119,-1.916812,2.691183,2.805977,0
12,20,9,-3.316376,35.643119,-1.916812,2.789435,2.897989,0
13,20,9,-1.974564,35.643119,-1.916812,3.015223,3.110885,0
14,20,9,-0.632753,35.643119,-1.916812,3.362570,3.441609,0
15,20,9,0.709059,35.643119,-1.916812,3.822986,3.884464,0
16,20,9,2.050871,35.643119,-1.916812,4.386381,4.431245,0
17,20,9,3.392683,35.643119,-1.916812,5.041971,5.072081,0
18,20,9,4.734495,35.643119,-1.916812,5.779010,5.796475,0
19,20,9,6.076307,35.643119,-1.916812,6.587314,6.594134,0
20,20,9,7.418119,35.643119,-1.916812,7.457566,7.455490,0
0,0,10,-19.418119,8.806881,-0.575000,8.461586,8.451509,0
1,0,10,-18.076307,8.806881,-0.575000,7.494200,7.491794,0
2,0,10,-16.734495,8.806881,-0.575000,6.575825,6.582778,0
3,0,10,-15.392683,8.806881,-0.575000,5.714498,5.732941,0
4,0,10,-14.050871,8.806881,-0.575000,4.919429,4.952004,0
5,0,10,-12.709059,8.806881,-0.575000,4.200958,4.250811,0
6,0,10,-11.367247,8.806881,-0.575000,3.570350,3.640924,0
7,0,10,-10.025436,8.806881,-0.575000,3.039374,3.133763,0
8,0,10,-8.683624,8.806881,-0.575000,2.619611,2.739223,0
9,0,10,-7.341812,8.806881,-0.575000,2.321507,2.464098,0
10,0,10,-6.000000,8.806881,-0.575000,2.153281,2.311357,0
11,0,10,-4.658188,8.806881,-0.575000,2.119896,2.281303,0
12,0,10,-3.316376,8.806881,-0.575000,2.222365,2.373829,0
13,0,10,-1.974564,8.806881,-0.575000,2.457607,2.589076,0
14,0,10,-0.632753,8.806881,-0.575000,2.818887,2.925649,0
15,0,10,0.709059,8.806881,-0.575000,3.296712,3.378645,0
16,0,10,2.050871,8.806881,-0.575000,3.879926,3.939513,0
17,0,10,3.392683,8.806881,-0.575000,4.556751,4.597380,0
18,0,10,4.734495,8.806881,-0.575000,5.315603,5.340615,0
19,0,10,6.076307,8.806881,-0.575000,6.145652,6.157945,0
20,0,10,7.418119,8.806881,-0.575000,7.037121,7.039069,0
0,1,10,-19.418119,10.148693,-0.575000,7.582437,7.579250,0
1,1,10,-18.076307,10.148693,-0.575000,6.566950,6.574007,0
2,1,10,-16.734495,10.148693,-0.575000,5.597624,5.617896,0
3,1,10,-15.392683,10.148693,-0.575000,4.682970,4.720658,0
4,1,10,-14.050871,10.148693,-0.575000,3.833046,3.894186,0
5,1,10,-12.709059,10.148693,-0.575000,3.059519,3.152862,0
6,1,10,-11.367247,10.148693,-0.575000,2.375562,2.513597,0
7,1,10,-10.025436,10.148693,-0.575000,1.795446,1.994762,0
8,1,10,-8.683624,10.148693,-0.575000,1.333726,1.611956,0
9,1,10,-7.341812,10.148693,-0.575000,1.003969,1.368697,0
10,1,10,-6.000000,10.148693,-0.575000,0.817144,1.248620,0
11,1,10,-4.658188,10.148693,-0.575000,0.780000,1.226739,0
12,1,10,-3.316376,10.148693,-0.575000,0.893932,1.296062,0
13,1,10,-1.974564,10.148693,-0.575000,1.154721,1.475745,0
14,1,10,-0.632753,10.148693,-0.575000,1.553285,1.789351,0
15,1,10,0.709059,10.148693,-0.575000,2.077117,2.242932,0
16,1,10,2.050871,10.148693,-0.575000,2.711963,2.825402,0
17,1,10,3.392683,10.148693,-0.575000,3.443282,3.518916,0
18,1,10,4.734495,10.148693,-0.575000,4.257289,4.305581,0
19,1,10,6.076307,10.148693,-0.575000,5.141548,5.169741,0
20,1,10,7.418119,10.148693,-0.575000,6.085213,6.098315,0
0,2,10,-19.418119,11.490505,-0.575000,6.760943,6.765807,0
1,2,10,-18.076307,11.490505,-0.575000,5.695833,5.714564,0
2,2,10,-16.734495,11.490505,-0.575000,4.673030,4.710944,0
3,2,10,-15.392683,11.490505,-0.575000,3.701313,3.767023,0
4,2,10,-14.050871,11.490505,-0.575000,2.791414,2.899847,0
5,2,10,-12.709059,11.490505,-0.575000,1.956274,2.135444,0
6,2,10,-11.367247,11.490505,-0.575000,1.211129,1.517709,0
7,2,10,-10.025436,11.490505,-0.575000,0.573371,1.119795,0
8,2,10,-8.683624,11.490505,-0.575000,0.097720,1.000400,0
9,2,10,-7.341812,11.490505,-0.575000,0.000329,1.002431,1
10,2,10,-6.000000,11.490505,-0.575000,0.001156,1.002489,1
11,2,10,-4.658188,11.490505,-0.575000,0.002237,1.002566,1
12,2,10,-3.316376,11.490505,-0.575000,0.001029,1.002480,1
13,2,10,-1.974564,11.490505,-0.575000,0.013262,1.001577,0
14,2,10,-0.632753,11.490505,-0.575000,0.308114,1.028087,0
15,2,10,0.709059,11.490505,-0.575000,0.883699,1.289577,0
16,2,10,2.050871,11.490505,-0.575000,1.578488,1.810306,0
17,2,10,3.392683,11.490505,-0.575000,2.371525,2.509894,0
18,2,10,4.734495,11.490505,-0.575000,3.246514,3.330730,0
19,2,10,6.076307,11.490505,-0.575000,4.189381,4.239560,0
20,2,10,7.418119,11.490505,-0.575000,5.188337,5.215654,0
0,3,10,-19.418119,12.832317,-0.575000,6.005420,6.019617,0
1,3,10,-18.076307,12.832317,-0.575000,4.890031,4.923215,0
2,3,10,-16.734495,12.832317,-0.575000,3.812025,3.873874,0
3,3,10,-15.392683,12.832317,-0.575000,2.780118,2.889247,0
4,3,10,-14.050871,12.832317,-0.575000,1.805384,2.003367,0
5,3,10,-12.709059,12.832317,-0.575000,0.901774,1.301065,0
6,3,10,-11.367247,12.832317,-0.575000,0.118845,1.001219,0
7,3,10,-10.025436,12.832317,-0.575000,0.000017,1.002407,1
8,3,10,-8.683624,12.832317,-0.575000,0.000000,1.002408,1
9,3,10,-7.341812,12.832317,-0.575000,0.000000,1.002408,1
10,3,10,-6.000000,12.832317,-0.575000,0.000000,1.002408,1
11,3,10,-4.658188,12.832317,-0.575000,0.000000,1.002408,1
12,3,10,-3.316376,12.832317,-0.575000,0.000000,1.002408,1
13,3,10,-1.974564,12.832317,-0.575000,0.000000,1.002408,1
14,3,10,-0.632753,12.832317,-0.575000,0.000000,1.002408,1
15,3,10,0.709059,12.832317,-0.575000,0.003570,1.002167,1
16,3,10,2.050871,12.832317,-0.575000,0.490056,1.084856,0
17,3,10,3.392683,12.832317,-0.575000,1.352264,1.626537,0
18,3,10,4.734495,12.832317,-0.575000,2.294053,2.439032,0
19,3,10,6.076307,12.832317,-0.575000,3.299465,3.381276,0
20,3,10,7.418119,12.832317,-0.575000,4.356082,4.401733,0
0,4,10,-19.418119,14.174129,-0.575000,5.324976,5.349823,0
1,4,10,-18.076307,14.174129,-0.575000,4.159902,4.210918,0
2,4,10,-16.734495,14.174129,-0.575000,3.026248,3.121326,0
3,4,10,-15.392683,14.174129,-0.575000,1.932224,2.114224,0
4,4,10,-14.050871,14.174129,-0.575000,0.888697,1.292738,0
5,4,10,-12.709059,14.174129,-0.575000,0.030712,1.000750,0
6,4,10,-11.367247,14.174129,-0.575000,0.000000,1.002408,1
7,4,10,-10.025436,14.174129,-0.575000,0.000000,1.002408,1
8,4,10,-8.683624,14.174129,-0.575000,0.000000,1.002408,1
9,4,10,-7.341812,14.174129,-0.575000,0.000000,1.002408,1
10,4,10,-6.000000,14.174129,-0.575000,0.000000,1.002408,1
11,4,10,-4.658188,14.174129,-0.575000,0.000000,1.002408,1
12,4,10,-3.316376,14.174129,-0.575000,0.000000,1.002408,1
13,4,10,-1.974564,14.174129,-0.575000,0.000000,1.002408,1
14,4,10,-0.632753,14.174129,-0.575000,0.000000,1.002408,1
15,4,10,0.709059,14.174129,-0.575000,0.000000,1.002408,1
16,4,10,2.050871,14.174129,-0.575000,0.000084,1.002403,1
17,4,10,3.392683,14.174129,-0.575000,0.400737,1.053449,0
18,4,10,4.734495,14.174129,-0.575000,1.413241,1.675048,0
19,4,10,6.076307,14.174129,-0.575000,2.484050,2.613487,0
20,4,10,7.418119,14.174129,-0.575000,3.599437,3.668902,0
0,5,10,-19.418119,15.515941,-0.575000,4.729305,4.765951,0
1,5,10,-18.076307,15.515941,-0.575000,3.516796,3.589460,0
2,5,10,-16.734495,15.515941,-0.575000,2.328922,2.470877,0
3,5,10,-15.392683,15.515941,-0.575000,1.172844,1.489123,0
4,5,10,-14.050871,15.515941,-0.575000,0.100550,1.000484,0
5,5,10,-12.709059,15.515941,-0.575000,0.000000,1.002408,1
6,5,10,-11.367247,15.515941,-0.575000,0.000000,1.002408,1
7,5,10,-10.025436,15.515941,-0.575000,0.000000,1.002408,1
8,5,10,-8.683624,15.515941,-0.575000,0.000000,1.002408,1
9,5,10,-7.341812,15.515941,-0.575000,0.000000,1.002408,1
10,5,10,-6.000000,15.515941,-0.575000,0.000000,1.002408,1
11,5,10,-4.658188,15.515941,-0.575000,0.000000,1.002408,1
12,5,10,-3.316376,15.515941,-0.575000,0.000000,1.002408,1
13,5,10,-1.974564,15.515941,-0.575000,0.000000,1.002408,1
14,5,10,-0.632753,15.515941,-0.575000,0.000000,1.002408,1
15,5,10,0.709059,15.515941,-0.575000,0.000000,1.002408,1
16,5,10,2.050871,15.515941,-0.575000,0.000000,1.002408,1
17,5,10,3.392683,15.515941,-0.575000,0.000263,1.002390,1
18,5,10,4.734495,15.515941,-0.575000,0.620353,1.141709,0
19,5,10,6.076307,15.515941,-0.575000,1.757329,1.961874,0
20,5,10,7.418119,15.515941,-0.575000,2.930647,3.030920,0
0,6,10,-19.418119,16.857753,-0.575000,4.228299,4.277389,0
1,6,10,-18.076307,16.857753,-0.575000,2.972658,3.070609,0
2,6,10,-16.734495,16.857753,-0.575000,1.734482,1.942253,0
3,6,10,-15.392683,16.857753,-0.575000,0.519682,1.096682,0
4,6,10,-14.050871,16.857753,-0.575000,0.000012,1.002408,1
5,6,10,-12.709059,16.857753,-0.575000,0.000000,1.002408,1
6,6,10,-11.367247,16.857753,-0.575000,0.000000,1.002408,1
7,6,10,-10.025436,16.857753,-0.575000,0.000000,1.002408,1
8,6,10,-8.683624,16.857753,-0.575000,0.000000,1.002408,1
9,6,10,-7.341812,16.857753,-0.575000,0.000000,1.002408,1
10,6,10,-6.000000,16.857753,-0.575000,0.000000,1.002408,1
11,6,10,-4.658188,16.857753,-0.575000,0.000000,1.002408,1
12,6,10,-3.316376,16.857753,-0.575000,0.000000,1.002408,1
13,6,10,-1.974564,16.857753,-0.575000,0.000000,1.002408,1
14,6,10,-0.632753,16.857753,-0.575000,0.000000,1.002408,1
15,6,10,0.709059,16.857753,-0.575000,0.000000,1.002408,1
16,6,10,2.050871,16.857753,-0.575000,0.000000,1.002408,1
17,6,10,3.392683,16.857753,-0.575000,0.000000,1.002408,1
18,6,10,4.734495,16.857753,-0.575000,0.038619,1.000475,0
19,6,10,6.076307,16.857753,-0.575000,1.135128,1.461396,0
20,6,10,7.418119,16.857753,-0.575000,2.362822,2.501915,0
0,7,10,-19.418119,18.199564,-0.575000,3.831495,3.892687,0
1,7,10,-18.076307,18.199564,-0.575000,2.539347,2.664660,0
2,7,10,-16.734495,18.199564,-0.575000,1.257798,1.553120,0
3,7,10,-15.392683,18.199564,-0.575000,0.061947,1.000028,0
4,7,10,-14.050871,18.199564,-0.575000,0.000000,1.002408,1
5,7,10,-12.709059,18.199564,-0.575000,0.000000,1.002408,1
6,7,10,-11.367247,18.199564,-0.575000,0.000000,1.002408,1
7,7,10,-10.025436,18.199564,-0.575000,0.000000,1.002408,1
8,7,10,-8.683624,18.199564,-0.575000,0.000000,1.002408,1
9,7,10,-7.341812,18.199564,-0.575000,0.000000,1.002408,1
10,7,10,-6.000000,18.199564,-0.575000,0.000043,1.002411,1
11,7,10,-4.658188,18.199564,-0.575000,0.000148,1.002419,1
12,7,10,-3.316376,18.199564,-0.575000,0.000006,1.002409,1
13,7,10,-1.974564,18.199564,-0.575000,0.000000,1.002408,1
14,7,10,-0.632753,18.199564,-0.575000,0.000000,1.002408,1
15,7,10,0.709059,18.199564,-0.575000,0.000000,1.002408,1
16,7,10,2.050871,18.199564,-0.575000,0.000000,1.002408,1
17,7,10,3.392683,18.199564,-0.575000,0.000000,1.002408,1
18,7,10,4.734495,18.199564,-0.575000,0.000023,1.002407,1
19,7,10,6.076307,18.199564,-0.575000,0.634183,1.148446,0
20,7,10,7.418119,18.199564,-0.575000,1.909199,2.093966,0
0,8,10,-19.418119,19.541376,-0.575000,3.547371,3.618834,0
1,8,10,-18.076307,19.541376,-0.575000,2.227685,2.378654,0
2,8,10,-16.734495,19.541376,-0.575000,0.912909,1.308216,0
3,8,10,-15.392683,19.541376,-0.575000,0.000754,1.002356,1
4,8,10,-14.050871,19.541376,-0.575000,0.000000,1.002408,1
5,8,10,-12.709059,19.541376,-0.575000,0.000000,1.002408,1
6,8,10,-11.367247,19.541376,-0.575000,0.000000,1.002408,1
7,8,10,-10.025436,19.541376,-0.575000,0.000000,1.002408,1
8,8,10,-8.683624,19.541376,-0.575000,0.000000,1.002408,1
9,8,10,-7.341812,19.541376,-0.575000,0.000357,1.002433,1
10,8,10,-6.000000,19.541376,-0.575000,0.023268,1.004289,0
11,8,10,-4.658188,19.541376,-0.575000,0.072165,1.009977,0
12,8,10,-3.316376,19.541376,-0.575000,0.003950,1.002690,1
13,8,10,-1.974564,19.541376,-0.575000,0.000011,1.002409,1
14,8,10,-0.632753,19.541376,-0.575000,0.000000,1.002408,1
15,8,10,0.709059,19.541376,-0.575000,0.000000,1.002408,1
16,8,10,2.050871,19.541376,-0.575000,0.000000,1.002408,1
17,8,10,3.392683,19.541376,-0.575000,0.000000,1.002408,1
18,8,10,4.734495,19.541376,-0.575000,0.000000,1.002408,1
19,8,10,6.076307,19.541376,-0.575000,0.275605,1.021030,0
20,8,10,7.418119,19.541376,-0.575000,1.582049,1.813275,0
0,9,10,-19.418119,20.883188,-0.575000,3.382564,3.460745,0
1,9,10,-18.076307,20.883188,-0.575000,2.046332,2.215419,0
2,9,10,-16.734495,20.883188,-0.575000,0.711399,1.188320,0
3,9,10,-15.392683,20.883188,-0.575000,0.000022,1.002407,1
4,9,10,-14.050871,20.883188,-0.575000,0.000000,1.002408,1
5,9,10,-12.709059,20.883188,-0.575000,0.000000,1.002408,1
6,9,10,-11.367247,20.883188,-0.575000,0.000000,1.002408,1
7,9,10,-10.025436,20.883188,-0.575000,0.000000,1.002408,1
8,9,10,-8.683624,20.883188,-0.575000,0.000002,1.002408,1
9,9,10,-7.341812,20.883188,-0.575000,0.004526,1.002732,1
10,9,10,-6.000000,20.883188,-0.575000,0.230057,1.043888,0
11,9,10,-4.658188,20.883188,-0.575000,0.578209,1.191410,0
12,9,10,-3.316376,20.883188,-0.575000,0.046277,1.006674,0
13,9,10,-1.974564,20.883188,-0.575000,0.000109,1.002416,1
14,9,10,-0.632753,20.883188,-0.575000,0.000000,1.002408,1
15,9,10,0.709059,20.883188,-0.575000,0.000000,1.002408,1
16,9,10,2.050871,20.883188,-0.575000,0.000000,1.002408,1
17,9,10,3.392683,20.883188,-0.575000,0.000000,1.002408,1
18,9,10,4.734495,20.883188,-0.575000,0.000000,1.002408,1
19,9,10,6.076307,20.883188,-0.575000,0.099303,1.000446,0
20,9,10,7.418119,20.883188,-0.575000,1.391319,1.657513,0
0,10,10,-19.418119,22.225000,-0.575000,3.341164,3.421131,0
1,10,10,-18.076307,22.225000,-0.575000,2.000707,2.174803,0
2,10,10,-16.734495,22.225000,-0.575000,0.660616,1.161672,0
3,10,10,-15.392683,22.225000,-0.575000,0.000007,1.002408,1
4,10,10,-14.050871,22.225000,-0.575000,0.000000,1.002408,1
5,10,10,-12.709059,22.225000,-0.575000,0.000000,1.002408,1
6,10,10,-11.367247,22.225000,-0.575000,0.000000,1.002408,1
7,10,10,-10.025436,22.225000,-0.575000,0.000000,1.002408,1
8,10,10,-8.683624,22.225000,-0.575000,0.000046,1.002405,1
9,10,10,-7.341812,22.225000,-0.575000,0.011959,1.001651,0
10,10,10,-6.000000,22.225000,-0.575000,0.105332,1.000644,0
11,10,10,-4.658188,22.225000,-0.575000,0.130397,1.001856,0
12,10,10,-3.316376,22.225000,-0.575000,0.049745,1.000194,0
13,10,10,-1.974564,22.225000,-0.575000,0.001153,1.002329,1
14,10,10,-0.632753,22.225000,-0.575000,0.000000,1.002408,1
15,10,10,0.709059,22.225000,-0.575000,0.000000,1.002408,1
16,10,10,2.050871,22.225000,-0.575000,0.000000,1.002408,1
17,10,10,3.392683,22.225000,-0.575000,0.000000,1.002408,1
18,10,10,4.734495,22.225000,-0.575000,0.000000,1.002408,1
19,10,10,6.076307,22.225000,-0.575000,0.067647,1.000002,0
20,10,10,7.418119,22.225000,-0.575000,1.343290,1.619469,0
0,11,10,-19.418119,23.566812,-0.575000,3.424225,3.500649,0
1,11,10,-18.076307,23.566812,-0.575000,2.092217,2.256458,0
2,11,10,-16.734495,23.566812,-0.575000,0.762437,1.216650,0
3,11,10,-15.392683,23.566812,-0.575000,0.000046,1.002405,1
4,11,10,-14.050871,23.566812,-0.575000,0.000000,1.002408,1
5,11,10,-12.709059,23.566812,-0.575000,0.000000,1.002408,1
6,11,10,-11.367247,23.566812,-0.575000,0.000000,1.002408,1
7,11,10,-10.025436,23.566812,-0.575000,0.000000,1.002408,1
8,11,10,-8.683624,23.566812,-0.575000,0.000013,1.002408,1
9,11,10,-7.341812,23.566812,-0.575000,0.008050,1.001883,1
10,11,10,-6.000000,23.566812,-0.575000,0.242647,1.014889,0
11,11,10,-4.658188,23.566812,-0.575000,0.605737,1.134728,0
12,11,10,-3.316376,23.566812,-0.575000,0.057027,1.000077,0
13,11,10,-1.974564,23.566812,-0.575000,0.000490,1.002375,1
14,11,10,-0.632753,23.566812,-0.575000,0.000000,1.002408,1
15,11,10,0.709059,23.566812,-0.575000,0.000000,1.002408,1
16,11,10,2.050871,23.566812,-0.575000,0.000000,1.002408,1
17,11,10,3.392683,23.566812,-0.575000,0.000000,1.002408,1
18,11,10,4.734495,23.566812,-0.575000,0.000000,1.002408,1
19,11,10,6.076307,23.566812,-0.575000,0.136826,1.002267,0
20,11,10,7.418119,23.566812,-0.575000,1.439602,1.696269,0
0,12,10,-19.418119,24.908624,-0.575000,3.629642,3.697972,0
1,12,10,-18.076307,24.908624,-0.575000,2.318056,2.460944,0
2,12,10,-16.734495,24.908624,-0.575000,1.013098,1.374947,0
3,12,10,-15.392683,24.908624,-0.575000,0.003017,1.002204,1
4,12,10,-14.050871,24.908624,-0.575000,0.000000,1.002408,1
5,12,10,-12.709059,24.908624,-0.575000,0.000000,1.002408,1
6,12,10,-11.367247,24.908624,-0.575000,0.000000,1.002408,1
7,12,10,-10.025436,24.908624,-0.575000,0.000000,1.002408,1
8,12,10,-8.683624,24.908624,-0.575000,0.000000,1.002408,1
9,12,10,-7.341812,24.908624,-0.575000,0.000151,1.002398,1
10,12,10,-6.000000,24.908624,-0.575000,0.009020,1.001824,1
11,12,10,-4.658188,24.908624,-0.575000,0.028299,1.000846,0
12,12,10,-3.316376,24.908624,-0.575000,0.001564,1.002301,1
13,12,10,-1.974564,24.908624,-0.575000,0.000006,1.002408,1
14,12,10,-0.632753,24.908624,-0.575000,0.000000,1.002408,1
15,12,10,0.709059,24.908624,-0.575000,0.000000,1.002408,1
16,12,10,2.050871,24.908624,-0.575000,0.000000,1.002408,1
17,12,10,3.392683,24.908624,-0.575000,0.000000,1.002408,1
18,12,10,4.734495,24.908624,-0.575000,0.000000,1.002408,1
19,12,10,6.076307,24.908624,-0.575000,0.377584,1.046398,0
20,12,10,7.418119,24.908624,-0.575000,1.676990,1.893198,0
0,13,10,-19.418119,26.250436,-0.575000,3.952402,4.009657,0
1,13,10,-18.076307,26.250436,-0.575000,2.671611,2.787699,0
2,13,10,-16.734495,26.250436,-0.575000,1.403636,1.667353,0
3,13,10,-15.392683,26.250436,-0.575000,0.169221,1.004965,0
4,13,10,-14.050871,26.250436,-0.575000,0.000000,1.002408,1
5,13,10,-12.709059,26.250436,-0.575000,0.000000,1.002408,1
6,13,10,-11.367247,26.250436,-0.575000,0.000000,1.002408,1
7,13,10,-10.025436,26.250436,-0.575000,0.000000,1.002408,1
8,13,10,-8.683624,26.250436,-0.575000,0.000000,1.002408,1
9,13,10,-7.341812,26.250436,-0.575000,0.000000,1.002408,1
10,13,10,-6.000000,26.250436,-0.575000,0.000004,1.002408,1
11,13,10,-4.658188,26.250436,-0.575000,0.000015,1.002407,1
12,13,10,-3.316376,26.250436,-0.575000,0.000001,1.002408,1
13,13,10,-1.974564,26.250436,-0.575000,0.000000,1.002408,1
14,13,10,-0.632753,26.250436,-0.575000,0.000000,1.002408,1
15,13,10,0.709059,26.250436,-0.575000,0.000000,1.002408,1
16,13,10,2.050871,26.250436,-0.575000,0.000000,1.002408,1
17,13,10,3.392683,26.250436,-0.575000,0.000000,1.002408,1
18,13,10,4.734495,26.250436,-0.575000,0.000201,1.002395,1
19,13,10,6.076307,26.250436,-0.575000,0.787610,1.231162,0
20,13,10,7.418119,26.250436,-0.575000,2.047809,2.216737,0
0,14,10,-19.418119,27.592247,-0.575000,4.385165,4.430060,0
1,14,10,-18.076307,27.592247,-0.575000,3.143370,3.232493,0
2,14,10,-16.734495,27.592247,-0.575000,1.921449,2.104736,0
3,14,10,-15.392683,27.592247,-0.575000,0.725591,1.196046,0
4,14,10,-14.050871,27.592247,-0.575000,0.000181,1.002396,1
5,14,10,-12.709059,27.592247,-0.575000,0.000000,1.002408,1
6,14,10,-11.367247,27.592247,-0.575000,0.000000,1.002408,1
7,14,10,-10.025436,27.592247,-0.575000,0.000000,1.002408,1
8,14,10,-8.683624,27.592247,-0.575000,0.000000,1.002408,1
9,14,10,-7.341812,27.592247,-0.575000,0.000000,1.002408,1
10,14,10,-6.000000,27.592247,-0.575000,0.000000,1.002408,1
11,14,10,-4.658188,27.592247,-0.575000,0.000000,1.002408,1
12,14,10,-3.316376,27.592247,-0.575000,0.000000,1.002408,1
13,14,10,-1.974564,27.592247,-0.575000,0.000000,1.002408,1
14,14,10,-0.632753,27.592247,-0.575000,0.000000,1.002408,1
15,14,10,0.709059,27.592247,-0.575000,0.000000,1.002408,1
16,14,10,2.050871,27.592247,-0.575000,0.000000,1.002408,1
17,14,10,3.392683,27.592247,-0.575000,0.000000,1.002408,1
18,14,10,4.734495,27.592247,-0.575000,0.167054,1.004752,0
19,14,10,6.076307,27.592247,-0.575000,1.331119,1.609913,0
20,14,10,7.418119,27.592247,-0.575000,2.541174,2.666353,0
0,15,10,-19.418119,28.934059,-0.575000,4.919013,4.951596,0
1,15,10,-18.076307,28.934059,-0.575000,3.722041,3.787011,0
2,15,10,-16.734495,28.934059,-0.575000,2.552050,2.676439,0
3,15,10,-15.392683,28.934059,-0.575000,1.416615,1.677756,0
4,15,10,-14.050871,28.934059,-0.575000,0.328193,1.032933,0
5,15,10,-12.709059,28.934059,-0.575000,0.000006,1.002409,1
6,15,10,-11.367247,28.934059,-0.575000,0.000000,1.002408,1
7,15,10,-10.025436,28.934059,-0.575000,0.000000,1.002408,1
8,15,10,-8.683624,28.934059,-0.575000,0.000000,1.002408,1
9,15,10,-7.341812,28.934059,-0.575000,0.000000,1.002408,1
10,15,10,-6.000000,28.934059,-0.575000,0.000000,1.002408,1
11,15,10,-4.658188,28.934059,-0.575000,0.000000,1.002408,1
12,15,10,-3.316376,28.934059,-0.575000,0.000000,1.002408,1
13,15,10,-1.974564,28.934059,-0.575000,0.000000,1.002408,1
14,15,10,-0.632753,28.934059,-0.575000,0.000000,1.002408,1
15,15,10,0.709059,28.934059,-0.575000,0.000000,1.002408,1
16,15,10,2.050871,28.934059,-0.575000,0.000000,1.002408,1
17,15,10,3.392683,28.934059,-0.575000,0.007421,1.001922,1
18,15,10,4.734495,28.934059,-0.575000,0.875291,1.284285,0
19,15,10,6.076307,28.934059,-0.575000,1.990211,2.165488,0
20,15,10,7.418119,28.934059,-0.575000,3.144347,3.233422,0
0,16,10,-19.418119,30.275871,-0.575000,5.544216,5.565349,0
1,16,10,-18.076307,30.275871,-0.575000,4.395645,4.440270,0
2,16,10,-16.734495,30.275871,-0.575000,3.280600,3.363259,0
3,16,10,-15.392683,30.275871,-0.575000,2.207519,2.360372,0
4,16,10,-14.050871,30.275871,-0.575000,1.187409,1.499947,0
5,16,10,-12.709059,30.275871,-0.575000,0.239917,1.014426,0
6,16,10,-11.367247,30.275871,-0.575000,0.000044,1.002412,1
7,16,10,-10.025436,30.275871,-0.575000,0.000000,1.002408,1
8,16,10,-8.683624,30.275871,-0.575000,0.000000,1.002408,1
9,16,10,-7.341812,30.275871,-0.575000,0.000000,1.002408,1
10,16,10,-6.000000,30.275871,-0.575000,0.000000,1.002408,1
11,16,10,-4.658188,30.275871,-0.575000,0.000000,1.002408,1
12,16,10,-3.316376,30.275871,-0.575000,0.000000,1.002408,1
13,16,10,-1.974564,30.275871,-0.575000,0.000000,1.002408,1
14,16,10,-0.632753,30.275871,-0.575000,0.000000,1.002408,1
15,16,10,0.709059,30.275871,-0.575000,0.000000,1.002408,1
16,16,10,2.050871,30.275871,-0.575000,0.003580,1.002167,1
17,16,10,3.392683,30.275871,-0.575000,0.710602,1.187889,0
18,16,10,4.734495,30.275871,-0.575000,1.699711,1.912528,0
19,16,10,6.076307,30.275871,-0.575000,2.748372,2.859483,0
20,16,10,7.418119,30.275871,-0.575000,3.844030,3.904803,0
0,17,10,-19.418119,31.617683,-0.575000,6.250897,6.261816,0
1,17,10,-18.076307,31.617683,-0.575000,5.152374,5.180363,0
2,17,10,-16.734495,31.617683,-0.575000,4.093006,4.145966,0
3,17,10,-15.392683,31.617683,-0.575000,3.081573,3.173785,0
4,17,10,-14.050871,31.617683,-0.575000,2.129086,2.289567,0
5,17,10,-12.709059,31.617683,-0.575000,1.249200,1.546551,0
6,17,10,-11.367247,31.617683,-0.575000,0.458789,1.073121,0
7,17,10,-10.025436,31.617683,-0.575000,0.004436,1.002726,1
8,17,10,-8.683624,31.617683,-0.575000,0.000028,1.002410,1
9,17,10,-7.341812,31.617683,-0.575000,0.000000,1.002408,1
10,17,10,-6.000000,31.617683,-0.575000,0.000000,1.002408,1
11,17,10,-4.658188,31.617683,-0.575000,0.000000,1.002408,1
12,17,10,-3.316376,31.617683,-0.575000,0.000000,1.002408,1
13,17,10,-1.974564,31.617683,-0.575000,0.000001,1.002409,1
14,17,10,-0.632753,31.617683,-0.575000,0.000711,1.002458,1
15,17,10,0.709059,31.617683,-0.575000,0.125719,1.001582,0
16,17,10,2.050871,31.617683,-0.575000,0.849063,1.267992,0
17,17,10,3.392683,31.617683,-0.575000,1.687450,1.902088,0
18,17,10,4.734495,31.617683,-0.575000,2.606211,2.726752,0
19,17,10,6.076307,31.617683,-0.575000,3.590260,3.660073,0
20,17,10,7.418119,31.617683,-0.575000,4.627340,4.666305,0
0,18,10,-19.418119,32.959495,-0.575000,7.029524,7.031549,0
1,18,10,-18.076307,32.959495,-0.575000,5.981179,5.995714,0
2,18,10,-16.734495,32.959495,-0.575000,4.976551,5.007962,0
3,18,10,-15.392683,32.959495,-0.575000,4.024360,4.079381,0
4,18,10,-14.050871,32.959495,-0.575000,3.135139,3.224667,0
5,18,10,-12.709059,32.959495,-0.575000,2.321420,2.464019,0
6,18,10,-11.367247,32.959495,-0.575000,1.597737,1.826383,0
7,18,10,-10.025436,32.959495,-0.575000,0.980297,1.352645,0
8,18,10,-8.683624,32.959495,-0.575000,0.486184,1.083361,0
9,18,10,-7.341812,32.959495,-0.575000,0.135295,1.002166,0
10,18,10,-6.000000,32.959495,-0.575000,0.054165,1.007611,0
11,18,10,-4.658188,32.959495,-0.575000,0.099833,1.014227,0
12,18,10,-3.316376,32.959495,-0.575000,0.023841,1.001039,0
13,18,10,-1.974564,32.959495,-0.575000,0.294457,1.025002,0
14,18,10,-0.632753,32.959495,-0.575000,0.721440,1.193774,0
15,18,10,0.709059,32.959495,-0.575000,1.280542,1.570590,0
16,18,10,2.050871,32.959495,-0.575000,1.954213,2.133623,0
17,18,10,3.392683,32.959495,-0.575000,2.725701,2.838255,0
18,18,10,4.734495,32.959495,-0.575000,3.579579,3.649800,0
19,18,10,6.076307,32.959495,-0.575000,4.502319,4.544268,0
20,18,10,7.418119,32.959495,-0.575000,5.482423,5.504572,0
0,19,10,-19.418119,34.301307,-0.575000,7.871236,7.865617,0
1,19,10,-18.076307,34.301307,-0.575000,6.872084,6.875746,0
2,19,10,-16.734495,34.301307,-0.575000,5.920155,5.935553,0
3,19,10,-15.392683,34.301307,-0.575000,5.023819,5.054286,0
4,19,10,-14.050871,34.301307,-0.575000,4.192861,4.242942,0
5,19,10,-12.709059,34.301307,-0.575000,3.438504,3.514335,0
6,19,10,-11.367247,34.301307,-0.575000,2.773257,2.882810,0
7,19,10,-10.025436,34.301307,-0.575000,2.210498,2.363071,0
8,19,10,-8.683624,34.301307,-0.575000,1.763695,1.967354,0
9,19,10,-7.341812,34.301307,-0.575000,1.445254,1.700838,0
10,19,10,-6.000000,34.301307,-0.575000,1.265103,1.558716,0
11,19,10,-4.658188,34.301307,-0.575000,1.229311,1.531433,0
12,19,10,-3.316376,34.301307,-0.575000,1.339125,1.616194,0
13,19,10,-1.974564,34.301307,-0.575000,1.590762,1.820550,0
14,19,10,-0.632753,34.301307,-0.575000,1.976032,2.152921,0
15,19,10,0.709059,34.301307,-0.575000,2.483559,2.613034,0
16,19,10,2.050871,34.301307,-0.575000,3.100234,3.191501,0
17,19,10,3.392683,34.301307,-0.575000,3.812511,3.874343,0
18,19,10,4.734495,34.301307,-0.575000,4.607383,4.646813,0
19,19,10,6.076307,34.301307,-0.575000,5.472962,5.495270,0
20,19,10,7.418119,34.301307,-0.575000,6.398753,6.407818,0
0,20,10,-19.418119,35.643119,-0.575000,8.768014,8.755860,0
1,20,10,-18.076307,35.643119,-0.575000,7.816313,7.811143,0
2,20,10,-16.734495,35.643119,-0.575000,6.914376,6.917591,0
3,20,10,-15.392683,35.643119,-0.575000,6.070051,6.083359,0
4,20,10,-14.050871,35.643119,-0.575000,5.292247,5.317673,0
5,20,10,-12.709059,35.643119,-0.575000,4.590867,4.630685,0
6,20,10,-11.367247,35.643119,-0.575000,3.976586,4.033082,0
7,20,10,-10.025436,35.643119,-0.575000,3.460442,3.535372,0
8,20,10,-8.683624,35.643119,-0.575000,3.053182,3.146852,0
9,20,10,-7.341812,35.643119,-0.575000,2.764410,2.874514,0
10,20,10,-6.000000,35.643119,-0.575000,2.601627,2.722488,0
11,20,10,-4.658188,35.643119,-0.575000,2.569338,2.692482,0
12,20,10,-3.316376,35.643119,-0.575000,2.668460,2.784758,0
13,20,10,-1.974564,35.643119,-0.575000,2.896201,2.998424,0
14,20,10,-0.632753,35.643119,-0.575000,3.246432,3.330652,0
15,20,10,0.709059,35.643119,-0.575000,3.710461,3.775843,0
16,20,10,2.050871,35.643119,-0.575000,4.277982,4.325711,0
17,20,10,3.392683,35.643119,-0.575000,4.938006,4.970199,0
18,20,10,4.734495,35.643119,-0.575000,5.679615,5.698597,0
19,20,10,6.076307,35.643119,-0.575000,6.492489,6.500421,0
20,20,10,7.418119,35.643119,-0.575000,7.367213,7.365963,0
0,0,11,-19.418119,8.806881,0.766812,8.468166,8.458044,0
1,0,11,-18.076307,8.806881,0.766812,7.501123,7.498655,0
2,0,11,-16.734495,8.806881,0.766812,6.583108,6.589977,0
3,0,11,-15.392683,8.806881,0.766812,5.722154,5.740480,0
4,0,11,-14.050871,8.806881,0.766812,4.927466,4.959875,0
5,0,11,-12.709059,8.806881,0.766812,4.209372,4.258989,0
6,0,11,-11.367247,8.806881,0.766812,3.579125,3.649363,0
7,0,11,-10.025436,8.806881,0.766812,3.048479,3.142393,0
8,0,11,-8.683624,8.806881,0.766812,2.628994,2.747961,0
9,0,11,-7.341812,8.806881,0.766812,2.331099,2.472868,0
10,0,11,-6.000000,8.806881,0.766812,2.162995,2.320118,0
11,0,11,-4.658188,8.806881,0.766812,2.129634,2.290060,0
12,0,11,-3.316376,8.806881,0.766812,2.232028,2.382596,0
13,0,11,-1.974564,8.806881,0.766812,2.467103,2.597837,0
14,0,11,-0.632753,8.806881,0.766812,2.828136,2.934343,0
15,0,11,0.709059,8.806881,0.766812,3.305654,3.387188,0
16,0,11,2.050871,8.806881,0.766812,3.888520,3.947826,0
17,0,11,3.392683,8.806881,0.766812,4.564973,4.605406,0
18,0,11,4.734495,8.806881,0.766812,5.323445,5.348319,0
19,0,11,6.076307,8.806881,0.766812,6.153117,6.165311,0
20,0,11,7.418119,8.806881,0.766812,7.044219,7.046095,0
0,1,11,-19.418119,10.148693,0.766812,7.589327,7.586080,0
1,1,11,-18.076307,10.148693,0.766812,6.574237,6.581209,0
2,1,11,-16.734495,10.148693,0.766812,5.605334,5.625483,0
3,1,11,-15.392683,10.148693,0.766812,4.691127,4.728629,0
4,1,11,-14.050871,10.148693,0.766812,3.841667,3.902518,0
5,1,11,-12.709059,10.148693,0.766812,3.068611,3.161485,0
6,1,11,-11.367247,10.148693,0.766812,2.385115,2.522365,0
7,1,11,-10.025436,10.148693,0.766812,1.805429,2.003407,0
8,1,11,-8.683624,10.148693,0.766812,1.344079,1.620090,0
9,1,11,-7.341812,10.148693,0.766812,1.014604,1.375981,0
10,1,11,-6.000000,10.148693,0.766812,0.827946,1.255119,0
11,1,11,-4.658188,10.148693,0.766812,0.790837,1.233047,0
12,1,11,-3.316376,10.148693,0.766812,0.904665,1.302917,0
13,1,11,-1.974564,10.148693,0.766812,1.165226,1.483487,0
14,1,11,-0.632753,10.148693,0.766812,1.563459,1.797797,0
15,1,11,0.709059,10.148693,0.766812,2.086887,2.251681,0
16,1,11,2.050871,10.148693,0.766812,2.721284,2.834122,0
17,1,11,3.392683,10.148693,0.766812,3.452134,3.527404,0
18,1,11,4.734495,10.148693,0.766812,4.265671,4.313735,0
19,1,11,6.076307,10.148693,0.766812,5.149474,5.177518,0
20,1,11,7.418119,10.148693,0.766812,6.092704,6.105705,0
0,2,11,-19.418119,11.490505,0.766812,6.768151,6.772935,0
1,2,11,-18.076307,11.490505,0.766812,5.703498,5.722110,0
2,2,11,-16.734495,11.490505,0.766812,4.681192,4.718920,0
3,2,11,-15.392683,11.490505,0.766812,3.710011,3.775409,0
4,2,11,-14.050871,11.490505,0.766812,2.800681,2.908547,0
5,2,11,-12.709059,11.490505,0.766812,1.966134,2.144161,0
6,2,11,-11.367247,11.490505,0.766812,1.221586,1.525590,0
7,2,11,-10.025436,11.490505,0.766812,0.584383,1.124794,0
8,2,11,-8.683624,11.490505,0.766812,0.105658,1.000655,0
9,2,11,-7.341812,11.490505,0.766812,0.000089,1.002415,1
10,2,11,-6.000000,11.490505,0.766812,0.001093,1.002485,1
11,2,11,-4.658188,11.490505,0.766812,0.001611,1.002521,1
12,2,11,-3.316376,11.490505,0.766812,0.001028,1.002480,1
13,2,11,-1.974564,11.490505,0.766812,0.015581,1.001450,0
14,2,11,-0.632753,11.490505,0.766812,0.319045,1.030679,0
15,2,11,0.709059,11.490505,0.766812,0.894442,1.296387,0
16,2,11,2.050871,11.490505,0.766812,1.588642,1.818779,0
17,2,11,3.392683,11.490505,0.766812,2.381081,2.518662,0
18,2,11,4.734495,11.490505,0.766812,3.255487,3.339290,0
19,2,11,6.076307,11.490505,0.766812,4.197801,4.247742,0
20,2,11,7.418119,11.490505,0.766812,5.196240,5.223411,0
0,3,11,-19.418119,12.832317,0.766812,6.012945,6.027038,0
1,3,11,-18.076307,12.832317,0.766812,4.898082,4.931098,0
2,3,11,-16.734495,12.832317,0.766812,3.820658,3.882215,0
3,3,11,-15.392683,12.832317,0.766812,2.789393,2.897950,0
4,3,11,-14.050871,12.832317,0.766812,1.815359,2.012017,0
5,3,11,-12.709059,12.832317,0.766812,0.912500,1.307953,0
6,3,11,-11.367247,12.832317,0.766812,0.127181,1.001665,0
7,3,11,-10.025436,12.832317,0.766812,0.000021,1.002407,1
8,3,11,-8.683624,12.832317,0.766812,0.000000,1.002408,1
9,3,11,-7.341812,12.832317,0.766812,0.000000,1.002408,1
10,3,11,-6.000000,12.832317,0.766812,0.000000,1.002408,1
11,3,11,-4.658188,12.832317,0.766812,0.000000,1.002408,1
12,3,11,-3.316376,12.832317,0.766812,0.000000,1.002408,1
13,3,11,-1.974564,12.832317,0.766812,0.000000,1.002408,1
14,3,11,-0.632753,12.832317,0.766812,0.000000,1.002408,1
15,3,11,0.709059,12.832317,0.766812,0.004169,1.002128,1
16,3,11,2.050871,12.832317,0.766812,0.501113,1.089191,0
17,3,11,3.392683,12.832317,0.766812,1.362602,1.634703,0
18,3,11,4.734495,12.832317,0.766812,2.303665,2.447802,0
19,3,11,6.076307,12.832317,0.766812,3.308406,3.389817,0
20,3,11,7.418119,12.832317,0.766812,4.364411,4.409845,0
0,4,11,-19.418119,14.174129,0.766812,5.332814,5.357522,0
1,4,11,-18.076307,14.174129,0.766812,4.168338,4.219113,0
2,4,11,-16.734495,14.174129,0.766812,3.035361,3.129961,0
3,4,11,-15.392683,14.174129,0.766812,1.942102,2.122933,0
4,4,11,-14.050871,14.174129,0.766812,0.899435,1.299570,0
5,4,11,-12.709059,14.174129,0.766812,0.034279,1.000618,0
6,4,11,-11.367247,14.174129,0.766812,0.000000,1.002408,1
7,4,11,-10.025436,14.174129,0.766812,0.000000,1.002408,1
8,4,11,-8.683624,14.174129,0.766812,0.000000,1.002408,1
9,4,11,-7.341812,14.174129,0.766812,0.000000,1.002408,1
10,4,11,-6.000000,14.174129,0.766812,0.000000,1.002408,1
11,4,11,-4.658188,14.174129,0.766812,0.000000,1.002408,1
12,4,11,-3.316376,14.174129,0.766812,0.000000,1.002408,1
13,4,11,-1.974564,14.174129,0.766812,0.000000,1.002408,1
14,4,11,-0.632753,14.174129,0.766812,0.000000,1.002408,1
15,4,11,0.709059,14.174129,0.766812,0.000000,1.002408,1
16,4,11,2.050871,14.174129,0.766812,0.000101,1.002401,1
17,4,11,3.392683,14.174129,0.766812,0.411781,1.056974,0
18,4,11,4.734495,14.174129,0.766812,1.423529,1.683312,0
19,4,11,6.076307,14.174129,0.766812,2.493527,2.622245,0
20,4,11,7.418119,14.174129,0.766812,3.608195,3.677329,0
0,5,11,-19.418119,15.515941,0.766812,4.737438,4.773903,0
1,5,11,-18.076307,15.515941,0.766812,3.525603,3.597919,0
2,5,11,-16.734495,15.515941,0.766812,2.338508,2.479646,0
3,5,11,-15.392683,15.515941,0.766812,1.183334,1.496912,0
4,5,11,-14.050871,15.515941,0.766812,0.108182,1.000750,0
5,5,11,-12.709059,15.515941,0.766812,0.000000,1.002408,1
6,5,11,-11.367247,15.515941,0.766812,0.000000,1.002408,1
7,5,11,-10.025436,15.515941,0.766812,0.000000,1.002408,1
8,5,11,-8.683624,15.515941,0.766812,0.000000,1.002408,1
9,5,11,-7.341812,15.515941,0.766812,0.000000,1.002408,1
10,5,11,-6.000000,15.515941,0.766812,0.000000,1.002408,1
11,5,11,-4.658188,15.515941,0.766812,0.000000,1.002408,1
12,5,11,-3.316376,15.515941,0.766812,0.000000,1.002408,1
13,5,11,-1.974564,15.515941,0.766812,0.000000,1.002408,1
14,5,11,-0.632753,15.515941,0.766812,0.000000,1.002408,1
15,5,11,0.709059,15.515941,0.766812,0.000000,1.002408,1
16,5,11,2.050871,15.515941,0.766812,0.000000,1.002408,1
17,5,11,3.392683,15.515941,0.766812,0.000315,1.002387,1
18,5,11,4.734495,15.515941,0.766812,0.631325,1.147043,0
19,5,11,6.076307,15.515941,0.766812,1.767341,1.970495,0
20,5,11,7.418119,15.515941,0.766812,2.939823,3.039583,0
0,6,11,-19.418119,16.857753,0.766812,4.236697,4.285555,0
1,6,11,-18.076307,16.857753,0.766812,2.981806,3.079260,0
2,6,11,-16.734495,16.857753,0.766812,1.744513,1.950859,0
3,6,11,-15.392683,16.857753,0.766812,0.530722,1.101261,0
4,6,11,-14.050871,16.857753,0.766812,0.000015,1.002407,1
5,6,11,-12.709059,16.857753,0.766812,0.000000,1.002408,1
6,6,11,-11.367247,16.857753,0.766812,0.000000,1.002408,1
7,6,11,-10.025436,16.857753,0.766812,0.000000,1.002408,1
8,6,11,-8.683624,16.857753,0.766812,0.000000,1.002408,1
9,6,11,-7.341812,16.857753,0.766812,0.000000,1.002408,1
10,6,11,-6.000000,16.857753,0.766812,0.000000,1.002408,1
11,6,11,-4.658188,16.857753,0.766812,0.000000,1.002408,1
12,6,11,-3.316376,16.857753,0.766812,0.000000,1.002408,1
13,6,11,-1.974564,16.857753,0.766812,0.000000,1.002408,1
14,6,11,-0.632753,16.857753,0.766812,0.000000,1.002408,1
15,6,11,0.709059,16.857753,0.766812,0.000000,1.002408,1
16,6,11,2.050871,16.857753,0.766812,0.000000,1.002408,1
17,6,11,3.392683,16.857753,0.766812,0.000000,1.002408,1
18,6,11,4.734495,16.857753,0.766812,0.042823,1.000354,0
19,6,11,6.076307,16.857753,0.766812,1.145650,1.469086,0
20,6,11,7.418119,16.857753,0.766812,2.372385,2.510683,0
0,7,11,-19.418119,18.199564,0.766812,3.840117,3.901020,0
1,7,11,-18.076307,18.199564,0.766812,2.548786,2.673411,0
2,7,11,-16.734495,18.199564,0.766812,1.268215,1.561105,0
3,7,11,-15.392683,18.199564,0.766812,0.067734,1.000001,0
4,7,11,-14.050871,18.199564,0.766812,0.000000,1.002408,1
5,7,11,-12.709059,18.199564,0.766812,0.000000,1.002408,1
6,7,11,-11.367247,18.199564,0.766812,0.000000,1.002408,1
7,7,11,-10.025436,18.199564,0.766812,0.000000,1.002408,1
8,7,11,-8.683624,18.199564,0.766812,0.000000,1.002408,1
9,7,11,-7.341812,18.199564,0.766812,0.000000,1.002408,1
10,7,11,-6.000000,18.199564,0.766812,0.000032,1.002411,1
11,7,11,-4.658188,18.199564,0.766812,0.000098,1.002415,1
12,7,11,-3.316376,18.199564,0.766812,0.000004,1.002409,1
13,7,11,-1.974564,18.199564,0.766812,0.000000,1.002408,1
14,7,11,-0.632753,18.199564,0.766812,0.000000,1.002408,1
15,7,11,0.709059,18.199564,0.766812,0.000000,1.002408,1
16,7,11,2.050871,18.199564,0.766812,0.000000,1.002408,1
17,7,11,3.392683,18.199564,0.766812,0.000000,1.002408,1
18,7,11,4.734495,18.199564,0.766812,0.000028,1.002407,1
19,7,11,6.076307,18.199564,0.766812,0.645144,1.153876,0
20,7,11,7.418119,18.199564,0.766812,1.919095,2.102666,0
0,8,11,-19.418119,19.541376,0.766812,3.556160,3.627282,0
1,8,11,-18.076307,19.541376,0.766812,2.237344,2.387422,0
2,8,11,-16.734495,19.541376,0.766812,0.923625,1.315151,0
3,8,11,-15.392683,19.541376,0.766812,0.000895,1.002347,1
4,8,11,-14.050871,19.541376,0.766812,0.000000,1.002408,1
5,8,11,-12.709059,19.541376,0.766812,0.000000,1.002408,1
6,8,11,-11.367247,19.541376,0.766812,0.000000,1.002408,1
7,8,11,-10.025436,19.541376,0.766812,0.000000,1.002408,1
8,8,11,-8.683624,19.541376,0.766812,0.000000,1.002408,1
9,8,11,-7.341812,19.541376,0.766812,0.000282,1.002428,1
10,8,11,-6.000000,19.541376,0.766812,0.017776,1.003797,0
11,8,11,-4.658188,19.541376,0.766812,0.048850,1.006973,0
12,8,11,-3.316376,19.541376,0.766812,0.003122,1.002630,1
13,8,11,-1.974564,19.541376,0.766812,0.000009,1.002409,1
14,8,11,-0.632753,19.541376,0.766812,0.000000,1.002408,1
15,8,11,0.709059,19.541376,0.766812,0.000000,1.002408,1
16,8,11,2.050871,19.541376,0.766812,0.000000,1.002408,1
17,8,11,3.392683,19.541376,0.766812,0.000000,1.002408,1
18,8,11,4.734495,19.541376,0.766812,0.000000,1.002408,1
19,8,11,6.076307,19.541376,0.766812,0.286314,1.023246,0
20,8,11,7.418119,19.541376,0.766812,1.592200,1.821752,0
0,9,11,-19.418119,20.883188,0.766812,3.391453,3.469256,0
1,9,11,-18.076307,20.883188,0.766812,2.056125,2.224161,0
2,9,11,-16.734495,20.883188,0.766812,0.722294,1.194241,0
3,9,11,-15.392683,20.883188,0.766812,0.000027,1.002407,1
4,9,11,-14.050871,20.883188,0.766812,0.000000,1.002408,1
5,9,11,-12.709059,20.883188,0.766812,0.000000,1.002408,1
6,9,11,-11.367247,20.883188,0.766812,0.000000,1.002408,1
7,9,11,-10.025436,20.883188,0.766812,0.000000,1.002408,1
8,9,11,-8.683624,20.883188,0.766812,0.000002,1.002408,1
9,9,11,-7.341812,20.883188,0.766812,0.003575,1.002662,1
10,9,11,-6.000000,20.883188,0.766812,0.181817,1.031083,0
11,9,11,-4.658188,20.883188,0.766812,0.428513,1.117123,0
12,9,11,-3.316376,20.883188,0.766812,0.037118,1.005662,0
13,9,11,-1.974564,20.883188,0.766812,0.000080,1.002414,1
14,9,11,-0.632753,20.883188,0.766812,0.000000,1.002408,1
15,9,11,0.709059,20.883188,0.766812,0.000000,1.002408,1
16,9,11,2.050871,20.883188,0.766812,0.000000,1.002408,1
17,9,11,3.392683,20.883188,0.766812,0.000000,1.002408,1
18,9,11,4.734495,20.883188,0.766812,0.000000,1.002408,1
19,9,11,6.076307,20.883188,0.766812,0.106914,1.000702,0
20,9,11,7.418119,20.883188,0.766812,1.401625,1.665743,0
0,10,11,-19.418119,22.225000,0.766812,3.350078,3.429657,0
1,10,11,-18.076307,22.225000,0.766812,2.010533,2.183534,0
2,10,11,-16.734495,22.225000,0.766812,0.671555,1.167277,0
3,10,11,-15.392683,22.225000,0.766812,0.000009,1.002408,1
4,10,11,-14.050871,22.225000,0.766812,0.000000,1.002408,1
5,10,11,-12.709059,22.225000,0.766812,0.000000,1.002408,1
6,10,11,-11.367247,22.225000,0.766812,0.000000,1.002408,1
7,10,11,-10.025436,22.225000,0.766812,0.000000,1.002408,1
8,10,11,-8.683624,22.225000,0.766812,0.000037,1.002406,1
9,10,11,-7.341812,22.225000,0.766812,0.010271,1.001749,0
10,10,11,-6.000000,22.225000,0.766812,0.096660,1.000370,0
11,10,11,-4.658188,22.225000,0.766812,0.124518,1.001515,0
12,10,11,-3.316376,22.225000,0.766812,0.043909,1.000326,0
13,10,11,-1.974564,22.225000,0.766812,0.000966,1.002342,1
14,10,11,-0.632753,22.225000,0.766812,0.000000,1.002408,1
15,10,11,0.709059,22.225000,0.766812,0.000000,1.002408,1
16,10,11,2.050871,22.225000,0.766812,0.000000,1.002408,1
17,10,11,3.392683,22.225000,0.766812,0.000000,1.002408,1
18,10,11,4.734495,22.225000,0.766812,0.000000,1.002408,1
19,10,11,6.076307,22.225000,0.766812,0.073805,1.000009,0
20,10,11,7.418119,22.225000,0.766812,1.353636,1.627619,0
0,11,11,-19.418119,23.566812,0.766812,3.433089,3.509144,0
1,11,11,-18.076307,23.566812,0.766812,2.101975,2.265210,0
2,11,11,-16.734495,23.566812,0.766812,0.773287,1.222862,0
3,11,11,-15.392683,23.566812,0.766812,0.000056,1.002405,1
4,11,11,-14.050871,23.566812,0.766812,0.000000,1.002408,1
5,11,11,-12.709059,23.566812,0.766812,0.000000,1.002408,1
6,11,11,-11.367247,23.566812,0.766812,0.000000,1.002408,1
7,11,11,-10.025436,23.566812,0.766812,0.000000,1.002408,1
8,11,11,-8.683624,23.566812,0.766812,0.000010,1.002408,1
9,11,11,-7.341812,23.566812,0.766812,0.006648,1.001970,1
10,11,11,-6.000000,23.566812,0.766812,0.194635,1.007806,0
11,11,11,-4.658188,23.566812,0.766812,0.444521,1.068027,0
12,11,11,-3.316376,23.566812,0.766812,0.047085,1.000250,0
13,11,11,-1.974564,23.566812,0.766812,0.000400,1.002381,1
14,11,11,-0.632753,23.566812,0.766812,0.000000,1.002408,1
15,11,11,0.709059,23.566812,0.766812,0.000000,1.002408,1
16,11,11,2.050871,23.566812,0.766812,0.000000,1.002408,1
17,11,11,3.392683,23.566812,0.766812,0.000000,1.002408,1
18,11,11,4.734495,23.566812,0.766812,0.000000,1.002408,1
19,11,11,6.076307,23.566812,0.766812,0.145691,1.002902,0
20,11,11,7.418119,23.566812,0.766812,1.449869,1.704573,0
0,12,11,-19.418119,24.908624,0.766812,3.638382,3.706387,0
1,12,11,-18.076307,24.908624,0.766812,2.327650,2.469714,0
2,12,11,-16.734495,24.908624,0.766812,1.023726,1.382263,0
3,12,11,-15.392683,24.908624,0.766812,0.003539,1.002169,1
4,12,11,-14.050871,24.908624,0.766812,0.000000,1.002408,1
5,12,11,-12.709059,24.908624,0.766812,0.000000,1.002408,1
6,12,11,-11.367247,24.908624,0.766812,0.000000,1.002408,1
7,12,11,-10.025436,24.908624,0.766812,0.000000,1.002408,1
8,12,11,-8.683624,24.908624,0.766812,0.000000,1.002408,1
9,12,11,-7.341812,24.908624,0.766812,0.000120,1.002400,1
10,12,11,-6.000000,24.908624,0.766812,0.006896,1.001954,1
11,12,11,-4.658188,24.908624,0.766812,0.019023,1.001270,0
12,12,11,-3.316376,24.908624,0.766812,0.001242,1.002323,1
13,12,11,-1.974564,24.908624,0.766812,0.000004,1.002408,1
14,12,11,-0.632753,24.908624,0.766812,0.000000,1.002408,1
15,12,11,0.709059,24.908624,0.766812,0.000000,1.002408,1
16,12,11,2.050871,24.908624,0.766812,0.000000,1.002408,1
17,12,11,3.392683,24.908624,0.766812,0.000000,1.002408,1
18,12,11,4.734495,24.908624,0.766812,0.000000,1.002408,1
19,12,11,6.076307,24.908624,0.766812,0.388621,1.049701,0
20,12,11,7.418119,24.908624,0.766812,1.687066,1.901761,0
0,13,11,-19.418119,26.250436,0.766812,3.960954,4.017940,0
1,13,11,-18.076307,26.250436,0.766812,2.680959,2.796427,0
2,13,11,-16.734495,26.250436,0.766812,1.413932,1.675603,0
3,13,11,-15.392683,26.250436,0.766812,0.178872,1.005969,0
4,13,11,-14.050871,26.250436,0.766812,0.000000,1.002408,1
5,13,11,-12.709059,26.250436,0.766812,0.000000,1.002408,1
6,13,11,-11.367247,26.250436,0.766812,0.000000,1.002408,1
7,13,11,-10.025436,26.250436,0.766812,0.000000,1.002408,1
8,13,11,-8.683624,26.250436,0.766812,0.000000,1.002408,1
9,13,11,-7.341812,26.250436,0.766812,0.000000,1.002408,1
10,13,11,-6.000000,26.250436,0.766812,0.000003,1.002408,1
11,13,11,-4.658188,26.250436,0.766812,0.000010,1.002408,1
12,13,11,-3.316376,26.250436,0.766812,0.000000,1.002408,1
13,13,11,-1.974564,26.250436,0.766812,0.000000,1.002408,1
14,13,11,-0.632753,26.250436,0.766812,0.000000,1.002408,1
15,13,11,0.709059,26.250436,0.766812,0.000000,1.002408,1
16,13,11,2.050871,26.250436,0.766812,0.000000,1.002408,1
17,13,11,3.392683,26.250436,0.766812,0.000000,1.002408,1
18,13,11,4.734495,26.250436,0.766812,0.000246,1.002391,1
19,13,11,6.076307,26.250436,0.766812,0.798438,1.237509,0
20,13,11,7.418119,26.250436,0.766812,2.057601,2.225480,0
0,14,11,-19.418119,27.592247,0.766812,4.393479,4.438160,0
1,14,11,-18.076307,27.592247,0.766812,3.152408,3.241089,0
2,14,11,-16.734495,27.592247,0.766812,1.931335,2.113441,0
3,14,11,-15.392683,27.592247,0.766812,0.736474,1.202051,0
4,14,11,-14.050871,27.592247,0.766812,0.000227,1.002393,1
5,14,11,-12.709059,27.592247,0.766812,0.000000,1.002408,1
6,14,11,-11.367247,27.592247,0.766812,0.000000,1.002408,1
7,14,11,-10.025436,27.592247,0.766812,0.000000,1.002408,1
8,14,11,-8.683624,27.592247,0.766812,0.000000,1.002408,1
9,14,11,-7.341812,27.592247,0.766812,0.000000,1.002408,1
10,14,11,-6.000000,27.592247,0.766812,0.000000,1.002408,1
11,14,11,-4.658188,27.592247,0.766812,0.000000,1.002408,1
12,14,11,-3.316376,27.592247,0.766812,0.000000,1.002408,1
13,14,11,-1.974564,27.592247,0.766812,0.000000,1.002408,1
14,14,11,-0.632753,27.592247,0.766812,0.000000,1.002408,1
15,14,11,0.709059,27.592247,0.766812,0.000000,1.002408,1
16,14,11,2.050871,27.592247,0.766812,0.000000,1.002408,1
17,14,11,3.392683,27.592247,0.766812,0.000000,1.002408,1
18,14,11,4.734495,27.592247,0.766812,0.176727,1.005738,0
19,14,11,6.076307,27.592247,0.766812,1.341475,1.618042,0
20,14,11,7.418119,27.592247,0.766812,2.550611,2.675104,0
0,15,11,-19.418119,28.934059,0.766812,4.927050,4.959467,0
1,15,11,-18.076307,28.934059,0.766812,3.730727,3.795389,0
2,15,11,-16.734495,28.934059,0.766812,2.561480,2.685188,0
3,15,11,-15.392683,28.934059,0.766812,1.426900,1.686025,0
4,15,11,-14.050871,28.934059,0.766812,0.339195,1.035744,0
5,15,11,-12.709059,28.934059,0.766812,0.000007,1.002409,1
6,15,11,-11.367247,28.934059,0.766812,0.000000,1.002408,1
7,15,11,-10.025436,28.934059,0.766812,0.000000,1.002408,1
8,15,11,-8.683624,28.934059,0.766812,0.000000,1.002408,1
9,15,11,-7.341812,28.934059,0.766812,0.000000,1.002408,1
10,15,11,-6.000000,28.934059,0.766812,0.000000,1.002408,1
11,15,11,-4.658188,28.934059,0.766812,0.000000,1.002408,1
12,15,11,-3.316376,28.934059,0.766812,0.000000,1.002408,1
13,15,11,-1.974564,28.934059,0.766812,0.000000,1.002408,1
14,15,11,-0.632753,28.934059,0.766812,0.000000,1.002408,1
15,15,11,0.709059,28.934059,0.766812,0.000000,1.002408,1
16,15,11,2.050871,28.934059,0.766812,0.000000,1.002408,1
17,15,11,3.392683,28.934059,0.766812,0.008740,1.001841,1
18,15,11,4.734495,28.934059,0.766812,0.886041,1.291057,0
19,15,11,6.076307,28.934059,0.766812,2.000046,2.174216,0
20,15,11,7.418119,28.934059,0.766812,3.153385,3.242018,0
0,16,11,-19.418119,30.275871,0.766812,5.551951,5.572958,0
1,16,11,-18.076307,30.275871,0.766812,4.403953,4.448365,0
2,16,11,-16.734495,30.275871,0.766812,3.289552,3.371808,0
3,16,11,-15.392683,30.275871,0.766812,2.217193,2.369139,0
4,16,11,-14.050871,30.275871,0.766812,1.197886,1.507772,0
5,16,11,-12.709059,30.275871,0.766812,0.250625,1.016280,0
6,16,11,-11.367247,30.275871,0.766812,0.000051,1.002412,1
7,16,11,-10.025436,30.275871,0.766812,0.000000,1.002408,1
8,16,11,-8.683624,30.275871,0.766812,0.000000,1.002408,1
9,16,11,-7.341812,30.275871,0.766812,0.000000,1.002408,1
10,16,11,-6.000000,30.275871,0.766812,0.000000,1.002408,1
11,16,11,-4.658188,30.275871,0.766812,0.000000,1.002408,1
12,16,11,-3.316376,30.275871,0.766812,0.000000,1.002408,1
13,16,11,-1.974564,30.275871,0.766812,0.000000,1.002408,1
14,16,11,-0.632753,30.275871,0.766812,0.000000,1.002408,1
15,16,11,0.709059,30.275871,0.766812,0.000000,1.002408,1
16,16,11,2.050871,30.275871,0.766812,0.004531,1.002105,1
17,16,11,3.392683,30.275871,0.766812,0.721499,1.193807,0
18,16,11,4.734495,30.275871,0.766812,1.709769,1.921109,0
19,16,11,6.076307,30.275871,0.766812,2.757668,2.868194,0
20,16,11,7.418119,30.275871,0.766812,3.852645,3.913131,0
0,17,11,-19.418119,31.617683,0.766812,6.258316,6.269140,0
1,17,11,-18.076307,31.617683,0.766812,5.160295,5.188136,0
2,17,11,-16.734495,31.617683,0.766812,4.101479,4.154190,0
3,17,11,-15.392683,31.617683,0.766812,3.090651,3.182402,0
4,17,11,-14.050871,31.617683,0.766812,2.138817,2.298325,0
5,17,11,-12.709059,31.617683,0.766812,1.259624,1.554518,0
6,17,11,-11.367247,31.617683,0.766812,0.469892,1.077199,0
7,17,11,-10.025436,31.617683,0.766812,0.004152,1.002705,1
8,17,11,-8.683624,31.617683,0.766812,0.000033,1.002411,1
9,17,11,-7.341812,31.617683,0.766812,0.000000,1.002408,1
10,17,11,-6.000000,31.617683,0.766812,0.000000,1.002408,1
11,17,11,-4.658188,31.617683,0.766812,0.000000,1.002408,1
12,17,11,-3.316376,31.617683,0.766812,0.000000,1.002408,1
13,17,11,-1.974564,31.617683,0.766812,0.000002,1.002409,1
14,17,11,-0.632753,31.617683,0.766812,0.000809,1.002465,1
15,17,11,0.709059,31.617683,0.766812,0.135261,1.002163,0
16,17,11,2.050871,31.617683,0.766812,0.859837,1.274644,0
17,17,11,3.392683,31.617683,0.766812,1.697518,1.910659,0
18,17,11,4.734495,31.617683,0.766812,2.615603,2.735492,0
19,17,11,6.076307,31.617683,0.766812,3.599023,3.668503,0
20,17,11,7.418119,31.617683,0.766812,4.635525,4.674300,0
0,18,11,-19.418119,32.959495,0.766812,7.036624,7.038578,0
1,18,11,-18.076307,32.959495,0.766812,5.988715,6.003145,0
2,18,11,-16.734495,32.959495,0.766812,4.984559,5.015808,0
3,18,11,-15.392683,32.959495,0.766812,4.032872,4.087633,0
4,18,11,-14.050871,32.959495,0.766812,3.144183,3.233266,0
5,18,11,-12.709059,32.959495,0.766812,2.331012,2.472788,0
6,18,11,-11.367247,32.959495,0.766812,1.607876,1.834875,0
7,18,11,-10.025436,32.959495,0.766812,0.990953,1.359844,0
8,18,11,-8.683624,32.959495,0.766812,0.497286,1.087680,0
9,18,11,-7.341812,32.959495,0.766812,0.146340,1.002952,0
10,18,11,-6.000000,32.959495,0.766812,0.042571,1.006254,0
11,18,11,-4.658188,32.959495,0.766812,0.085128,1.011876,0
12,18,11,-3.316376,32.959495,0.766812,0.034498,1.000610,0
13,18,11,-1.974564,32.959495,0.766812,0.305676,1.027524,0
14,18,11,-0.632753,32.959495,0.766812,0.732329,1.199756,0
15,18,11,0.709059,32.959495,0.766812,1.290940,1.578622,0
16,18,11,2.050871,32.959495,0.766812,1.964075,2.142340,0
17,18,11,3.392683,32.959495,0.766812,2.735012,2.846971,0
18,18,11,4.734495,32.959495,0.766812,3.588349,3.658235,0
19,18,11,6.076307,32.959495,0.766812,4.510570,4.552317,0
20,18,11,7.418119,32.959495,0.766812,5.490186,5.512207,0
0,19,11,-19.418119,34.301307,0.766812,7.878022,7.872348,0
1,19,11,-18.076307,34.301307,0.766812,6.879247,6.882833,0
2,19,11,-16.734495,34.301307,0.766812,5.927718,5.943009,0
3,19,11,-15.392683,34.301307,0.766812,5.031803,5.062113,0
4,19,11,-14.050871,34.301307,0.766812,4.201279,4.251123,0
5,19,11,-12.709059,34.301307,0.766812,3.447359,3.522825,0
6,19,11,-11.367247,34.301307,0.766812,2.782537,2.891516,0
7,19,11,-10.025436,34.301307,0.766812,2.220170,2.371838,0
8,19,11,-8.683624,34.301307,0.766812,1.773703,1.975979,0
9,19,11,-7.341812,34.301307,0.766812,1.455516,1.709149,0
10,19,11,-6.000000,34.301307,0.766812,1.275514,1.566717,0
11,19,11,-4.658188,34.301307,0.766812,1.239752,1.539356,0
12,19,11,-3.316376,34.301307,0.766812,1.349474,1.624337,0
13,19,11,-1.974564,34.301307,0.766812,1.600906,1.829035,0
14,19,11,-0.632753,34.301307,0.766812,1.985877,2.161645,0
15,19,11,0.709059,34.301307,0.766812,2.493037,2.621792,0
16,19,11,2.050871,34.301307,0.766812,3.109299,3.200111,0
17,19,11,3.392683,34.301307,0.766812,3.821144,3.882684,0
18,19,11,4.734495,34.301307,0.766812,4.615579,4.654817,0
19,19,11,6.076307,34.301307,0.766812,5.480730,5.502908,0
20,19,11,7.418119,34.301307,0.766812,6.406110,6.415085,0
0,20,11,-19.418119,35.643119,0.766812,8.774493,8.762297,0
1,20,11,-18.076307,35.643119,0.766812,7.823119,7.817892,0
2,20,11,-16.734495,35.643119,0.766812,6.921522,6.924663,0
3,20,11,-15.392683,35.643119,0.766812,6.077548,6.090755,0
4,20,11,-14.050871,35.643119,0.766812,5.300100,5.325387,0
5,20,11,-12.709059,35.643119,0.766812,4.599071,4.638696,0
6,20,11,-11.367247,35.643119,0.766812,3.985125,4.041354,0
7,20,11,-10.025436,35.643119,0.766812,3.469284,3.543853,0
8,20,11,-8.683624,35.643119,0.766812,3.062277,3.155478,0
9,20,11,-7.341812,35.643119,0.766812,2.773696,2.883222,0
10,20,11,-6.000000,35.643119,0.766812,2.611023,2.731229,0
11,20,11,-4.658188,35.643119,0.766812,2.578755,2.701228,0
12,20,11,-3.316376,35.643119,0.766812,2.677810,2.793486,0
13,20,11,-1.974564,35.643119,0.766812,2.905399,3.007097,0
14,20,11,-0.632753,35.643119,0.766812,3.255406,3.339212,0
15,20,11,0.709059,35.643119,0.766812,3.719153,3.784225,0
16,20,11,2.050871,35.643119,0.766812,4.286353,4.333856,0
17,20,11,3.392683,35.643119,0.766812,4.946033,4.978062,0
18,20,11,4.734495,35.643119,0.766812,5.687287,5.706150,0
19,20,11,6.076307,35.643119,0.766812,6.499806,6.507652,0
20,20,11,7.418119,35.643119,0.766812,7.374184,7.372869,0
0,0,12,-19.418119,8.806881,2.108624,8.566554,8.555750,0
1,0,12,-18.076307,8.806881,2.108624,7.604601,7.601221,0
2,0,12,-16.734495,8.806881,2.108624,6.691929,6.697558,0
3,0,12,-15.392683,8.806881,2.108624,5.836511,5.853122,0
4,0,12,-14.050871,8.806881,2.108624,5.047455,5.077458,0
5,0,12,-12.709059,8.806881,2.108624,4.334948,4.381154,0
6,0,12,-11.367247,8.806881,2.108624,3.710050,3.775447,0
7,0,12,-10.025436,8.806881,2.108624,3.184271,3.271412,0
8,0,12,-8.683624,8.806881,2.108624,2.768898,2.878722,0
9,0,12,-7.341812,8.806881,2.108624,2.474075,2.604274,0
10,0,12,-6.000000,8.806881,2.108624,2.307765,2.451545,0
11,0,12,-4.658188,8.806881,2.108624,2.274766,2.421453,0
12,0,12,-3.316376,8.806881,2.108624,2.376057,2.514051,0
13,0,12,-1.974564,8.806881,2.108624,2.608660,2.729030,0
14,0,12,-0.632753,8.806881,2.108624,2.966057,3.064369,0
15,0,12,0.709059,8.806881,2.108624,3.439043,3.514852,0
16,0,12,2.050871,8.806881,2.108624,4.016764,4.072017,0
17,0,12,3.392683,8.806881,2.108624,4.687720,4.725299,0
18,0,12,4.734495,8.806881,2.108624,5.440561,5.463413,0
19,0,12,6.076307,8.806881,2.108624,6.264635,6.275378,0
20,0,12,7.418119,8.806881,2.108624,7.150289,7.151108,0
0,1,12,-19.418119,10.148693,2.108624,7.692319,7.688186,0
1,1,12,-18.076307,10.148693,2.108624,6.683112,6.688840,0
2,1,12,-16.734495,10.148693,2.108624,5.720485,5.738837,0
3,1,12,-15.392683,10.148693,2.108624,4.812900,4.847717,0
4,1,12,-14.050871,10.148693,2.108624,3.970309,4.027001,0
5,1,12,-12.709059,10.148693,2.108624,3.204212,3.290404,0
6,1,12,-11.367247,10.148693,2.108624,2.527525,2.653705,0
7,1,12,-10.025436,10.148693,2.108624,1.954169,2.133584,0
8,1,12,-8.683624,10.148693,2.108624,1.498271,1.744002,0
9,1,12,-7.341812,10.148693,2.108624,1.172939,1.489194,0
10,1,12,-6.000000,10.148693,2.108624,0.988728,1.358337,0
11,1,12,-4.658188,10.148693,2.108624,0.952114,1.333830,0
12,1,12,-3.316376,10.148693,2.108624,1.064432,1.410673,0
13,1,12,-1.974564,10.148693,2.108624,1.321640,1.602495,0
14,1,12,-0.632753,10.148693,2.108624,1.715009,1.925585,0
15,1,12,0.709059,10.148693,2.108624,2.232485,2.383010,0
16,1,12,2.050871,10.148693,2.108624,2.860262,2.964567,0
17,1,12,3.392683,10.148693,2.108624,3.584192,3.654236,0
18,1,12,4.734495,10.148693,2.108624,4.390791,4.435541,0
19,1,12,6.076307,10.148693,2.108624,5.267835,5.293699,0
20,1,12,7.418119,10.148693,2.108624,6.204611,6.216128,0
0,2,12,-19.418119,11.490505,2.108624,6.875851,6.879474,0
1,2,12,-18.076307,11.490505,2.108624,5.817981,5.834866,0
2,2,12,-16.734495,11.490505,2.108624,4.803041,4.838070,0
3,2,12,-15.392683,11.490505,2.108624,3.839788,3.900702,0
4,2,12,-14.050871,11.490505,2.108624,2.938873,3.038686,0
5,2,12,-12.709059,11.490505,2.108624,2.113063,2.275164,0
6,2,12,-11.367247,11.490505,2.108624,1.377292,1.646348,0
7,2,12,-10.025436,11.490505,2.108624,0.748376,1.208696,0
8,2,12,-8.683624,11.490505,2.108624,0.249930,1.016157,0
9,2,12,-7.341812,11.490505,2.108624,0.017457,1.001350,0
10,2,12,-6.000000,11.490505,2.108624,0.000589,1.002449,1
11,2,12,-4.658188,11.490505,2.108624,0.000924,1.002473,1
12,2,12,-3.316376,11.490505,2.108624,0.001976,1.002273,1
13,2,12,-1.974564,11.490505,2.108624,0.088839,1.000188,0
14,2,12,-0.632753,11.490505,2.108624,0.484688,1.082786,0
15,2,12,0.709059,11.490505,2.108624,1.054341,1.403574,0
16,2,12,2.050871,11.490505,2.108624,1.739895,1.946895,0
17,2,12,3.392683,11.490505,2.108624,2.523533,2.650008,0
18,2,12,4.734495,11.490505,2.108624,3.389339,3.467231,0
19,2,12,6.076307,11.490505,2.108624,4.323472,4.369981,0
20,2,12,7.418119,11.490505,2.108624,5.314264,5.339299,0
0,3,12,-19.418119,12.832317,2.108624,6.125371,6.137934,0
1,3,12,-18.076307,12.832317,2.108624,5.018291,5.048868,0
2,3,12,-16.734495,12.832317,2.108624,3.949480,4.006828,0
3,3,12,-15.392683,12.832317,2.108624,2.927696,3.028134,0
4,3,12,-14.050871,12.832317,2.108624,1.963985,2.142261,0
5,3,12,-12.709059,12.832317,2.108624,1.072162,1.416135,0
6,3,12,-11.367247,12.832317,2.108624,0.274361,1.020779,0
7,3,12,-10.025436,12.832317,2.108624,0.000423,1.002379,1
8,3,12,-8.683624,12.832317,2.108624,0.000000,1.002408,1
9,3,12,-7.341812,12.832317,2.108624,0.000000,1.002408,1
10,3,12,-6.000000,12.832317,2.108624,0.000000,1.002408,1
11,3,12,-4.658188,12.832317,2.108624,0.000000,1.002408,1
12,3,12,-3.316376,12.832317,2.108624,0.000000,1.002408,1
13,3,12,-1.974564,12.832317,2.108624,0.000000,1.002408,1
14,3,12,-0.632753,12.832317,2.108624,0.000003,1.002408,1
15,3,12,0.709059,12.832317,2.108624,0.031088,1.000735,0
16,3,12,2.050871,12.832317,2.108624,0.666052,1.164448,0
17,3,12,3.392683,12.832317,2.108624,1.516568,1.759023,0
18,3,12,4.734495,12.832317,2.108624,2.446931,2.579231,0
19,3,12,6.076307,12.832317,2.108624,3.441770,3.517466,0
20,3,12,7.418119,12.832317,2.108624,4.488738,4.531020,0
0,4,12,-19.418119,14.174129,2.108624,5.449863,5.472558,0
1,4,12,-18.076307,14.174129,2.108624,4.294249,4.341539,0
2,4,12,-16.734495,14.174129,2.108624,3.171279,3.259044,0
3,4,12,-15.392683,14.174129,2.108624,2.089299,2.253843,0
4,4,12,-14.050871,14.174129,2.108624,1.059268,1.407035,0
5,4,12,-12.709059,14.174129,2.108624,0.125924,1.001594,0
6,4,12,-11.367247,14.174129,2.108624,0.000001,1.002408,1
7,4,12,-10.025436,14.174129,2.108624,0.000000,1.002408,1
8,4,12,-8.683624,14.174129,2.108624,0.000000,1.002408,1
9,4,12,-7.341812,14.174129,2.108624,0.000000,1.002408,1
10,4,12,-6.000000,14.174129,2.108624,0.000000,1.002408,1
11,4,12,-4.658188,14.174129,2.108624,0.000000,1.002408,1
12,4,12,-3.316376,14.174129,2.108624,0.000000,1.002408,1
13,4,12,-1.974564,14.174129,2.108624,0.000000,1.002408,1
14,4,12,-0.632753,14.174129,2.108624,0.000000,1.002408,1
15,4,12,0.709059,14.174129,2.108624,0.000000,1.002408,1
16,4,12,2.050871,14.174129,2.108624,0.001464,1.002308,1
17,4,12,3.392683,14.174129,2.108624,0.577367,1.121599,0
18,4,12,4.734495,14.174129,2.108624,1.576753,1.808860,0
19,4,12,6.076307,14.174129,2.108624,2.634812,2.753380,0
20,4,12,7.418119,14.174129,2.108624,3.738863,3.803239,0
0,5,12,-19.418119,15.515941,2.108624,4.858857,4.892695,0
1,5,12,-18.076307,15.515941,2.108624,3.657003,3.724321,0
2,5,12,-16.734495,15.515941,2.108624,2.481407,2.611045,0
3,5,12,-15.392683,15.515941,2.108624,1.339519,1.616505,0
4,5,12,-14.050871,15.515941,2.108624,0.248834,1.015963,0
5,5,12,-12.709059,15.515941,2.108624,0.000001,1.002408,1
6,5,12,-11.367247,15.515941,2.108624,0.000000,1.002408,1
7,5,12,-10.025436,15.515941,2.108624,0.000000,1.002408,1
8,5,12,-8.683624,15.515941,2.108624,0.000000,1.002408,1
9,5,12,-7.341812,15.515941,2.108624,0.000000,1.002408,1
10,5,12,-6.000000,15.515941,2.108624,0.000000,1.002408,1
11,5,12,-4.658188,15.515941,2.108624,0.000000,1.002408,1
12,5,12,-3.316376,15.515941,2.108624,0.000000,1.002408,1
13,5,12,-1.974564,15.515941,2.108624,0.000000,1.002408,1
14,5,12,-0.632753,15.515941,2.108624,0.000000,1.002408,1
15,5,12,0.709059,15.515941,2.108624,0.000000,1.002408,1
16,5,12,2.050871,15.515941,2.108624,0.000000,1.002408,1
17,5,12,3.392683,15.515941,2.108624,0.003808,1.002152,1
18,5,12,4.734495,15.515941,2.108624,0.794695,1.235308,0
19,5,12,6.076307,15.515941,2.108624,1.916516,2.100398,0
20,5,12,7.418119,15.515941,2.108624,3.076657,3.169120,0
0,6,12,-19.418119,16.857753,2.108624,4.362051,4.407546,0
1,6,12,-18.076307,16.857753,2.108624,3.118236,3.208601,0
2,6,12,-16.734495,16.857753,2.108624,1.893950,2.080581,0
3,6,12,-15.392683,16.857753,2.108624,0.695322,1.179712,0
4,6,12,-14.050871,16.857753,2.108624,0.000264,1.002390,1
5,6,12,-12.709059,16.857753,2.108624,0.000000,1.002408,1
6,6,12,-11.367247,16.857753,2.108624,0.000000,1.002408,1
7,6,12,-10.025436,16.857753,2.108624,0.000000,1.002408,1
8,6,12,-8.683624,16.857753,2.108624,0.000000,1.002408,1
9,6,12,-7.341812,16.857753,2.108624,0.000000,1.002408,1
10,6,12,-6.000000,16.857753,2.108624,0.000000,1.002408,1
11,6,12,-4.658188,16.857753,2.108624,0.000000,1.002408,1
12,6,12,-3.316376,16.857753,2.108624,0.000000,1.002408,1
13,6,12,-1.974564,16.857753,2.108624,0.000000,1.002408,1
14,6,12,-0.632753,16.857753,2.108624,0.000000,1.002408,1
15,6,12,0.709059,16.857753,2.108624,0.000000,1.002408,1
16,6,12,2.050871,16.857753,2.108624,0.000000,1.002408,1
17,6,12,3.392683,16.857753,2.108624,0.000000,1.002408,1
18,6,12,4.734495,16.857753,2.108624,0.143855,1.002765,0
19,6,12,6.076307,16.857753,2.108624,1.302311,1.587437,0
20,6,12,7.418119,16.857753,2.108624,2.514927,2.642041,0
0,7,12,-19.418119,18.199564,2.108624,3.968773,4.025512,0
1,7,12,-18.076307,18.199564,2.108624,2.689504,2.804408,0
2,7,12,-16.734495,18.199564,2.108624,1.423342,1.683162,0
3,7,12,-15.392683,18.199564,2.108624,0.189159,1.007140,0
4,7,12,-14.050871,18.199564,2.108624,0.000000,1.002408,1
5,7,12,-12.709059,18.199564,2.108624,0.000000,1.002408,1
6,7,12,-11.367247,18.199564,2.108624,0.000000,1.002408,1
7,7,12,-10.025436,18.199564,2.108624,0.000000,1.002408,1
8,7,12,-8.683624,18.199564,2.108624,0.000000,1.002408,1
9,7,12,-7.341812,18.199564,2.108624,0.000000,1.002408,1
10,7,12,-6.000000,18.199564,2.108624,0.000000,1.002408,1
11,7,12,-4.658188,18.199564,2.108624,0.000001,1.002409,1
12,7,12,-3.316376,18.199564,2.108624,0.000000,1.002408,1
13,7,12,-1.974564,18.199564,2.108624,0.000000,1.002408,1
14,7,12,-0.632753,18.199564,2.108624,0.000000,1.002408,1
15,7,12,0.709059,18.199564,2.108624,0.000000,1.002408,1
16,7,12,2.050871,18.199564,2.108624,0.000000,1.002408,1
17,7,12,3.392683,18.199564,2.108624,0.000000,1.002408,1
18,7,12,4.734495,18.199564,2.108624,0.000469,1.002376,1
19,7,12,6.076307,18.199564,2.108624,0.808336,1.243366,0
20,7,12,7.418119,18.199564,2.108624,2.066550,2.233478,0
0,8,12,-19.418119,19.541376,2.108624,3.687288,3.753503,0
1,8,12,-18.076307,19.541376,2.108624,2.381316,2.518877,0
2,8,12,-16.734495,19.541376,2.108624,1.083141,1.423931,0
3,8,12,-15.392683,19.541376,2.108624,0.009108,1.001819,1
4,8,12,-14.050871,19.541376,2.108624,0.000000,1.002408,1
5,8,12,-12.709059,19.541376,2.108624,0.000000,1.002408,1
6,8,12,-11.367247,19.541376,2.108624,0.000000,1.002408,1
7,8,12,-10.025436,19.541376,2.108624,0.000000,1.002408,1
8,8,12,-8.683624,19.541376,2.108624,0.000000,1.002408,1
9,8,12,-7.341812,19.541376,2.108624,0.000007,1.002409,1
10,8,12,-6.000000,19.541376,2.108624,0.000499,1.002443,1
11,8,12,-4.658188,19.541376,2.108624,0.001111,1.002486,1
12,8,12,-3.316376,19.541376,2.108624,0.000093,1.002415,1
13,8,12,-1.974564,19.541376,2.108624,0.000000,1.002408,1
14,8,12,-0.632753,19.541376,2.108624,0.000000,1.002408,1
15,8,12,0.709059,19.541376,2.108624,0.000000,1.002408,1
16,8,12,2.050871,19.541376,2.108624,0.000000,1.002408,1
17,8,12,3.392683,19.541376,2.108624,0.000000,1.002408,1
18,8,12,4.734495,19.541376,2.108624,0.000001,1.002408,1
19,8,12,6.076307,19.541376,2.108624,0.450713,1.070217,0
20,8,12,7.418119,19.541376,2.108624,1.743411,1.949912,0
0,9,12,-19.418119,20.883188,2.108624,3.524060,3.596437,0
1,9,12,-18.076307,20.883188,2.108624,2.202059,2.355428,0
2,9,12,-16.734495,20.883188,2.108624,0.884471,1.290065,0
3,9,12,-15.392683,20.883188,2.108624,0.000460,1.002377,1
4,9,12,-14.050871,20.883188,2.108624,0.000000,1.002408,1
5,9,12,-12.709059,20.883188,2.108624,0.000000,1.002408,1
6,9,12,-11.367247,20.883188,2.108624,0.000000,1.002408,1
7,9,12,-10.025436,20.883188,2.108624,0.000000,1.002408,1
8,9,12,-8.683624,20.883188,2.108624,0.000000,1.002408,1
9,9,12,-7.341812,20.883188,2.108624,0.000063,1.002413,1
10,9,12,-6.000000,20.883188,2.108624,0.006319,1.002866,1
11,9,12,-4.658188,20.883188,2.108624,0.013833,1.003462,0
12,9,12,-3.316376,20.883188,2.108624,0.001137,1.002488,1
13,9,12,-1.974564,20.883188,2.108624,0.000002,1.002408,1
14,9,12,-0.632753,20.883188,2.108624,0.000000,1.002408,1
15,9,12,0.709059,20.883188,2.108624,0.000000,1.002408,1
16,9,12,2.050871,20.883188,2.108624,0.000000,1.002408,1
17,9,12,3.392683,20.883188,2.108624,0.000000,1.002408,1
18,9,12,4.734495,20.883188,2.108624,0.000000,1.002408,1
19,9,12,6.076307,20.883188,2.108624,0.247486,1.015726,0
20,9,12,7.418119,20.883188,2.108624,1.555115,1.790869,0
0,10,12,-19.418119,22.225000,2.108624,3.483061,3.557073,0
1,10,12,-18.076307,22.225000,2.108624,2.156970,2.314683,0
2,10,12,-16.734495,22.225000,2.108624,0.834404,1.259032,0
3,10,12,-15.392683,22.225000,2.108624,0.000187,1.002396,1
4,10,12,-14.050871,22.225000,2.108624,0.000000,1.002408,1
5,10,12,-12.709059,22.225000,2.108624,0.000000,1.002408,1
6,10,12,-11.367247,22.225000,2.108624,0.000000,1.002408,1
7,10,12,-10.025436,22.225000,2.108624,0.000000,1.002408,1
8,10,12,-8.683624,22.225000,2.108624,0.000002,1.002408,1
9,10,12,-7.341812,22.225000,2.108624,0.000848,1.002350,1
10,10,12,-6.000000,22.225000,2.108624,0.014815,1.001491,0
11,10,12,-4.658188,22.225000,2.108624,0.024293,1.001019,0
12,10,12,-3.316376,22.225000,2.108624,0.004898,1.002081,1
13,10,12,-1.974564,22.225000,2.108624,0.000057,1.002404,1
14,10,12,-0.632753,22.225000,2.108624,0.000000,1.002408,1
15,10,12,0.709059,22.225000,2.108624,0.000000,1.002408,1
16,10,12,2.050871,22.225000,2.108624,0.000000,1.002408,1
17,10,12,3.392683,22.225000,2.108624,0.000000,1.002408,1
18,10,12,4.734495,22.225000,2.108624,0.000000,1.002408,1
19,10,12,6.076307,22.225000,2.108624,0.199698,1.008447,0
20,10,12,7.418119,22.225000,2.108624,1.507710,1.751743,0
0,11,12,-19.418119,23.566812,2.108624,3.565318,3.636086,0
1,11,12,-18.076307,23.566812,2.108624,2.247408,2.396564,0
2,11,12,-16.734495,23.566812,2.108624,0.934788,1.322429,0
3,11,12,-15.392683,23.566812,2.108624,0.000945,1.002343,1
4,11,12,-14.050871,23.566812,2.108624,0.000000,1.002408,1
5,11,12,-12.709059,23.566812,2.108624,0.000000,1.002408,1
6,11,12,-11.367247,23.566812,2.108624,0.000000,1.002408,1
7,11,12,-10.025436,23.566812,2.108624,0.000000,1.002408,1
8,11,12,-8.683624,23.566812,2.108624,0.000000,1.002408,1
9,11,12,-7.341812,23.566812,2.108624,0.000344,1.002385,1
10,11,12,-6.000000,23.566812,2.108624,0.010577,1.001731,0
11,11,12,-4.658188,23.566812,2.108624,0.020291,1.001207,0
12,11,12,-3.316376,23.566812,2.108624,0.002684,1.002226,1
13,11,12,-1.974564,23.566812,2.108624,0.000017,1.002407,1
14,11,12,-0.632753,23.566812,2.108624,0.000000,1.002408,1
15,11,12,0.709059,23.566812,2.108624,0.000000,1.002408,1
16,11,12,2.050871,23.566812,2.108624,0.000000,1.002408,1
17,11,12,3.392683,23.566812,2.108624,0.000000,1.002408,1
18,11,12,4.734495,23.566812,2.108624,0.000000,1.002408,1
19,11,12,6.076307,23.566812,2.108624,0.297324,1.025636,0
20,11,12,7.418119,23.566812,2.108624,1.602775,1.830601,0
0,12,12,-19.418119,24.908624,2.108624,3.768785,3.832115,0
1,12,12,-18.076307,24.908624,2.108624,2.470663,2.601123,0
2,12,12,-16.734495,24.908624,2.108624,1.181943,1.495878,0
3,12,12,-15.392683,24.908624,2.108624,0.028134,1.000853,0
4,12,12,-14.050871,24.908624,2.108624,0.000000,1.002408,1
5,12,12,-12.709059,24.908624,2.108624,0.000000,1.002408,1
6,12,12,-11.367247,24.908624,2.108624,0.000000,1.002408,1
7,12,12,-10.025436,24.908624,2.108624,0.000000,1.002408,1
8,12,12,-8.683624,24.908624,2.108624,0.000000,1.002408,1
9,12,12,-7.341812,24.908624,2.108624,0.000004,1.002408,1
10,12,12,-6.000000,24.908624,2.108624,0.000209,1.002394,1
11,12,12,-4.658188,24.908624,2.108624,0.000454,1.002377,1
12,12,12,-3.316376,24.908624,2.108624,0.000041,1.002406,1
13,12,12,-1.974564,24.908624,2.108624,0.000000,1.002408,1
14,12,12,-0.632753,24.908624,2.108624,0.000000,1.002408,1
15,12,12,0.709059,24.908624,2.108624,0.000000,1.002408,1
16,12,12,2.050871,24.908624,2.108624,0.000000,1.002408,1
17,12,12,3.392683,24.908624,2.108624,0.000000,1.002408,1
18,12,12,4.734495,24.908624,2.108624,0.000002,1.002408,1
19,12,12,6.076307,24.908624,2.108624,0.554367,1.111373,0
20,12,12,7.418119,24.908624,2.108624,1.837168,2.030970,0
0,13,12,-19.418119,26.250436,2.108624,4.088586,4.141677,0
1,13,12,-18.076307,26.250436,2.108624,2.820340,2.927016,0
2,13,12,-16.734495,26.250436,2.108624,1.567273,1.800968,0
3,13,12,-15.392683,26.250436,2.108624,0.336668,1.035088,0
4,13,12,-14.050871,26.250436,2.108624,0.000000,1.002408,1
5,13,12,-12.709059,26.250436,2.108624,0.000000,1.002408,1
6,13,12,-11.367247,26.250436,2.108624,0.000000,1.002408,1
7,13,12,-10.025436,26.250436,2.108624,0.000000,1.002408,1
8,13,12,-8.683624,26.250436,2.108624,0.000000,1.002408,1
9,13,12,-7.341812,26.250436,2.108624,0.000000,1.002408,1
10,13,12,-6.000000,26.250436,2.108624,0.000000,1.002408,1
11,13,12,-4.658188,26.250436,2.108624,0.000000,1.002408,1
12,13,12,-3.316376,26.250436,2.108624,0.000000,1.002408,1
13,13,12,-1.974564,26.250436,2.108624,0.000000,1.002408,1
14,13,12,-0.632753,26.250436,2.108624,0.000000,1.002408,1
15,13,12,0.709059,26.250436,2.108624,0.000000,1.002408,1
16,13,12,2.050871,26.250436,2.108624,0.000000,1.002408,1
17,13,12,3.392683,26.250436,2.108624,0.000000,1.002408,1
18,13,12,4.734495,26.250436,2.108624,0.003735,1.002157,1
19,13,12,6.076307,26.250436,2.108624,0.959606,1.338800,0
20,13,12,7.418119,26.250436,2.108624,2.203519,2.356750,0
0,14,12,-19.418119,27.592247,2.108624,4.517574,4.559149,0
1,14,12,-18.076307,27.592247,2.108624,3.287219,3.369580,0
2,14,12,-16.734495,27.592247,2.108624,2.078653,2.244307,0
3,14,12,-15.392683,27.592247,2.108624,0.898468,1.298953,0
4,14,12,-14.050871,27.592247,2.108624,0.004143,1.002130,1
5,14,12,-12.709059,27.592247,2.108624,0.000000,1.002408,1
6,14,12,-11.367247,27.592247,2.108624,0.000000,1.002408,1
7,14,12,-10.025436,27.592247,2.108624,0.000000,1.002408,1
8,14,12,-8.683624,27.592247,2.108624,0.000000,1.002408,1
9,14,12,-7.341812,27.592247,2.108624,0.000000,1.002408,1
10,14,12,-6.000000,27.592247,2.108624,0.000000,1.002408,1
11,14,12,-4.658188,27.592247,2.108624,0.000000,1.002408,1
12,14,12,-3.316376,27.592247,2.108624,0.000000,1.002408,1
13,14,12,-1.974564,27.592247,2.108624,0.000000,1.002408,1
14,14,12,-0.632753,27.592247,2.108624,0.000000,1.002408,1
15,14,12,0.709059,27.592247,2.108624,0.000000,1.002408,1
16,14,12,2.050871,27.592247,2.108624,0.000000,1.002408,1
17,14,12,3.392683,27.592247,2.108624,0.000001,1.002409,1
18,14,12,4.734495,27.592247,2.108624,0.334798,1.034607,0
19,14,12,6.076307,27.592247,2.108624,1.495699,1.741895,0
20,14,12,7.418119,27.592247,2.108624,2.691310,2.806096,0
0,15,12,-19.418119,28.934059,2.108624,5.047042,5.077053,0
1,15,12,-18.076307,28.934059,2.108624,3.860324,3.920556,0
2,15,12,-16.734495,28.934059,2.108624,2.702069,2.816150,0
3,15,12,-15.392683,28.934059,2.108624,1.580084,1.811637,0
4,15,12,-14.050871,28.934059,2.108624,0.505159,1.090801,0
5,15,12,-12.709059,28.934059,2.108624,0.000026,1.002410,1
6,15,12,-11.367247,28.934059,2.108624,0.000000,1.002408,1
7,15,12,-10.025436,28.934059,2.108624,0.000000,1.002408,1
8,15,12,-8.683624,28.934059,2.108624,0.000000,1.002408,1
9,15,12,-7.341812,28.934059,2.108624,0.000000,1.002408,1
10,15,12,-6.000000,28.934059,2.108624,0.000000,1.002408,1
11,15,12,-4.658188,28.934059,2.108624,0.000000,1.002408,1
12,15,12,-3.316376,28.934059,2.108624,0.000000,1.002408,1
13,15,12,-1.974564,28.934059,2.108624,0.000000,1.002408,1
14,15,12,-0.632753,28.934059,2.108624,0.000000,1.002408,1
15,15,12,0.709059,28.934059,2.108624,0.000000,1.002408,1
16,15,12,2.050871,28.934059,2.108624,0.000000,1.002408,1
17,15,12,3.392683,28.934059,2.108624,0.060278,1.000042,0
18,15,12,4.734495,28.934059,2.108624,1.046052,1.397769,0
19,15,12,6.076307,28.934059,2.108624,2.146599,2.305334,0
20,15,12,7.418119,28.934059,2.108624,3.288187,3.370503,0
0,16,12,-19.418119,30.275871,2.108624,5.667470,5.686640,0
1,16,12,-18.076307,30.275871,2.108624,4.527965,4.569288,0
2,16,12,-16.734495,30.275871,2.108624,3.423090,3.499561,0
3,16,12,-15.392683,30.275871,2.108624,2.361380,2.500592,0
4,16,12,-14.050871,30.275871,2.108624,1.353889,1.627819,0
5,16,12,-12.709059,30.275871,2.108624,0.415500,1.058184,0
6,16,12,-11.367247,30.275871,2.108624,0.000301,1.002429,1
7,16,12,-10.025436,30.275871,2.108624,0.000000,1.002408,1
8,16,12,-8.683624,30.275871,2.108624,0.000000,1.002408,1
9,16,12,-7.341812,30.275871,2.108624,0.000000,1.002408,1
10,16,12,-6.000000,30.275871,2.108624,0.000000,1.002408,1
11,16,12,-4.658188,30.275871,2.108624,0.000000,1.002408,1
12,16,12,-3.316376,30.275871,2.108624,0.000000,1.002408,1
13,16,12,-1.974564,30.275871,2.108624,0.000000,1.002408,1
14,16,12,-0.632753,30.275871,2.108624,0.000000,1.002408,1
15,16,12,0.709059,30.275871,2.108624,0.000004,1.002409,1
16,16,12,2.050871,30.275871,2.108624,0.049680,1.000195,0
17,16,12,3.392683,30.275871,2.108624,0.883698,1.289576,0
18,16,12,4.734495,30.275871,2.108624,1.859607,2.050531,0
19,16,12,6.076307,30.275871,2.108624,2.896284,2.998502,0
20,16,12,7.418119,30.275871,2.108624,3.981194,4.037545,0
0,17,12,-19.418119,31.617683,2.108624,6.369162,6.378591,0
1,17,12,-18.076307,31.617683,2.108624,5.278578,5.304249,0
2,17,12,-16.734495,31.617683,2.108624,4.227940,4.277040,0
3,17,12,-15.392683,31.617683,2.108624,3.226044,3.311210,0
4,17,12,-14.050871,31.617683,2.108624,2.283849,2.429729,0
5,17,12,-12.709059,31.617683,2.108624,1.414858,1.676345,0
6,17,12,-11.367247,31.617683,2.108624,0.635387,1.149038,0
7,17,12,-10.025436,31.617683,2.108624,0.031422,1.000723,0
8,17,12,-8.683624,31.617683,2.108624,0.000341,1.002432,1
9,17,12,-7.341812,31.617683,2.108624,0.000002,1.002409,1
10,17,12,-6.000000,31.617683,2.108624,0.000000,1.002408,1
11,17,12,-4.658188,31.617683,2.108624,0.000000,1.002408,1
12,17,12,-3.316376,31.617683,2.108624,0.000000,1.002408,1
13,17,12,-1.974564,31.617683,2.108624,0.000023,1.002410,1
14,17,12,-0.632753,31.617683,2.108624,0.003724,1.002673,1
15,17,12,0.709059,31.617683,2.108624,0.293403,1.024772,0
16,17,12,2.050871,31.617683,2.108624,1.020194,1.379827,0
17,17,12,3.392683,31.617683,2.108624,1.847498,2.039968,0
18,17,12,4.734495,31.617683,2.108624,2.755642,2.866296,0
19,17,12,6.076307,31.617683,2.108624,3.729772,3.794468,0
20,17,12,7.418119,31.617683,2.108624,4.757725,4.793742,0
0,18,12,-19.418119,32.959495,2.108624,7.142739,7.143632,0
1,18,12,-18.076307,32.959495,2.108624,6.101299,6.114185,0
2,18,12,-16.734495,32.959495,2.108624,5.104125,5.133030,0
3,18,12,-15.392683,32.959495,2.108624,4.159902,4.210918,0
4,18,12,-14.050871,32.959495,2.108624,3.279071,3.361799,0
5,18,12,-12.709059,32.959495,2.108624,2.473989,2.604195,0
6,18,12,-11.367247,32.959495,2.108624,1.758902,1.963228,0
7,18,12,-10.025436,32.959495,2.108624,1.149594,1.471978,0
8,18,12,-8.683624,32.959495,2.108624,0.662538,1.162651,0
9,18,12,-7.341812,32.959495,2.108624,0.313918,1.029450,0
10,18,12,-6.000000,32.959495,2.108624,0.119544,1.001254,0
11,18,12,-4.658188,32.959495,2.108624,0.082110,1.000080,0
12,18,12,-3.316376,32.959495,2.108624,0.198558,1.008301,0
13,18,12,-1.974564,32.959495,2.108624,0.473225,1.078442,0
14,18,12,-0.632753,32.959495,2.108624,0.894390,1.296354,0
15,18,12,0.709059,32.959495,2.108624,1.445786,1.701268,0
16,18,12,2.050871,32.959495,2.108624,2.111027,2.273336,0
17,18,12,3.392683,32.959495,2.108624,2.873853,2.977365,0
18,18,12,4.734495,32.959495,2.108624,3.719192,3.784263,0
19,18,12,6.076307,32.959495,2.108624,4.633742,4.672558,0
20,18,12,7.418119,32.959495,2.108624,5.606132,5.626268,0
0,19,12,-19.418119,34.301307,2.108624,7.979455,7.972969,0
1,19,12,-18.076307,34.301307,2.108624,6.986285,6.988753,0
2,19,12,-16.734495,34.301307,2.108624,6.040703,6.054413,0
3,19,12,-15.392683,34.301307,2.108624,5.151022,5.179036,0
4,19,12,-14.050871,34.301307,2.108624,4.326922,4.373340,0
5,19,12,-12.709059,34.301307,2.108624,3.579460,3.649685,0
6,19,12,-11.367247,34.301307,2.108624,2.920907,3.021727,0
7,19,12,-10.025436,34.301307,2.108624,2.364325,2.503292,0
8,19,12,-8.683624,34.301307,2.108624,1.922805,2.105930,0
9,19,12,-7.341812,34.301307,2.108624,1.608355,1.835277,0
10,19,12,-6.000000,34.301307,2.108624,1.430551,1.688966,0
11,19,12,-4.658188,34.301307,2.108624,1.395233,1.660636,0
12,19,12,-3.316376,34.301307,2.108624,1.503600,1.748370,0
13,19,12,-1.974564,34.301307,2.108624,1.752014,1.957304,0
14,19,12,-0.632753,34.301307,2.108624,2.132587,2.292717,0
15,19,12,0.709059,34.301307,2.108624,2.634326,2.752928,0
16,19,12,2.050871,34.301307,2.108624,3.244516,3.328824,0
17,19,12,3.392683,34.301307,2.108624,3.949962,4.007294,0
18,19,12,4.734495,34.301307,2.108624,4.737933,4.774387,0
19,19,12,6.076307,34.301307,2.108624,5.596741,5.617027,0
20,19,12,7.418119,34.301307,2.108624,6.516025,6.523679,0
0,20,12,-19.418119,35.643119,2.108624,8.871371,8.858549,0
1,20,12,-18.076307,35.643119,2.108624,7.924845,7.918793,0
2,20,12,-16.734495,35.643119,2.108624,7.028311,7.030349,0
3,20,12,-15.392683,35.643119,2.108624,6.189553,6.201267,0
4,20,12,-14.050871,35.643119,2.108624,5.417381,5.440626,0
5,20,12,-12.709059,35.643119,2.108624,4.721553,4.758371,0
6,20,12,-11.367247,35.643119,2.108624,4.112554,4.164940,0
7,20,12,-10.025436,35.643119,2.108624,3.601187,3.670586,0
8,20,12,-8.683624,35.643119,2.108624,3.197939,3.284429,0
9,20,12,-7.341812,35.643119,2.108624,2.912153,3.013468,0
10,20,12,-6.000000,35.643119,2.108624,2.751108,2.862047,0
11,20,12,-4.658188,35.643119,2.108624,2.719168,2.832142,0
12,20,12,-3.316376,35.643119,2.108624,2.817223,2.924086,0
13,20,12,-1.974564,35.643119,2.108624,3.042566,3.136789,0
14,20,12,-0.632753,35.643119,2.108624,3.389258,3.467153,0
15,20,12,0.709059,35.643119,2.108624,3.848851,3.909463,0
16,20,12,2.050871,35.643119,2.108624,4.411306,4.455530,0
17,20,12,3.392683,35.643119,2.108624,5.065885,5.095528,0
18,20,12,4.734495,35.643119,2.108624,5.801881,5.819004,0
19,20,12,6.076307,35.643119,2.108624,6.609139,6.615708,0
20,20,12,7.418119,35.643119,2.108624,7.478369,7.476105,0
0,0,13,-19.418119,8.806881,3.450436,8.755384,8.743313,0
1,0,13,-18.076307,8.806881,3.450436,7.803048,7.797987,0
2,0,13,-16.734495,8.806881,3.450436,6.900446,6.903808,0
3,0,13,-15.392683,8.806881,3.450436,6.055434,6.068942,0
4,0,13,-14.050871,8.806881,3.450436,5.276936,5.302636,0
5,0,13,-12.709059,8.806881,3.450436,4.574870,4.615068,0
6,0,13,-11.367247,8.806881,3.450436,3.959937,4.016954,0
7,0,13,-10.025436,8.806881,3.450436,3.443202,3.518839,0
8,0,13,-8.683624,8.806881,3.450436,3.035444,3.130039,0
9,0,13,-7.341812,8.806881,3.450436,2.746302,2.857545,0
10,0,13,-6.000000,8.806881,3.450436,2.583304,2.705454,0
11,0,13,-4.658188,8.806881,3.450436,2.550971,2.675438,0
12,0,13,-3.316376,8.806881,3.450436,2.650226,2.767747,0
13,0,13,-1.974564,8.806881,3.450436,2.878264,2.981520,0
14,0,13,-0.632753,8.806881,3.450436,3.228934,3.313965,0
15,0,13,0.709059,8.806881,3.450436,3.693512,3.759502,0
16,0,13,2.050871,8.806881,3.450436,4.261659,4.309832,0
17,0,13,3.392683,8.806881,3.450436,4.922357,4.954871,0
18,0,13,4.734495,8.806881,3.450436,5.664658,5.683872,0
19,0,13,6.076307,8.806881,3.450436,6.478224,6.486327,0
20,0,13,7.418119,8.806881,3.450436,7.353624,7.352500,0
0,1,13,-19.418119,10.148693,3.450436,7.889849,7.884079,0
1,1,13,-18.076307,10.148693,3.450436,6.891731,6.895185,0
2,1,13,-16.734495,10.148693,3.450436,5.940900,5.956003,0
3,1,13,-15.392683,10.148693,3.450436,5.045717,5.075753,0
4,1,13,-14.050871,10.148693,3.450436,4.215948,4.265382,0
5,1,13,-12.709059,10.148693,3.450436,3.462788,3.537622,0
6,1,13,-11.367247,10.148693,3.450436,2.798704,2.906691,0
7,1,13,-10.025436,10.148693,3.450436,2.237020,2.387127,0
8,1,13,-8.683624,10.148693,3.450436,1.791137,1.991035,0
9,1,13,-7.341812,10.148693,3.450436,1.473391,1.723677,0
10,1,13,-6.000000,10.148693,3.450436,1.293649,1.580719,0
11,1,13,-4.658188,10.148693,3.450436,1.257940,1.553228,0
12,1,13,-3.316376,10.148693,3.450436,1.367501,1.638581,0
13,1,13,-1.974564,10.148693,3.450436,1.618577,1.843856,0
14,1,13,-0.632753,10.148693,3.450436,2.003028,2.176865,0
15,1,13,0.709059,10.148693,3.450436,2.509548,2.637063,0
16,1,13,2.050871,10.148693,3.450436,3.125095,3.215119,0
17,1,13,3.392683,10.148693,3.450436,3.836186,3.897221,0
18,1,13,4.734495,10.148693,3.450436,4.629861,4.668767,0
19,1,13,6.076307,10.148693,3.450436,5.494267,5.516220,0
20,1,13,7.418119,10.148693,3.450436,6.418932,6.427750,0
0,2,13,-19.418119,11.490505,3.450436,7.082258,7.083751,0
1,2,13,-18.076307,11.490505,3.450436,6.037141,6.050900,0
2,2,13,-16.734495,11.490505,3.450436,5.036000,5.066227,0
3,2,13,-15.392683,11.490505,3.450436,4.087539,4.140661,0
4,2,13,-14.050871,11.490505,3.450436,3.202250,3.288535,0
5,2,13,-12.709059,11.490505,3.450436,2.392581,2.529221,0
6,2,13,-11.367247,11.490505,3.450436,1.672934,1.889755,0
7,2,13,-10.025436,11.490505,3.450436,1.059316,1.407069,0
8,2,13,-8.683624,11.490505,3.450436,0.568618,1.117664,0
9,2,13,-7.341812,11.490505,3.450436,0.224331,1.011924,0
10,2,13,-6.000000,11.490505,3.450436,0.069969,1.000000,0
11,2,13,-4.658188,11.490505,3.450436,0.049553,1.000198,0
12,2,13,-3.316376,11.490505,3.450436,0.124665,1.001523,0
13,2,13,-1.974564,11.490505,3.450436,0.378840,1.046769,0
14,2,13,-0.632753,11.490505,3.450436,0.802183,1.239719,0
15,2,13,0.709059,11.490505,3.450436,1.357655,1.630792,0
16,2,13,2.050871,11.490505,3.450436,2.027367,2.198512,0
17,2,13,3.392683,11.490505,3.450436,2.794790,2.903016,0
18,2,13,4.734495,11.490505,3.450436,3.644666,3.712438,0
19,2,13,6.076307,11.490505,3.450436,4.563569,4.604036,0
20,2,13,7.418119,11.490505,3.450436,5.540063,5.561264,0
0,3,13,-19.418119,12.832317,3.450436,6.340667,6.350450,0
1,3,13,-18.076307,12.832317,3.450436,5.248181,5.274400,0
2,3,13,-16.734495,12.832317,3.450436,4.195454,4.245461,0
3,3,13,-15.392683,12.832317,3.450436,3.191279,3.278085,0
4,3,13,-14.050871,12.832317,3.450436,2.246628,2.395855,0
5,3,13,-12.709059,12.832317,3.450436,1.375042,1.644561,0
6,3,13,-11.367247,12.832317,3.450436,0.593011,1.128769,0
7,3,13,-10.025436,12.832317,3.450436,0.032762,1.000673,0
8,3,13,-8.683624,12.832317,3.450436,0.000016,1.002407,1
9,3,13,-7.341812,12.832317,3.450436,0.000000,1.002408,1
10,3,13,-6.000000,12.832317,3.450436,0.000000,1.002408,1
11,3,13,-4.658188,12.832317,3.450436,0.000000,1.002408,1
12,3,13,-3.316376,12.832317,3.450436,0.000000,1.002408,1
13,3,13,-1.974564,12.832317,3.450436,0.000000,1.002408,1
14,3,13,-0.632753,12.832317,3.450436,0.001025,1.002338,1
15,3,13,0.709059,12.832317,3.450436,0.254165,1.016917,0
16,3,13,2.050871,12.832317,3.450436,0.979078,1.351825,0
17,3,13,3.392683,12.832317,3.450436,1.809018,2.006517,0
18,3,13,4.734495,12.832317,3.450436,2.719693,2.832633,0
19,3,13,6.076307,12.832317,3.450436,3.696192,3.762085,0
20,3,13,7.418119,12.832317,3.450436,4.726327,4.763040,0
0,4,13,-19.418119,14.174129,3.450436,5.673836,5.692907,0
1,4,13,-18.076307,14.174129,3.450436,4.534796,4.575954,0
2,4,13,-16.734495,14.174129,3.450436,3.430441,3.506606,0
3,4,13,-15.392683,14.174129,3.450436,2.369311,2.507864,0
4,4,13,-14.050871,14.174129,3.450436,1.362462,1.634592,0
5,4,13,-12.709059,14.174129,3.450436,0.425091,1.061359,0
6,4,13,-11.367247,14.174129,3.450436,0.000469,1.002376,1
7,4,13,-10.025436,14.174129,3.450436,0.000000,1.002408,1
8,4,13,-8.683624,14.174129,3.450436,0.000000,1.002408,1
9,4,13,-7.341812,14.174129,3.450436,0.000000,1.002408,1
10,4,13,-6.000000,14.174129,3.450436,0.000000,1.002408,1
11,4,13,-4.658188,14.174129,3.450436,0.000000,1.002408,1
12,4,13,-3.316376,14.174129,3.450436,0.000000,1.002408,1
13,4,13,-1.974564,14.174129,3.450436,0.000000,1.002408,1
14,4,13,-0.632753,14.174129,3.450436,0.000000,1.002408,1
15,4,13,0.709059,14.174129,3.450436,0.000001,1.002408,1
16,4,13,2.050871,14.174129,3.450436,0.063592,1.000017,0
17,4,13,3.392683,14.174129,3.450436,0.892609,1.295221,0
18,4,13,4.734495,14.174129,3.450436,1.867845,2.057727,0
19,4,13,6.076307,14.174129,3.450436,2.903912,3.005695,0
20,4,13,7.418119,14.174129,3.450436,3.988273,4.044404,0
0,5,13,-19.418119,15.515941,3.450436,5.091013,5.120169,0
1,5,13,-18.076307,15.515941,3.450436,3.907774,3.966455,0
2,5,13,-16.734495,15.515941,3.450436,2.753489,2.864278,0
3,5,13,-15.392683,15.515941,3.450436,1.636039,1.858552,0
4,5,13,-14.050871,15.515941,3.450436,0.566207,1.116590,0
5,5,13,-12.709059,15.515941,3.450436,0.000391,1.002381,1
6,5,13,-11.367247,15.515941,3.450436,0.000000,1.002408,1
7,5,13,-10.025436,15.515941,3.450436,0.000000,1.002408,1
8,5,13,-8.683624,15.515941,3.450436,0.000000,1.002408,1
9,5,13,-7.341812,15.515941,3.450436,0.000000,1.002408,1
10,5,13,-6.000000,15.515941,3.450436,0.000000,1.002408,1
11,5,13,-4.658188,15.515941,3.450436,0.000000,1.002408,1
12,5,13,-3.316376,15.515941,3.450436,0.000000,1.002408,1
13,5,13,-1.974564,15.515941,3.450436,0.000000,1.002408,1
14,5,13,-0.632753,15.515941,3.450436,0.000000,1.002408,1
15,5,13,0.709059,15.515941,3.450436,0.000000,1.002408,1
16,5,13,2.050871,15.515941,3.450436,0.000000,1.002408,1
17,5,13,3.392683,15.515941,3.450436,0.103296,1.000573,0
18,5,13,4.734495,15.515941,3.450436,1.104457,1.439183,0
19,5,13,6.076307,15.515941,3.450436,2.200169,2.353716,0
20,5,13,7.418119,15.515941,3.450436,3.337519,3.417645,0
0,6,13,-19.418119,16.857753,3.450436,4.601559,4.641126,0
1,6,13,-18.076307,16.857753,3.450436,3.378348,3.456709,0
2,6,13,-16.734495,16.857753,3.450436,2.178085,2.333743,0
3,6,13,-15.392683,16.857753,3.450436,1.007603,1.371181,0
4,6,13,-14.050871,16.857753,3.450436,0.022259,1.001113,0
5,6,13,-12.709059,16.857753,3.450436,0.000000,1.002408,1
6,6,13,-11.367247,16.857753,3.450436,0.000000,1.002408,1
7,6,13,-10.025436,16.857753,3.450436,0.000000,1.002408,1
8,6,13,-8.683624,16.857753,3.450436,0.000000,1.002408,1
9,6,13,-7.341812,16.857753,3.450436,0.000000,1.002408,1
10,6,13,-6.000000,16.857753,3.450436,0.000000,1.002408,1
11,6,13,-4.658188,16.857753,3.450436,0.000000,1.002408,1
12,6,13,-3.316376,16.857753,3.450436,0.000000,1.002408,1
13,6,13,-1.974564,16.857753,3.450436,0.000000,1.002408,1
14,6,13,-0.632753,16.857753,3.450436,0.000000,1.002408,1
15,6,13,0.709059,16.857753,3.450436,0.000000,1.002408,1
16,6,13,2.050871,16.857753,3.450436,0.000000,1.002408,1
17,6,13,3.392683,16.857753,3.450436,0.000013,1.002408,1
18,6,13,4.734495,16.857753,3.450436,0.447842,1.069198,0
19,6,13,6.076307,16.857753,3.450436,1.599699,1.828025,0
20,6,13,7.418119,16.857753,3.450436,2.786353,2.895096,0
0,7,13,-19.418119,18.199564,3.450436,4.214436,4.263912,0
1,7,13,-18.076307,18.199564,3.450436,2.957556,3.056335,0
2,7,13,-16.734495,18.199564,3.450436,1.717921,1.928074,0
3,7,13,-15.392683,18.199564,3.450436,0.501458,1.089328,0
4,7,13,-14.050871,18.199564,3.450436,0.000008,1.002408,1
5,7,13,-12.709059,18.199564,3.450436,0.000000,1.002408,1
6,7,13,-11.367247,18.199564,3.450436,0.000000,1.002408,1
7,7,13,-10.025436,18.199564,3.450436,0.000000,1.002408,1
8,7,13,-8.683624,18.199564,3.450436,0.000000,1.002408,1
9,7,13,-7.341812,18.199564,3.450436,0.000000,1.002408,1
10,7,13,-6.000000,18.199564,3.450436,0.000000,1.002408,1
11,7,13,-4.658188,18.199564,3.450436,0.000000,1.002408,1
12,7,13,-3.316376,18.199564,3.450436,0.000000,1.002408,1
13,7,13,-1.974564,18.199564,3.450436,0.000000,1.002408,1
14,7,13,-0.632753,18.199564,3.450436,0.000000,1.002408,1
15,7,13,0.709059,18.199564,3.450436,0.000000,1.002408,1
16,7,13,2.050871,18.199564,3.450436,0.000000,1.002408,1
17,7,13,3.392683,18.199564,3.450436,0.000000,1.002408,1
18,7,13,4.734495,18.199564,3.450436,0.032294,1.000690,0
19,7,13,6.076307,18.199564,3.450436,1.117753,1.448775,0
20,7,13,7.418119,18.199564,3.450436,2.347035,2.487451,0
0,8,13,-19.418119,19.541376,3.450436,3.937554,3.995280,0
1,8,13,-18.076307,19.541376,3.450436,2.655380,2.772554,0
2,8,13,-16.734495,19.541376,3.450436,1.385755,1.653079,0
3,8,13,-15.392683,19.541376,3.450436,0.154490,1.003610,0
4,8,13,-14.050871,19.541376,3.450436,0.000000,1.002408,1
5,8,13,-12.709059,19.541376,3.450436,0.000000,1.002408,1
6,8,13,-11.367247,19.541376,3.450436,0.000000,1.002408,1
7,8,13,-10.025436,19.541376,3.450436,0.000000,1.002408,1
8,8,13,-8.683624,19.541376,3.450436,0.000000,1.002408,1
9,8,13,-7.341812,19.541376,3.450436,0.000000,1.002408,1
10,8,13,-6.000000,19.541376,3.450436,0.000000,1.002408,1
11,8,13,-4.658188,19.541376,3.450436,0.000001,1.002409,1
12,8,13,-3.316376,19.541376,3.450436,0.000000,1.002408,1
13,8,13,-1.974564,19.541376,3.450436,0.000000,1.002408,1
14,8,13,-0.632753,19.541376,3.450436,0.000000,1.002408,1
15,8,13,0.709059,19.541376,3.450436,0.000000,1.002408,1
16,8,13,2.050871,19.541376,3.450436,0.000000,1.002408,1
17,8,13,3.392683,19.541376,3.450436,0.000000,1.002408,1
18,8,13,4.734495,19.541376,3.450436,0.000238,1.002392,1
19,8,13,6.076307,19.541376,3.450436,0.768806,1.220289,0
20,8,13,7.418119,19.541376,3.450436,2.030806,2.201575,0
0,9,13,-19.418119,20.883188,3.450436,3.777073,3.840117,0
1,9,13,-18.076307,20.883188,3.450436,2.479744,2.609509,0
2,9,13,-16.734495,20.883188,3.450436,1.191978,1.503355,0
3,9,13,-15.392683,20.883188,3.450436,0.032655,1.000677,0
4,9,13,-14.050871,20.883188,3.450436,0.000000,1.002408,1
5,9,13,-12.709059,20.883188,3.450436,0.000000,1.002408,1
6,9,13,-11.367247,20.883188,3.450436,0.000000,1.002408,1
7,9,13,-10.025436,20.883188,3.450436,0.000000,1.002408,1
8,9,13,-8.683624,20.883188,3.450436,0.000000,1.002408,1
9,9,13,-7.341812,20.883188,3.450436,0.000000,1.002408,1
10,9,13,-6.000000,20.883188,3.450436,0.000002,1.002408,1
11,9,13,-4.658188,20.883188,3.450436,0.000000,1.002408,1
12,9,13,-3.316376,20.883188,3.450436,0.000001,1.002408,1
13,9,13,-1.974564,20.883188,3.450436,0.000000,1.002408,1
14,9,13,-0.632753,20.883188,3.450436,0.000000,1.002408,1
15,9,13,0.709059,20.883188,3.450436,0.000000,1.002408,1
16,9,13,2.050871,20.883188,3.450436,0.000000,1.002408,1
17,9,13,3.392683,20.883188,3.450436,0.000000,1.002408,1
18,9,13,4.734495,20.883188,3.450436,0.000006,1.002408,1
19,9,13,6.076307,20.883188,3.450436,0.564940,1.116026,0
20,9,13,7.418119,20.883188,3.450436,1.846694,2.039267,0
0,10,13,-19.418119,22.225000,3.450436,3.736774,3.801223,0
1,10,13,-18.076307,22.225000,3.450436,2.435581,2.568773,0
2,10,13,-16.734495,22.225000,3.450436,1.143166,1.467268,0
3,10,13,-15.392683,22.225000,3.450436,0.018728,1.001285,0
4,10,13,-14.050871,22.225000,3.450436,0.000000,1.002408,1
5,10,13,-12.709059,22.225000,3.450436,0.000000,1.002408,1
6,10,13,-11.367247,22.225000,3.450436,0.000000,1.002408,1
7,10,13,-10.025436,22.225000,3.450436,0.000000,1.002408,1
8,10,13,-8.683624,22.225000,3.450436,0.000000,1.002408,1
9,10,13,-7.341812,22.225000,3.450436,0.000003,1.002408,1
10,10,13,-6.000000,22.225000,3.450436,0.000098,1.002402,1
11,10,13,-4.658188,22.225000,3.450436,0.000189,1.002395,1
12,10,13,-3.316376,22.225000,3.450436,0.000023,1.002407,1
13,10,13,-1.974564,22.225000,3.450436,0.000000,1.002408,1
14,10,13,-0.632753,22.225000,3.450436,0.000000,1.002408,1
15,10,13,0.709059,22.225000,3.450436,0.000000,1.002408,1
16,10,13,2.050871,22.225000,3.450436,0.000000,1.002408,1
17,10,13,3.392683,22.225000,3.450436,0.000000,1.002408,1
18,10,13,4.734495,22.225000,3.450436,0.000002,1.002408,1
19,10,13,6.076307,22.225000,3.450436,0.513631,1.094212,0
20,10,13,7.418119,22.225000,3.450436,1.800361,1.999017,0
0,11,13,-19.418119,23.566812,3.450436,3.817632,3.879291,0
1,11,13,-18.076307,23.566812,3.450436,2.524168,2.650597,0
2,11,13,-16.734495,23.566812,3.450436,1.241042,1.540337,0
3,11,13,-15.392683,23.566812,3.450436,0.052200,1.000149,0
4,11,13,-14.050871,23.566812,3.450436,0.000000,1.002408,1
5,11,13,-12.709059,23.566812,3.450436,0.000000,1.002408,1
6,11,13,-11.367247,23.566812,3.450436,0.000000,1.002408,1
7,11,13,-10.025436,23.566812,3.450436,0.000000,1.002408,1
8,11,13,-8.683624,23.566812,3.450436,0.000000,1.002408,1
9,11,13,-7.341812,23.566812,3.450436,0.000001,1.002408,1
10,11,13,-6.000000,23.566812,3.450436,0.000030,1.002406,1
11,11,13,-4.658188,23.566812,3.450436,0.000063,1.002404,1
12,11,13,-3.316376,23.566812,3.450436,0.000006,1.002408,1
13,11,13,-1.974564,23.566812,3.450436,0.000000,1.002408,1
14,11,13,-0.632753,23.566812,3.450436,0.000000,1.002408,1
15,11,13,0.709059,23.566812,3.450436,0.000000,1.002408,1
16,11,13,2.050871,23.566812,3.450436,0.000000,1.002408,1
17,11,13,3.392683,23.566812,3.450436,0.000000,1.002408,1
18,11,13,4.734495,23.566812,3.450436,0.000012,1.002408,1
19,11,13,6.076307,23.566812,3.450436,0.616544,1.139875,0
20,11,13,7.418119,23.566812,3.450436,1.893284,2.079997,0
0,12,13,-19.418119,24.908624,3.450436,4.017700,4.072924,0
1,12,13,-18.076307,24.908624,3.450436,2.742957,2.854411,0
2,12,13,-16.734495,24.908624,3.450436,1.482179,1.730843,0
3,12,13,-15.392683,24.908624,3.450436,0.246857,1.015615,0
4,12,13,-14.050871,24.908624,3.450436,0.000000,1.002408,1
5,12,13,-12.709059,24.908624,3.450436,0.000000,1.002408,1
6,12,13,-11.367247,24.908624,3.450436,0.000000,1.002408,1
7,12,13,-10.025436,24.908624,3.450436,0.000000,1.002408,1
8,12,13,-8.683624,24.908624,3.450436,0.000000,1.002408,1
9,12,13,-7.341812,24.908624,3.450436,0.000000,1.002408,1
10,12,13,-6.000000,24.908624,3.450436,0.000000,1.002408,1
11,12,13,-4.658188,24.908624,3.450436,0.000000,1.002408,1
12,12,13,-3.316376,24.908624,3.450436,0.000000,1.002408,1
13,12,13,-1.974564,24.908624,3.450436,0.000000,1.002408,1
14,12,13,-0.632753,24.908624,3.450436,0.000000,1.002408,1
15,12,13,0.709059,24.908624,3.450436,0.000000,1.002408,1
16,12,13,2.050871,24.908624,3.450436,0.000000,1.002408,1
17,12,13,3.392683,24.908624,3.450436,0.000000,1.002408,1
18,12,13,4.734495,24.908624,3.450436,0.001008,1.002339,1
19,12,13,6.076307,24.908624,3.450436,0.870193,1.281092,0
20,12,13,7.418119,24.908624,3.450436,2.122523,2.283665,0
0,13,13,-19.418119,26.250436,3.450436,4.332341,4.378616,0
1,13,13,-18.076307,26.250436,3.450436,3.085919,3.177910,0
2,13,13,-16.734495,26.250436,3.450436,1.858578,2.049633,0
3,13,13,-15.392683,26.250436,3.450436,0.656352,1.159508,0
4,13,13,-14.050871,26.250436,3.450436,0.000071,1.002404,1
5,13,13,-12.709059,26.250436,3.450436,0.000000,1.002408,1
6,13,13,-11.367247,26.250436,3.450436,0.000000,1.002408,1
7,13,13,-10.025436,26.250436,3.450436,0.000000,1.002408,1
8,13,13,-8.683624,26.250436,3.450436,0.000000,1.002408,1
9,13,13,-7.341812,26.250436,3.450436,0.000000,1.002408,1
10,13,13,-6.000000,26.250436,3.450436,0.000000,1.002408,1
11,13,13,-4.658188,26.250436,3.450436,0.000000,1.002408,1
12,13,13,-3.316376,26.250436,3.450436,0.000000,1.002408,1
13,13,13,-1.974564,26.250436,3.450436,0.000000,1.002408,1
14,13,13,-0.632753,26.250436,3.450436,0.000000,1.002408,1
15,13,13,0.709059,26.250436,3.450436,0.000000,1.002408,1
16,13,13,2.050871,26.250436,3.450436,0.000000,1.002408,1
17,13,13,3.392683,26.250436,3.450436,0.000000,1.002408,1
18,13,13,4.734495,26.250436,3.450436,0.111586,1.000887,0
19,13,13,6.076307,26.250436,3.450436,1.265245,1.558825,0
20,13,13,7.418119,26.250436,3.450436,2.481174,2.610830,0
0,14,13,-19.418119,27.592247,3.450436,4.754731,4.790814,0
1,14,13,-18.076307,27.592247,3.450436,3.544328,3.615910,0
2,14,13,-16.734495,27.592247,3.450436,2.358886,2.498307,0
3,14,13,-15.392683,27.592247,3.450436,1.205626,1.513574,0
4,14,13,-14.050871,27.592247,3.450436,0.122379,1.001400,0
5,14,13,-12.709059,27.592247,3.450436,0.000000,1.002408,1
6,14,13,-11.367247,27.592247,3.450436,0.000000,1.002408,1
7,14,13,-10.025436,27.592247,3.450436,0.000000,1.002408,1
8,14,13,-8.683624,27.592247,3.450436,0.000000,1.002408,1
9,14,13,-7.341812,27.592247,3.450436,0.000000,1.002408,1
10,14,13,-6.000000,27.592247,3.450436,0.000000,1.002408,1
11,14,13,-4.658188,27.592247,3.450436,0.000000,1.002408,1
12,14,13,-3.316376,27.592247,3.450436,0.000000,1.002408,1
13,14,13,-1.974564,27.592247,3.450436,0.000000,1.002408,1
14,14,13,-0.632753,27.592247,3.450436,0.000000,1.002408,1
15,14,13,0.709059,27.592247,3.450436,0.000000,1.002408,1
16,14,13,2.050871,27.592247,3.450436,0.000000,1.002408,1
17,14,13,3.392683,27.592247,3.450436,0.000197,1.002395,1
18,14,13,4.734495,27.592247,3.450436,0.654627,1.158636,0
19,14,13,6.076307,27.592247,3.450436,1.788623,1.988862,0
20,14,13,7.418119,27.592247,3.450436,2.959328,3.058009,0
0,15,13,-19.418119,28.934059,3.450436,5.276529,5.302237,0
1,15,13,-18.076307,28.934059,3.450436,4.107740,4.160267,0
2,15,13,-16.734495,28.934059,3.450436,2.969882,3.067984,0
3,15,13,-15.392683,28.934059,3.450436,1.871101,2.060573,0
4,15,13,-14.050871,28.934059,3.450436,0.822222,1.251668,0
5,15,13,-12.709059,28.934059,3.450436,0.010577,1.001731,0
6,15,13,-11.367247,28.934059,3.450436,0.000000,1.002408,1
7,15,13,-10.025436,28.934059,3.450436,0.000000,1.002408,1
8,15,13,-8.683624,28.934059,3.450436,0.000000,1.002408,1
9,15,13,-7.341812,28.934059,3.450436,0.000000,1.002408,1
10,15,13,-6.000000,28.934059,3.450436,0.000000,1.002408,1
11,15,13,-4.658188,28.934059,3.450436,0.000000,1.002408,1
12,15,13,-3.316376,28.934059,3.450436,0.000000,1.002408,1
13,15,13,-1.974564,28.934059,3.450436,0.000000,1.002408,1
14,15,13,-0.632753,28.934059,3.450436,0.000000,1.002408,1
15,15,13,0.709059,28.934059,3.450436,0.000000,1.002408,1
16,15,13,2.050871,28.934059,3.450436,0.000016,1.002410,1
17,15,13,3.392683,28.934059,3.450436,0.332198,1.033943,0
18,15,13,4.734495,28.934059,3.450436,1.349568,1.624411,0
19,15,13,6.076307,28.934059,3.450436,2.425423,2.559420,0
20,15,13,7.418119,28.934059,3.450436,3.545279,3.616824,0
0,16,13,-19.418119,30.275871,3.450436,5.888572,5.904425,0
1,16,13,-18.076307,30.275871,3.450436,4.764966,4.800824,0
2,16,13,-16.734495,30.275871,3.450436,3.677833,3.744391,0
3,16,13,-15.392683,30.275871,3.450436,2.635842,2.754340,0
4,16,13,-14.050871,30.275871,3.450436,1.650074,1.870397,0
5,16,13,-12.709059,30.275871,3.450436,0.734611,1.201018,0
6,16,13,-11.367247,30.275871,3.450436,0.020901,1.001178,0
7,16,13,-10.025436,30.275871,3.450436,0.000004,1.002409,1
8,16,13,-8.683624,30.275871,3.450436,0.000000,1.002408,1
9,16,13,-7.341812,30.275871,3.450436,0.000000,1.002408,1
10,16,13,-6.000000,30.275871,3.450436,0.000000,1.002408,1
11,16,13,-4.658188,30.275871,3.450436,0.000000,1.002408,1
12,16,13,-3.316376,30.275871,3.450436,0.000000,1.002408,1
13,16,13,-1.974564,30.275871,3.450436,0.000000,1.002408,1
14,16,13,-0.632753,30.275871,3.450436,0.000000,1.002408,1
15,16,13,0.709059,30.275871,3.450436,0.000257,1.002426,1
16,16,13,2.050871,30.275871,3.450436,0.318472,1.030541,0
17,16,13,3.392683,30.275871,3.450436,1.191226,1.502794,0
18,16,13,4.734495,30.275871,3.450436,2.144479,2.303424,0
19,16,13,6.076307,30.275871,3.450436,3.160448,3.248738,0
20,16,13,7.418119,30.275871,3.450436,4.226658,4.275794,0
0,17,13,-19.418119,31.617683,3.450436,6.581487,6.588375,0
1,17,13,-18.076307,31.617683,3.450436,5.504863,5.526641,0
2,17,13,-16.734495,31.617683,3.450436,4.469512,4.512270,0
3,17,13,-15.392683,31.617683,3.450436,3.484232,3.558197,0
4,17,13,-14.050871,31.617683,3.450436,2.559870,2.683694,0
5,17,13,-12.709059,31.617683,3.450436,1.709632,1.920992,0
6,17,13,-11.367247,31.617683,3.450436,0.949232,1.331925,0
7,17,13,-10.025436,31.617683,3.450436,0.298586,1.025917,0
8,17,13,-8.683624,31.617683,3.450436,0.004518,1.002732,1
9,17,13,-7.341812,31.617683,3.450436,0.000240,1.002425,1
10,17,13,-6.000000,31.617683,3.450436,0.000014,1.002409,1
11,17,13,-4.658188,31.617683,3.450436,0.000008,1.002409,1
12,17,13,-3.316376,31.617683,3.450436,0.000048,1.002412,1
13,17,13,-1.974564,31.617683,3.450436,0.001552,1.002517,1
14,17,13,-0.632753,31.617683,3.450436,0.062150,1.000027,0
15,17,13,0.709059,31.617683,3.450436,0.614514,1.138903,0
16,17,13,2.050871,31.617683,3.450436,1.324342,1.604608,0
17,17,13,3.392683,31.617683,3.450436,2.132631,2.292757,0
18,17,13,4.734495,31.617683,3.450436,3.022439,3.117718,0
19,17,13,6.076307,31.617683,3.450436,3.979332,4.035742,0
20,17,13,7.418119,31.617683,3.450436,4.991341,5.022455,0
0,18,13,-19.418119,32.959495,3.450436,7.346158,7.345103,0
1,18,13,-18.076307,32.959495,3.450436,6.316893,6.326973,0
2,18,13,-16.734495,32.959495,3.450436,5.332814,5.357522,0
3,18,13,-15.392683,32.959495,3.450436,4.402535,4.446983,0
4,18,13,-14.050871,32.959495,3.450436,3.536323,3.608218,0
5,18,13,-12.709059,32.959495,3.450436,2.746218,2.857465,0
6,18,13,-11.367247,32.959495,3.450436,2.045959,2.215085,0
7,18,13,-10.025436,32.959495,3.450436,1.450605,1.705169,0
8,18,13,-8.683624,32.959495,3.450436,0.975696,1.349552,0
9,18,13,-7.341812,32.959495,3.450436,0.635888,1.149285,0
10,18,13,-6.000000,32.959495,3.450436,0.443211,1.067568,0
11,18,13,-4.658188,32.959495,3.450436,0.404928,1.054774,0
12,18,13,-3.316376,32.959495,3.450436,0.522400,1.097801,0
13,18,13,-1.974564,32.959495,3.450436,0.791301,1.233319,0
14,18,13,-0.632753,32.959495,3.450436,1.201652,1.510593,0
15,18,13,0.709059,32.959495,3.450436,1.739849,1.946856,0
16,18,13,2.050871,32.959495,3.450436,2.390587,2.527390,0
17,18,13,3.392683,32.959495,3.450436,3.138434,3.227799,0
18,18,13,4.734495,32.959495,3.450436,3.968928,4.025663,0
19,18,13,6.076307,32.959495,3.450436,4.869172,4.902793,0
20,18,13,7.418119,32.959495,3.450436,5.828036,5.844772,0
0,19,13,-19.418119,34.301307,3.450436,8.174040,8.166055,0
1,19,13,-18.076307,34.301307,3.450436,7.191445,7.191862,0
2,19,13,-16.734495,34.301307,3.450436,6.257049,6.267890,0
3,19,13,-15.392683,34.301307,3.450436,5.379059,5.402962,0
4,19,13,-14.050871,34.301307,3.450436,4.566966,4.607352,0
5,19,13,-12.709059,34.301307,3.450436,3.831534,3.892725,0
6,19,13,-11.367247,34.301307,3.450436,3.184615,3.271740,0
7,19,13,-10.025436,34.301307,3.450436,2.638729,2.757030,0
8,19,13,-8.683624,34.301307,3.450436,2.206323,2.359289,0
9,19,13,-7.341812,34.301307,3.450436,1.898738,2.084781,0
10,19,13,-6.000000,34.301307,3.450436,1.724964,1.934099,0
11,19,13,-4.658188,34.301307,3.450436,1.690459,1.904648,0
12,19,13,-3.316376,34.301307,3.450436,1.796344,1.995539,0
13,19,13,-1.974564,34.301307,3.450436,2.039221,2.209076,0
14,19,13,-0.632753,34.301307,3.450436,2.411700,2.546793,0
15,19,13,0.709059,34.301307,3.450436,2.903436,3.005246,0
16,19,13,2.050871,34.301307,3.450436,3.502377,3.575615,0
17,19,13,3.392683,34.301307,3.450436,4.195928,4.245922,0
18,19,13,4.734495,34.301307,3.450436,4.971836,5.003342,0
19,19,13,6.076307,34.301307,3.450436,5.818769,5.835642,0
20,19,13,7.418119,34.301307,3.450436,6.726601,6.731843,0
0,20,13,-19.418119,35.643119,3.450436,9.057344,9.043358,0
1,20,13,-18.076307,35.643119,3.450436,8.119983,8.112407,0
2,20,13,-16.734495,35.643119,3.450436,7.233000,7.233015,0
3,20,13,-15.392683,35.643119,3.450436,6.404059,6.413059,0
4,20,13,-14.050871,35.643119,3.450436,5.641789,5.661361,0
5,20,13,-12.709059,35.643119,3.450436,4.955695,4.987528,0
6,20,13,-11.367247,35.643119,3.450436,4.355931,4.401585,0
7,20,13,-10.025436,35.643119,3.450436,3.852895,3.913373,0
8,20,13,-8.683624,35.643119,3.450436,3.456626,3.531712,0
9,20,13,-7.341812,35.643119,3.450436,3.176023,3.263560,0
10,20,13,-6.000000,35.643119,3.450436,3.017990,3.113505,0
11,20,13,-4.658188,35.643119,3.450436,2.986656,3.083847,0
12,20,13,-3.316376,35.643119,3.450436,3.082860,3.175006,0
13,20,13,-1.974564,35.643119,3.450436,3.304046,3.385652,0
14,20,13,-0.632753,35.643119,3.450436,3.644586,3.712362,0
15,20,13,0.709059,35.643119,3.450436,4.096454,4.149313,0
16,20,13,2.050871,35.643119,3.450436,4.650064,4.688504,0
17,20,13,3.392683,35.643119,3.450436,5.295108,5.320483,0
18,20,13,4.734495,35.643119,3.450436,6.021247,6.035224,0
19,20,13,6.076307,35.643119,3.450436,6.818620,6.822855,0
20,20,13,7.418119,35.643119,3.450436,7.678151,7.674138,0
0,0,14,-19.418119,8.806881,4.792247,9.032110,9.018279,0
1,0,14,-18.076307,8.806881,4.792247,8.093516,8.086143,0
2,0,14,-16.734495,8.806881,4.792247,7.205250,7.205533,0
3,0,14,-15.392683,8.806881,4.792247,6.374992,6.384349,0
4,0,14,-14.050871,8.806881,4.792247,5.611395,5.631448,0
5,0,14,-12.709059,8.806881,4.792247,4.923999,4.956479,0
6,0,14,-11.367247,8.806881,4.792247,4.323001,4.369524,0
7,0,14,-10.025436,8.806881,4.792247,3.818855,3.880473,0
8,0,14,-8.683624,8.806881,4.792247,3.421656,3.498187,0
9,0,14,-7.341812,8.806881,4.792247,3.140364,3.229634,0
10,0,14,-6.000000,8.806881,4.792247,2.981931,3.079378,0
11,0,14,-4.658188,8.806881,4.792247,2.950516,3.049682,0
12,0,14,-3.316376,8.806881,4.792247,3.046966,3.140959,0
13,0,14,-1.974564,8.806881,4.792247,3.268704,3.351903,0
14,0,14,-0.632753,8.806881,4.792247,3.610063,3.679127,0
15,0,14,0.709059,8.806881,4.792247,4.062961,4.116815,0
16,0,14,2.050871,8.806881,4.792247,4.617752,4.656939,0
17,0,14,3.392683,8.806881,4.792247,5.264069,5.290001,0
18,0,14,4.734495,8.806881,4.792247,5.991528,6.005919,0
19,0,14,6.076307,8.806881,4.792247,6.790227,6.794770,0
20,0,14,7.418119,8.806881,4.792247,7.651060,7.647278,0
0,1,14,-19.418119,10.148693,4.792247,8.179009,8.170986,0
1,1,14,-18.076307,10.148693,4.792247,7.196681,7.197046,0
2,1,14,-16.734495,10.148693,4.792247,6.262567,6.273336,0
3,1,14,-15.392683,10.148693,4.792247,5.384871,5.408673,0
4,1,14,-14.050871,10.148693,4.792247,4.573079,4.613319,0
5,1,14,-12.709059,10.148693,4.792247,3.837948,3.898924,0
6,1,14,-11.367247,10.148693,4.792247,3.191320,3.278124,0
7,1,14,-10.025436,10.148693,4.792247,2.645699,2.763527,0
8,1,14,-8.683624,10.148693,4.792247,2.213521,2.365810,0
9,1,14,-7.341812,10.148693,4.792247,1.906106,2.091249,0
10,1,14,-6.000000,10.148693,4.792247,1.732431,1.940495,0
11,1,14,-4.658188,10.148693,4.792247,1.697947,1.911025,0
12,1,14,-3.316376,10.148693,4.792247,1.803770,2.001969,0
13,1,14,-1.974564,10.148693,4.792247,2.046510,2.215578,0
14,1,14,-0.632753,10.148693,4.792247,2.418788,2.553314,0
15,1,14,0.709059,10.148693,4.792247,2.910275,3.011696,0
16,1,14,2.050871,10.148693,4.792247,3.508936,3.581912,0
17,1,14,3.392683,10.148693,4.792247,4.202189,4.252007,0
18,1,14,4.734495,10.148693,4.792247,4.977795,5.009181,0
19,1,14,6.076307,10.148693,4.792247,5.824430,5.841219,0
20,1,14,7.418119,10.148693,4.792247,6.731973,6.737156,0
0,2,14,-19.418119,11.490505,4.792247,7.384062,7.382656,0
1,2,14,-18.076307,11.490505,4.792247,6.357034,6.366613,0
2,2,14,-16.734495,11.490505,4.792247,5.375354,5.399321,0
3,2,14,-15.392683,11.490505,4.792247,4.447622,4.490927,0
4,2,14,-14.050871,11.490505,4.792247,3.584072,3.654121,0
5,2,14,-12.709059,11.490505,4.792247,2.796684,2.904794,0
6,2,14,-11.367247,11.490505,4.792247,2.099104,2.262634,0
7,2,14,-10.025436,11.490505,4.792247,1.506263,1.750555,0
8,2,14,-8.683624,11.490505,4.792247,1.033535,1.389053,0
9,2,14,-7.341812,11.490505,4.792247,0.695412,1.179760,0
10,2,14,-6.000000,11.490505,4.792247,0.503884,1.090292,0
11,2,14,-4.658188,11.490505,4.792247,0.465902,1.075722,0
12,2,14,-3.316376,11.490505,4.792247,0.582554,1.123957,0
13,2,14,-1.974564,11.490505,4.792247,0.850035,1.268590,0
14,2,14,-0.632753,11.490505,4.792247,1.258432,1.553605,0
15,2,14,0.709059,11.490505,4.792247,1.794258,1.993734,0
16,2,14,2.050871,11.490505,4.792247,2.442380,2.575037,0
17,2,14,3.392683,11.490505,4.792247,3.187514,3.274499,0
18,2,14,4.734495,11.490505,4.792247,4.015309,4.070607,0
19,2,14,6.076307,11.490505,4.792247,4.912945,4.945653,0
20,2,14,7.418119,11.490505,4.792247,5.869334,5.885466,0
0,3,14,-19.418119,12.832317,4.792247,6.655088,6.661133,0
1,3,14,-18.076307,12.832317,4.792247,5.583217,5.603720,0
2,3,14,-16.734495,12.832317,4.792247,4.553053,4.593771,0
3,3,14,-15.392683,12.832317,4.792247,3.573387,3.643845,0
4,3,14,-14.050871,12.832317,4.792247,2.655023,2.772221,0
5,3,14,-12.709059,12.832317,4.792247,1.811056,2.008285,0
6,3,14,-11.367247,12.832317,4.792247,1.057007,1.405445,0
7,3,14,-10.025436,12.832317,4.792247,0.411632,1.056925,0
8,3,14,-8.683624,12.832317,4.792247,0.024791,1.000997,0
9,3,14,-7.341812,12.832317,4.792247,0.000169,1.002397,1
10,3,14,-6.000000,12.832317,4.792247,0.000004,1.002408,1
11,3,14,-4.658188,12.832317,4.792247,0.000002,1.002408,1
12,3,14,-3.316376,12.832317,4.792247,0.000020,1.002407,1
13,3,14,-1.974564,12.832317,4.792247,0.002164,1.002261,1
14,3,14,-0.632753,12.832317,4.792247,0.158528,1.003960,0
15,3,14,0.709059,12.832317,4.792247,0.725330,1.195903,0
16,3,14,2.050871,12.832317,4.792247,1.428889,1.687627,0
17,3,14,3.392683,12.832317,4.792247,2.230835,2.381513,0
18,3,14,4.734495,12.832317,4.792247,3.114493,3.205044,0
19,3,14,6.076307,12.832317,4.792247,4.065575,4.119351,0
20,3,14,7.418119,12.832317,4.792247,5.072185,5.101706,0
0,4,14,-19.418119,14.174129,4.792247,6.000530,6.014795,0
1,4,14,-18.076307,14.174129,4.792247,4.884801,4.918094,0
2,4,14,-16.734495,14.174129,4.792247,3.806416,3.868455,0
3,4,14,-15.392683,14.174129,4.792247,2.774092,2.883593,0
4,4,14,-14.050871,14.174129,4.792247,1.798902,1.997753,0
5,4,14,-12.709059,14.174129,4.792247,0.894803,1.296617,0
6,4,14,-11.367247,14.174129,4.792247,0.114196,1.001001,0
7,4,14,-10.025436,14.174129,4.792247,0.000021,1.002407,1
8,4,14,-8.683624,14.174129,4.792247,0.000000,1.002408,1
9,4,14,-7.341812,14.174129,4.792247,0.000000,1.002408,1
10,4,14,-6.000000,14.174129,4.792247,0.000000,1.002408,1
11,4,14,-4.658188,14.174129,4.792247,0.000000,1.002408,1
12,4,14,-3.316376,14.174129,4.792247,0.000000,1.002408,1
13,4,14,-1.974564,14.174129,4.792247,0.000000,1.002408,1
14,4,14,-0.632753,14.174129,4.792247,0.000000,1.002408,1
15,4,14,0.709059,14.174129,4.792247,0.003474,1.002174,1
16,4,14,2.050871,14.174129,4.792247,0.482897,1.082101,0
17,4,14,3.392683,14.174129,4.792247,1.345546,1.621244,0
18,4,14,4.734495,14.174129,4.792247,2.287808,2.433337,0
19,4,14,6.076307,14.174129,4.792247,3.293657,3.375727,0
20,4,14,7.418119,14.174129,4.792247,4.350671,4.396463,0
0,5,14,-19.418119,15.515941,4.792247,5.429237,5.452280,0
1,5,14,-18.076307,15.515941,4.792247,4.272071,4.319961,0
2,5,14,-16.734495,15.515941,4.792247,3.147352,3.236280,0
3,5,14,-15.392683,15.515941,4.792247,2.063404,2.230666,0
4,5,14,-14.050871,15.515941,4.792247,1.031173,1.387414,0
5,5,14,-12.709059,15.515941,4.792247,0.104854,1.000627,0
6,5,14,-11.367247,15.515941,4.792247,0.000001,1.002408,1
7,5,14,-10.025436,15.515941,4.792247,0.000000,1.002408,1
8,5,14,-8.683624,15.515941,4.792247,0.000000,1.002408,1
9,5,14,-7.341812,15.515941,4.792247,0.000000,1.002408,1
10,5,14,-6.000000,15.515941,4.792247,0.000000,1.002408,1
11,5,14,-4.658188,15.515941,4.792247,0.000000,1.002408,1
12,5,14,-3.316376,15.515941,4.792247,0.000000,1.002408,1
13,5,14,-1.974564,15.515941,4.792247,0.000000,1.002408,1
14,5,14,-0.632753,15.515941,4.792247,0.000000,1.002408,1
15,5,14,0.709059,15.515941,4.792247,0.000000,1.002408,1
16,5,14,2.050871,15.515941,4.792247,0.000966,1.002342,1
17,5,14,3.392683,15.515941,4.792247,0.548178,1.108686,0
18,5,14,4.734495,15.515941,4.792247,1.549808,1.786469,0
19,5,14,6.076307,15.515941,4.792247,2.609948,2.730229,0
20,5,14,7.418119,15.515941,4.792247,3.715853,3.781043,0
0,6,14,-19.418119,16.857753,4.792247,4.950107,4.982053,0
1,6,14,-18.076307,16.857753,4.792247,3.755642,3.819430,0
2,6,14,-16.734495,16.857753,4.792247,2.588526,2.710307,0
3,6,14,-15.392683,16.857753,4.792247,1.456392,1.709859,0
4,6,14,-14.050871,16.857753,4.792247,0.371408,1.044596,0
5,6,14,-12.709059,16.857753,4.792247,0.000013,1.002408,1
6,6,14,-11.367247,16.857753,4.792247,0.000000,1.002408,1
7,6,14,-10.025436,16.857753,4.792247,0.000000,1.002408,1
8,6,14,-8.683624,16.857753,4.792247,0.000000,1.002408,1
9,6,14,-7.341812,16.857753,4.792247,0.000000,1.002408,1
10,6,14,-6.000000,16.857753,4.792247,0.000000,1.002408,1
11,6,14,-4.658188,16.857753,4.792247,0.000000,1.002408,1
12,6,14,-3.316376,16.857753,4.792247,0.000000,1.002408,1
13,6,14,-1.974564,16.857753,4.792247,0.000000,1.002408,1
14,6,14,-0.632753,16.857753,4.792247,0.000000,1.002408,1
15,6,14,0.709059,16.857753,4.792247,0.000000,1.002408,1
16,6,14,2.050871,16.857753,4.792247,0.000000,1.002408,1
17,6,14,3.392683,16.857753,4.792247,0.018255,1.001309,0
18,6,14,4.734495,16.857753,4.792247,0.916862,1.310768,0
19,6,14,6.076307,16.857753,4.792247,2.028249,2.199298,0
20,6,14,7.418119,16.857753,4.792247,3.179308,3.266687,0
0,7,14,-19.418119,18.199564,4.792247,4.571602,4.611877,0
1,7,14,-18.076307,18.199564,4.792247,3.345852,3.425615,0
2,7,14,-16.734495,18.199564,4.792247,2.142642,2.301770,0
3,7,14,-15.392683,18.199564,4.792247,0.968721,1.344878,0
4,7,14,-14.050871,18.199564,4.792247,0.014110,1.001530,0
5,7,14,-12.709059,18.199564,4.792247,0.000000,1.002408,1
6,7,14,-11.367247,18.199564,4.792247,0.000000,1.002408,1
7,7,14,-10.025436,18.199564,4.792247,0.000000,1.002408,1
8,7,14,-8.683624,18.199564,4.792247,0.000000,1.002408,1
9,7,14,-7.341812,18.199564,4.792247,0.000000,1.002408,1
10,7,14,-6.000000,18.199564,4.792247,0.000000,1.002408,1
11,7,14,-4.658188,18.199564,4.792247,0.000000,1.002408,1
12,7,14,-3.316376,18.199564,4.792247,0.000000,1.002408,1
13,7,14,-1.974564,18.199564,4.792247,0.000000,1.002408,1
14,7,14,-0.632753,18.199564,4.792247,0.000000,1.002408,1
15,7,14,0.709059,18.199564,4.792247,0.000000,1.002408,1
16,7,14,2.050871,18.199564,4.792247,0.000000,1.002408,1
17,7,14,3.392683,18.199564,4.792247,0.000006,1.002408,1
18,7,14,4.734495,18.199564,4.792247,0.407500,1.055595,0
19,7,14,6.076307,18.199564,4.792247,1.562637,1.797114,0
20,7,14,7.418119,18.199564,4.792247,2.752468,2.863321,0
0,8,14,-19.418119,19.541376,4.792247,4.301146,4.348251,0
1,8,14,-18.076307,19.541376,4.792247,3.051975,3.145708,0
2,8,14,-16.734495,19.541376,4.792247,1.821408,2.017268,0
3,8,14,-15.392683,19.541376,4.792247,0.615415,1.139334,0
4,8,14,-14.050871,19.541376,4.792247,0.000065,1.002404,1
5,8,14,-12.709059,19.541376,4.792247,0.000000,1.002408,1
6,8,14,-11.367247,19.541376,4.792247,0.000000,1.002408,1
7,8,14,-10.025436,19.541376,4.792247,0.000000,1.002408,1
8,8,14,-8.683624,19.541376,4.792247,0.000000,1.002408,1
9,8,14,-7.341812,19.541376,4.792247,0.000000,1.002408,1
10,8,14,-6.000000,19.541376,4.792247,0.000000,1.002408,1
11,8,14,-4.658188,19.541376,4.792247,0.000000,1.002408,1
12,8,14,-3.316376,19.541376,4.792247,0.000000,1.002408,1
13,8,14,-1.974564,19.541376,4.792247,0.000000,1.002408,1
14,8,14,-0.632753,19.541376,4.792247,0.000000,1.002408,1
15,8,14,0.709059,19.541376,4.792247,0.000000,1.002408,1
16,8,14,2.050871,19.541376,4.792247,0.000000,1.002408,1
17,8,14,3.392683,19.541376,4.792247,0.000000,1.002408,1
18,8,14,4.734495,19.541376,4.792247,0.085822,1.000134,0
19,8,14,6.076307,19.541376,4.792247,1.226284,1.529142,0
20,8,14,7.418119,19.541376,4.792247,2.445713,2.578109,0
0,9,14,-19.418119,20.883188,4.792247,4.144496,4.195955,0
1,9,14,-18.076307,20.883188,4.792247,2.881326,2.984405,0
2,9,14,-16.734495,20.883188,4.792247,1.634266,1.857058,0
3,9,14,-15.392683,20.883188,4.792247,0.409676,1.056294,0
4,9,14,-14.050871,20.883188,4.792247,0.000001,1.002408,1
5,9,14,-12.709059,20.883188,4.792247,0.000000,1.002408,1
6,9,14,-11.367247,20.883188,4.792247,0.000000,1.002408,1
7,9,14,-10.025436,20.883188,4.792247,0.000000,1.002408,1
8,9,14,-8.683624,20.883188,4.792247,0.000000,1.002408,1
9,9,14,-7.341812,20.883188,4.792247,0.000000,1.002408,1
10,9,14,-6.000000,20.883188,4.792247,0.000000,1.002408,1
11,9,14,-4.658188,20.883188,4.792247,0.000000,1.002408,1
12,9,14,-3.316376,20.883188,4.792247,0.000000,1.002408,1
13,9,14,-1.974564,20.883188,4.792247,0.000000,1.002408,1
14,9,14,-0.632753,20.883188,4.792247,0.000000,1.002408,1
15,9,14,0.709059,20.883188,4.792247,0.000000,1.002408,1
16,9,14,2.050871,20.883188,4.792247,0.000000,1.002408,1
17,9,14,3.392683,20.883188,4.792247,0.000000,1.002408,1
18,9,14,4.734495,20.883188,4.792247,0.011556,1.001674,0
19,9,14,6.076307,20.883188,4.792247,1.029958,1.386572,0
20,9,14,7.418119,20.883188,4.792247,2.267321,2.414675,0
0,10,14,-19.418119,22.225000,4.792247,4.105172,4.157774,0
1,10,14,-18.076307,22.225000,4.792247,2.838436,2.944029,0
2,10,14,-16.734495,22.225000,4.792247,1.587157,1.817539,0
3,10,14,-15.392683,22.225000,4.792247,0.358390,1.040908,0
4,10,14,-14.050871,22.225000,4.792247,0.000000,1.002408,1
5,10,14,-12.709059,22.225000,4.792247,0.000000,1.002408,1
6,10,14,-11.367247,22.225000,4.792247,0.000000,1.002408,1
7,10,14,-10.025436,22.225000,4.792247,0.000000,1.002408,1
8,10,14,-8.683624,22.225000,4.792247,0.000000,1.002408,1
9,10,14,-7.341812,22.225000,4.792247,0.000000,1.002408,1
10,10,14,-6.000000,22.225000,4.792247,0.000000,1.002408,1
11,10,14,-4.658188,22.225000,4.792247,0.000000,1.002408,1
12,10,14,-3.316376,22.225000,4.792247,0.000000,1.002408,1
13,10,14,-1.974564,22.225000,4.792247,0.000000,1.002408,1
14,10,14,-0.632753,22.225000,4.792247,0.000000,1.002408,1
15,10,14,0.709059,22.225000,4.792247,0.000000,1.002408,1
16,10,14,2.050871,22.225000,4.792247,0.000000,1.002408,1
17,10,14,3.392683,22.225000,4.792247,0.000000,1.002408,1
18,10,14,4.734495,22.225000,4.792247,0.005899,1.002017,1
19,10,14,6.076307,22.225000,4.792247,0.980491,1.352776,0
20,10,14,7.418119,22.225000,4.792247,2.222453,2.373908,0
0,11,14,-19.418119,23.566812,4.792247,4.184079,4.234407,0
1,11,14,-18.076307,23.566812,4.792247,2.924477,3.025096,0
2,11,14,-16.734495,23.566812,4.792247,1.681631,1.897140,0
3,11,14,-15.392683,23.566812,4.792247,0.461528,1.074118,0
4,11,14,-14.050871,23.566812,4.792247,0.000003,1.002408,1
5,11,14,-12.709059,23.566812,4.792247,0.000000,1.002408,1
6,11,14,-11.367247,23.566812,4.792247,0.000000,1.002408,1
7,11,14,-10.025436,23.566812,4.792247,0.000000,1.002408,1
8,11,14,-8.683624,23.566812,4.792247,0.000000,1.002408,1
9,11,14,-7.341812,23.566812,4.792247,0.000000,1.002408,1
10,11,14,-6.000000,23.566812,4.792247,0.000000,1.002408,1
11,11,14,-4.658188,23.566812,4.792247,0.000000,1.002408,1
12,11,14,-3.316376,23.566812,4.792247,0.000000,1.002408,1
13,11,14,-1.974564,23.566812,4.792247,0.000000,1.002408,1
14,11,14,-0.632753,23.566812,4.792247,0.000000,1.002408,1
15,11,14,0.709059,23.566812,4.792247,0.000000,1.002408,1
16,11,14,2.050871,23.566812,4.792247,0.000000,1.002408,1
17,11,14,3.392683,23.566812,4.792247,0.000000,1.002408,1
18,11,14,4.734495,23.566812,4.792247,0.020430,1.001201,0
19,11,14,6.076307,23.566812,4.792247,1.079675,1.421465,0
20,11,14,7.418119,23.566812,4.792247,2.312449,2.455823,0
0,12,14,-19.418119,24.908624,4.792247,4.379409,4.424453,0
1,12,14,-18.076307,24.908624,4.792247,3.137111,3.226542,0
2,12,14,-16.734495,24.908624,4.792247,1.914602,2.098714,0
3,12,14,-15.392683,24.908624,4.792247,0.718056,1.191929,0
4,12,14,-14.050871,24.908624,4.792247,0.000283,1.002389,1
5,12,14,-12.709059,24.908624,4.792247,0.000000,1.002408,1
6,12,14,-11.367247,24.908624,4.792247,0.000000,1.002408,1
7,12,14,-10.025436,24.908624,4.792247,0.000000,1.002408,1
8,12,14,-8.683624,24.908624,4.792247,0.000000,1.002408,1
9,12,14,-7.341812,24.908624,4.792247,0.000000,1.002408,1
10,12,14,-6.000000,24.908624,4.792247,0.000000,1.002408,1
11,12,14,-4.658188,24.908624,4.792247,0.000000,1.002408,1
12,12,14,-3.316376,24.908624,4.792247,0.000000,1.002408,1
13,12,14,-1.974564,24.908624,4.792247,0.000000,1.002408,1
14,12,14,-0.632753,24.908624,4.792247,0.000000,1.002408,1
15,12,14,0.709059,24.908624,4.792247,0.000000,1.002408,1
16,12,14,2.050871,24.908624,4.792247,0.000000,1.002408,1
17,12,14,3.392683,24.908624,4.792247,0.000000,1.002408,1
18,12,14,4.734495,24.908624,4.792247,0.161662,1.004243,0
19,12,14,6.076307,24.908624,4.792247,1.323947,1.604298,0
20,12,14,7.418119,24.908624,4.792247,2.534638,2.660296,0
0,13,14,-19.418119,26.250436,4.792247,4.686838,4.724438,0
1,13,14,-18.076307,26.250436,4.792247,3.470793,3.545301,0
2,13,14,-16.734495,26.250436,4.792247,2.278832,2.425157,0
3,13,14,-15.392683,26.250436,4.792247,1.118012,1.448962,0
4,13,14,-14.050871,26.250436,4.792247,0.063126,1.000020,0
5,13,14,-12.709059,26.250436,4.792247,0.000000,1.002408,1
6,13,14,-11.367247,26.250436,4.792247,0.000000,1.002408,1
7,13,14,-10.025436,26.250436,4.792247,0.000000,1.002408,1
8,13,14,-8.683624,26.250436,4.792247,0.000000,1.002408,1
9,13,14,-7.341812,26.250436,4.792247,0.000000,1.002408,1
10,13,14,-6.000000,26.250436,4.792247,0.000000,1.002408,1
11,13,14,-4.658188,26.250436,4.792247,0.000000,1.002408,1
12,13,14,-3.316376,26.250436,4.792247,0.000000,1.002408,1
13,13,14,-1.974564,26.250436,4.792247,0.000000,1.002408,1
14,13,14,-0.632753,26.250436,4.792247,0.000000,1.002408,1
15,13,14,0.709059,26.250436,4.792247,0.000000,1.002408,1
16,13,14,2.050871,26.250436,4.792247,0.000000,1.002408,1
17,13,14,3.392683,26.250436,4.792247,0.000049,1.002405,1
18,13,14,4.734495,26.250436,4.792247,0.562978,1.115157,0
19,13,14,6.076307,26.250436,4.792247,1.705001,1.917040,0
20,13,14,7.418119,26.250436,4.792247,2.882715,2.985713,0
0,14,14,-19.418119,27.592247,4.792247,5.099982,5.128966,0
1,14,14,-18.076307,27.592247,4.792247,3.917450,3.975819,0
2,14,14,-16.734495,27.592247,4.792247,2.763972,2.874103,0
3,14,14,-15.392683,27.592247,4.792247,1.647441,1.868172,0
4,14,14,-14.050871,27.592247,4.792247,0.578588,1.122152,0
5,14,14,-12.709059,27.592247,4.792247,0.000206,1.002394,1
6,14,14,-11.367247,27.592247,4.792247,0.000000,1.002408,1
7,14,14,-10.025436,27.592247,4.792247,0.000000,1.002408,1
8,14,14,-8.683624,27.592247,4.792247,0.000000,1.002408,1
9,14,14,-7.341812,27.592247,4.792247,0.000000,1.002408,1
10,14,14,-6.000000,27.592247,4.792247,0.000000,1.002408,1
11,14,14,-4.658188,27.592247,4.792247,0.000000,1.002408,1
12,14,14,-3.316376,27.592247,4.792247,0.000000,1.002408,1
13,14,14,-1.974564,27.592247,4.792247,0.000000,1.002408,1
14,14,14,-0.632753,27.592247,4.792247,0.000000,1.002408,1
15,14,14,0.709059,27.592247,4.792247,0.000000,1.002408,1
16,14,14,2.050871,27.592247,4.792247,0.000000,1.002408,1
17,14,14,3.392683,27.592247,4.792247,0.108839,1.000776,0
18,14,14,4.734495,27.592247,4.792247,1.116355,1.447764,0
19,14,14,6.076307,27.592247,4.792247,2.211087,2.363605,0
20,14,14,7.418119,27.592247,4.792247,3.347577,3.427265,0
0,15,14,-19.418119,28.934059,4.792247,5.610996,5.631055,0
1,15,14,-18.076307,28.934059,4.792247,4.467356,4.510168,0
2,15,14,-16.734495,28.934059,4.792247,3.357847,3.437089,0
3,15,14,-15.392683,28.934059,4.792247,2.290961,2.436212,0
4,15,14,-14.050871,28.934059,4.792247,1.277735,1.568427,0
5,15,14,-12.709059,28.934059,4.792247,0.334446,1.034517,0
6,15,14,-11.367247,28.934059,4.792247,0.000027,1.002410,1
7,15,14,-10.025436,28.934059,4.792247,0.000000,1.002408,1
8,15,14,-8.683624,28.934059,4.792247,0.000000,1.002408,1
9,15,14,-7.341812,28.934059,4.792247,0.000000,1.002408,1
10,15,14,-6.000000,28.934059,4.792247,0.000000,1.002408,1
11,15,14,-4.658188,28.934059,4.792247,0.000000,1.002408,1
12,15,14,-3.316376,28.934059,4.792247,0.000000,1.002408,1
13,15,14,-1.974564,28.934059,4.792247,0.000000,1.002408,1
14,15,14,-0.632753,28.934059,4.792247,0.000000,1.002408,1
15,15,14,0.709059,28.934059,4.792247,0.000000,1.002408,1
16,15,14,2.050871,28.934059,4.792247,0.022470,1.001103,0
17,15,14,3.392683,28.934059,4.792247,0.804539,1.241113,0
18,15,14,4.734495,28.934059,4.792247,1.786445,1.986979,0
19,15,14,6.076307,28.934059,4.792247,2.828572,2.934754,0
20,15,14,7.418119,28.934059,4.792247,3.918377,3.976716,0
0,16,14,-19.418119,30.275871,4.792247,6.211212,6.222644,0
1,16,14,-18.076307,30.275871,4.792247,5.109999,5.138791,0
2,16,14,-16.734495,30.275871,4.792247,4.047665,4.101979,0
3,16,14,-15.392683,30.275871,4.792247,3.032986,3.127710,0
4,16,14,-14.050871,30.275871,4.792247,2.076984,2.242813,0
5,16,14,-12.709059,30.275871,4.792247,1.193367,1.504393,0
6,16,14,-11.367247,30.275871,4.792247,0.399612,1.053095,0
7,16,14,-10.025436,30.275871,4.792247,0.000183,1.002396,1
8,16,14,-8.683624,30.275871,4.792247,0.000003,1.002409,1
9,16,14,-7.341812,30.275871,4.792247,0.000000,1.002408,1
10,16,14,-6.000000,30.275871,4.792247,0.000000,1.002408,1
11,16,14,-4.658188,30.275871,4.792247,0.000000,1.002408,1
12,16,14,-3.316376,30.275871,4.792247,0.000000,1.002408,1
13,16,14,-1.974564,30.275871,4.792247,0.000000,1.002408,1
14,16,14,-0.632753,30.275871,4.792247,0.000085,1.002414,1
15,16,14,0.709059,30.275871,4.792247,0.085398,1.000127,0
16,16,14,2.050871,30.275871,4.792247,0.791354,1.233350,0
17,16,14,3.392683,30.275871,4.792247,1.633540,1.856446,0
18,16,14,4.734495,30.275871,4.792247,2.555931,2.680039,0
19,16,14,6.076307,30.275871,4.792247,3.543362,3.614982,0
20,16,14,7.418119,30.275871,4.792247,4.583545,4.623537,0
0,17,14,-19.418119,31.617683,4.792247,6.891699,6.895153,0
1,17,14,-18.076307,31.617683,4.792247,5.834819,5.851455,0
2,17,14,-16.734495,31.617683,4.792247,4.820953,4.855597,0
3,17,14,-15.392683,31.617683,4.792247,3.858854,3.919135,0
4,17,14,-14.050871,31.617683,4.792247,2.959162,3.057852,0
5,17,14,-12.709059,31.617683,4.792247,2.134620,2.294546,0
6,17,14,-11.367247,31.617683,4.792247,1.400118,1.664539,0
7,17,14,-10.025436,31.617683,4.792247,0.772402,1.222353,0
8,17,14,-8.683624,31.617683,4.792247,0.271819,1.020272,0
9,17,14,-7.341812,31.617683,4.792247,0.011327,1.001687,0
10,17,14,-6.000000,31.617683,4.792247,0.004124,1.002703,1
11,17,14,-4.658188,31.617683,4.792247,0.003300,1.002642,1
12,17,14,-3.316376,31.617683,4.792247,0.004209,1.002709,1
13,17,14,-1.974564,31.617683,4.792247,0.097377,1.000390,0
14,17,14,-0.632753,31.617683,4.792247,0.509039,1.092356,0
15,17,14,0.709059,31.617683,4.792247,1.077773,1.420114,0
16,17,14,2.050871,31.617683,4.792247,1.762077,1.965960,0
17,17,14,3.392683,31.617683,4.792247,2.544440,2.669381,0
18,17,14,4.734495,31.617683,4.792247,3.408997,3.486059,0
19,17,14,6.076307,31.617683,4.792247,4.341940,4.387962,0
20,17,14,7.418119,31.617683,4.792247,5.331618,5.356348,0
0,18,14,-19.418119,32.959495,4.792247,7.643711,7.639993,0
1,18,14,-18.076307,32.959495,4.792247,6.631736,6.638046,0
2,18,14,-16.734495,32.959495,4.792247,5.666158,5.685349,0
3,18,14,-15.392683,32.959495,4.792247,4.755461,4.791528,0
4,18,14,-14.050871,32.959495,4.792247,3.909644,3.968265,0
5,18,14,-12.709059,32.959495,4.792247,3.140282,3.229556,0
6,18,14,-11.367247,32.959495,4.792247,2.460402,2.591654,0
7,18,14,-10.025436,32.959495,4.792247,1.884080,2.071931,0
8,18,14,-8.683624,32.959495,4.792247,1.425630,1.685003,0
9,18,14,-7.341812,32.959495,4.792247,1.098359,1.434804,0
10,18,14,-6.000000,32.959495,4.792247,0.913004,1.308277,0
11,18,14,-4.658188,32.959495,4.792247,0.876159,1.284829,0
12,18,14,-3.316376,32.959495,4.792247,0.989183,1.358645,0
13,18,14,-1.974564,32.959495,4.792247,1.247959,1.545604,0
14,18,14,-0.632753,32.959495,4.792247,1.643605,1.864933,0
15,18,14,0.709059,32.959495,4.792247,2.163868,2.320906,0
16,18,14,2.050871,32.959495,4.792247,2.794748,2.902976,0
17,18,14,3.392683,32.959495,4.792247,3.521924,3.594385,0
18,18,14,4.734495,32.959495,4.792247,4.331780,4.378070,0
19,18,14,6.076307,32.959495,4.792247,5.212000,5.238880,0
20,18,14,7.418119,32.959495,4.792247,6.151809,6.164020,0
0,19,14,-19.418119,34.301307,4.792247,8.458997,8.448939,0
1,19,14,-18.076307,34.301307,4.792247,7.491476,7.489095,0
2,19,14,-16.734495,34.301307,4.792247,6.572960,6.579946,0
3,19,14,-15.392683,34.301307,4.792247,5.711486,5.729975,0
4,19,14,-14.050871,34.301307,4.792247,4.916268,4.948907,0
5,19,14,-12.709059,34.301307,4.792247,4.197648,4.247594,0
6,19,14,-11.367247,34.301307,4.792247,3.566897,3.637605,0
7,19,14,-10.025436,34.301307,4.792247,3.035791,3.130368,0
8,19,14,-8.683624,34.301307,4.792247,2.615919,2.735786,0
9,19,14,-7.341812,34.301307,4.792247,2.317733,2.460650,0
10,19,14,-6.000000,34.301307,4.792247,2.149459,2.307912,0
11,19,14,-4.658188,34.301307,4.792247,2.116064,2.277860,0
12,19,14,-3.316376,34.301307,4.792247,2.218563,2.370381,0
13,19,14,-1.974564,34.301307,4.792247,2.453871,2.585630,0
14,19,14,-0.632753,34.301307,4.792247,2.815247,2.922230,0
15,19,14,0.709059,34.301307,4.792247,3.293193,3.375285,0
16,19,14,2.050871,34.301307,4.792247,3.876545,3.936243,0
17,19,14,3.392683,34.301307,4.792247,4.553516,4.594223,0
18,19,14,4.734495,34.301307,4.792247,5.312518,5.337584,0
19,19,14,6.076307,34.301307,4.792247,6.142716,6.155047,0
20,19,14,7.418119,34.301307,4.792247,7.034329,7.036305,0
0,20,14,-19.418119,35.643119,4.792247,9.329979,9.314369,0
1,20,14,-18.076307,35.643119,4.792247,8.405730,8.396049,0
2,20,14,-16.734495,35.643119,4.792247,7.532362,7.529616,0
3,20,14,-15.392683,35.643119,4.792247,6.717362,6.722707,0
4,20,14,-14.050871,35.643119,4.792247,5.969097,5.983802,0
5,20,14,-12.709059,35.643119,4.792247,5.296712,5.322059,0
6,20,14,-11.367247,35.643119,4.792247,4.709898,4.746978,0
7,20,14,-10.025436,35.643119,4.792247,4.218498,4.267861,0
8,20,14,-8.683624,35.643119,4.792247,3.831941,3.893119,0
9,20,14,-7.341812,35.643119,4.792247,3.558530,3.629560,0
10,20,14,-6.000000,35.643119,4.792247,3.404668,3.481911,0
11,20,14,-4.658188,35.643119,4.792247,3.374171,3.452710,0
12,20,14,-3.316376,35.643119,4.792247,3.467814,3.542444,0
13,20,14,-1.974564,35.643119,4.792247,3.683238,3.749599,0
14,20,14,-0.632753,35.643119,4.792247,4.015232,4.070532,0
15,20,14,0.709059,35.643119,4.792247,4.456331,4.499418,0
16,20,14,2.050871,35.643119,4.792247,4.997562,5.028551,0
17,20,14,3.392683,35.643119,4.792247,5.629203,5.648974,0
18,20,14,4.734495,35.643119,4.792247,6.341431,6.351204,0
19,20,14,6.076307,35.643119,4.792247,7.124793,7.125863,0
20,20,14,7.418119,35.643119,4.792247,7.970522,7.964108,0
0,0,15,-19.418119,8.806881,6.134059,9.393170,9.377197,0
1,0,15,-18.076307,8.806881,6.134059,8.471907,8.461758,0
2,0,15,-16.734495,8.806881,6.134059,7.601631,7.598277,0
3,0,15,-15.392683,8.806881,6.134059,6.789789,6.794337,0
4,0,15,-14.050871,8.806881,6.134059,6.044687,6.058342,0
5,0,15,-12.709059,8.806881,6.134059,5.375390,5.399356,0
6,0,15,-11.367247,8.806881,6.134059,4.791483,4.826762,0
7,0,15,-10.025436,8.806881,6.134059,4.302688,4.349751,0
8,0,15,-8.683624,8.806881,6.134059,3.918299,3.976641,0
9,0,15,-7.341812,8.806881,6.134059,3.646490,3.714195,0
10,0,15,-6.000000,8.806881,6.134059,3.493556,3.567146,0
11,0,15,-4.658188,8.806881,6.134059,3.463245,3.538061,0
12,0,15,-3.316376,8.806881,6.134059,3.556319,3.627435,0
13,0,15,-1.974564,8.806881,6.134059,3.770460,3.833733,0
14,0,15,-0.632753,8.806881,6.134059,4.100548,4.153286,0
15,0,15,0.709059,8.806881,6.134059,4.539239,4.580289,0
16,0,15,2.050871,8.806881,6.134059,5.077695,5.107108,0
17,0,15,3.392683,8.806881,6.134059,5.706323,5.724892,0
18,0,15,4.734495,8.806881,6.134059,6.415413,6.424275,0
19,0,15,6.076307,8.806881,6.134059,7.195607,7.195983,0
20,0,15,7.418119,8.806881,6.134059,8.038205,8.031259,0
0,1,15,-19.418119,10.148693,6.134059,8.555753,8.545023,0
1,1,15,-18.076307,10.148693,6.134059,7.593244,7.589963,0
2,1,15,-16.734495,10.148693,6.134059,6.679988,6.685751,0
3,1,15,-15.392683,10.148693,6.134059,5.823967,5.840763,0
4,1,15,-14.050871,10.148693,6.134059,5.034297,5.064558,0
5,1,15,-12.709059,10.148693,6.134059,4.321181,4.367752,0
6,1,15,-11.367247,10.148693,6.134059,3.695701,3.761613,0
7,1,15,-10.025436,10.148693,6.134059,3.169394,3.257250,0
8,1,15,-8.683624,10.148693,6.134059,2.753574,2.864357,0
9,1,15,-7.341812,10.148693,6.134059,2.458418,2.589824,0
10,1,15,-6.000000,10.148693,6.134059,2.291913,2.437081,0
11,1,15,-4.658188,10.148693,6.134059,2.258875,2.406990,0
12,1,15,-3.316376,10.148693,6.134059,2.360285,2.499589,0
13,1,15,-1.974564,10.148693,6.134059,2.593156,2.714611,0
14,1,15,-0.632753,10.148693,6.134059,2.950948,3.050091,0
15,1,15,0.709059,10.148693,6.134059,3.424427,3.500842,0
16,1,15,2.050871,10.148693,6.134059,4.002707,4.058392,0
17,1,15,3.392683,10.148693,6.134059,4.674261,4.712146,0
18,1,15,4.734495,10.148693,6.134059,5.427716,5.450785,0
19,1,15,6.076307,10.148693,6.134059,6.252400,6.263299,0
20,1,15,7.418119,10.148693,6.134059,7.138649,7.139582,0
0,2,15,-19.418119,11.490505,6.134059,7.776687,7.771845,0
1,2,15,-18.076307,11.490505,6.134059,6.772248,6.776987,0
2,2,15,-16.734495,11.490505,6.134059,5.814697,5.831631,0
3,2,15,-15.392683,11.490505,6.134059,4.912456,4.945174,0
4,2,15,-14.050871,11.490505,6.134059,4.075397,4.128880,0
5,2,15,-12.709059,11.490505,6.134059,3.314890,3.396014,0
6,2,15,-11.367247,11.490505,6.134059,2.643657,2.761623,0
7,2,15,-10.025436,11.490505,6.134059,2.075360,2.241359,0
8,2,15,-8.683624,11.490505,6.134059,1.623809,1.848254,0
9,2,15,-7.341812,11.490505,6.134059,1.301773,1.587019,0
10,2,15,-6.000000,11.490505,6.134059,1.119505,1.450043,0
11,2,15,-4.658188,11.490505,6.134059,1.083285,1.424033,0
12,2,15,-3.316376,11.490505,6.134059,1.194404,1.505168,0
13,2,15,-1.974564,11.490505,6.134059,1.448946,1.703825,0
14,2,15,-0.632753,11.490505,6.134059,1.838442,2.032080,0
15,2,15,0.709059,11.490505,6.134059,2.351166,2.491234,0
16,2,15,2.050871,11.490505,6.134059,2.973647,3.071544,0
17,2,15,3.392683,11.490505,6.134059,3.692025,3.758069,0
18,2,15,4.734495,11.490505,6.134059,4.493044,4.535220,0
19,2,15,6.076307,11.490505,6.134059,5.364639,5.388791,0
20,2,15,7.418119,11.490505,6.134059,6.296199,6.306541,0
0,3,15,-19.418119,12.832317,6.134059,7.063486,7.065168,0
1,3,15,-18.076307,12.832317,6.134059,6.017223,6.031256,0
2,3,15,-16.734495,12.832317,6.134059,5.014844,5.045489,0
3,3,15,-15.392683,12.832317,6.134059,4.065059,4.118850,0
4,3,15,-14.050871,12.832317,6.134059,3.178375,3.265798,0
5,3,15,-12.709059,12.832317,6.134059,2.367270,2.505992,0
6,3,15,-11.367247,12.832317,6.134059,1.646193,1.867118,0
7,3,15,-10.025436,12.832317,6.134059,1.031221,1.387448,0
8,3,15,-8.683624,12.832317,6.134059,0.539435,1.104939,0
9,3,15,-7.341812,12.832317,6.134059,0.198676,1.008316,0
10,3,15,-6.000000,12.832317,6.134059,0.058655,1.000058,0
11,3,15,-4.658188,12.832317,6.134059,0.041795,1.000382,0
12,3,15,-3.316376,12.832317,6.134059,0.106085,1.000671,0
13,3,15,-1.974564,12.832317,6.134059,0.349937,1.038593,0
14,3,15,-0.632753,12.832317,6.134059,0.773485,1.222976,0
15,3,15,0.709059,12.832317,6.134059,1.330235,1.609220,0
16,3,15,2.050871,12.832317,6.134059,2.001349,2.175374,0
17,3,15,3.392683,12.832317,6.134059,2.770213,2.879956,0
18,3,15,4.734495,12.832317,6.134059,3.621509,3.690142,0
19,3,15,6.076307,12.832317,6.134059,4.541774,4.582763,0
20,3,15,7.418119,12.832317,6.134059,5.519549,5.541085,0
0,4,15,-19.418119,14.174129,6.134059,6.424198,6.432952,0
1,4,15,-18.076307,14.174129,6.134059,5.337269,5.361899,0
2,4,15,-16.734495,14.174129,6.134059,4.290640,4.338027,0
3,4,15,-15.392683,14.174129,6.134059,3.293112,3.375207,0
4,4,15,-14.050871,14.174129,6.134059,2.355618,2.495312,0
5,4,15,-12.709059,14.174129,6.134059,1.491584,1.738527,0
6,4,15,-11.367247,14.174129,6.134059,0.717180,1.191453,0
7,4,15,-10.025436,14.174129,6.134059,0.095580,1.000341,0
8,4,15,-8.683624,14.174129,6.134059,0.000195,1.002395,1
9,4,15,-7.341812,14.174129,6.134059,0.000000,1.002408,1
10,4,15,-6.000000,14.174129,6.134059,0.000000,1.002408,1
11,4,15,-4.658188,14.174129,6.134059,0.000000,1.002408,1
12,4,15,-3.316376,14.174129,6.134059,0.000000,1.002408,1
13,4,15,-1.974564,14.174129,6.134059,0.000006,1.002408,1
14,4,15,-0.632753,14.174129,6.134059,0.006710,1.001966,1
15,4,15,0.709059,14.174129,6.134059,0.377270,1.046306,0
16,4,15,2.050871,14.174129,6.134059,1.099405,1.435554,0
17,4,15,3.392683,14.174129,6.134059,1.921674,2.104934,0
18,4,15,4.734495,14.174129,6.134059,2.824978,2.931374,0
19,4,15,6.076307,14.174129,6.134059,3.794571,3.857014,0
20,4,15,7.418119,14.174129,6.134059,4.818338,4.853038,0
0,5,15,-19.418119,15.515941,6.134059,5.867184,5.883347,0
1,5,15,-18.076307,15.515941,6.134059,4.742060,4.778423,0
2,5,15,-16.734495,15.515941,6.134059,3.653238,3.720694,0
3,5,15,-15.392683,15.515941,6.134059,2.609376,2.729697,0
4,5,15,-14.050871,15.515941,6.134059,1.621556,1.846360,0
5,5,15,-12.709059,15.515941,6.134059,0.703904,1.184288,0
6,5,15,-11.367247,15.515941,6.134059,0.021674,1.001140,0
7,5,15,-10.025436,15.515941,6.134059,0.000000,1.002408,1
8,5,15,-8.683624,15.515941,6.134059,0.000000,1.002408,1
9,5,15,-7.341812,15.515941,6.134059,0.000000,1.002408,1
10,5,15,-6.000000,15.515941,6.134059,0.000000,1.002408,1
11,5,15,-4.658188,15.515941,6.134059,0.000000,1.002408,1
12,5,15,-3.316376,15.515941,6.134059,0.000000,1.002408,1
13,5,15,-1.974564,15.515941,6.134059,0.000000,1.002408,1
14,5,15,-0.632753,15.515941,6.134059,0.000000,1.002408,1
15,5,15,0.709059,15.515941,6.134059,0.000178,1.002396,1
16,5,15,2.050871,15.515941,6.134059,0.289164,1.023853,0
17,5,15,3.392683,15.515941,6.134059,1.161640,1.480840,0
18,5,15,4.734495,15.515941,6.134059,2.117029,2.278727,0
19,5,15,6.076307,15.515941,6.134059,3.134958,3.224495,0
20,5,15,7.418119,15.515941,6.134059,4.202945,4.252743,0
0,6,15,-19.418119,16.857753,6.134059,5.400783,5.424312,0
1,6,15,-18.076307,16.857753,6.134059,4.241470,4.290197,0
2,6,15,-16.734495,16.857753,6.134059,3.114328,3.204888,0
3,6,15,-15.392683,16.857753,6.134059,2.027652,2.198766,0
4,6,15,-14.050871,16.857753,6.134059,0.992367,1.360802,0
5,6,15,-12.709059,16.857753,6.134059,0.078963,1.000045,0
6,6,15,-11.367247,16.857753,6.134059,0.000000,1.002408,1
7,6,15,-10.025436,16.857753,6.134059,0.000000,1.002408,1
8,6,15,-8.683624,16.857753,6.134059,0.000000,1.002408,1
9,6,15,-7.341812,16.857753,6.134059,0.000000,1.002408,1
10,6,15,-6.000000,16.857753,6.134059,0.000000,1.002408,1
11,6,15,-4.658188,16.857753,6.134059,0.000000,1.002408,1
12,6,15,-3.316376,16.857753,6.134059,0.000000,1.002408,1
13,6,15,-1.974564,16.857753,6.134059,0.000000,1.002408,1
14,6,15,-0.632753,16.857753,6.134059,0.000000,1.002408,1
15,6,15,0.709059,16.857753,6.134059,0.000000,1.002408,1
16,6,15,2.050871,16.857753,6.134059,0.000519,1.002373,1
17,6,15,3.392683,16.857753,6.134059,0.507893,1.091896,0
18,6,15,4.734495,16.857753,6.134059,1.512599,1.755759,0
19,6,15,6.076307,16.857753,6.134059,2.575625,2.698321,0
20,6,15,7.418119,16.857753,6.134059,3.684100,3.750430,0
0,7,15,-19.418119,18.199564,6.134059,5.032861,5.063151,0
1,7,15,-18.076307,18.199564,6.134059,3.845016,3.905756,0
2,7,15,-16.734495,18.199564,6.134059,2.685474,2.800643,0
3,7,15,-15.392683,18.199564,6.134059,1.562018,1.796600,0
4,7,15,-14.050871,18.199564,6.134059,0.485635,1.083150,0
5,7,15,-12.709059,18.199564,6.134059,0.000102,1.002401,1
6,7,15,-11.367247,18.199564,6.134059,0.000000,1.002408,1
7,7,15,-10.025436,18.199564,6.134059,0.000000,1.002408,1
8,7,15,-8.683624,18.199564,6.134059,0.000000,1.002408,1
9,7,15,-7.341812,18.199564,6.134059,0.000000,1.002408,1
10,7,15,-6.000000,18.199564,6.134059,0.000000,1.002408,1
11,7,15,-4.658188,18.199564,6.134059,0.000000,1.002408,1
12,7,15,-3.316376,18.199564,6.134059,0.000000,1.002408,1
13,7,15,-1.974564,18.199564,6.134059,0.000000,1.002408,1
14,7,15,-0.632753,18.199564,6.134059,0.000000,1.002408,1
15,7,15,0.709059,18.199564,6.134059,0.000000,1.002408,1
16,7,15,2.050871,18.199564,6.134059,0.000000,1.002408,1
17,7,15,3.392683,18.199564,6.134059,0.056136,1.000089,0
18,7,15,4.734495,18.199564,6.134059,1.027190,1.384656,0
19,7,15,6.076307,18.199564,6.134059,2.129307,2.289766,0
20,7,15,7.418119,18.199564,6.134059,3.272269,3.355306,0
0,8,15,-19.418119,19.541376,6.134059,4.770273,4.806015,0
1,8,15,-18.076307,19.541376,6.134059,3.561155,3.632084,0
2,8,15,-16.734495,19.541376,6.134059,2.377194,2.515095,0
3,8,15,-15.392683,19.541376,6.134059,1.225648,1.528661,0
4,8,15,-14.050871,19.541376,6.134059,0.141639,1.002603,0
5,8,15,-12.709059,19.541376,6.134059,0.000000,1.002408,1
6,8,15,-11.367247,19.541376,6.134059,0.000000,1.002408,1
7,8,15,-10.025436,19.541376,6.134059,0.000000,1.002408,1
8,8,15,-8.683624,19.541376,6.134059,0.000000,1.002408,1
9,8,15,-7.341812,19.541376,6.134059,0.000000,1.002408,1
10,8,15,-6.000000,19.541376,6.134059,0.000000,1.002408,1
11,8,15,-4.658188,19.541376,6.134059,0.000000,1.002408,1
12,8,15,-3.316376,19.541376,6.134059,0.000000,1.002408,1
13,8,15,-1.974564,19.541376,6.134059,0.000000,1.002408,1
14,8,15,-0.632753,19.541376,6.134059,0.000000,1.002408,1
15,8,15,0.709059,19.541376,6.134059,0.000000,1.002408,1
16,8,15,2.050871,19.541376,6.134059,0.000000,1.002408,1
17,8,15,3.392683,19.541376,6.134059,0.000627,1.002365,1
18,8,15,4.734495,19.541376,6.134059,0.675589,1.169363,0
19,8,15,6.076307,19.541376,6.134059,1.807740,2.005410,0
20,8,15,7.418119,19.541376,6.134059,2.976855,3.074577,0
0,9,15,-19.418119,20.883188,6.134059,4.618302,4.657477,0
1,9,15,-18.076307,20.883188,6.134059,3.396505,3.474093,0
2,9,15,-16.734495,20.883188,6.134059,2.197882,2.351646,0
3,9,15,-15.392683,20.883188,6.134059,1.029312,1.386125,0
4,9,15,-14.050871,20.883188,6.134059,0.027812,1.000866,0
5,9,15,-12.709059,20.883188,6.134059,0.000000,1.002408,1
6,9,15,-11.367247,20.883188,6.134059,0.000000,1.002408,1
7,9,15,-10.025436,20.883188,6.134059,0.000000,1.002408,1
8,9,15,-8.683624,20.883188,6.134059,0.000000,1.002408,1
9,9,15,-7.341812,20.883188,6.134059,0.000000,1.002408,1
10,9,15,-6.000000,20.883188,6.134059,0.000000,1.002408,1
11,9,15,-4.658188,20.883188,6.134059,0.000000,1.002408,1
12,9,15,-3.316376,20.883188,6.134059,0.000000,1.002408,1
13,9,15,-1.974564,20.883188,6.134059,0.000000,1.002408,1
14,9,15,-0.632753,20.883188,6.134059,0.000000,1.002408,1
15,9,15,0.709059,20.883188,6.134059,0.000000,1.002408,1
16,9,15,2.050871,20.883188,6.134059,0.000000,1.002408,1
17,9,15,3.392683,20.883188,6.134059,0.000017,1.002407,1
18,9,15,4.734495,20.883188,6.134059,0.470413,1.077392,0
19,9,15,6.076307,20.883188,6.134059,1.620397,1.845386,0
20,9,15,7.418119,20.883188,6.134059,2.805283,2.912869,0
0,10,15,-19.418119,22.225000,6.134059,4.580167,4.620238,0
1,10,15,-18.076307,22.225000,6.134059,3.355144,3.434504,0
2,10,15,-16.734495,22.225000,6.134059,2.152778,2.310903,0
3,10,15,-15.392683,22.225000,6.134059,0.979843,1.352340,0
4,10,15,-14.050871,22.225000,6.134059,0.015628,1.001447,0
5,10,15,-12.709059,22.225000,6.134059,0.000000,1.002408,1
6,10,15,-11.367247,22.225000,6.134059,0.000000,1.002408,1
7,10,15,-10.025436,22.225000,6.134059,0.000000,1.002408,1
8,10,15,-8.683624,22.225000,6.134059,0.000000,1.002408,1
9,10,15,-7.341812,22.225000,6.134059,0.000000,1.002408,1
10,10,15,-6.000000,22.225000,6.134059,0.000000,1.002408,1
11,10,15,-4.658188,22.225000,6.134059,0.000000,1.002408,1
12,10,15,-3.316376,22.225000,6.134059,0.000000,1.002408,1
13,10,15,-1.974564,22.225000,6.134059,0.000000,1.002408,1
14,10,15,-0.632753,22.225000,6.134059,0.000000,1.002408,1
15,10,15,0.709059,22.225000,6.134059,0.000000,1.002408,1
16,10,15,2.050871,22.225000,6.134059,0.000000,1.002408,1
17,10,15,3.392683,22.225000,6.134059,0.000006,1.002408,1
18,10,15,4.734495,22.225000,6.134059,0.418968,1.059323,0
19,10,15,6.076307,22.225000,6.134059,1.573237,1.805931,0
20,10,15,7.418119,22.225000,6.134059,2.762158,2.872403,0
0,11,15,-19.418119,23.566812,6.134059,4.656694,4.694981,0
1,11,15,-18.076307,23.566812,6.134059,3.438126,3.513973,0
2,11,15,-16.734495,23.566812,6.134059,2.243245,2.392781,0
3,11,15,-15.392683,23.566812,6.134059,1.079031,1.421008,0
4,11,15,-14.050871,23.566812,6.134059,0.045266,1.000292,0
5,11,15,-12.709059,23.566812,6.134059,0.000000,1.002408,1
6,11,15,-11.367247,23.566812,6.134059,0.000000,1.002408,1
7,11,15,-10.025436,23.566812,6.134059,0.000000,1.002408,1
8,11,15,-8.683624,23.566812,6.134059,0.000000,1.002408,1
9,11,15,-7.341812,23.566812,6.134059,0.000000,1.002408,1
10,11,15,-6.000000,23.566812,6.134059,0.000000,1.002408,1
11,11,15,-4.658188,23.566812,6.134059,0.000000,1.002408,1
12,11,15,-3.316376,23.566812,6.134059,0.000000,1.002408,1
13,11,15,-1.974564,23.566812,6.134059,0.000000,1.002408,1
14,11,15,-0.632753,23.566812,6.134059,0.000000,1.002408,1
15,11,15,0.709059,23.566812,6.134059,0.000000,1.002408,1
16,11,15,2.050871,23.566812,6.134059,0.000000,1.002408,1
17,11,15,3.392683,23.566812,6.134059,0.000037,1.002406,1
18,11,15,4.734495,23.566812,6.134059,0.522260,1.097743,0
19,11,15,6.076307,23.566812,6.134059,1.667814,1.885413,0
20,11,15,7.418119,23.566812,6.134059,2.848670,2.953656,0
0,12,15,-19.418119,24.908624,6.134059,4.846232,4.880337,0
1,12,15,-18.076307,24.908624,6.134059,3.643349,3.711170,0
2,12,15,-16.734495,24.908624,6.134059,2.466568,2.597344,0
3,12,15,-15.392683,24.908624,6.134059,1.323316,1.603805,0
4,12,15,-14.050871,24.908624,6.134059,0.231887,1.013108,0
5,12,15,-12.709059,24.908624,6.134059,0.000000,1.002408,1
6,12,15,-11.367247,24.908624,6.134059,0.000000,1.002408,1
7,12,15,-10.025436,24.908624,6.134059,0.000000,1.002408,1
8,12,15,-8.683624,24.908624,6.134059,0.000000,1.002408,1
9,12,15,-7.341812,24.908624,6.134059,0.000000,1.002408,1
10,12,15,-6.000000,24.908624,6.134059,0.000000,1.002408,1
11,12,15,-4.658188,24.908624,6.134059,0.000000,1.002408,1
12,12,15,-3.316376,24.908624,6.134059,0.000000,1.002408,1
13,12,15,-1.974564,24.908624,6.134059,0.000000,1.002408,1
14,12,15,-0.632753,24.908624,6.134059,0.000000,1.002408,1
15,12,15,0.709059,24.908624,6.134059,0.000000,1.002408,1
16,12,15,2.050871,24.908624,6.134059,0.000000,1.002408,1
17,12,15,3.392683,24.908624,6.134059,0.002537,1.002236,1
18,12,15,4.734495,24.908624,6.134059,0.777748,1.225435,0
19,12,15,6.076307,24.908624,6.134059,1.901033,2.086794,0
20,12,15,7.418119,24.908624,6.134059,3.062443,3.155635,0
0,13,15,-19.418119,26.250436,6.134059,5.144824,5.172955,0
1,13,15,-18.076307,26.250436,6.134059,3.965815,4.022648,0
2,13,15,-16.734495,26.250436,6.134059,2.816349,2.923264,0
3,13,15,-15.392683,26.250436,6.134059,1.704389,1.916518,0
4,13,15,-14.050871,26.250436,6.134059,0.640670,1.151650,0
5,13,15,-12.709059,26.250436,6.134059,0.000882,1.002348,1
6,13,15,-11.367247,26.250436,6.134059,0.000000,1.002408,1
7,13,15,-10.025436,26.250436,6.134059,0.000000,1.002408,1
8,13,15,-8.683624,26.250436,6.134059,0.000000,1.002408,1
9,13,15,-7.341812,26.250436,6.134059,0.000000,1.002408,1
10,13,15,-6.000000,26.250436,6.134059,0.000000,1.002408,1
11,13,15,-4.658188,26.250436,6.134059,0.000000,1.002408,1
12,13,15,-3.316376,26.250436,6.134059,0.000000,1.002408,1
13,13,15,-1.974564,26.250436,6.134059,0.000000,1.002408,1
14,13,15,-0.632753,26.250436,6.134059,0.000000,1.002408,1
15,13,15,0.709059,26.250436,6.134059,0.000000,1.002408,1
16,13,15,2.050871,26.250436,6.134059,0.000000,1.002408,1
17,13,15,3.392683,26.250436,6.134059,0.159120,1.004013,0
18,13,15,4.734495,26.250436,6.134059,1.175770,1.491292,0
19,13,15,6.076307,26.250436,6.134059,2.265632,2.413138,0
20,13,15,7.418119,26.250436,6.134059,3.397844,3.475376,0
0,14,15,-19.418119,27.592247,6.134059,5.546598,5.567693,0
1,14,15,-18.076307,27.592247,6.134059,4.398203,4.442763,0
2,14,15,-16.734495,27.592247,6.134059,3.283357,3.365892,0
3,14,15,-15.392683,27.592247,6.134059,2.210498,2.363071,0
4,14,15,-14.050871,27.592247,6.134059,1.190636,1.502354,0
5,14,15,-12.709059,27.592247,6.134059,0.244460,1.015199,0
6,14,15,-11.367247,27.592247,6.134059,0.000000,1.002408,1
7,14,15,-10.025436,27.592247,6.134059,0.000000,1.002408,1
8,14,15,-8.683624,27.592247,6.134059,0.000000,1.002408,1
9,14,15,-7.341812,27.592247,6.134059,0.000000,1.002408,1
10,14,15,-6.000000,27.592247,6.134059,0.000000,1.002408,1
11,14,15,-4.658188,27.592247,6.134059,0.000000,1.002408,1
12,14,15,-3.316376,27.592247,6.134059,0.000000,1.002408,1
13,14,15,-1.974564,27.592247,6.134059,0.000000,1.002408,1
14,14,15,-0.632753,27.592247,6.134059,0.000000,1.002408,1
15,14,15,0.709059,27.592247,6.134059,0.000000,1.002408,1
16,14,15,2.050871,27.592247,6.134059,0.007612,1.001910,1
17,14,15,3.392683,27.592247,6.134059,0.713965,1.189708,0
18,14,15,4.734495,27.592247,6.134059,1.702809,1.915170,0
19,14,15,6.076307,27.592247,6.134059,2.751235,2.862166,0
20,14,15,7.418119,27.592247,6.134059,3.846683,3.907368,0
0,15,15,-19.418119,28.934059,6.134059,6.044298,6.057959,0
1,15,15,-18.076307,28.934059,6.134059,4.931617,4.963941,0
2,15,15,-16.734495,28.934059,6.134059,3.856610,3.916965,0
3,15,15,-15.392683,28.934059,6.134059,2.828010,2.934225,0
4,15,15,-14.050871,28.934059,6.134059,1.856881,2.048152,0
5,15,15,-12.709059,28.934059,6.134059,0.957132,1.337156,0
6,15,15,-11.367247,28.934059,6.134059,0.161783,1.004254,0
7,15,15,-10.025436,28.934059,6.134059,0.000025,1.002410,1
8,15,15,-8.683624,28.934059,6.134059,0.000000,1.002408,1
9,15,15,-7.341812,28.934059,6.134059,0.000000,1.002408,1
10,15,15,-6.000000,28.934059,6.134059,0.000000,1.002408,1
11,15,15,-4.658188,28.934059,6.134059,0.000000,1.002408,1
12,15,15,-3.316376,28.934059,6.134059,0.000000,1.002408,1
13,15,15,-1.974564,28.934059,6.134059,0.000000,1.002408,1
14,15,15,-0.632753,28.934059,6.134059,0.000001,1.002409,1
15,15,15,0.709059,28.934059,6.134059,0.005158,1.002064,1
16,15,15,2.050871,28.934059,6.134059,0.547107,1.108224,0
17,15,15,3.392683,28.934059,6.134059,1.405629,1.668947,0
18,15,15,4.734495,28.934059,6.134059,2.343677,2.484377,0
19,15,15,6.076307,28.934059,6.134059,3.345634,3.425406,0
20,15,15,7.418119,28.934059,6.134059,4.399102,4.443638,0
0,16,15,-19.418119,30.275871,6.134059,6.629843,6.636175,0
1,16,15,-18.076307,30.275871,6.134059,5.556347,5.577283,0
2,16,15,-16.734495,30.275871,6.134059,4.524410,4.565819,0
3,16,15,-15.392683,30.275871,6.134059,3.542827,3.614467,0
4,16,15,-14.050871,30.275871,6.134059,2.622415,2.741834,0
5,16,15,-12.709059,30.275871,6.134059,1.776311,1.978228,0
6,16,15,-11.367247,30.275871,6.134059,1.020097,1.379760,0
7,16,15,-10.025436,30.275871,6.134059,0.372643,1.044954,0
8,16,15,-8.683624,30.275871,6.134059,0.009259,1.001810,1
9,16,15,-7.341812,30.275871,6.134059,0.000144,1.002418,1
10,16,15,-6.000000,30.275871,6.134059,0.000011,1.002409,1
11,16,15,-4.658188,30.275871,6.134059,0.000006,1.002409,1
12,16,15,-3.316376,30.275871,6.134059,0.000035,1.002411,1
13,16,15,-1.974564,30.275871,6.134059,0.000354,1.002433,1
14,16,15,-0.632753,30.275871,6.134059,0.121796,1.001369,0
15,16,15,0.709059,30.275871,6.134059,0.687378,1.175517,0
16,16,15,2.050871,30.275871,6.134059,1.393079,1.658917,0
17,16,15,3.392683,30.275871,6.134059,2.197187,2.351017,0
18,16,15,4.734495,30.275871,6.134059,3.082943,3.175085,0
19,16,15,6.076307,30.275871,6.134059,4.036009,4.090675,0
20,16,15,7.418119,30.275871,6.134059,5.044463,5.074525,0
0,17,15,-19.418119,31.617683,6.134059,7.294842,7.294268,0
1,17,15,-18.076307,31.617683,6.134059,6.262533,6.273303,0
2,17,15,-16.734495,31.617683,6.134059,5.275186,5.300918,0
3,17,15,-15.392683,31.617683,6.134059,4.341433,4.387468,0
4,17,15,-14.050871,31.617683,6.134059,3.471587,3.546064,0
5,17,15,-12.709059,31.617683,6.134059,2.677768,2.793446,0
6,17,15,-11.367247,31.617683,6.134059,1.973840,2.150980,0
7,17,15,-10.025436,31.617683,6.134059,1.375042,1.644561,0
8,17,15,-8.683624,31.617683,6.134059,0.897141,1.298106,0
9,17,15,-7.341812,31.617683,6.134059,0.555108,1.111696,0
10,17,15,-6.000000,31.617683,6.134059,0.361755,1.041847,0
11,17,15,-4.658188,31.617683,6.134059,0.323651,1.031804,0
12,17,15,-3.316376,31.617683,6.134059,0.441037,1.066808,0
13,17,15,-1.974564,31.617683,6.134059,0.711527,1.188389,0
14,17,15,-0.632753,31.617683,6.134059,1.124549,1.453700,0
15,17,15,0.709059,31.617683,6.134059,1.666000,1.883875,0
16,17,15,2.050871,31.617683,6.134059,2.320322,2.463015,0
17,17,15,3.392683,31.617683,6.134059,3.071879,3.164586,0
18,17,15,4.734495,31.617683,6.134059,3.906060,3.964796,0
19,17,15,6.076307,31.617683,6.134059,4.809864,4.844746,0
20,17,15,7.418119,31.617683,6.134059,5.772101,5.789670,0
0,18,15,-19.418119,32.959495,6.134059,8.031006,8.024116,0
1,18,15,-18.076307,32.959495,6.134059,7.040660,7.042573,0
2,18,15,-16.734495,32.959495,6.134059,6.098070,6.110999,0
3,18,15,-15.392683,32.959495,6.134059,5.211519,5.238408,0
4,18,15,-14.050871,32.959495,6.134059,4.390640,4.435394,0
5,18,15,-12.709059,32.959495,6.134059,3.646411,3.714119,0
6,18,15,-11.367247,32.959495,6.134059,2.990989,3.087947,0
7,18,15,-10.025436,32.959495,6.134059,2.437292,2.570349,0
8,18,15,-8.683624,32.959495,6.134059,1.998233,2.172607,0
9,18,15,-7.341812,32.959495,6.134059,1.685639,1.900547,0
10,18,15,-6.000000,32.959495,6.134059,1.508926,1.752741,0
11,18,15,-4.658188,32.959495,6.134059,1.473828,1.724033,0
12,18,15,-3.316376,32.959495,6.134059,1.581523,1.812837,0
13,18,15,-1.974564,32.959495,6.134059,1.828440,2.023378,0
14,18,15,-0.632753,32.959495,6.134059,2.206824,2.359743,0
15,18,15,0.709059,32.959495,6.134059,2.705865,2.819699,0
16,18,15,2.050871,32.959495,6.134059,3.313024,3.394230,0
17,18,15,3.392683,32.959495,6.134059,4.015271,4.070569,0
18,18,15,4.734495,32.959495,6.134059,4.800003,4.835098,0
19,18,15,6.076307,32.959495,6.134059,5.655629,5.674984,0
20,18,15,7.418119,32.959495,6.134059,6.571848,6.578848,0
0,19,15,-19.418119,34.301307,6.134059,8.830447,8.817887,0
1,19,15,-18.076307,34.301307,6.134059,7.881879,7.876173,0
2,19,15,-16.734495,34.301307,6.134059,6.983214,6.985713,0
3,19,15,-15.392683,34.301307,6.134059,6.142261,6.154599,0
4,19,15,-14.050871,34.301307,6.134059,5.367871,5.391967,0
5,19,15,-12.709059,34.301307,6.134059,4.669856,4.707842,0
6,19,15,-11.367247,34.301307,6.134059,4.058780,4.112759,0
7,19,15,-10.025436,34.301307,6.134059,3.545534,3.617069,0
8,19,15,-8.683624,34.301307,6.134059,3.140709,3.229962,0
9,19,15,-7.341812,34.301307,6.134059,2.853750,2.958437,0
10,19,15,-6.000000,34.301307,6.134059,2.692023,2.806761,0
11,19,15,-4.658188,34.301307,6.134059,2.659945,2.776812,0
12,19,15,-3.316376,34.301307,6.134059,2.758419,2.868898,0
13,19,15,-1.974564,34.301307,6.134059,2.984704,3.082002,0
14,19,15,-0.632753,34.301307,6.134059,3.332787,3.413121,0
15,19,15,0.709059,34.301307,6.134059,3.794123,3.856582,0
16,19,15,2.050871,34.301307,6.134059,4.358572,4.404157,0
17,19,15,3.392683,34.301307,6.134059,5.015294,5.045930,0
18,19,15,4.734495,34.301307,6.134059,5.753500,5.771349,0
19,19,15,6.076307,34.301307,6.134059,6.562971,6.570074,0
20,19,15,7.418119,34.301307,6.134059,7.434368,7.432501,0
0,20,15,-19.418119,35.643119,6.134059,9.685862,9.668271,0
1,20,15,-18.076307,35.643119,6.134059,8.778176,8.765956,0
2,20,15,-16.734495,35.643119,6.134059,7.921925,7.915897,0
3,20,15,-15.392683,35.643119,6.134059,7.124363,7.125438,0
4,20,15,-14.050871,35.643119,6.134059,6.393526,6.402655,0
5,20,15,-12.709059,35.643119,6.134059,5.738109,5.756191,0
6,20,15,-11.367247,35.643119,6.134059,5.167235,5.194945,0
7,20,15,-10.025436,35.643119,6.134059,4.690083,4.727609,0
8,20,15,-8.683624,35.643119,6.134059,4.315363,4.362088,0
9,20,15,-7.341812,35.643119,6.134059,4.050684,4.104906,0
10,20,15,-6.000000,35.643119,6.134059,3.901874,3.960745,0
11,20,15,-4.658188,35.643119,6.134059,3.872390,3.932224,0
12,20,15,-3.316376,35.643119,6.134059,3.962935,4.019858,0
13,20,15,-1.974564,35.643119,6.134059,4.171371,4.222060,0
14,20,15,-0.632753,35.643119,6.134059,4.492969,4.535147,0
15,20,15,0.709059,35.643119,6.134059,4.920911,4.953455,0
16,20,15,2.050871,35.643119,6.134059,5.446944,5.469688,0
17,20,15,3.392683,35.643119,6.134059,6.062046,6.075463,0
18,20,15,4.734495,35.643119,6.134059,6.757008,6.761914,0
19,20,15,6.076307,35.643119,6.134059,7.522888,7.520226,0
20,20,15,7.418119,35.643119,6.134059,8.351307,8.342016,0
0,0,16,-19.418119,8.806881,7.475871,9.834198,9.815823,0
1,0,16,-18.076307,8.806881,7.475871,8.933237,8.920022,0
2,0,16,-16.734495,8.806881,7.475871,8.083911,8.076612,0
3,0,16,-15.392683,8.806881,7.475871,7.293379,7.292820,0
4,0,16,-14.050871,8.806881,7.475871,6.569538,6.576565,0
5,0,16,-12.709059,8.806881,7.475871,5.920904,5.936292,0
6,0,16,-11.367247,8.806881,7.475871,5.356376,5.380672,0
7,0,16,-10.025436,8.806881,7.475871,4.884874,4.918165,0
8,0,16,-8.683624,8.806881,7.475871,4.514833,4.556475,0
9,0,16,-7.341812,8.806881,7.475871,4.253595,4.301988,0
10,0,16,-6.000000,8.806881,7.475871,4.106771,4.159327,0
11,0,16,-4.658188,8.806881,7.475871,4.077686,4.131101,0
12,0,16,-3.316376,8.806881,7.475871,4.167012,4.217826,0
13,0,16,-1.974564,8.806881,7.475871,4.372698,4.417916,0
14,0,16,-0.632753,8.806881,7.475871,4.690194,4.727717,0
15,0,16,0.709059,8.806881,7.475871,5.112928,5.141664,0
16,0,16,2.050871,8.806881,7.475871,5.632922,5.652634,0
17,0,16,3.392683,8.806881,7.475871,6.241424,6.252465,0
18,0,16,4.734495,8.806881,7.475871,6.929470,6.932527,0
19,0,16,6.076307,8.806881,7.475871,7.688318,7.684218,0
20,0,16,7.418119,8.806881,7.475871,8.509746,8.499333,0
0,1,16,-19.418119,10.148693,7.475871,9.015159,9.001433,0
1,1,16,-18.076307,10.148693,7.475871,8.075735,8.068499,0
2,1,16,-16.734495,10.148693,7.475871,7.186605,7.187068,0
3,1,16,-15.392683,10.148693,7.475871,6.355459,6.365058,0
4,1,16,-14.050871,10.148693,7.475871,5.590969,5.611347,0
5,1,16,-12.709059,10.148693,7.475871,4.902695,4.935615,0
6,1,16,-11.367247,10.148693,7.475871,4.300865,4.347978,0
7,1,16,-10.025436,10.148693,7.475871,3.795969,3.858364,0
8,1,16,-8.683624,10.148693,7.475871,3.398143,3.475662,0
9,1,16,-7.341812,10.148693,7.475871,3.116385,3.206842,0
10,1,16,-6.000000,10.148693,7.475871,2.957681,3.056453,0
11,1,16,-4.658188,10.148693,7.475871,2.926212,3.026733,0
12,1,16,-3.316376,10.148693,7.475871,3.022828,3.118087,0
13,1,16,-1.974564,10.148693,7.475871,3.244940,3.329229,0
14,1,16,-0.632753,10.148693,7.475871,3.586852,3.656794,0
15,1,16,0.709059,10.148693,7.475871,4.040444,4.094976,0
16,1,16,2.050871,10.148693,7.475871,4.596031,4.635728,0
17,1,16,3.392683,10.148693,7.475871,5.243208,5.269518,0
18,1,16,4.734495,10.148693,7.475871,5.971557,5.986227,0
19,1,16,6.076307,10.148693,7.475871,6.771148,6.775900,0
20,1,16,7.418119,10.148693,7.475871,7.632858,7.629234,0
0,2,16,-19.418119,11.490505,7.475871,8.254604,8.246018,0
1,2,16,-18.076307,11.490505,7.475871,7.276319,7.275921,0
2,2,16,-16.734495,11.490505,7.475871,6.346473,6.356183,0
3,2,16,-15.392683,11.490505,7.475871,5.473223,5.495526,0
4,2,16,-14.050871,11.490505,7.475871,4.665984,4.704059,0
5,2,16,-12.709059,11.490505,7.475871,3.935399,3.993194,0
6,2,16,-11.367247,11.490505,7.475871,3.293153,3.375246,0
7,2,16,-10.025436,11.490505,7.475871,2.751547,2.862458,0
8,2,16,-8.683624,11.490505,7.475871,2.322780,2.465261,0
9,2,16,-7.341812,11.490505,7.475871,2.017927,2.190110,0
10,2,16,-6.000000,11.490505,7.475871,1.845754,2.038448,0
11,2,16,-4.658188,11.490505,7.475871,1.811573,2.008733,0
12,2,16,-3.316376,11.490505,7.475871,1.916471,2.100358,0
13,2,16,-1.974564,11.490505,7.475871,2.157146,2.314842,0
14,2,16,-0.632753,11.490505,7.475871,2.526400,2.652664,0
15,2,16,0.709059,11.490505,7.475871,3.014138,3.109857,0
16,2,16,2.050871,11.490505,7.475871,3.608569,3.677688,0
17,2,16,3.392683,11.490505,7.475871,4.297333,4.344541,0
18,2,16,4.734495,11.490505,7.475871,5.068373,5.097968,0
19,2,16,6.076307,11.490505,7.475871,5.910498,5.926035,0
20,2,16,7.418119,11.490505,7.475871,6.813679,6.817967,0
0,3,16,-19.418119,12.832317,7.475871,7.559688,7.556701,0
1,3,16,-18.076307,12.832317,7.475871,6.542892,6.550229,0
2,3,16,-16.734495,12.832317,7.475871,5.572166,5.592846,0
3,3,16,-15.392683,12.832317,7.475871,4.656033,4.694336,0
4,3,16,-14.050871,12.832317,7.475871,3.804572,3.866674,0
5,3,16,-12.709059,12.832317,7.475871,3.029485,3.124393,0
6,3,16,-11.367247,12.832317,7.475871,2.343999,2.484672,0
7,3,16,-10.025436,12.832317,7.475871,1.762459,1.966289,0
8,3,16,-8.683624,12.832317,7.475871,1.299509,1.585262,0
9,3,16,-7.341812,12.832317,7.475871,0.968818,1.344942,0
10,3,16,-6.000000,12.832317,7.475871,0.781451,1.227580,0
11,3,16,-4.658188,12.832317,7.475871,0.744204,1.206357,0
12,3,16,-3.316376,12.832317,7.475871,0.858461,1.273792,0
13,3,16,-1.974564,12.832317,7.475871,1.120003,1.450404,0
14,3,16,-0.632753,12.832317,7.475871,1.519664,1.761571,0
15,3,16,0.709059,12.832317,7.475871,2.044837,2.214085,0
16,3,16,2.050871,12.832317,7.475871,2.681171,2.796625,0
17,3,16,3.392683,12.832317,7.475871,3.414043,3.490892,0
18,3,16,4.734495,12.832317,7.475871,4.229603,4.278658,0
19,3,16,6.076307,12.832317,7.475871,5.115373,5.144063,0
20,3,16,7.418119,12.832317,7.475871,6.060478,6.073917,0
0,4,16,-19.418119,14.174129,7.475871,6.938004,6.940972,0
1,4,16,-18.076307,14.174129,7.475871,5.884008,5.899926,0
2,4,16,-16.734495,14.174129,7.475871,4.873266,4.906800,0
3,4,16,-15.392683,14.174129,7.475871,3.914522,3.972985,0
4,4,16,-14.050871,14.174129,7.475871,3.018380,3.113874,0
5,4,16,-12.709059,14.174129,7.475871,2.197512,2.351312,0
6,4,16,-11.367247,14.174129,7.475871,1.466691,1.718224,0
7,4,16,-10.025436,14.174129,7.475871,0.842478,1.263954,0
8,4,16,-8.683624,14.174129,7.475871,0.344731,1.037199,0
9,4,16,-7.341812,14.174129,7.475871,0.058235,1.000063,0
10,4,16,-6.000000,14.174129,7.475871,0.007450,1.001920,1
11,4,16,-4.658188,14.174129,7.475871,0.004519,1.002105,1
12,4,16,-3.316376,14.174129,7.475871,0.019154,1.001264,0
13,4,16,-1.974564,14.174129,7.475871,0.166277,1.004677,0
14,4,16,-0.632753,14.174129,7.475871,0.580706,1.123115,0
15,4,16,0.709059,14.174129,7.475871,1.146099,1.469415,0
16,4,16,2.050871,14.174129,7.475871,1.826784,2.021939,0
17,4,16,3.392683,14.174129,7.475871,2.605451,2.726045,0
18,4,16,4.734495,14.174129,7.475871,3.466385,3.541073,0
19,4,16,6.076307,14.174129,7.475871,4.395871,4.440491,0
20,4,16,7.418119,14.174129,7.475871,5.382309,5.406156,0
0,5,16,-19.418119,15.515941,7.475871,6.397363,6.406445,0
1,5,16,-18.076307,15.515941,7.475871,5.308655,5.333790,0
2,5,16,-16.734495,15.515941,7.475871,4.260076,4.308292,0
3,5,16,-15.392683,15.515941,7.475871,3.260424,3.344000,0
4,5,16,-14.050871,15.515941,7.475871,2.320644,2.463310,0
5,5,16,-12.709059,15.515941,7.475871,1.454202,1.708084,0
6,5,16,-11.367247,15.515941,7.475871,0.677358,1.170281,0
7,5,16,-10.025436,15.515941,7.475871,0.071242,1.000002,0
8,5,16,-8.683624,15.515941,7.475871,0.000103,1.002401,1
9,5,16,-7.341812,15.515941,7.475871,0.000000,1.002408,1
10,5,16,-6.000000,15.515941,7.475871,0.000000,1.002408,1
11,5,16,-4.658188,15.515941,7.475871,0.000000,1.002408,1
12,5,16,-3.316376,15.515941,7.475871,0.000000,1.002408,1
13,5,16,-1.974564,15.515941,7.475871,0.000003,1.002408,1
14,5,16,-0.632753,15.515941,7.475871,0.003986,1.002140,1
15,5,16,0.709059,15.515941,7.475871,0.337240,1.035236,0
16,5,16,2.050871,15.515941,7.475871,1.060817,1.408125,0
17,5,16,3.392683,15.515941,7.475871,1.885531,2.073201,0
18,5,16,4.734495,15.515941,7.475871,2.791187,2.899633,0
19,5,16,6.076307,15.515941,7.475871,3.762986,3.826518,0
20,5,16,7.418119,15.515941,7.475871,4.788789,4.824127,0
0,6,16,-19.418119,16.857753,7.475871,5.945484,5.960522,0
1,6,16,-18.076307,16.857753,7.475871,4.825896,4.860434,0
2,6,16,-16.734495,16.857753,7.475871,3.743229,3.807451,0
3,6,16,-15.392683,16.857753,7.475871,2.706178,2.819992,0
4,6,16,-14.050871,16.857753,7.475871,1.725821,1.934833,0
5,6,16,-12.709059,16.857753,7.475871,0.816181,1.248044,0
6,6,16,-11.367247,16.857753,7.475871,0.064039,1.000015,0
7,6,16,-10.025436,16.857753,7.475871,0.000005,1.002408,1
8,6,16,-8.683624,16.857753,7.475871,0.000000,1.002408,1
9,6,16,-7.341812,16.857753,7.475871,0.000000,1.002408,1
10,6,16,-6.000000,16.857753,7.475871,0.000000,1.002408,1
11,6,16,-4.658188,16.857753,7.475871,0.000000,1.002408,1
12,6,16,-3.316376,16.857753,7.475871,0.000000,1.002408,1
13,6,16,-1.974564,16.857753,7.475871,0.000000,1.002408,1
14,6,16,-0.632753,16.857753,7.475871,0.000000,1.002408,1
15,6,16,0.709059,16.857753,7.475871,0.001106,1.002332,1
16,6,16,2.050871,16.857753,7.475871,0.402222,1.053917,0
17,6,16,3.392683,16.857753,7.475871,1.269785,1.562311,0
18,6,16,4.734495,16.857753,7.475871,2.217412,2.369338,0
19,6,16,6.076307,16.857753,7.475871,3.228207,3.313273,0
20,6,16,7.418119,16.857753,7.475871,4.289720,4.337132,0
0,7,16,-19.418119,18.199564,7.475871,5.589581,5.609982,0
1,7,16,-18.076307,18.199564,7.475871,4.444364,4.487751,0
2,7,16,-16.734495,18.199564,7.475871,3.333087,3.413408,0
3,7,16,-15.392683,18.199564,7.475871,2.264223,2.411856,0
4,7,16,-14.050871,18.199564,7.475871,1.248802,1.546247,0
5,7,16,-12.709059,18.199564,7.475871,0.304956,1.027358,0
6,7,16,-11.367247,18.199564,7.475871,0.000064,1.002404,1
7,7,16,-10.025436,18.199564,7.475871,0.000000,1.002408,1
8,7,16,-8.683624,18.199564,7.475871,0.000000,1.002408,1
9,7,16,-7.341812,18.199564,7.475871,0.000000,1.002408,1
10,7,16,-6.000000,18.199564,7.475871,0.000000,1.002408,1
11,7,16,-4.658188,18.199564,7.475871,0.000000,1.002408,1
12,7,16,-3.316376,18.199564,7.475871,0.000000,1.002408,1
13,7,16,-1.974564,18.199564,7.475871,0.000000,1.002408,1
14,7,16,-0.632753,18.199564,7.475871,0.000000,1.002408,1
15,7,16,0.709059,18.199564,7.475871,0.000000,1.002408,1
16,7,16,2.050871,18.199564,7.475871,0.020032,1.001220,0
17,7,16,3.392683,18.199564,7.475871,0.774461,1.223539,0
18,7,16,4.734495,18.199564,7.475871,1.758657,1.963017,0
19,7,16,6.076307,18.199564,7.475871,2.802869,2.910602,0
20,7,16,7.418119,18.199564,7.475871,3.894543,3.953653,0
0,8,16,-19.418119,19.541376,7.475871,5.335895,5.360550,0
1,8,16,-18.076307,19.541376,7.475871,4.171654,4.222335,0
2,8,16,-16.734495,19.541376,7.475871,3.038944,3.133356,0
3,8,16,-15.392683,19.541376,7.475871,1.945985,2.126358,0
4,8,16,-14.050871,19.541376,7.475871,0.903655,1.302269,0
5,8,16,-12.709059,19.541376,7.475871,0.035791,1.000566,0
6,8,16,-11.367247,19.541376,7.475871,0.000000,1.002408,1
7,8,16,-10.025436,19.541376,7.475871,0.000000,1.002408,1
8,8,16,-8.683624,19.541376,7.475871,0.000000,1.002408,1
9,8,16,-7.341812,19.541376,7.475871,0.000000,1.002408,1
10,8,16,-6.000000,19.541376,7.475871,0.000000,1.002408,1
11,8,16,-4.658188,19.541376,7.475871,0.000000,1.002408,1
12,8,16,-3.316376,19.541376,7.475871,0.000000,1.002408,1
13,8,16,-1.974564,19.541376,7.475871,0.000000,1.002408,1
14,8,16,-0.632753,19.541376,7.475871,0.000000,1.002408,1
15,8,16,0.709059,19.541376,7.475871,0.000000,1.002408,1
16,8,16,2.050871,19.541376,7.475871,0.000110,1.002401,1
17,8,16,3.392683,19.541376,7.475871,0.416127,1.058389,0
18,8,16,4.734495,19.541376,7.475871,1.427572,1.686567,0
19,8,16,6.076307,19.541376,7.475871,2.497253,2.625690,0
20,8,16,7.418119,19.541376,7.475871,3.611638,3.680642,0
0,9,16,-19.418119,20.883188,7.475871,5.189205,5.216506,0
1,9,16,-18.076307,20.883188,7.475871,4.013661,4.069009,0
2,9,16,-16.734495,20.883188,7.475871,2.868135,2.971980,0
3,9,16,-15.392683,20.883188,7.475871,1.760658,1.964739,0
4,9,16,-14.050871,20.883188,7.475871,0.701990,1.183263,0
5,9,16,-12.709059,20.883188,7.475871,0.002963,1.002208,1
6,9,16,-11.367247,20.883188,7.475871,0.000000,1.002408,1
7,9,16,-10.025436,20.883188,7.475871,0.000000,1.002408,1
8,9,16,-8.683624,20.883188,7.475871,0.000000,1.002408,1
9,9,16,-7.341812,20.883188,7.475871,0.000000,1.002408,1
10,9,16,-6.000000,20.883188,7.475871,0.000000,1.002408,1
11,9,16,-4.658188,20.883188,7.475871,0.000000,1.002408,1
12,9,16,-3.316376,20.883188,7.475871,0.000000,1.002408,1
13,9,16,-1.974564,20.883188,7.475871,0.000000,1.002408,1
14,9,16,-0.632753,20.883188,7.475871,0.000000,1.002408,1
15,9,16,0.709059,20.883188,7.475871,0.000000,1.002408,1
16,9,16,2.050871,20.883188,7.475871,0.000002,1.002408,1
17,9,16,3.392683,20.883188,7.475871,0.215167,1.010562,0
18,9,16,4.734495,20.883188,7.475871,1.234452,1.535331,0
19,9,16,6.076307,20.883188,7.475871,2.319546,2.462306,0
20,9,16,7.418119,20.883188,7.475871,3.447560,3.523018,0
0,10,16,-19.418119,22.225000,7.475871,5.152410,5.180399,0
1,10,16,-18.076307,22.225000,7.475871,3.973995,4.030571,0
2,10,16,-16.734495,22.225000,7.475871,2.825204,2.931588,0
3,10,16,-15.392683,22.225000,7.475871,1.714014,1.924735,0
4,10,16,-14.050871,22.225000,7.475871,0.651169,1.156893,0
5,10,16,-12.709059,22.225000,7.475871,0.001352,1.002316,1
6,10,16,-11.367247,22.225000,7.475871,0.000000,1.002408,1
7,10,16,-10.025436,22.225000,7.475871,0.000000,1.002408,1
8,10,16,-8.683624,22.225000,7.475871,0.000000,1.002408,1
9,10,16,-7.341812,22.225000,7.475871,0.000000,1.002408,1
10,10,16,-6.000000,22.225000,7.475871,0.000000,1.002408,1
11,10,16,-4.658188,22.225000,7.475871,0.000000,1.002408,1
12,10,16,-3.316376,22.225000,7.475871,0.000000,1.002408,1
13,10,16,-1.974564,22.225000,7.475871,0.000000,1.002408,1
14,10,16,-0.632753,22.225000,7.475871,0.000000,1.002408,1
15,10,16,0.709059,22.225000,7.475871,0.000000,1.002408,1
16,10,16,2.050871,22.225000,7.475871,0.000001,1.002408,1
17,10,16,3.392683,22.225000,7.475871,0.169251,1.004968,0
18,10,16,4.734495,22.225000,7.475871,1.185809,1.498755,0
19,10,16,6.076307,22.225000,7.475871,2.274853,2.421533,0
20,10,16,7.418119,22.225000,7.475871,3.406345,3.483518,0
0,11,16,-19.418119,23.566812,7.475871,5.226254,5.252873,0
1,11,16,-18.076307,23.566812,7.475871,4.053586,4.107721,0
2,11,16,-16.734495,23.566812,7.475871,2.911327,3.012688,0
3,11,16,-15.392683,23.566812,7.475871,1.807559,2.005252,0
4,11,16,-14.050871,23.566812,7.475871,0.753067,1.211337,0
5,11,16,-12.709059,23.566812,7.475871,0.005706,1.002029,1
6,11,16,-11.367247,23.566812,7.475871,0.000000,1.002408,1
7,11,16,-10.025436,23.566812,7.475871,0.000000,1.002408,1
8,11,16,-8.683624,23.566812,7.475871,0.000000,1.002408,1
9,11,16,-7.341812,23.566812,7.475871,0.000000,1.002408,1
10,11,16,-6.000000,23.566812,7.475871,0.000000,1.002408,1
11,11,16,-4.658188,23.566812,7.475871,0.000000,1.002408,1
12,11,16,-3.316376,23.566812,7.475871,0.000000,1.002408,1
13,11,16,-1.974564,23.566812,7.475871,0.000000,1.002408,1
14,11,16,-0.632753,23.566812,7.475871,0.000000,1.002408,1
15,11,16,0.709059,23.566812,7.475871,0.000000,1.002408,1
16,11,16,2.050871,23.566812,7.475871,0.000005,1.002408,1
17,11,16,3.392683,23.566812,7.475871,0.263767,1.018705,0
18,11,16,4.734495,23.566812,7.475871,1.283348,1.572755,0
19,11,16,6.076307,23.566812,7.475871,2.364499,2.503452,0
20,11,16,7.418119,23.566812,7.475871,3.489035,3.562807,0
0,12,16,-19.418119,24.908624,7.475871,5.409251,5.432634,0
1,12,16,-18.076307,24.908624,7.475871,4.250578,4.299054,0
2,12,16,-16.734495,24.908624,7.475871,3.124158,3.214229,0
3,12,16,-15.392683,24.908624,7.475871,2.038295,2.208250,0
4,12,16,-14.050871,24.908624,7.475871,1.003921,1.368665,0
5,12,16,-12.709059,24.908624,7.475871,0.084518,1.000114,0
6,12,16,-11.367247,24.908624,7.475871,0.000000,1.002408,1
7,12,16,-10.025436,24.908624,7.475871,0.000000,1.002408,1
8,12,16,-8.683624,24.908624,7.475871,0.000000,1.002408,1
9,12,16,-7.341812,24.908624,7.475871,0.000000,1.002408,1
10,12,16,-6.000000,24.908624,7.475871,0.000000,1.002408,1
11,12,16,-4.658188,24.908624,7.475871,0.000000,1.002408,1
12,12,16,-3.316376,24.908624,7.475871,0.000000,1.002408,1
13,12,16,-1.974564,24.908624,7.475871,0.000000,1.002408,1
14,12,16,-0.632753,24.908624,7.475871,0.000000,1.002408,1
15,12,16,0.709059,24.908624,7.475871,0.000000,1.002408,1
16,12,16,2.050871,24.908624,7.475871,0.000479,1.002375,1
17,12,16,3.392683,24.908624,7.475871,0.519839,1.096747,0
18,12,16,4.734495,24.908624,7.475871,1.523677,1.764876,0
19,12,16,6.076307,24.908624,7.475871,2.585842,2.707813,0
20,12,16,7.418119,24.908624,7.475871,3.693551,3.759540,0
0,13,16,-19.418119,26.250436,7.475871,5.697832,5.716531,0
1,13,16,-18.076307,26.250436,7.475871,4.560538,4.601077,0
2,13,16,-16.734495,26.250436,7.475871,3.458137,3.533161,0
3,13,16,-15.392683,26.250436,7.475871,2.399186,2.535288,0
4,13,16,-14.050871,26.250436,7.475871,1.394746,1.660247,0
5,13,16,-12.709059,26.250436,7.475871,0.459584,1.073409,0
6,13,16,-11.367247,26.250436,7.475871,0.000560,1.002370,1
7,13,16,-10.025436,26.250436,7.475871,0.000000,1.002408,1
8,13,16,-8.683624,26.250436,7.475871,0.000000,1.002408,1
9,13,16,-7.341812,26.250436,7.475871,0.000000,1.002408,1
10,13,16,-6.000000,26.250436,7.475871,0.000000,1.002408,1
11,13,16,-4.658188,26.250436,7.475871,0.000000,1.002408,1
12,13,16,-3.316376,26.250436,7.475871,0.000000,1.002408,1
13,13,16,-1.974564,26.250436,7.475871,0.000000,1.002408,1
14,13,16,-0.632753,26.250436,7.475871,0.000000,1.002408,1
15,13,16,0.709059,26.250436,7.475871,0.000000,1.002408,1
16,13,16,2.050871,26.250436,7.475871,0.080834,1.000065,0
17,13,16,3.392683,26.250436,7.475871,0.926154,1.316795,0
18,13,16,4.734495,26.250436,7.475871,1.898873,2.084899,0
19,13,16,6.076307,26.250436,7.475871,2.932648,3.032808,0
20,13,16,7.418119,26.250436,7.475871,4.014946,4.070254,0
0,14,16,-19.418119,27.592247,7.475871,6.086676,6.099759,0
1,14,16,-18.076307,27.592247,7.475871,4.976929,5.008333,0
2,14,16,-16.734495,27.592247,7.475871,3.905171,3.963936,0
3,14,16,-15.392683,27.592247,7.475871,2.880146,2.983293,0
4,14,16,-14.050871,27.592247,7.475871,1.912912,2.097229,0
5,14,16,-12.709059,27.592247,7.475871,1.017327,1.377853,0
6,14,16,-11.367247,27.592247,7.475871,0.219044,1.011128,0
7,14,16,-10.025436,27.592247,7.475871,0.000063,1.002404,1
8,14,16,-8.683624,27.592247,7.475871,0.000000,1.002408,1
9,14,16,-7.341812,27.592247,7.475871,0.000000,1.002408,1
10,14,16,-6.000000,27.592247,7.475871,0.000000,1.002408,1
11,14,16,-4.658188,27.592247,7.475871,0.000000,1.002408,1
12,14,16,-3.316376,27.592247,7.475871,0.000000,1.002408,1
13,14,16,-1.974564,27.592247,7.475871,0.000000,1.002408,1
14,14,16,-0.632753,27.592247,7.475871,0.000001,1.002409,1
15,14,16,0.709059,27.592247,7.475871,0.014552,1.001506,0
16,14,16,2.050871,27.592247,7.475871,0.609342,1.136437,0
17,14,16,3.392683,27.592247,7.475871,1.463674,1.715772,0
18,14,16,4.734495,27.592247,7.475871,2.397686,2.533911,0
19,14,16,6.076307,27.592247,7.475871,3.395908,3.473521,0
20,14,16,7.418119,27.592247,7.475871,4.445967,4.489314,0
0,15,16,-19.418119,28.934059,7.475871,6.569161,6.576192,0
1,15,16,-18.076307,28.934059,7.475871,5.491737,5.513732,0
2,15,16,-16.734495,28.934059,7.475871,4.455511,4.498619,0
3,15,16,-15.392683,28.934059,7.475871,3.469284,3.543853,0
4,15,16,-14.050871,28.934059,7.475871,2.543909,2.668889,0
5,15,16,-12.709059,28.934059,7.475871,1.692608,1.906478,0
6,15,16,-11.367247,28.934059,7.475871,0.931132,1.320039,0
7,15,16,-10.025436,28.934059,7.475871,0.281297,1.022194,0
8,15,16,-8.683624,28.934059,7.475871,0.002991,1.002206,1
9,15,16,-7.341812,28.934059,7.475871,0.000014,1.002409,1
10,15,16,-6.000000,28.934059,7.475871,0.000001,1.002409,1
11,15,16,-4.658188,28.934059,7.475871,0.000001,1.002408,1
12,15,16,-3.316376,28.934059,7.475871,0.000003,1.002409,1
13,15,16,-1.974564,28.934059,7.475871,0.000001,1.002408,1
14,15,16,-0.632753,28.934059,7.475871,0.062094,1.000027,0
15,15,16,0.709059,28.934059,7.475871,0.595940,1.130131,0
16,15,16,2.050871,28.934059,7.475871,1.306790,1.590918,0
17,15,16,3.392683,28.934059,7.475871,2.116153,2.277940,0
18,15,16,4.734495,28.934059,7.475871,3.007001,3.103100,0
19,15,16,6.076307,28.934059,7.475871,3.964876,4.021738,0
20,15,16,7.418119,28.934059,7.475871,4.977795,5.009181,0
0,16,16,-19.418119,30.275871,7.475871,7.137853,7.138794,0
1,16,16,-18.076307,30.275871,7.475871,6.096118,6.109073,0
2,16,16,-16.734495,30.275871,7.475871,5.098624,5.127635,0
3,16,16,-15.392683,30.275871,7.475871,4.154060,4.205244,0
4,16,16,-14.050871,30.275871,7.475871,3.272872,3.355881,0
5,16,16,-12.709059,30.275871,7.475871,2.467422,2.598132,0
6,16,16,-11.367247,30.275871,7.475871,1.751969,1.957265,0
7,16,16,-10.025436,30.275871,7.475871,1.142315,1.466646,0
8,16,16,-8.683624,30.275871,7.475871,0.654981,1.158815,0
9,16,16,-7.341812,30.275871,7.475871,0.307897,1.028036,0
10,16,16,-6.000000,30.275871,7.475871,0.128355,1.001734,0
11,16,16,-4.658188,30.275871,7.475871,0.098953,1.000435,0
12,16,16,-3.316376,30.275871,7.475871,0.197640,1.008183,0
13,16,16,-1.974564,30.275871,7.475871,0.465775,1.075675,0
14,16,16,-0.632753,30.275871,7.475871,0.886958,1.291637,0
15,16,16,0.709059,30.275871,7.475871,1.438679,1.695523,0
16,16,16,2.050871,30.275871,7.475871,2.104279,2.267277,0
17,16,16,3.392683,30.275871,7.475871,2.867474,2.971357,0
18,16,16,4.734495,30.275871,7.475871,3.713177,3.778462,0
19,16,16,6.076307,30.275871,7.475871,4.628076,4.667024,0
20,16,16,7.418119,30.275871,7.475871,5.600797,5.621018,0
0,17,16,-19.418119,31.617683,7.475871,7.784962,7.780051,0
1,17,16,-18.076307,31.617683,7.475871,6.780988,6.785631,0
2,17,16,-16.734495,31.617683,7.475871,5.823932,5.840729,0
3,17,16,-15.392683,31.617683,7.475871,4.922211,4.954728,0
4,17,16,-14.050871,31.617683,7.475871,4.085691,4.138867,0
5,17,16,-12.709059,31.617683,7.475871,3.325727,3.406371,0
6,17,16,-11.367247,31.617683,7.475871,2.655023,2.772221,0
7,17,16,-10.025436,31.617683,7.475871,2.087215,2.251975,0
8,17,16,-8.683624,31.617683,7.475871,1.636085,1.858590,0
9,17,16,-7.341812,31.617683,7.475871,1.314368,1.596819,0
10,17,16,-6.000000,31.617683,7.475871,1.132288,1.459326,0
11,17,16,-4.658188,31.617683,7.475871,1.096106,1.433189,0
12,17,16,-3.316376,31.617683,7.475871,1.207109,1.514687,0
13,17,16,-1.974564,31.617683,7.475871,1.461393,1.713919,0
14,17,16,-0.632753,31.617683,7.475871,1.850515,2.042598,0
15,17,16,0.709059,31.617683,7.475871,2.362779,2.501875,0
16,17,16,2.050871,31.617683,7.475871,2.984746,3.082041,0
17,17,16,3.392683,31.617683,7.475871,3.702585,3.768249,0
18,17,16,4.734495,31.617683,7.475871,4.503061,4.544992,0
19,17,16,6.076307,31.617683,7.475871,5.374126,5.398114,0
20,17,16,7.418119,31.617683,7.475871,6.305178,6.315407,0
0,18,16,-19.418119,32.959495,7.475871,8.502720,8.492356,0
1,18,16,-18.076307,32.959495,7.475871,7.537470,7.534679,0
2,18,16,-16.734495,32.959495,7.475871,6.621339,6.627768,0
3,18,16,-15.392683,32.959495,7.475871,5.762338,5.780054,0
4,18,16,-14.050871,32.959495,7.475871,4.969638,5.001189,0
5,18,16,-12.709059,32.959495,7.475871,4.253518,4.301914,0
6,18,16,-11.367247,32.959495,7.475871,3.625163,3.693660,0
7,18,16,-10.025436,32.959495,7.475871,3.096238,3.187707,0
8,18,16,-8.683624,32.959495,7.475871,2.678209,2.793859,0
9,18,16,-7.341812,32.959495,7.475871,2.381402,2.518957,0
10,18,16,-6.000000,32.959495,7.475871,2.213934,2.366184,0
11,18,16,-4.658188,32.959495,7.475871,2.180701,2.336107,0
12,18,16,-3.316376,32.959495,7.475871,2.282704,2.428686,0
13,18,16,-1.974564,32.959495,7.475871,2.516903,2.643870,0
14,18,16,-0.632753,32.959495,7.475871,2.876649,2.979998,0
15,18,16,0.709059,32.959495,7.475871,3.352563,3.432034,0
16,18,16,2.050871,32.959495,7.475871,3.933610,3.991461,0
17,18,16,3.392683,32.959495,7.475871,4.608120,4.647533,0
18,18,16,4.734495,32.959495,7.475871,5.364603,5.388756,0
19,18,16,6.076307,32.959495,7.475871,6.192299,6.203977,0
20,18,16,7.418119,32.959495,7.475871,7.081480,7.082981,0
0,19,16,-19.418119,34.301307,7.475871,9.283660,9.268319,0
1,19,16,-18.076307,34.301307,7.475871,8.357210,8.347876,0
2,19,16,-16.734495,34.301307,7.475871,7.481560,7.479268,0
3,19,16,-15.392683,34.301307,7.475871,6.664228,6.670169,0
4,19,16,-14.050871,34.301307,7.475871,5.913626,5.929118,0
5,19,16,-12.709059,34.301307,7.475871,5.238957,5.265344,0
6,19,16,-11.367247,34.301307,7.475871,4.649990,4.688431,0
7,19,16,-10.025436,34.301307,7.475871,4.156659,4.207768,0
8,19,16,-8.683624,34.301307,7.475871,3.768494,3.831834,0
9,19,16,-7.341812,34.301307,7.475871,3.493893,3.567469,0
10,19,16,-6.000000,34.301307,7.475871,3.339341,3.419388,0
11,19,16,-4.658188,34.301307,7.475871,3.308706,3.390104,0
12,19,16,-3.316376,34.301307,7.475871,3.402773,3.480096,0
13,19,16,-1.974564,34.301307,7.475871,3.619149,3.687871,0
14,19,16,-0.632753,34.301307,7.475871,3.952557,4.009807,0
15,19,16,0.709059,34.301307,7.475871,4.395441,4.440072,0
16,19,16,2.050871,34.301307,7.475871,4.938728,4.970907,0
17,19,16,3.392683,34.301307,7.475871,5.572601,5.593274,0
18,19,16,4.734495,34.301307,7.475871,6.287148,6.297605,0
19,19,16,6.076307,34.301307,7.475871,7.072852,7.074440,0
20,19,16,7.418119,34.301307,7.475871,7.920892,7.914872,0
0,20,16,-19.418119,35.643119,7.475871,10.120805,10.100982,0
1,20,16,-18.076307,35.643119,7.475871,9.232555,9.217514,0
2,20,16,-16.734495,35.643119,7.475871,8.396279,8.386665,0
3,20,16,-15.392683,35.643119,7.475871,7.618951,7.615446,0
4,20,16,-14.050871,35.643119,7.475871,6.908208,6.911488,0
5,20,16,-12.709059,35.643119,7.475871,6.272230,6.282876,0
6,20,16,-11.367247,35.643119,7.475871,5.719505,5.737872,0
7,20,16,-10.025436,35.643119,7.475871,5.258479,5.284512,0
8,20,16,-8.683624,35.643119,7.475871,4.897088,4.930125,0
9,20,16,-7.341812,35.643119,7.475871,4.642198,4.680819,0
10,20,16,-6.000000,35.643119,7.475871,4.499036,4.541065,0
11,20,16,-4.658188,35.643119,7.475871,4.470684,4.513413,0
12,20,16,-3.316376,35.643119,7.475871,4.557767,4.598372,0
13,20,16,-1.974564,35.643119,7.475871,4.758382,4.794384,0
14,20,16,-0.632753,35.643119,7.475871,5.068301,5.097897,0
15,20,16,0.709059,35.643119,7.475871,5.481393,5.503560,0
16,20,16,2.050871,35.643119,7.475871,5.990173,6.004583,0
17,20,16,3.392683,35.643119,7.475871,6.586381,6.593212,0
18,20,16,4.734495,35.643119,7.475871,7.261498,7.261241,0
19,20,16,6.076307,35.643119,7.475871,8.007157,8.000454,0
20,20,16,7.418119,35.643119,7.475871,8.815432,8.802970,0
0,0,17,-19.418119,8.806881,8.817683,10.350260,10.329334,0
1,0,17,-18.076307,8.806881,8.817683,9.471924,9.455506,0
2,0,17,-16.734495,8.806881,8.817683,8.645794,8.634451,0
3,0,17,-15.392683,8.806881,8.817683,7.878693,7.873014,0
4,0,17,-14.050871,8.806881,8.817683,7.178059,7.178606,0
5,0,17,-12.709059,8.806881,8.817683,6.551811,6.559044,0
6,0,17,-11.367247,8.806881,8.817683,6.008127,6.022286,0
7,0,17,-10.025436,8.806881,8.817683,5.555097,5.576053,0
8,0,17,-8.683624,8.806881,8.817683,5.200287,5.227383,0
9,0,17,-7.341812,8.806881,8.817683,4.950216,4.982160,0
10,0,17,-6.000000,8.806881,8.817683,4.809827,4.844710,0
11,0,17,-4.658188,8.806881,8.817683,4.782030,4.817515,0
12,0,17,-3.316376,8.806881,8.817683,4.867414,4.901072,0
13,0,17,-1.974564,8.806881,8.817683,5.064185,5.093861,0
14,0,17,-0.632753,8.806881,8.817683,5.368346,5.392434,0
15,0,17,0.709059,8.806881,8.817683,5.774090,5.791629,0
16,0,17,2.050871,8.806881,8.817683,6.274297,6.284916,0
17,0,17,3.392683,8.806881,8.817683,6.861071,6.864850,0
18,0,17,4.734495,8.806881,8.817683,7.526229,7.523537,0
19,0,17,6.076307,8.806881,8.817683,8.261690,8.253052,0
20,0,17,7.418119,8.806881,8.817683,9.059758,9.045756,0
0,1,17,-19.418119,10.148693,8.817683,9.551709,9.534847,0
1,1,17,-18.076307,10.148693,8.817683,8.637851,8.626562,0
2,1,17,-16.734495,10.148693,8.817683,7.775232,7.770401,0
3,1,17,-15.392683,10.148693,8.817683,6.971194,6.973817,0
4,1,17,-14.050871,10.148693,8.817683,6.233896,6.245034,0
5,1,17,-12.709059,10.148693,8.817683,5.572201,5.592881,0
6,1,17,-11.367247,10.148693,8.817683,4.995440,5.026472,0
7,1,17,-10.025436,10.148693,8.817683,4.513035,4.554721,0
8,1,17,-8.683624,10.148693,8.817683,4.133959,4.185721,0
9,1,17,-7.341812,10.148693,8.817683,3.866069,3.926111,0
10,1,17,-6.000000,10.148693,8.817683,3.715403,3.780609,0
11,1,17,-4.658188,10.148693,8.817683,3.685548,3.751826,0
12,1,17,-3.316376,10.148693,8.817683,3.777230,3.840269,0
13,1,17,-1.974564,10.148693,8.817683,3.988234,4.044367,0
14,1,17,-0.632753,10.148693,8.817683,4.313656,4.360427,0
15,1,17,0.709059,10.148693,8.817683,4.746445,4.782710,0
16,1,17,2.050871,10.148693,8.817683,5.278086,5.303765,0
17,1,17,3.392683,10.148693,8.817683,5.899301,5.914999,0
18,1,17,4.734495,10.148693,8.817683,6.600658,6.607324,0
19,1,17,6.076307,10.148693,8.817683,7.373025,7.371721,0
20,1,17,7.418119,10.148693,8.817683,8.207878,8.199639,0
0,2,17,-19.418119,11.490505,8.817683,8.811668,8.799230,0
1,2,17,-18.076307,11.490505,8.817683,7.862160,7.856615,0
2,2,17,-16.734495,11.490505,8.817683,6.962514,6.965227,0
3,2,17,-15.392683,11.490505,8.817683,6.120550,6.133177,0
4,2,17,-14.050871,11.490505,8.817683,5.345136,5.369628,0
5,2,17,-12.709059,11.490505,8.817683,4.646113,4.684644,0
6,2,17,-11.367247,11.490505,8.817683,4.034077,4.088802,0
7,2,17,-10.025436,11.490505,8.817683,3.519964,3.592503,0
8,2,17,-8.683624,11.490505,8.817683,3.114410,3.204966,0
9,2,17,-7.341812,11.490505,8.817683,2.826909,2.933190,0
10,2,17,-6.000000,11.490505,8.817683,2.664866,2.781404,0
11,2,17,-4.658188,11.490505,8.817683,2.632725,2.751436,0
12,2,17,-3.316376,11.490505,8.817683,2.731393,2.843583,0
13,2,17,-1.974564,11.490505,8.817683,2.958114,3.056862,0
14,2,17,-0.632753,11.490505,8.817683,3.306839,3.388320,0
15,2,17,0.709059,11.490505,8.817683,3.768981,3.832305,0
16,2,17,2.050871,11.490505,8.817683,4.334349,4.380571,0
17,2,17,3.392683,11.490505,8.817683,4.992061,5.023160,0
18,2,17,4.734495,11.490505,8.817683,5.731287,5.749473,0
19,2,17,6.076307,11.490505,8.817683,6.541778,6.549128,0
20,2,17,7.418119,11.490505,8.817683,7.414172,7.412490,0
0,3,17,-19.418119,12.832317,8.817683,8.136897,8.129192,0
1,3,17,-18.076307,12.832317,8.817683,7.152301,7.153100,0
2,3,17,-16.734495,12.832317,8.817683,6.215792,6.227164,0
3,3,17,-15.392683,12.832317,8.817683,5.335597,5.360256,0
4,3,17,-14.050871,12.832317,8.817683,4.521243,4.562729,0
5,3,17,-12.709059,12.832317,8.817683,3.783550,3.846371,0
6,3,17,-11.367247,12.832317,8.817683,3.134449,3.224011,0
7,3,17,-10.025436,12.832317,8.817683,2.586560,2.708480,0
8,3,17,-8.683624,12.832317,8.817683,2.152452,2.310609,0
9,3,17,-7.341812,12.832317,8.817683,1.843585,2.036559,0
10,3,17,-6.000000,12.832317,8.817683,1.669060,1.886469,0
11,3,17,-4.658188,12.832317,8.817683,1.634404,1.857174,0
12,3,17,-3.316376,12.832317,8.817683,1.740751,1.947630,0
13,3,17,-1.974564,12.832317,8.817683,1.984661,2.160567,0
14,3,17,-0.632753,12.832317,8.817683,2.358651,2.498092,0
15,3,17,0.709059,12.832317,8.817683,2.852258,2.957033,0
16,3,17,2.050871,12.832317,8.817683,3.453307,3.528529,0
17,3,17,3.392683,12.832317,8.817683,4.149091,4.200417,0
18,3,17,4.734495,12.832317,8.817683,4.927269,4.959682,0
19,3,17,6.076307,12.832317,8.817683,5.776440,5.793943,0
20,3,17,7.418119,12.832317,8.817683,6.686433,6.692124,0
0,4,17,-19.418119,14.174129,8.817683,7.534489,7.531725,0
1,4,17,-18.076307,14.174129,8.817683,6.516238,6.523889,0
2,4,17,-16.734495,14.174129,8.817683,5.543956,5.565094,0
3,4,17,-15.392683,14.174129,8.817683,4.626180,4.665172,0
4,4,17,-14.050871,14.174129,8.817683,3.773008,3.836193,0
5,4,17,-12.709059,14.174129,8.817683,2.996185,3.092863,0
6,4,17,-11.367247,14.174129,8.817683,2.308995,2.452668,0
7,4,17,-10.025436,14.174129,8.817683,1.725867,1.934872,0
8,4,17,-8.683624,14.174129,8.817683,1.261546,1.555989,0
9,4,17,-7.341812,14.174129,8.817683,0.929811,1.319177,0
10,4,17,-6.000000,14.174129,8.817683,0.741835,1.205034,0
11,4,17,-4.658188,14.174129,8.817683,0.704468,1.184590,0
12,4,17,-3.316376,14.174129,8.817683,0.819096,1.249790,0
13,4,17,-1.974564,14.174129,8.817683,1.081480,1.422749,0
14,4,17,-0.632753,14.174129,8.817683,1.482365,1.730994,0
15,4,17,0.709059,14.174129,8.817683,2.009034,2.182202,0
16,4,17,2.050871,14.174129,8.817683,2.647027,2.764765,0
17,4,17,3.392683,14.174129,8.817683,3.381627,3.459848,0
18,4,17,4.734495,14.174129,8.817683,4.198917,4.248827,0
19,4,17,6.076307,14.174129,8.817683,5.086367,5.115614,0
20,4,17,7.418119,14.174129,8.817683,6.033073,6.046888,0
0,5,17,-19.418119,15.515941,8.817683,7.011673,7.013880,0
1,5,17,-18.076307,15.515941,8.817683,5.962230,5.977032,0
2,5,17,-16.734495,15.515941,8.817683,4.956416,4.988234,0
3,5,17,-15.392683,15.515941,8.817683,4.002955,4.058632,0
4,5,17,-14.050871,15.515941,8.817683,3.112394,3.203051,0
5,5,17,-12.709059,15.515941,8.817683,2.297293,2.441987,0
6,5,17,-11.367247,15.515941,8.817683,1.572231,1.805094,0
7,5,17,-10.025436,15.515941,8.817683,0.953484,1.334738,0
8,5,17,-8.683624,15.515941,8.817683,0.458800,1.073125,0
9,5,17,-7.341812,15.515941,8.817683,0.131304,1.001911,0
10,5,17,-6.000000,15.515941,8.817683,0.028215,1.000850,0
11,5,17,-4.658188,15.515941,8.817683,0.018816,1.001281,0
12,5,17,-3.316376,15.515941,8.817683,0.058714,1.000058,0
13,5,17,-1.974564,15.515941,8.817683,0.271013,1.020112,0
14,5,17,-0.632753,15.515941,8.817683,0.694073,1.179050,0
15,5,17,0.709059,15.515941,8.817683,1.254380,1.550506,0
16,5,17,2.050871,15.515941,8.817683,1.929405,2.111741,0
17,5,17,3.392683,15.515941,8.817683,2.702280,2.816348,0
18,5,17,4.734495,15.515941,8.817683,3.557524,3.628594,0
19,5,17,6.076307,15.515941,8.817683,4.481571,4.524031,0
20,5,17,7.418119,15.515941,8.817683,5.462903,5.485379,0
0,6,17,-19.418119,16.857753,8.817683,6.575514,6.582471,0
1,6,17,-18.076307,16.857753,8.817683,5.498502,5.520385,0
2,6,17,-16.734495,16.857753,8.817683,4.462727,4.505654,0
3,6,17,-15.392683,16.857753,8.817683,3.476988,3.551246,0
4,6,17,-14.050871,16.857753,8.817683,2.552136,2.676518,0
5,6,17,-12.709059,16.857753,8.817683,1.701383,1.913954,0
6,6,17,-11.367247,16.857753,8.817683,0.940463,1.326149,0
7,6,17,-10.025436,16.857753,8.817683,0.291877,1.024439,0
8,6,17,-8.683624,16.857753,8.817683,0.006171,1.002000,1
9,6,17,-7.341812,16.857753,8.817683,0.000026,1.002407,1
10,6,17,-6.000000,16.857753,8.817683,0.000001,1.002408,1
11,6,17,-4.658188,16.857753,8.817683,0.000000,1.002408,1
12,6,17,-3.316376,16.857753,8.817683,0.000003,1.002408,1
13,6,17,-1.974564,16.857753,8.817683,0.000385,1.002382,1
14,6,17,-0.632753,16.857753,8.817683,0.073207,1.000007,0
15,6,17,0.709059,16.857753,8.817683,0.605571,1.134650,0
16,6,17,2.050871,16.857753,8.817683,1.315838,1.597965,0
17,6,17,3.392683,16.857753,8.817683,2.124646,2.285574,0
18,6,17,4.734495,16.857753,8.817683,3.014958,3.110634,0
19,6,17,6.076307,16.857753,8.817683,3.972327,4.028955,0
20,6,17,7.418119,16.857753,8.817683,4.984777,5.016022,0
0,7,17,-19.418119,18.199564,8.817683,6.232560,6.243715,0
1,7,17,-18.076307,18.199564,8.817683,5.132797,5.161155,0
2,7,17,-16.734495,18.199564,8.817683,4.072060,4.125642,0
3,7,17,-15.392683,18.199564,8.817683,3.059131,3.152493,0
4,7,17,-14.050871,18.199564,8.817683,2.105023,2.267945,0
5,7,17,-12.709059,18.199564,8.817683,1.223418,1.526975,0
6,7,17,-11.367247,18.199564,8.817683,0.431859,1.063646,0
7,7,17,-10.025436,18.199564,8.817683,0.005143,1.002065,1
8,7,17,-8.683624,18.199564,8.817683,0.000001,1.002408,1
9,7,17,-7.341812,18.199564,8.817683,0.000000,1.002408,1
10,7,17,-6.000000,18.199564,8.817683,0.000000,1.002408,1
11,7,17,-4.658188,18.199564,8.817683,0.000000,1.002408,1
12,7,17,-3.316376,18.199564,8.817683,0.000000,1.002408,1
13,7,17,-1.974564,18.199564,8.817683,0.000000,1.002408,1
14,7,17,-0.632753,18.199564,8.817683,0.000086,1.002403,1
15,7,17,0.709059,18.199564,8.817683,0.115483,1.001059,0
16,7,17,2.050871,18.199564,8.817683,0.822422,1.251788,0
17,7,17,3.392683,18.199564,8.817683,1.662554,1.880956,0
18,7,17,4.734495,18.199564,8.817683,2.582987,2.705160,0
19,7,17,6.076307,18.199564,8.817683,3.568596,3.639238,0
20,7,17,7.418119,18.199564,8.817683,4.607107,4.646544,0
0,8,17,-19.418119,19.541376,8.817683,5.988428,6.002862,0
1,8,17,-18.076307,19.541376,8.817683,4.871853,4.905416,0
2,8,17,-16.734495,19.541376,8.817683,3.792529,3.855042,0
3,8,17,-15.392683,19.541376,8.817683,2.759170,2.869602,0
4,8,17,-14.050871,19.541376,8.817683,1.782850,1.983873,0
5,8,17,-12.709059,19.541376,8.817683,0.877540,1.285697,0
6,8,17,-11.367247,19.541376,8.817683,0.101722,1.000521,0
7,8,17,-10.025436,19.541376,8.817683,0.000015,1.002407,1
8,8,17,-8.683624,19.541376,8.817683,0.000000,1.002408,1
9,8,17,-7.341812,19.541376,8.817683,0.000000,1.002408,1
10,8,17,-6.000000,19.541376,8.817683,0.000000,1.002408,1
11,8,17,-4.658188,19.541376,8.817683,0.000000,1.002408,1
12,8,17,-3.316376,19.541376,8.817683,0.000000,1.002408,1
13,8,17,-1.974564,19.541376,8.817683,0.000000,1.002408,1
14,8,17,-0.632753,19.541376,8.817683,0.000000,1.002408,1
15,8,17,0.709059,19.541376,8.817683,0.002717,1.002224,1
16,8,17,2.050871,19.541376,8.817683,0.465129,1.075437,0
17,8,17,3.392683,19.541376,8.817683,1.328908,1.608181,0
18,8,17,4.734495,19.541376,8.817683,2.272343,2.419247,0
19,8,17,6.076307,19.541376,8.817683,3.279275,3.361994,0
20,8,17,7.418119,19.541376,8.817683,4.337274,4.383419,0
0,9,17,-19.418119,20.883188,8.817683,5.847390,5.863842,0
1,9,17,-18.076307,20.883188,8.817683,4.720858,4.757692,0
2,9,17,-16.734495,20.883188,8.817683,3.630468,3.698767,0
3,9,17,-15.392683,20.883188,8.817683,2.584868,2.706908,0
4,9,17,-14.050871,20.883188,8.817683,1.595139,1.824210,0
5,9,17,-12.709059,20.883188,8.817683,0.675439,1.169285,0
6,9,17,-11.367247,20.883188,8.817683,0.015426,1.001458,0
7,9,17,-10.025436,20.883188,8.817683,0.000000,1.002408,1
8,9,17,-8.683624,20.883188,8.817683,0.000000,1.002408,1
9,9,17,-7.341812,20.883188,8.817683,0.000000,1.002408,1
10,9,17,-6.000000,20.883188,8.817683,0.000000,1.002408,1
11,9,17,-4.658188,20.883188,8.817683,0.000000,1.002408,1
12,9,17,-3.316376,20.883188,8.817683,0.000000,1.002408,1
13,9,17,-1.974564,20.883188,8.817683,0.000000,1.002408,1
14,9,17,-0.632753,20.883188,8.817683,0.000000,1.002408,1
15,9,17,0.709059,20.883188,8.817683,0.000101,1.002401,1
16,9,17,2.050871,20.883188,8.817683,0.261222,1.018223,0
17,9,17,3.392683,20.883188,8.817683,1.134229,1.460741,0
18,9,17,4.734495,20.883188,8.817683,2.091605,2.255910,0
19,9,17,6.076307,20.883188,8.817683,3.111357,3.202066,0
20,9,17,7.418119,20.883188,8.817683,4.180995,4.231411,0
0,10,17,-19.418119,22.225000,8.817683,5.812028,5.829001,0
1,10,17,-18.076307,22.225000,8.817683,4.682970,4.720658,0
2,10,17,-16.734495,22.225000,8.817683,3.589766,3.659598,0
3,10,17,-15.392683,22.225000,8.817683,2.541045,2.666234,0
4,10,17,-14.050871,22.225000,8.817683,1.547885,1.784876,0
5,10,17,-12.709059,22.225000,8.817683,0.624513,1.143722,0
6,10,17,-11.367247,22.225000,8.817683,0.008105,1.001880,1
7,10,17,-10.025436,22.225000,8.817683,0.000000,1.002408,1
8,10,17,-8.683624,22.225000,8.817683,0.000000,1.002408,1
9,10,17,-7.341812,22.225000,8.817683,0.000000,1.002408,1
10,10,17,-6.000000,22.225000,8.817683,0.000000,1.002408,1
11,10,17,-4.658188,22.225000,8.817683,0.000000,1.002408,1
12,10,17,-3.316376,22.225000,8.817683,0.000000,1.002408,1
13,10,17,-1.974564,22.225000,8.817683,0.000000,1.002408,1
14,10,17,-0.632753,22.225000,8.817683,0.000000,1.002408,1
15,10,17,0.709059,22.225000,8.817683,0.000038,1.002406,1
16,10,17,2.050871,22.225000,8.817683,0.212812,1.010225,0
17,10,17,3.392683,22.225000,8.817683,1.085186,1.425387,0
18,10,17,4.734495,22.225000,8.817683,2.046137,2.215244,0
19,10,17,6.076307,22.225000,8.817683,3.069164,3.162010,0
20,10,17,7.418119,22.225000,8.817683,4.141765,4.193302,0
0,11,17,-19.418119,23.566812,8.817683,5.883002,5.898935,0
1,11,17,-18.076307,23.566812,8.817683,4.759001,4.794990,0
2,11,17,-16.734495,23.566812,8.817683,3.671429,3.738219,0
3,11,17,-15.392683,23.566812,8.817683,2.628951,2.747921,0
4,11,17,-14.050871,23.566812,8.817683,1.642650,1.864127,0
5,11,17,-12.709059,23.566812,8.817683,0.726624,1.196613,0
6,11,17,-11.367247,23.566812,8.817683,0.026613,1.000917,0
7,11,17,-10.025436,23.566812,8.817683,0.000000,1.002408,1
8,11,17,-8.683624,23.566812,8.817683,0.000000,1.002408,1
9,11,17,-7.341812,23.566812,8.817683,0.000000,1.002408,1
10,11,17,-6.000000,23.566812,8.817683,0.000000,1.002408,1
11,11,17,-4.658188,23.566812,8.817683,0.000000,1.002408,1
12,11,17,-3.316376,23.566812,8.817683,0.000000,1.002408,1
13,11,17,-1.974564,23.566812,8.817683,0.000000,1.002408,1
14,11,17,-0.632753,23.566812,8.817683,0.000000,1.002408,1
15,11,17,0.709059,23.566812,8.817683,0.000214,1.002394,1
16,11,17,2.050871,23.566812,8.817683,0.311457,1.028868,0
17,11,17,3.392683,23.566812,8.817683,1.183524,1.497054,0
18,11,17,4.734495,23.566812,8.817683,2.137333,2.296988,0
19,11,17,6.076307,23.566812,8.817683,3.153811,3.242424,0
20,11,17,7.418119,23.566812,8.817683,4.220483,4.269791,0
0,12,17,-19.418119,24.908624,8.817683,6.058992,6.072452,0
1,12,17,-18.076307,24.908624,8.817683,4.947331,4.979333,0
2,12,17,-16.734495,24.908624,8.817683,3.873452,3.933251,0
3,12,17,-15.392683,24.908624,8.817683,2.846095,2.951234,0
4,12,17,-14.050871,24.908624,8.817683,1.876321,2.065139,0
5,12,17,-12.709059,24.908624,8.817683,0.978022,1.351114,0
6,12,17,-11.367247,24.908624,8.817683,0.182765,1.006400,0
7,12,17,-10.025436,24.908624,8.817683,0.000066,1.002404,1
8,12,17,-8.683624,24.908624,8.817683,0.000000,1.002408,1
9,12,17,-7.341812,24.908624,8.817683,0.000000,1.002408,1
10,12,17,-6.000000,24.908624,8.817683,0.000000,1.002408,1
11,12,17,-4.658188,24.908624,8.817683,0.000000,1.002408,1
12,12,17,-3.316376,24.908624,8.817683,0.000000,1.002408,1
13,12,17,-1.974564,24.908624,8.817683,0.000000,1.002408,1
14,12,17,-0.632753,24.908624,8.817683,0.000000,1.002408,1
15,12,17,0.709059,24.908624,8.817683,0.009798,1.001777,1
16,12,17,2.050871,24.908624,8.817683,0.568734,1.117716,0
17,12,17,3.392683,24.908624,8.817683,1.425770,1.685116,0
18,12,17,4.734495,24.908624,8.817683,2.362414,2.501540,0
19,12,17,6.076307,24.908624,8.817683,3.363072,3.442088,0
20,12,17,7.418119,24.908624,8.817683,4.415355,4.459476,0
0,13,17,-19.418119,26.250436,8.817683,6.336817,6.346648,0
1,13,17,-18.076307,26.250436,8.817683,5.244074,5.270368,0
2,13,17,-16.734495,26.250436,8.817683,4.191064,4.241195,0
3,13,17,-15.392683,26.250436,8.817683,3.186580,3.273611,0
4,13,17,-14.050871,26.250436,8.817683,2.241597,2.391284,0
5,13,17,-12.709059,26.250436,8.817683,1.369659,1.640291,0
6,13,17,-11.367247,26.250436,8.817683,0.587257,1.126112,0
7,13,17,-10.025436,26.250436,8.817683,0.029421,1.000801,0
8,13,17,-8.683624,26.250436,8.817683,0.000007,1.002408,1
9,13,17,-7.341812,26.250436,8.817683,0.000000,1.002408,1
10,13,17,-6.000000,26.250436,8.817683,0.000000,1.002408,1
11,13,17,-4.658188,26.250436,8.817683,0.000000,1.002408,1
12,13,17,-3.316376,26.250436,8.817683,0.000000,1.002408,1
13,13,17,-1.974564,26.250436,8.817683,0.000000,1.002408,1
14,13,17,-0.632753,26.250436,8.817683,0.000747,1.002357,1
15,13,17,0.709059,26.250436,8.817683,0.248150,1.015842,0
16,13,17,2.050871,26.250436,8.817683,0.973517,1.348089,0
17,13,17,3.392683,26.250436,8.817683,1.803816,2.002009,0
18,13,17,4.734495,26.250436,8.817683,2.714834,2.828087,0
19,13,17,6.076307,26.250436,8.817683,3.691654,3.757711,0
20,13,17,7.418119,26.250436,8.817683,4.722085,4.758892,0
0,14,17,-19.418119,27.592247,8.817683,6.711709,6.717117,0
1,14,17,-18.076307,27.592247,8.817683,5.643466,5.663011,0
2,14,17,-16.734495,27.592247,8.817683,4.617253,4.656453,0
3,14,17,-15.392683,27.592247,8.817683,3.641857,3.709734,0
4,14,17,-14.050871,27.592247,8.817683,2.728044,2.840448,0
5,14,17,-12.709059,27.592247,8.817683,1.888827,2.076090,0
6,14,17,-11.367247,27.592247,8.817683,1.139573,1.464641,0
7,14,17,-10.025436,27.592247,8.817683,0.498057,1.087983,0
8,14,17,-8.683624,27.592247,8.817683,0.054100,1.000118,0
9,14,17,-7.341812,27.592247,8.817683,0.000421,1.002379,1
10,14,17,-6.000000,27.592247,8.817683,0.000002,1.002408,1
11,14,17,-4.658188,27.592247,8.817683,0.000001,1.002409,1
12,14,17,-3.316376,27.592247,8.817683,0.000035,1.002406,1
13,14,17,-1.974564,27.592247,8.817683,0.005835,1.002021,1
14,14,17,-0.632753,27.592247,8.817683,0.234977,1.013608,0
15,14,17,0.709059,27.592247,8.817683,0.810179,1.244462,0
16,14,17,2.050871,27.592247,8.817683,1.509018,1.752818,0
17,14,17,3.392683,27.592247,8.817683,2.306169,2.450088,0
18,14,17,4.734495,27.592247,8.817683,3.185164,3.272262,0
19,14,17,6.076307,27.592247,8.817683,4.131832,4.183656,0
20,14,17,7.418119,27.592247,8.817683,5.134331,5.162660,0
0,15,17,-19.418119,28.934059,8.817683,7.177694,7.178244,0
1,15,17,-18.076307,28.934059,8.817683,6.138368,6.150757,0
2,15,17,-16.734495,28.934059,8.817683,5.143470,5.171627,0
3,15,17,-15.392683,28.934059,8.817683,4.201677,4.251509,0
4,15,17,-14.050871,28.934059,8.817683,3.323399,3.404147,0
5,15,17,-12.709059,28.934059,8.817683,2.520940,2.647607,0
6,15,17,-11.367247,28.934059,8.817683,1.808456,2.006030,0
7,15,17,-10.025436,28.934059,8.817683,1.201604,1.510557,0
8,15,17,-8.683624,28.934059,8.817683,0.716704,1.191194,0
9,15,17,-7.341812,28.934059,8.817683,0.370475,1.044327,0
10,15,17,-6.000000,28.934059,8.817683,0.183933,1.006532,0
11,15,17,-4.658188,28.934059,8.817683,0.150739,1.003299,0
12,15,17,-3.316376,28.934059,8.817683,0.257957,1.017613,0
13,15,17,-1.974564,28.934059,8.817683,0.528369,1.100277,0
14,15,17,-0.632753,28.934059,8.817683,0.947504,1.330784,0
15,15,17,0.709059,28.934059,8.817683,1.496572,1.742610,0
16,15,17,2.050871,28.934059,8.817683,2.159264,2.316752,0
17,15,17,3.392683,28.934059,8.817683,2.919464,3.020365,0
18,15,17,4.734495,28.934059,8.817683,3.762207,3.825766,0
19,15,17,6.076307,28.934059,8.817683,4.674261,4.712146,0
20,15,17,7.418119,28.934059,8.817683,5.644297,5.663830,0
0,16,17,-19.418119,30.275871,8.817683,7.728005,7.723570,0
1,16,17,-18.076307,30.275871,8.817683,6.720820,6.726127,0
2,16,17,-16.734495,30.275871,8.817683,5.760348,5.778094,0
3,16,17,-15.392683,30.275871,8.817683,4.855031,4.888949,0
4,16,17,-14.050871,30.275871,8.817683,4.014791,4.070104,0
5,16,17,-12.709059,30.275871,8.817683,3.251070,3.335076,0
6,16,17,-11.367247,30.275871,8.817683,2.576703,2.699322,0
7,16,17,-10.025436,30.275871,8.817683,2.005500,2.179061,0
8,16,17,-8.683624,30.275871,8.817683,1.551454,1.787834,0
9,16,17,-7.341812,30.275871,8.817683,1.227527,1.530082,0
10,16,17,-6.000000,30.275871,8.817683,1.044144,1.396437,0
11,16,17,-4.658188,30.275871,8.817683,1.007699,1.371247,0
12,16,17,-3.316376,30.275871,8.817683,1.119505,1.450043,0
13,16,17,-1.974564,30.275871,8.817683,1.375577,1.644986,0
14,16,17,-0.632753,30.275871,8.817683,1.767296,1.970456,0
15,16,17,0.709059,30.275871,8.817683,2.282748,2.428725,0
16,16,17,2.050871,30.275871,8.817683,2.908271,3.009806,0
17,16,17,3.392683,30.275871,8.817683,3.629840,3.698163,0
18,16,17,4.734495,30.275871,8.817683,4.434068,4.477715,0
19,16,17,6.076307,30.275871,8.817683,5.308798,5.333930,0
20,16,17,7.418119,30.275871,8.817683,6.243360,6.254375,0
0,17,17,-19.418119,31.617683,8.817683,8.355485,8.346164,0
1,17,17,-18.076307,31.617683,8.817683,7.382544,7.381152,0
2,17,17,-16.734495,31.617683,8.817683,6.458327,6.466668,0
3,17,17,-15.392683,31.617683,8.817683,5.590934,5.611313,0
4,17,17,-14.050871,31.617683,8.817683,4.789680,4.824998,0
5,17,17,-12.709059,31.617683,8.817683,4.065059,4.118850,0
6,17,17,-11.367247,31.617683,8.817683,3.428549,3.504793,0
7,17,17,-10.025436,31.617683,8.817683,2.892189,2.994642,0
8,17,17,-8.683624,31.617683,8.817683,2.467870,2.598545,0
9,17,17,-7.341812,31.617683,8.817683,2.166355,2.323150,0
10,17,17,-6.000000,31.617683,8.817683,1.996134,2.170744,0
11,17,17,-4.658188,31.617683,8.817683,1.962347,2.140812,0
12,17,17,-3.316376,31.617683,8.817683,2.066043,2.233025,0
13,17,17,-1.974564,31.617683,8.817683,2.304031,2.448136,0
14,17,17,-0.632753,31.617683,8.817683,2.669343,2.785582,0
15,17,17,0.709059,31.617683,8.817683,3.152187,3.240878,0
16,17,17,2.050871,31.617683,8.817683,3.741086,3.805383,0
17,17,17,3.392683,31.617683,8.817683,4.423968,4.467871,0
18,17,17,4.734495,31.617683,8.817683,5.189012,5.216316,0
19,17,17,6.076307,31.617683,8.817683,6.025201,6.039124,0
20,17,17,7.418119,31.617683,8.817683,6.922632,6.925761,0
0,18,17,-19.418119,32.959495,8.817683,9.052923,9.038964,0
1,18,17,-18.076307,32.959495,8.817683,8.115346,8.107806,0
2,18,17,-16.734495,32.959495,8.817683,7.228139,7.228201,0
3,18,17,-15.392683,32.959495,8.817683,6.398967,6.408030,0
4,18,17,-14.050871,32.959495,8.817683,5.636465,5.656121,0
5,18,17,-12.709059,32.959495,8.817683,4.950144,4.982089,0
6,18,17,-11.367247,32.959495,8.817683,4.350164,4.395969,0
7,18,17,-10.025436,32.959495,8.817683,3.846934,3.907610,0
8,18,17,-8.683624,32.959495,8.817683,3.450502,3.525839,0
9,18,17,-7.341812,32.959495,8.817683,3.169779,3.257617,0
10,18,17,-6.000000,32.959495,8.817683,3.011676,3.107526,0
11,18,17,-4.658188,32.959495,8.817683,2.980327,3.077862,0
12,18,17,-3.316376,32.959495,8.817683,3.076575,3.169041,0
13,18,17,-1.974564,32.959495,8.817683,3.297857,3.379740,0
14,18,17,-0.632753,32.959495,8.817683,3.638540,3.706540,0
15,18,17,0.709059,32.959495,8.817683,4.090588,4.143620,0
16,18,17,2.050871,32.959495,8.817683,4.644405,4.682975,0
17,18,17,3.392683,32.959495,8.817683,5.289671,5.315144,0
18,18,17,4.734495,32.959495,8.817683,6.016041,6.030091,0
19,18,17,6.076307,32.959495,8.817683,6.813646,6.817935,0
20,18,17,7.418119,32.959495,8.817683,7.673405,7.669432,0
0,19,17,-19.418119,34.301307,8.817683,9.813318,9.795052,0
1,19,17,-18.076307,34.301307,8.817683,8.911417,8.898340,0
2,19,17,-16.734495,34.301307,8.817683,8.061124,8.054000,0
3,19,17,-15.392683,34.301307,8.817683,7.269611,7.269276,0
4,19,17,-14.050871,34.301307,8.817683,6.544794,6.552109,0
5,19,17,-12.709059,34.301307,8.817683,5.895214,5.910971,0
6,19,17,-11.367247,34.301307,8.817683,5.329803,5.354564,0
7,19,17,-10.025436,34.301307,8.817683,4.857516,4.891382,0
8,19,17,-8.683624,34.301307,8.817683,4.486825,4.529154,0
9,19,17,-7.341812,34.301307,8.817683,4.225109,4.274288,0
10,19,17,-6.000000,34.301307,8.817683,4.078010,4.131415,0
11,19,17,-4.658188,34.301307,8.817683,4.048870,4.103147,0
12,19,17,-3.316376,34.301307,8.817683,4.138365,4.190000,0
13,19,17,-1.974564,34.301307,8.817683,4.344432,4.390388,0
14,19,17,-0.632753,34.301307,8.817683,4.662497,4.700651,0
15,19,17,0.709059,34.301307,8.817683,5.085956,5.115210,0
16,19,17,2.050871,34.301307,8.817683,5.606790,5.626916,0
17,19,17,3.392683,34.301307,8.817683,6.216211,6.227577,0
18,19,17,4.734495,34.301307,8.817683,6.905220,6.908532,0
19,19,17,6.076307,34.301307,8.817683,7.665049,7.661148,0
20,19,17,7.418119,34.301307,8.817683,8.487454,8.477196,0
0,20,17,-19.418119,35.643119,8.817683,10.630059,10.607854,0
1,20,17,-18.076307,35.643119,8.817683,9.763511,9.745507,0
2,20,17,-16.734495,35.643119,8.817683,8.949406,8.936089,0
3,20,17,-15.392683,35.643119,8.817683,8.194385,8.186247,0
4,20,17,-14.050871,35.643119,8.817683,7.505649,7.503141,0
5,20,17,-12.709059,35.643119,8.817683,6.890815,6.894278,0
6,20,17,-11.367247,35.643119,8.817683,6.357697,6.367268,0
7,20,17,-10.025436,35.643119,8.817683,5.913983,5.929470,0
8,20,17,-8.683624,35.643119,8.817683,5.566820,5.587586,0
9,20,17,-7.341812,35.643119,8.817683,5.322334,5.347227,0
10,20,17,-6.000000,35.643119,8.817683,5.185155,5.212532,0
11,20,17,-4.658188,35.643119,8.817683,5.158001,5.185884,0
12,20,17,-3.316376,35.643119,8.817683,5.241419,5.267761,0
13,20,17,-1.974564,35.643119,8.817683,5.433736,5.456704,0
14,20,17,-0.632753,35.643119,8.817683,5.731217,5.749405,0
15,20,17,0.709059,35.643119,8.817683,6.128412,6.140934,0
16,20,17,2.050871,35.643119,8.817683,6.618613,6.625073,0
17,20,17,3.392683,35.643119,8.817683,7.194341,7.194730,0
18,20,17,4.734495,35.643119,8.817683,7.847797,7.842369,0
19,20,17,6.076307,35.643119,8.817683,8.571234,8.560397,0
20,20,17,7.418119,35.643119,8.817683,9.357223,9.341457,0
0,0,18,-19.418119,8.806881,10.159495,10.936084,10.912553,0
1,0,18,-18.076307,8.806881,10.159495,10.082064,10.062432,0
2,0,18,-16.734495,8.806881,10.159495,9.280694,9.265370,0
3,0,18,-15.392683,8.806881,10.159495,8.538421,8.527810,0
4,0,18,-14.050871,8.806881,10.159495,7.862191,7.856645,0
5,0,18,-12.709059,8.806881,10.159495,7.259307,7.259071,0
6,0,18,-11.367247,8.806881,10.159495,6.737212,6.742337,0
7,0,18,-10.025436,8.806881,10.159495,6.303183,6.313436,0
8,0,18,-8.683624,8.806881,10.159495,5.963944,5.978721,0
9,0,18,-7.341812,8.806881,10.159495,5.725234,5.743513,0
10,0,18,-6.000000,8.806881,10.159495,5.591368,5.611740,0
11,0,18,-4.658188,8.806881,10.159495,5.564876,5.585674,0
12,0,18,-3.316376,8.806881,10.159495,5.646266,5.665768,0
13,0,18,-1.974564,8.806881,10.159495,5.833984,5.850632,0
14,0,18,-0.632753,8.806881,10.159495,6.124549,6.137123,0
15,0,18,0.709059,8.806881,10.159495,6.512872,6.520563,0
16,0,18,2.050871,8.806881,10.159495,6.992653,6.995056,0
17,0,18,3.392683,8.806881,10.159495,7.556836,7.553874,0
18,0,18,4.734495,8.806881,10.159495,8.198016,8.189850,0
19,0,18,6.076307,8.806881,10.159495,8.908787,8.895727,0
20,0,18,7.418119,8.806881,10.159495,9.682008,9.664438,0
0,1,18,-19.418119,10.148693,10.159495,10.159558,10.139545,0
1,1,18,-18.076307,10.148693,10.159495,9.272998,9.257720,0
2,1,18,-16.734495,10.148693,10.159495,8.438455,8.428541,0
3,1,18,-15.392683,10.148693,10.159495,7.662874,7.658992,0
4,1,18,-14.050871,10.148693,10.159495,6.953862,6.956665,0
5,1,18,-12.709059,10.148693,10.159495,6.319552,6.329599,0
6,1,18,-11.367247,10.148693,10.159495,5.768378,5.786003,0
7,1,18,-10.025436,10.148693,10.159495,5.308727,5.333860,0
8,1,18,-8.683624,10.148693,10.159495,4.948467,4.980447,0
9,1,18,-7.341812,10.148693,10.159495,4.694408,4.731836,0
10,1,18,-6.000000,10.148693,10.159495,4.551723,4.592473,0
11,1,18,-4.658188,10.148693,10.159495,4.523466,4.564899,0
12,1,18,-3.316376,10.148693,10.159495,4.610257,4.649620,0
13,1,18,-1.974564,10.148693,10.159495,4.810210,4.845084,0
14,1,18,-0.632753,10.148693,10.159495,5.119138,5.147756,0
15,1,18,0.709059,10.148693,10.159495,5.530966,5.552315,0
16,1,18,2.050871,10.148693,10.159495,6.038274,6.052017,0
17,1,18,3.392683,10.148693,10.159495,6.632864,6.639161,0
18,1,18,4.734495,10.148693,10.159495,7.306275,7.305594,0
19,1,18,6.076307,10.148693,10.159495,8.050190,8.043151,0
20,1,18,7.418119,10.148693,10.159495,8.856721,8.843993,0
0,2,18,-19.418119,11.490505,10.159495,9.441439,9.425193,0
1,2,18,-18.076307,11.490505,10.159495,8.522444,8.511943,0
2,2,18,-16.734495,11.490505,10.159495,7.654514,7.650704,0
3,2,18,-15.392683,11.490505,10.159495,6.845066,6.849016,0
4,2,18,-14.050871,11.490505,10.159495,6.102360,6.115231,0
5,2,18,-12.709059,11.490505,10.159495,5.435399,5.458338,0
6,2,18,-11.367247,11.490505,10.159495,4.853690,4.887636,0
7,2,18,-10.025436,11.490505,10.159495,4.366861,4.412231,0
8,2,18,-8.683624,11.490505,10.159495,3.984110,4.040370,0
9,2,18,-7.341812,11.490505,10.159495,3.713509,3.778782,0
10,2,18,-6.000000,11.490505,10.159495,3.561274,3.632199,0
11,2,18,-4.658188,11.490505,10.159495,3.531104,3.603204,0
12,2,18,-3.316376,11.490505,10.159495,3.623749,3.692299,0
13,2,18,-1.974564,11.490505,10.159495,3.836922,3.897933,0
14,2,18,-0.632753,11.490505,10.159495,4.165572,4.216426,0
15,2,18,0.709059,11.490505,10.159495,4.602445,4.641992,0
16,2,18,2.050871,11.490505,10.159495,5.138804,5.167049,0
17,2,18,3.392683,11.490505,10.159495,5.765154,5.782827,0
18,2,18,4.734495,11.490505,10.159495,6.471869,6.480048,0
19,2,18,6.076307,11.490505,10.159495,7.249661,7.249516,0
20,2,18,7.418119,11.490505,10.159495,8.089884,8.082539,0
0,3,18,-19.418119,12.832317,10.159495,8.788057,8.775772,0
1,3,18,-18.076307,12.832317,10.159495,7.837364,7.832021,0
2,3,18,-16.734495,12.832317,10.159495,6.936480,6.939464,0
3,3,18,-15.392683,12.832317,10.159495,6.093241,6.106235,0
4,3,18,-14.050871,12.832317,10.159495,5.316536,5.341532,0
5,3,18,-12.709059,12.832317,10.159495,4.616241,4.655464,0
6,3,18,-11.367247,12.832317,10.159495,4.002994,4.058670,0
7,3,18,-10.025436,12.832317,10.159495,3.487784,3.561606,0
8,3,18,-8.683624,12.832317,10.159495,3.081310,3.173535,0
9,3,18,-7.341812,12.832317,10.159495,2.793123,2.901451,0
10,3,18,-6.000000,12.832317,10.159495,2.630681,2.749532,0
11,3,18,-4.658188,12.832317,10.159495,2.598460,2.719543,0
12,3,18,-3.316376,12.832317,10.159495,2.697373,2.811761,0
13,3,18,-1.974564,12.832317,10.159495,2.924644,3.025253,0
14,3,18,-0.632753,12.832317,10.159495,3.274182,3.357132,0
15,3,18,0.709059,12.832317,10.159495,3.737342,3.801771,0
16,3,18,2.050871,12.832317,10.159495,4.303872,4.350904,0
17,3,18,3.392683,12.832317,10.159495,4.962832,4.994520,0
18,3,18,4.734495,12.832317,10.159495,5.703345,5.721959,0
19,3,18,6.076307,12.832317,10.159495,6.515122,6.522787,0
20,3,18,7.418119,12.832317,10.159495,7.388775,7.387326,0
0,4,18,-19.418119,14.174129,10.159495,8.205989,8.197764,0
1,4,18,-18.076307,14.174129,10.159495,7.225108,7.225199,0
2,4,18,-16.734495,14.174129,10.159495,6.292522,6.302910,0
3,4,18,-15.392683,14.174129,10.159495,5.416418,5.439680,0
4,4,18,-14.050871,14.174129,10.159495,4.606258,4.645715,0
5,4,18,-12.709059,14.174129,10.159495,3.872757,3.932579,0
6,4,18,-11.367247,14.174129,10.159495,3.227701,3.312790,0
7,4,18,-10.025436,14.174129,10.159495,2.683522,2.798820,0
8,4,18,-8.683624,14.174129,10.159495,2.252569,2.401255,0
9,4,18,-7.341812,14.174129,10.159495,1.946075,2.126438,0
10,4,18,-6.000000,14.174129,10.159495,1.772940,1.975321,0
11,4,18,-4.658188,14.174129,10.159495,1.738565,1.945754,0
12,4,18,-3.316376,14.174129,10.159495,1.844055,2.036968,0
13,4,18,-1.974564,14.174129,10.159495,2.086053,2.250934,0
14,4,18,-0.632753,14.174129,10.159495,2.457245,2.588742,0
15,4,18,0.709059,14.174129,10.159495,2.947385,3.046725,0
16,4,18,2.050871,14.174129,10.159495,3.544528,3.616102,0
17,4,18,3.392683,14.174129,10.159495,4.236171,4.285044,0
18,4,18,4.734495,14.174129,10.159495,5.010140,5.040879,0
19,4,18,6.076307,14.174129,10.159495,5.855159,5.871497,0
20,4,18,7.418119,14.174129,10.159495,6.761140,6.766001,0
0,5,18,-19.418119,15.515941,10.159495,7.701863,7.697649,0
1,5,18,-18.076307,15.515941,10.159495,6.693198,6.698812,0
2,5,18,-16.734495,15.515941,10.159495,5.731148,5.749336,0
3,5,18,-15.392683,15.515941,10.159495,4.824170,4.858745,0
4,5,18,-14.050871,15.515941,10.159495,3.982210,4.038530,0
5,5,18,-12.709059,15.515941,10.159495,3.216750,3.302351,0
6,5,18,-11.367247,15.515941,10.159495,2.540685,2.665900,0
7,5,18,-10.025436,15.515941,10.159495,1.967907,2.145729,0
8,5,18,-8.683624,15.515941,10.159495,1.512506,1.755683,0
9,5,18,-7.341812,15.515941,10.159495,1.187552,1.500054,0
10,5,18,-6.000000,15.515941,10.159495,1.003563,1.368421,0
11,5,18,-4.658188,15.515941,10.159495,0.966995,1.343724,0
12,5,18,-3.316376,15.515941,10.159495,1.079175,1.421110,0
13,5,18,-1.974564,15.515941,10.159495,1.336077,1.613802,0
14,5,18,-0.632753,15.515941,10.159495,1.729004,1.937558,0
15,5,18,0.709059,15.515941,10.159495,2.245936,2.395226,0
16,5,18,2.050871,15.515941,10.159495,2.873108,2.976663,0
17,5,18,3.392683,15.515941,10.159495,3.596405,3.665985,0
18,5,18,4.734495,15.515941,10.159495,4.402369,4.446821,0
19,5,18,6.076307,15.515941,10.159495,5.278792,5.304460,0
20,5,18,7.418119,15.515941,10.159495,6.214975,6.226357,0
0,6,18,-19.418119,16.857753,10.159495,7.282097,7.281644,0
1,6,18,-18.076307,16.857753,10.159495,6.249030,6.259973,0
2,6,18,-16.734495,16.857753,10.159495,5.260867,5.286857,0
3,6,18,-15.392683,16.857753,10.159495,4.326247,4.372683,0
4,6,18,-14.050871,16.857753,10.159495,3.455493,3.530625,0
5,6,18,-12.709059,16.857753,10.159495,2.660744,2.777558,0
6,6,18,-11.367247,16.857753,10.159495,1.955898,2.135112,0
7,6,18,-10.025436,16.857753,10.159495,1.356237,1.629672,0
8,6,18,-8.683624,16.857753,10.159495,0.877589,1.285727,0
9,6,18,-7.341812,16.857753,10.159495,0.535163,1.103128,0
10,6,18,-6.000000,16.857753,10.159495,0.342898,1.036714,0
11,6,18,-4.658188,16.857753,10.159495,0.305532,1.027491,0
12,6,18,-3.316376,16.857753,10.159495,0.421383,1.060123,0
13,6,18,-1.974564,16.857753,10.159495,0.691694,1.177791,0
14,6,18,-0.632753,16.857753,10.159495,1.105358,1.439831,0
15,6,18,0.709059,16.857753,10.159495,1.647624,1.868327,0
16,6,18,2.050871,16.857753,10.159495,2.302844,2.447053,0
17,6,18,3.392683,16.857753,10.159495,3.055330,3.148890,0
18,6,18,4.734495,16.857753,10.159495,3.890432,3.949675,0
19,6,18,6.076307,16.857753,10.159495,4.795126,4.830326,0
20,6,18,7.418119,16.857753,10.159495,5.758204,5.775982,0
0,7,18,-19.418119,18.199564,10.159495,6.952579,6.955395,0
1,7,18,-18.076307,18.199564,10.159495,5.899487,5.915182,0
2,7,18,-16.734495,18.199564,10.159495,4.889724,4.922914,0
3,7,18,-15.392683,18.199564,10.159495,3.932030,3.989932,0
4,7,18,-14.050871,18.199564,10.159495,3.036999,3.131513,0
5,7,18,-12.709059,18.199564,10.159495,2.217281,2.369218,0
6,7,18,-11.367247,18.199564,10.159495,1.487608,1.735276,0
7,7,18,-10.025436,18.199564,10.159495,0.864485,1.277532,0
8,7,18,-8.683624,18.199564,10.159495,0.367174,1.043380,0
9,7,18,-7.341812,18.199564,10.159495,0.070155,1.000000,0
10,7,18,-6.000000,18.199564,10.159495,0.010000,1.001765,0
11,7,18,-4.658188,18.199564,10.159495,0.006183,1.001999,1
12,7,18,-3.316376,18.199564,10.159495,0.024629,1.001004,0
13,7,18,-1.974564,18.199564,10.159495,0.185915,1.006760,0
14,7,18,-0.632753,18.199564,10.159495,0.603175,1.133519,0
15,7,18,0.709059,18.199564,10.159495,1.167563,1.485214,0
16,7,18,2.050871,18.199564,10.159495,1.847118,2.039637,0
17,7,18,3.392683,18.199564,10.159495,2.624631,2.743897,0
18,7,18,4.734495,18.199564,10.159495,3.484432,3.558389,0
19,7,18,6.076307,18.199564,10.159495,4.412837,4.457022,0
20,7,18,7.418119,18.199564,10.159495,5.398260,5.421832,0
0,8,18,-19.418119,19.541376,10.159495,6.718320,6.723654,0
1,8,18,-18.076307,19.541376,10.159495,5.650498,5.669933,0
2,8,18,-16.734495,19.541376,10.159495,4.624744,4.663770,0
3,8,18,-15.392683,19.541376,10.159495,3.649845,3.717426,0
4,8,18,-14.050871,19.541376,10.159495,2.736559,2.848419,0
5,8,18,-12.709059,19.541376,10.159495,1.897892,2.084039,0
6,8,18,-11.367247,19.541376,10.159495,1.149193,1.471684,0
7,8,18,-10.025436,19.541376,10.159495,0.508258,1.092042,0
8,8,18,-8.683624,19.541376,10.159495,0.062834,1.000022,0
9,8,18,-7.341812,19.541376,10.159495,0.000958,1.002343,1
10,8,18,-6.000000,19.541376,10.159495,0.000039,1.002406,1
11,8,18,-4.658188,19.541376,10.159495,0.000019,1.002407,1
12,8,18,-3.316376,19.541376,10.159495,0.000153,1.002398,1
13,8,18,-1.974564,19.541376,10.159495,0.008699,1.001843,1
14,8,18,-0.632753,19.541376,10.159495,0.245731,1.015419,0
15,8,18,0.709059,19.541376,10.159495,0.820067,1.250373,0
16,8,18,2.050871,19.541376,10.159495,1.518357,1.760495,0
17,8,18,3.392683,19.541376,10.159495,2.314952,2.458109,0
18,8,18,4.734495,19.541376,10.159495,3.193407,3.280111,0
19,8,18,6.076307,19.541376,10.159495,4.139562,4.191163,0
20,8,18,7.418119,19.541376,10.159495,5.141584,5.169776,0
0,9,18,-19.418119,20.883188,10.159495,6.583108,6.589977,0
1,9,18,-18.076307,20.883188,10.159495,5.506589,5.528338,0
2,9,18,-16.734495,20.883188,10.159495,4.471352,4.514065,0
3,9,18,-15.392683,20.883188,10.159495,3.486197,3.560082,0
4,9,18,-14.050871,20.883188,10.159495,2.561968,2.685641,0
5,9,18,-12.709059,20.883188,10.159495,1.711869,1.922902,0
6,9,18,-11.367247,20.883188,10.159495,0.951611,1.333498,0
7,9,18,-10.025436,20.883188,10.159495,0.303025,1.026917,0
8,9,18,-8.683624,20.883188,10.159495,0.006958,1.001950,1
9,9,18,-7.341812,20.883188,10.159495,0.000029,1.002406,1
10,9,18,-6.000000,20.883188,10.159495,0.000001,1.002408,1
11,9,18,-4.658188,20.883188,10.159495,0.000000,1.002408,1
12,9,18,-3.316376,20.883188,10.159495,0.000003,1.002408,1
13,9,18,-1.974564,20.883188,10.159495,0.000434,1.002378,1
14,9,18,-0.632753,20.883188,10.159495,0.079442,1.000050,0
15,9,18,0.709059,20.883188,10.159495,0.617019,1.140104,0
16,9,18,2.050871,20.883188,10.159495,1.326649,1.606412,0
17,9,18,3.392683,20.883188,10.159495,2.134796,2.294705,0
18,9,18,4.734495,20.883188,10.159495,3.024468,3.119640,0
19,9,18,6.076307,20.883188,10.159495,3.981233,4.037583,0
20,9,18,7.418119,20.883188,10.159495,4.993122,5.024200,0
0,10,18,-19.418119,22.225000,10.159495,6.549221,6.556484,0
1,10,18,-18.076307,22.225000,10.159495,5.470499,5.492848,0
2,10,18,-16.734495,22.225000,10.159495,4.432856,4.476533,0
3,10,18,-15.392683,22.225000,10.159495,3.445091,3.520651,0
4,10,18,-14.050871,22.225000,10.159495,2.518071,2.644951,0
5,10,18,-12.709059,22.225000,10.159495,1.665047,1.883067,0
6,10,18,-11.367247,22.225000,10.159495,0.901822,1.301096,0
7,10,18,-10.025436,22.225000,10.159495,0.253215,1.016745,0
8,10,18,-8.683624,22.225000,10.159495,0.003393,1.002179,1
9,10,18,-7.341812,22.225000,10.159495,0.000010,1.002408,1
10,10,18,-6.000000,22.225000,10.159495,0.000000,1.002408,1
11,10,18,-4.658188,22.225000,10.159495,0.000000,1.002408,1
12,10,18,-3.316376,22.225000,10.159495,0.000001,1.002408,1
13,10,18,-1.974564,22.225000,10.159495,0.000176,1.002396,1
14,10,18,-0.632753,22.225000,10.159495,0.052056,1.000151,0
15,10,18,0.709059,22.225000,10.159495,0.565875,1.116442,0
16,10,18,2.050871,22.225000,10.159495,1.278369,1.568915,0
17,10,18,3.392683,22.225000,10.159495,2.089477,2.254002,0
18,10,18,4.734495,22.225000,10.159495,2.982014,3.079456,0
19,10,18,6.076307,22.225000,10.159495,3.941481,3.999082,0
20,10,18,7.418119,22.225000,10.159495,4.955877,4.987706,0
0,11,18,-19.418119,23.566812,10.159495,6.617240,6.623716,0
1,11,18,-18.076307,23.566812,10.159495,5.542931,5.564084,0
2,11,18,-16.734495,23.566812,10.159495,4.510106,4.551864,0
3,11,18,-15.392683,23.566812,10.159495,3.527562,3.599801,0
4,11,18,-14.050871,23.566812,10.159495,2.606125,2.726673,0
5,11,18,-12.709059,23.566812,10.159495,1.758948,1.963267,0
6,11,18,-11.367247,23.566812,10.159495,1.001650,1.367115,0
7,11,18,-10.025436,23.566812,10.159495,0.354115,1.039729,0
8,11,18,-8.683624,23.566812,10.159495,0.012766,1.001605,0
9,11,18,-7.341812,23.566812,10.159495,0.000061,1.002404,1
10,11,18,-6.000000,23.566812,10.159495,0.000001,1.002408,1
11,11,18,-4.658188,23.566812,10.159495,0.000001,1.002408,1
12,11,18,-3.316376,23.566812,10.159495,0.000007,1.002408,1
13,11,18,-1.974564,23.566812,10.159495,0.000892,1.002347,1
14,11,18,-0.632753,23.566812,10.159495,0.113108,1.000953,0
15,11,18,0.709059,23.566812,10.159495,0.668434,1.165670,0
16,11,18,2.050871,23.566812,10.159495,1.375183,1.644673,0
17,11,18,3.392683,23.566812,10.159495,2.180375,2.335813,0
18,11,18,4.734495,23.566812,10.159495,3.067182,3.160131,0
19,11,18,6.076307,23.566812,10.159495,4.021243,4.076359,0
20,11,18,7.418119,23.566812,10.159495,5.030621,5.060955,0
0,12,18,-19.418119,24.908624,10.159495,6.786003,6.790592,0
1,12,18,-18.076307,24.908624,10.159495,5.722481,5.740802,0
2,12,18,-16.734495,24.908624,10.159495,4.701404,4.738674,0
3,12,18,-15.392683,24.908624,10.159495,3.731547,3.796180,0
4,12,18,-14.050871,24.908624,10.159495,2.823625,2.930103,0
5,12,18,-12.709059,24.908624,10.159495,1.990542,2.165782,0
6,12,18,-11.367247,24.908624,10.159495,1.247466,1.545229,0
7,12,18,-10.025436,24.908624,10.159495,0.611651,1.137535,0
8,12,18,-8.683624,24.908624,10.159495,0.128798,1.001760,0
9,12,18,-7.341812,24.908624,10.159495,0.003772,1.002154,1
10,12,18,-6.000000,24.908624,10.159495,0.000171,1.002397,1
11,12,18,-4.658188,24.908624,10.159495,0.000086,1.002402,1
12,12,18,-3.316376,24.908624,10.159495,0.000658,1.002363,1
13,12,18,-1.974564,24.908624,10.159495,0.027063,1.000898,0
14,12,18,-0.632753,24.908624,10.159495,0.346490,1.037667,0
15,12,18,0.709059,24.908624,10.159495,0.921027,1.313465,0
16,12,18,2.050871,24.908624,10.159495,1.613775,1.839824,0
17,12,18,3.392683,24.908624,10.159495,2.404739,2.540392,0
18,12,18,4.734495,24.908624,10.159495,3.277705,3.360495,0
19,12,18,6.076307,24.908624,10.159495,4.218651,4.268009,0
20,12,18,7.418119,24.908624,10.159495,5.215814,5.242623,0
0,13,18,-19.418119,26.250436,10.159495,7.052699,7.054489,0
1,13,18,-18.076307,26.250436,10.159495,6.005775,6.019967,0
2,13,18,-16.734495,26.250436,10.159495,5.002683,5.033570,0
3,13,18,-15.392683,26.250436,10.159495,4.052135,4.106314,0
4,13,18,-14.050871,26.250436,10.159495,3.164647,3.252733,0
5,13,18,-12.709059,26.250436,10.159495,2.352714,2.492652,0
6,13,18,-11.367247,26.250436,10.159495,1.630812,1.854148,0
7,13,18,-10.025436,26.250436,10.159495,1.015059,1.376293,0
8,13,18,-8.683624,26.250436,10.159495,0.522603,1.097885,0
9,13,18,-7.341812,26.250436,10.159495,0.182803,1.006404,0
10,13,18,-6.000000,26.250436,10.159495,0.049068,1.000208,0
11,13,18,-4.658188,26.250436,10.159495,0.034010,1.000628,0
12,13,18,-3.316376,26.250436,10.159495,0.093118,1.000280,0
13,13,18,-1.974564,26.250436,10.159495,0.333023,1.034153,0
14,13,18,-0.632753,26.250436,10.159495,0.756971,1.213545,0
15,13,18,0.709059,26.250436,10.159495,1.314462,1.596893,0
16,13,18,2.050871,26.250436,10.159495,1.986386,2.162096,0
17,13,18,3.392683,26.250436,10.159495,2.756081,2.866707,0
18,13,18,4.734495,26.250436,10.159495,3.608195,3.677329,0
19,13,18,6.076307,26.250436,10.159495,4.529245,4.570537,0
20,13,18,7.418119,26.250436,10.159495,5.507758,5.529488,0
0,14,18,-19.418119,27.592247,10.159495,7.413092,7.411420,0
1,14,18,-18.076307,27.592247,10.159495,6.387769,6.396969,0
2,14,18,-16.734495,27.592247,10.159495,5.407919,5.431325,0
3,14,18,-15.392683,27.592247,10.159495,4.482127,4.524572,0
4,14,18,-14.050871,27.592247,10.159495,3.620603,3.689270,0
5,14,18,-12.709059,27.592247,10.159495,2.835280,2.941061,0
6,14,18,-11.367247,27.592247,10.159495,2.139736,2.299152,0
7,14,18,-10.025436,27.592247,10.159495,1.548800,1.785634,0
8,14,18,-8.683624,27.592247,10.159495,1.077725,1.420080,0
9,14,18,-7.341812,27.592247,10.159495,0.740851,1.204485,0
10,14,18,-6.000000,27.592247,10.159495,0.549953,1.109454,0
11,14,18,-4.658188,27.592247,10.159495,0.512051,1.093572,0
12,14,18,-3.316376,27.592247,10.159495,0.628392,1.145609,0
13,14,18,-1.974564,27.592247,10.159495,0.894900,1.296678,0
14,14,18,-0.632753,27.592247,10.159495,1.301820,1.587056,0
15,14,18,0.709059,27.592247,10.159495,1.835847,2.029821,0
16,14,18,2.050871,27.592247,10.159495,2.481984,2.611578,0
17,14,18,3.392683,27.592247,10.159495,3.225056,3.310268,0
18,14,18,4.734495,27.592247,10.159495,4.050800,4.105019,0
19,14,18,6.076307,27.592247,10.159495,4.946449,4.978469,0
20,14,18,7.418119,27.592247,10.159495,5.900952,5.916626,0
0,15,18,-19.418119,28.934059,10.159495,7.861839,7.856297,0
1,15,18,-18.076307,28.934059,10.159495,6.862164,6.865932,0
2,15,18,-16.734495,28.934059,10.159495,5.909680,5.925228,0
3,15,18,-15.392683,28.934059,10.159495,5.012761,5.043447,0
4,15,18,-14.050871,28.934059,10.159495,4.181201,4.231611,0
5,15,18,-12.709059,28.934059,10.159495,3.426238,3.502579,0
6,15,18,-11.367247,28.934059,10.159495,2.760402,2.870757,0
7,15,18,-10.025436,28.934059,10.159495,2.197099,2.350938,0
8,15,18,-8.683624,28.934059,10.159495,1.749830,1.955426,0
9,15,18,-7.341812,28.934059,10.159495,1.431036,1.689357,0
10,15,18,-6.000000,28.934059,10.159495,1.250677,1.547678,0
11,15,18,-4.658188,28.934059,10.159495,1.214843,1.520505,0
12,15,18,-3.316376,28.934059,10.159495,1.324785,1.604954,0
13,15,18,-1.974564,28.934059,10.159495,1.576707,1.808822,0
14,15,18,-0.632753,28.934059,10.159495,1.962392,2.140851,0
15,15,18,0.709059,28.934059,10.159495,2.470430,2.600909,0
16,15,18,2.050871,28.934059,10.159495,3.087675,3.179577,0
17,15,18,3.392683,28.934059,10.159495,3.800553,3.862792,0
18,15,18,4.734495,28.934059,10.159495,4.596031,4.635728,0
19,15,18,6.076307,28.934059,10.159495,5.462204,5.484692,0
20,15,18,7.418119,28.934059,10.159495,6.388565,6.397755,0
0,16,18,-19.418119,30.275871,10.159495,8.392836,8.383247,0
1,16,18,-18.076307,30.275871,10.159495,7.421858,7.420105,0
2,16,18,-16.734495,30.275871,10.159495,6.499706,6.507553,0
3,16,18,-15.392683,30.275871,10.159495,5.634460,5.654147,0
4,16,18,-14.050871,30.275871,10.159495,4.835396,4.869731,0
5,16,18,-12.709059,30.275871,10.159495,4.112954,4.165328,0
6,16,18,-11.367247,30.275871,10.159495,3.478537,3.552732,0
7,16,18,-10.025436,30.275871,10.159495,2.944087,3.043611,0
8,16,18,-8.683624,30.275871,10.159495,2.521386,2.648020,0
9,16,18,-7.341812,30.275871,10.159495,2.221083,2.372666,0
10,16,18,-6.000000,30.275871,10.159495,2.051572,2.220096,0
11,16,18,-4.658188,30.275871,10.159495,2.017927,2.190110,0
12,16,18,-3.316376,30.275871,10.159495,2.121188,2.282465,0
13,16,18,-1.974564,30.275871,10.159495,2.358199,2.497678,0
14,16,18,-0.632753,30.275871,10.159495,2.722079,2.834866,0
15,16,18,0.709059,30.275871,10.159495,3.203141,3.289384,0
16,16,18,2.050871,30.275871,10.159495,3.790024,3.852622,0
17,16,18,3.392683,30.275871,10.159495,4.470759,4.513486,0
18,16,18,4.734495,30.275871,10.159495,5.233609,5.260094,0
19,16,18,6.076307,30.275871,10.159495,6.067626,6.080967,0
20,16,18,7.418119,30.275871,10.159495,6.962947,6.965656,0
0,17,18,-19.418119,31.617683,10.159495,8.999561,8.985932,0
1,17,18,-18.076307,31.617683,10.159495,8.059372,8.052262,0
2,17,18,-16.734495,31.617683,10.159495,7.169445,7.170076,0
3,17,18,-15.392683,31.617683,10.159495,6.337481,6.347304,0
4,17,18,-14.050871,31.617683,10.159495,5.572166,5.592846,0
5,17,18,-12.709059,31.617683,10.159495,4.883081,4.916410,0
6,17,18,-11.367247,31.617683,10.159495,4.280484,4.328145,0
7,17,18,-10.025436,31.617683,10.159495,3.774895,3.838015,0
8,17,18,-8.683624,31.617683,10.159495,3.376490,3.454930,0
9,17,18,-7.341812,31.617683,10.159495,3.094302,3.185868,0
10,17,18,-6.000000,31.617683,10.159495,2.935348,3.035358,0
11,17,18,-4.658188,31.617683,10.159495,2.903829,3.005616,0
12,17,18,-3.316376,31.617683,10.159495,3.000598,3.097040,0
13,17,18,-1.974564,31.617683,10.159495,3.223055,3.308361,0
14,17,18,-0.632753,31.617683,10.159495,3.565478,3.636240,0
15,17,18,0.709059,31.617683,10.159495,4.019712,4.074874,0
16,17,18,2.050871,31.617683,10.159495,4.576034,4.616204,0
17,17,18,3.392683,31.617683,10.159495,5.224005,5.250664,0
18,17,18,4.734495,31.617683,10.159495,5.953173,5.968103,0
19,17,18,6.076307,31.617683,10.159495,6.753589,6.758533,0
20,17,18,7.418119,31.617683,10.159495,7.616108,7.612628,0
0,18,18,-19.418119,32.959495,10.159495,9.675379,9.657844,0
1,18,18,-18.076307,32.959495,10.159495,8.767213,8.755065,0
2,18,18,-16.734495,32.959495,10.159495,7.910468,7.904532,0
3,18,18,-15.392683,32.959495,10.159495,7.112405,7.113598,0
4,18,18,-14.050871,32.959495,10.159495,6.381067,6.390349,0
5,18,18,-12.709059,32.959495,10.159495,5.725164,5.743444,0
6,18,18,-11.367247,32.959495,10.159495,5.153835,5.181797,0
7,18,18,-10.025436,32.959495,10.159495,4.676278,4.714117,0
8,18,18,-8.683624,32.959495,10.159495,4.301222,4.348325,0
9,18,18,-7.341812,32.959495,10.159495,4.036295,4.090953,0
10,18,18,-6.000000,32.959495,10.159495,3.887342,3.946686,0
11,18,18,-4.658188,32.959495,10.159495,3.857830,3.918144,0
12,18,18,-3.316376,32.959495,10.159495,3.948462,4.005842,0
13,18,18,-1.974564,32.959495,10.159495,4.157096,4.208193,0
14,18,18,-0.632753,32.959495,10.159495,4.478989,4.521512,0
15,18,18,0.709059,32.959495,10.159495,4.907306,4.940130,0
16,18,18,2.050871,32.959495,10.159495,5.433772,5.456738,0
17,18,18,3.392683,32.959495,10.159495,6.049346,6.062937,0
18,18,18,4.734495,32.959495,10.159495,6.744803,6.749844,0
19,18,18,6.076307,32.959495,10.159495,7.511186,7.508628,0
20,18,18,7.418119,32.959495,10.159495,8.340104,8.330893,0
0,19,18,-19.418119,34.301307,10.159495,10.413774,10.392552,0
1,19,18,-18.076307,34.301307,10.159495,9.538143,9.521356,0
2,19,18,-16.734495,34.301307,10.159495,8.714775,8.702972,0
3,19,18,-15.392683,34.301307,10.159495,7.950454,7.944198,0
4,19,18,-14.050871,34.301307,10.159495,7.252560,7.252388,0
5,19,18,-12.709059,34.301307,10.159495,6.628946,6.635288,0
6,19,18,-11.367247,34.301307,10.159495,6.087703,6.100772,0
7,19,18,-10.025436,34.301307,10.159495,5.636829,5.656479,0
8,19,18,-8.683624,34.301307,10.159495,5.283790,5.309368,0
9,19,18,-7.341812,34.301307,10.159495,5.035014,5.065261,0
10,19,18,-6.000000,34.301307,10.159495,4.895370,4.928442,0
11,19,18,-4.658188,34.301307,10.159495,4.867722,4.901373,0
12,19,18,-3.316376,34.301307,10.159495,4.952650,4.984544,0
13,19,18,-1.974564,34.301307,10.159495,5.148387,5.176451,0
14,19,18,-0.632753,34.301307,10.159495,5.451001,5.473677,0
15,19,18,0.709059,34.301307,10.159495,5.854766,5.871109,0
16,19,18,2.050871,34.301307,10.159495,6.352659,6.362292,0
17,19,18,3.392683,34.301307,10.159495,6.936882,6.939862,0
18,19,18,4.734495,34.301307,10.159495,7.599342,7.596008,0
19,19,18,6.076307,34.301307,10.159495,8.332035,8.322883,0
20,19,18,7.418119,34.301307,10.159495,9.127326,9.112914,0
0,20,18,-19.418119,35.643119,10.159495,11.208533,11.183884,0
1,20,18,-18.076307,35.643119,10.159495,10.365361,10.344364,0
2,20,18,-16.734495,35.643119,10.159495,9.574979,9.557990,0
3,20,18,-15.392683,35.643119,10.159495,8.843668,8.831023,0
4,20,18,-14.050871,35.643119,10.159495,8.178154,8.170137,0
5,20,18,-12.709059,35.643119,10.159495,7.585472,7.582259,0
6,20,18,-11.367247,35.643119,10.159495,7.072755,7.074344,0
7,20,18,-10.025436,35.643119,10.159495,6.646939,6.653075,0
8,20,18,-8.683624,35.643119,10.159495,6.314401,6.324513,0
9,20,18,-7.341812,35.643119,10.159495,6.080564,6.093730,0
10,20,18,-6.000000,35.643119,10.159495,5.949490,5.964472,0
11,20,18,-4.658188,35.643119,10.159495,5.923556,5.938906,0
12,20,18,-3.316376,35.643119,10.159495,6.003238,6.017466,0
13,20,18,-1.974564,35.643119,10.159495,6.187078,6.198824,0
14,20,18,-0.632753,35.643119,10.159495,6.471802,6.479982,0
15,20,18,0.709059,35.643119,10.159495,6.852611,6.856481,0
16,20,18,2.050871,35.643119,10.159495,7.323542,7.322699,0
17,20,18,3.392683,35.643119,10.159495,7.877886,7.872213,0
18,20,18,4.734495,35.643119,10.159495,8.508565,8.498161,0
19,20,18,6.076307,35.643119,10.159495,9.208465,9.193567,0
20,20,18,7.418119,35.643119,10.159495,9.970687,9.951612,0
0,0,19,-19.418119,8.806881,11.501307,11.586262,11.560150,0
1,0,19,-18.076307,8.806881,11.501307,10.757673,10.734906,0
2,0,19,-16.734495,8.806881,11.501307,9.982011,9.962878,0
3,0,19,-15.392683,8.806881,11.501307,9.265328,9.250095,0
4,0,19,-14.050871,8.806881,11.501307,8.614061,8.602932,0
5,0,19,-12.709059,8.806881,11.501307,8.034893,8.027973,0
6,0,19,-11.367247,8.806881,11.501307,7.534552,7.531787,0
7,0,19,-10.025436,8.806881,11.501307,7.119537,7.120659,0
8,0,19,-8.683624,8.806881,11.501307,6.795789,6.800271,0
9,0,19,-7.341812,8.806881,11.501307,6.568327,6.575368,0
10,0,19,-6.000000,8.806881,11.501307,6.440901,6.449452,0
11,0,19,-4.658188,8.806881,11.501307,6.415694,6.424552,0
12,0,19,-3.316376,8.806881,11.501307,6.493147,6.501072,0
13,0,19,-1.974564,8.806881,11.501307,6.671916,6.677770,0
14,0,19,-0.632753,8.806881,11.501307,6.948990,6.951843,0
15,0,19,0.709059,8.806881,11.501307,7.319930,7.319121,0
16,0,19,2.050871,8.806881,11.501307,7.779203,7.774339,0
17,0,19,3.392683,8.806881,11.501307,8.320537,8.311469,0
18,0,19,4.734495,8.806881,11.501307,8.937282,8.924041,0
19,0,19,6.076307,8.806881,11.501307,9.622701,9.605450,0
20,0,19,7.418119,8.806881,11.501307,10.370215,10.349195,0
0,1,19,-19.418119,10.148693,11.501307,10.832779,10.809687,0
1,1,19,-18.076307,10.148693,11.501307,9.974571,9.955476,0
2,1,19,-16.734495,10.148693,11.501307,9.168949,9.154286,0
3,1,19,-15.392683,10.148693,11.501307,8.422426,8.412626,0
4,1,19,-14.050871,10.148693,11.501307,7.742031,7.737478,0
5,1,19,-12.709059,10.148693,11.501307,7.135173,7.136140,0
6,1,19,-11.367247,10.148693,11.501307,6.609417,6.615982,0
7,1,19,-10.025436,10.148693,11.501307,6.172174,6.184116,0
8,1,19,-8.683624,10.148693,11.501307,5.830309,5.847012,0
9,1,19,-7.341812,10.148693,11.501307,5.589686,5.610085,0
10,1,19,-6.000000,10.148693,11.501307,5.454724,5.477337,0
11,1,19,-4.658188,10.148693,11.501307,5.428013,5.451077,0
12,1,19,-3.316376,10.148693,11.501307,5.510075,5.531767,0
13,1,19,-1.974564,10.148693,11.501307,5.699314,5.717991,0
14,1,19,-0.632753,10.148693,11.501307,5.992171,6.006553,0
15,1,19,0.709059,10.148693,11.501307,6.383435,6.392688,0
16,1,19,2.050871,10.148693,11.501307,6.866676,6.870396,0
17,1,19,3.392683,10.148693,11.501307,7.434696,7.432826,0
18,1,19,4.734495,10.148693,11.501307,8.079961,8.072692,0
19,1,19,6.076307,10.148693,11.501307,8.794953,8.782623,0
20,1,19,7.418119,10.148693,11.501307,9.572434,9.555458,0
0,2,19,-19.418119,11.490505,11.501307,10.137446,10.117541,0
1,2,19,-18.076307,11.490505,11.501307,9.249922,9.234779,0
2,2,19,-16.734495,11.490505,11.501307,8.414391,8.404648,0
3,2,19,-15.392683,11.490505,11.501307,7.637814,7.634147,0
4,2,19,-14.050871,11.490505,11.501307,6.927816,6.930890,0
5,2,19,-12.709059,11.490505,11.501307,6.292555,6.302943,0
6,2,19,-11.367247,11.490505,11.501307,5.740498,5.758544,0
7,2,19,-10.025436,11.490505,11.501307,5.280063,5.305708,0
8,2,19,-8.683624,11.490505,11.501307,4.919159,4.951739,0
9,2,19,-7.341812,11.490505,11.501307,4.664627,4.702732,0
10,2,19,-6.000000,11.490505,11.501307,4.521670,4.563146,0
11,2,19,-4.658188,11.490505,11.501307,4.493359,4.535527,0
12,2,19,-3.316376,11.490505,11.501307,4.580316,4.620384,0
13,2,19,-1.974564,11.490505,11.501307,4.780646,4.816161,0
14,2,19,-0.632753,11.490505,11.501307,5.090139,5.119312,0
15,2,19,0.709059,11.490505,11.501307,5.502687,5.524501,0
16,2,19,2.050871,11.490505,11.501307,6.010834,6.024956,0
17,2,19,3.392683,11.490505,11.501307,6.606346,6.612946,0
18,2,19,4.734495,11.490505,11.501307,7.280729,7.280289,0
19,2,19,6.076307,11.490505,11.501307,8.025638,8.018790,0
20,2,19,7.418119,11.490505,11.501307,8.833163,8.820586,0
0,3,19,-19.418119,12.832317,11.501307,9.506155,9.489546,0
1,3,19,-18.076307,12.832317,11.501307,8.590182,8.579216,0
2,3,19,-16.734495,12.832317,11.501307,7.725378,7.720965,0
3,3,19,-15.392683,12.832317,11.501307,6.919115,6.922280,0
4,3,19,-14.050871,12.832317,11.501307,6.179594,6.191438,0
5,3,19,-12.709059,12.832317,11.501307,5.515735,5.537333,0
6,3,19,-11.367247,12.832317,11.501307,4.936942,4.969157,0
7,3,19,-10.025436,12.832317,11.501307,4.452721,4.495899,0
8,3,19,-8.683624,12.832317,11.501307,4.072137,4.125717,0
9,3,19,-7.341812,12.832317,11.501307,3.803136,3.865287,0
10,3,19,-6.000000,12.832317,11.501307,3.651827,3.719335,0
11,3,19,-4.658188,12.832317,11.501307,3.621842,3.690463,0
12,3,19,-3.316376,12.832317,11.501307,3.713919,3.779178,0
13,3,19,-1.974564,12.832317,11.501307,3.925812,3.983913,0
14,3,19,-0.632753,12.832317,11.501307,4.252559,4.300980,0
15,3,19,0.709059,12.832317,11.501307,4.687023,4.724619,0
16,3,19,2.050871,12.832317,11.501307,5.220601,5.247323,0
17,3,19,3.392683,12.832317,11.501307,5.843926,5.860428,0
18,3,19,4.734495,12.832317,11.501307,6.547485,6.554768,0
19,3,19,6.076307,12.832317,11.501307,7.322082,7.321253,0
20,3,19,7.418119,12.832317,11.501307,8.159145,8.151272,0
0,4,19,-19.418119,14.174129,11.501307,8.944961,8.931672,0
1,4,19,-18.076307,14.174129,11.501307,8.002083,7.995419,0
2,4,19,-16.734495,14.174129,11.501307,7.109354,7.110578,0
3,4,19,-15.392683,14.174129,11.501307,6.274512,6.285129,0
4,4,19,-14.050871,14.174129,11.501307,5.506293,5.528047,0
5,4,19,-12.709059,14.174129,11.501307,4.814355,4.849140,0
6,4,19,-11.367247,14.174129,11.501307,4.209051,4.258677,0
7,4,19,-10.025436,14.174129,11.501307,3.701021,3.766741,0
8,4,19,-8.683624,14.174129,11.501307,3.300570,3.382331,0
9,4,19,-7.341812,14.174129,11.501307,3.016864,3.112438,0
10,4,19,-6.000000,14.174129,11.501307,2.857027,2.961522,0
11,4,19,-4.658188,14.174129,11.501307,2.825330,2.931706,0
12,4,19,-3.316376,14.174129,11.501307,2.922642,3.023364,0
13,4,19,-1.974564,14.174129,11.501307,3.146318,3.235296,0
14,4,19,-0.632753,14.174129,11.501307,3.490542,3.564253,0
15,4,19,0.709059,14.174129,11.501307,3.947040,4.004464,0
16,4,19,2.050871,14.174129,11.501307,4.505955,4.547814,0
17,4,19,3.392683,14.174129,11.501307,5.156720,5.184628,0
18,4,19,4.734495,14.174129,11.501307,5.888779,5.904629,0
19,4,19,6.076307,14.174129,11.501307,6.692093,6.697721,0
20,4,19,7.418119,14.174129,11.501307,7.557457,7.554489,0
0,5,19,-19.418119,15.515941,11.501307,8.459900,8.449835,0
1,5,19,-18.076307,15.515941,11.501307,7.492426,7.490036,0
2,5,19,-16.734495,15.515941,11.501307,6.573959,6.580934,0
3,5,19,-15.392683,15.515941,11.501307,5.712536,5.731010,0
4,5,19,-14.050871,15.515941,11.501307,4.917370,4.949987,0
5,5,19,-12.709059,15.515941,11.501307,4.198802,4.248716,0
6,5,19,-11.367247,15.515941,11.501307,3.568101,3.638762,0
7,5,19,-10.025436,15.515941,11.501307,3.037041,3.131552,0
8,5,19,-8.683624,15.515941,11.501307,2.617206,2.736984,0
9,5,19,-7.341812,15.515941,11.501307,2.319049,2.461852,0
10,5,19,-6.000000,15.515941,11.501307,2.150792,2.309113,0
11,5,19,-4.658188,15.515941,11.501307,2.117400,2.279061,0
12,5,19,-3.316376,15.515941,11.501307,2.219889,2.371583,0
13,5,19,-1.974564,15.515941,11.501307,2.455174,2.586832,0
14,5,19,-0.632753,15.515941,11.501307,2.816517,2.923422,0
15,5,19,0.709059,15.515941,11.501307,3.294420,3.376457,0
16,5,19,2.050871,15.515941,11.501307,3.877725,3.937383,0
17,5,19,3.392683,15.515941,11.501307,4.554644,4.595324,0
18,5,19,4.734495,15.515941,11.501307,5.313594,5.338641,0
19,5,19,6.076307,15.515941,11.501307,6.143740,6.156058,0
20,5,19,7.418119,15.515941,11.501307,7.035302,7.037269,0
0,6,19,-19.418119,16.857753,11.501307,8.056760,8.049670,0
1,6,19,-18.076307,16.857753,11.501307,7.067819,7.069457,0
2,6,19,-16.734495,16.857753,11.501307,6.126715,6.139260,0
3,6,19,-15.392683,16.857753,11.501307,5.241720,5.268057,0
4,6,19,-14.050871,16.857753,11.501307,4.422439,4.466380,0
5,6,19,-12.709059,16.857753,11.501307,3.679812,3.746297,0
6,6,19,-11.367247,16.857753,11.501307,3.025942,3.121036,0
7,6,19,-10.025436,16.857753,11.501307,2.473670,2.603900,0
8,6,19,-8.683624,16.857753,11.501307,2.035829,2.206051,0
9,6,19,-7.341812,16.857753,11.501307,1.724152,1.933404,0
10,6,19,-6.000000,16.857753,11.501307,1.547977,1.784952,0
11,6,19,-4.658188,16.857753,11.501307,1.512988,1.756080,0
12,6,19,-3.316376,16.857753,11.501307,1.620351,1.845348,0
13,6,19,-1.974564,16.857753,11.501307,1.866528,2.056576,0
14,6,19,-0.632753,16.857753,11.501307,2.243832,2.393315,0
15,6,19,0.709059,16.857753,11.501307,2.741537,2.853081,0
16,6,19,2.050871,16.857753,11.501307,3.347196,3.426901,0
17,6,19,3.392683,16.857753,11.501307,4.047858,4.102166,0
18,6,19,4.734495,16.857753,11.501307,4.830984,4.865414,0
19,6,19,6.076307,16.857753,11.501307,5.685030,5.703927,0
20,6,19,7.418119,16.857753,11.501307,6.599726,6.606403,0
0,7,19,-19.418119,18.199564,11.501307,7.740802,7.736259,0
1,7,19,-18.076307,18.199564,11.501307,6.734340,6.739497,0
2,7,19,-16.734495,18.199564,11.501307,5.774638,5.792168,0
3,7,19,-15.392683,18.199564,11.501307,4.870132,4.903732,0
4,7,19,-14.050871,18.199564,11.501307,4.030731,4.085557,0
5,7,19,-12.709059,18.199564,11.501307,3.267858,3.351095,0
6,7,19,-11.367247,18.199564,11.501307,2.594318,2.715691,0
7,7,19,-10.025436,18.199564,11.501307,2.023882,2.195409,0
8,7,19,-8.683624,18.199564,11.501307,1.570496,1.803649,0
9,7,19,-7.341812,18.199564,11.501307,1.247068,1.544926,0
10,7,19,-6.000000,18.199564,11.501307,1.063981,1.410355,0
11,7,19,-4.658188,18.199564,11.501307,1.027595,1.384937,0
12,7,19,-3.316376,18.199564,11.501307,1.139219,1.464382,0
13,7,19,-1.974564,18.199564,11.501307,1.394886,1.660359,0
14,7,19,-0.632753,18.199564,11.501307,1.786018,1.986610,0
15,7,19,0.709059,18.199564,11.501307,2.300750,2.445141,0
16,7,19,2.050871,18.199564,11.501307,2.925470,3.026032,0
17,7,19,3.392683,18.199564,11.501307,3.646196,3.713912,0
18,7,19,4.734495,18.199564,11.501307,4.449578,4.492834,0
19,7,19,6.076307,18.199564,11.501307,5.323481,5.348354,0
20,7,19,7.418119,18.199564,11.501307,6.257252,6.268089,0
0,8,19,-19.418119,19.541376,11.501307,7.516469,7.513865,0
1,8,19,-18.076307,19.541376,11.501307,6.497174,6.505052,0
2,8,19,-16.734495,19.541376,11.501307,5.523778,5.545245,0
3,8,19,-15.392683,19.541376,11.501307,4.604821,4.644312,0
4,8,19,-14.050871,19.541376,11.501307,3.750422,3.814391,0
5,8,19,-12.709059,19.541376,11.501307,2.972351,3.070319,0
6,8,19,-11.367247,19.541376,11.501307,2.283937,2.429809,0
7,8,19,-10.025436,19.541376,11.501307,1.699665,1.912490,0
8,8,19,-8.683624,19.541376,11.501307,1.234357,1.535259,0
9,8,19,-7.341812,19.541376,11.501307,0.901871,1.301127,0
10,8,19,-6.000000,19.541376,11.501307,0.713459,1.189434,0
11,8,19,-4.658188,19.541376,11.501307,0.676006,1.169579,0
12,8,19,-3.316376,19.541376,11.501307,0.790898,1.233083,0
13,8,19,-1.974564,19.541376,11.501307,1.053889,1.403256,0
14,8,19,-0.632753,19.541376,11.501307,1.455656,1.709262,0
15,8,19,0.709059,19.541376,11.501307,1.983401,2.159450,0
16,8,19,2.050871,19.541376,11.501307,2.622586,2.741993,0
17,8,19,3.392683,19.541376,11.501307,3.358429,3.437646,0
18,8,19,4.734495,19.541376,11.501307,4.176961,4.227491,0
19,8,19,6.076307,19.541376,11.501307,5.065617,5.095265,0
20,8,19,7.418119,19.541376,11.501307,6.013472,6.027557,0
0,9,19,-19.418119,20.883188,11.501307,7.387099,7.385665,0
1,9,19,-18.076307,20.883188,11.501307,6.360249,6.369789,0
2,9,19,-16.734495,20.883188,11.501307,5.378761,5.402669,0
3,9,19,-15.392683,20.883188,11.501307,4.451232,4.494447,0
4,9,19,-14.050871,20.883188,11.501307,3.587895,3.657798,0
5,9,19,-12.709059,20.883188,11.501307,2.800723,2.908587,0
6,9,19,-11.367247,20.883188,11.501307,2.103357,2.266450,0
7,9,19,-10.025436,20.883188,11.501307,1.510716,1.754212,0
8,9,19,-8.683624,20.883188,11.501307,1.038162,1.392268,0
9,9,19,-7.341812,20.883188,11.501307,0.700177,1.182295,0
10,9,19,-6.000000,20.883188,11.501307,0.508773,1.092249,0
11,9,19,-4.658188,20.883188,11.501307,0.470835,1.077550,0
12,9,19,-3.316376,20.883188,11.501307,0.587380,1.126169,0
13,9,19,-1.974564,20.883188,11.501307,0.854734,1.271486,0
14,9,19,-0.632753,20.883188,11.501307,1.262974,1.557084,0
15,9,19,0.709059,20.883188,11.501307,1.798611,1.997502,0
16,9,19,2.050871,20.883188,11.501307,2.446525,2.578857,0
17,9,19,3.392683,20.883188,11.501307,3.191442,3.278241,0
18,9,19,4.734495,20.883188,11.501307,4.019023,4.074207,0
19,9,19,6.076307,20.883188,11.501307,4.916450,4.949086,0
20,9,19,7.418119,20.883188,11.501307,5.872642,5.888726,0
0,10,19,-19.418119,22.225000,11.501307,7.354689,7.353555,0
1,10,19,-18.076307,22.225000,11.501307,6.325928,6.335896,0
2,10,19,-16.734495,22.225000,11.501307,5.342391,5.366931,0
3,10,19,-15.392683,22.225000,11.501307,4.412686,4.456875,0
4,10,19,-14.050871,22.225000,11.501307,3.547075,3.618550,0
5,10,19,-12.709059,22.225000,11.501307,2.757584,2.868115,0
6,10,19,-11.367247,22.225000,11.501307,2.057930,2.225774,0
7,10,19,-10.025436,22.225000,11.501307,1.463144,1.715341,0
8,10,19,-8.683624,22.225000,11.501307,0.988729,1.358338,0
9,10,19,-7.341812,22.225000,11.501307,0.649349,1.155979,0
10,10,19,-6.000000,22.225000,11.501307,0.457347,1.072598,0
11,10,19,-4.658188,22.225000,11.501307,0.419390,1.059463,0
12,10,19,-3.316376,22.225000,11.501307,0.536138,1.103541,0
13,10,19,-1.974564,22.225000,11.501307,0.804543,1.241115,0
14,10,19,-0.632753,22.225000,11.501307,1.214444,1.520205,0
15,10,19,0.709059,22.225000,11.501307,1.752106,1.957382,0
16,10,19,2.050871,22.225000,11.501307,2.402253,2.538107,0
17,10,19,3.392683,22.225000,11.501307,3.149486,3.238310,0
18,10,19,4.734495,22.225000,11.501307,3.979371,4.035780,0
19,10,19,6.076307,22.225000,11.501307,4.879027,4.912441,0
20,10,19,7.418119,22.225000,11.501307,5.837333,5.853932,0
0,11,19,-19.418119,23.566812,11.501307,7.419749,7.418016,0
1,11,19,-18.076307,23.566812,11.501307,6.394817,6.403930,0
2,11,19,-16.734495,23.566812,11.501307,5.415384,5.438663,0
3,11,19,-15.392683,23.566812,11.501307,4.490036,4.532286,0
4,11,19,-14.050871,23.566812,11.501307,3.628975,3.697330,0
5,11,19,-12.709059,23.566812,11.501307,2.844124,2.949380,0
6,11,19,-11.367247,23.566812,11.501307,2.149044,2.307538,0
7,11,19,-10.025436,23.566812,11.501307,1.558544,1.793715,0
8,11,19,-8.683624,23.566812,11.501307,1.087845,1.427283,0
9,11,19,-7.341812,23.566812,11.501307,0.751261,1.210319,0
10,11,19,-6.000000,23.566812,11.501307,0.560544,1.114082,0
11,11,19,-4.658188,23.566812,11.501307,0.522681,1.097917,0
12,11,19,-3.316376,23.566812,11.501307,0.638905,1.150776,0
13,11,19,-1.974564,23.566812,11.501307,0.905175,1.303243,0
14,11,19,-0.632753,23.566812,11.501307,1.311758,1.594785,0
15,11,19,0.709059,23.566812,11.501307,1.845375,2.038118,0
16,11,19,2.050871,23.566812,11.501307,2.491058,2.619962,0
17,11,19,3.392683,23.566812,11.501307,3.233659,3.318471,0
18,11,19,4.734495,23.566812,11.501307,4.058934,4.112908,0
19,11,19,6.076307,23.566812,11.501307,4.954129,4.985993,0
20,11,19,7.418119,23.566812,11.501307,5.908201,5.923771,0
0,12,19,-19.418119,24.908624,11.501307,7.581260,7.578084,0
1,12,19,-18.076307,24.908624,11.501307,6.565706,6.572777,0
2,12,19,-16.734495,24.908624,11.501307,5.596307,5.616600,0
3,12,19,-15.392683,24.908624,11.501307,4.681577,4.719296,0
4,12,19,-14.050871,24.908624,11.501307,3.831573,3.892763,0
5,12,19,-12.709059,24.908624,11.501307,3.057966,3.151389,0
6,12,19,-11.367247,24.908624,11.501307,2.373930,2.512100,0
7,12,19,-10.025436,24.908624,11.501307,1.793741,1.993287,0
8,12,19,-8.683624,24.908624,11.501307,1.331957,1.610569,0
9,12,19,-7.341812,24.908624,11.501307,1.002152,1.367458,0
10,12,19,-6.000000,24.908624,11.501307,0.815306,1.247520,0
11,12,19,-4.658188,24.908624,11.501307,0.778161,1.225674,0
12,12,19,-3.316376,24.908624,11.501307,0.892101,1.294898,0
13,12,19,-1.974564,24.908624,11.501307,1.152927,1.474426,0
14,12,19,-0.632753,24.908624,11.501307,1.551547,1.787910,0
15,12,19,0.709059,24.908624,11.501307,2.075448,2.241438,0
16,12,19,2.050871,24.908624,11.501307,2.710371,2.823913,0
17,12,19,3.392683,24.908624,11.501307,3.441770,3.517466,0
18,12,19,4.734495,24.908624,11.501307,4.255857,4.304188,0
19,12,19,6.076307,24.908624,11.501307,5.140194,5.168413,0
20,12,19,7.418119,24.908624,11.501307,6.083933,6.097053,0
0,13,19,-19.418119,26.250436,11.501307,7.836753,7.831415,0
1,13,19,-18.076307,26.250436,11.501307,6.835679,6.839730,0
2,13,19,-16.734495,26.250436,11.501307,5.881708,5.897660,0
3,13,19,-15.392683,26.250436,11.501307,4.983228,5.014504,0
4,13,19,-14.050871,26.250436,11.501307,4.150057,4.201356,0
5,13,19,-12.709059,26.250436,11.501307,3.393471,3.471188,0
6,13,19,-11.367247,26.250436,11.501307,2.726056,2.838587,0
7,13,19,-10.025436,26.250436,11.501307,2.161293,2.318582,0
8,13,19,-8.683624,26.250436,11.501307,1.712773,1.923675,0
9,13,19,-7.341812,26.250436,11.501307,1.393032,1.658880,0
10,13,19,-6.000000,26.250436,11.501307,1.212117,1.518452,0
11,13,19,-4.658188,26.250436,11.501307,1.176170,1.491589,0
12,13,19,-3.316376,26.250436,11.501307,1.286455,1.575155,0
13,13,19,-1.974564,26.250436,11.501307,1.539142,1.777641,0
14,13,19,-0.632753,26.250436,11.501307,1.925940,2.108689,0
15,13,19,0.709059,26.250436,11.501307,2.435347,2.568558,0
16,13,19,2.050871,26.250436,11.501307,3.054124,3.147746,0
17,13,19,3.392683,26.250436,11.501307,3.768612,3.831948,0
18,13,19,4.734495,26.250436,11.501307,4.565712,4.606128,0
19,13,19,6.076307,26.250436,11.501307,5.433475,5.456446,0
20,13,19,7.418119,26.250436,11.501307,6.361361,6.370887,0
0,14,19,-19.418119,27.592247,11.501307,8.182490,8.174441,0
1,14,19,-18.076307,27.592247,11.501307,7.200349,7.200679,0
2,14,19,-16.734495,27.592247,11.501307,6.266433,6.277153,0
3,14,19,-15.392683,27.592247,11.501307,5.388943,5.412675,0
4,14,19,-14.050871,27.592247,11.501307,4.577362,4.617500,0
5,14,19,-12.709059,27.592247,11.501307,3.842441,3.903267,0
6,14,19,-11.367247,27.592247,11.501307,3.196017,3.282597,0
7,14,19,-10.025436,27.592247,11.501307,2.650583,2.768080,0
8,14,19,-8.683624,27.592247,11.501307,2.218563,2.370381,0
9,14,19,-7.341812,27.592247,11.501307,1.911267,2.095783,0
10,14,19,-6.000000,27.592247,11.501307,1.737663,1.944980,0
11,14,19,-4.658188,27.592247,11.501307,1.703193,1.915497,0
12,14,19,-3.316376,27.592247,11.501307,1.808973,2.006478,0
13,14,19,-1.974564,27.592247,11.501307,2.051616,2.220135,0
14,14,19,-0.632753,27.592247,11.501307,2.423754,2.557883,0
15,14,19,0.709059,27.592247,11.501307,2.915066,3.016216,0
16,14,19,2.050871,27.592247,11.501307,3.513531,3.586324,0
17,14,19,3.392683,27.592247,11.501307,4.206575,4.256271,0
18,14,19,4.734495,27.592247,11.501307,4.981970,5.013272,0
19,14,19,6.076307,27.592247,11.501307,5.828396,5.845126,0
20,14,19,7.418119,27.592247,11.501307,6.735737,6.740878,0
0,15,19,-19.418119,28.934059,11.501307,8.613722,8.602596,0
1,15,19,-18.076307,28.934059,11.501307,7.654190,7.650382,0
2,15,19,-16.734495,28.934059,11.501307,6.744056,6.749105,0
3,15,19,-15.392683,28.934059,11.501307,5.891264,5.907078,0
4,15,19,-14.050871,28.934059,11.501307,5.104876,5.133766,0
5,15,19,-12.709059,28.934059,11.501307,4.395011,4.439653,0
6,15,19,-11.367247,28.934059,11.501307,3.772638,3.835836,0
7,15,19,-10.025436,28.934059,11.501307,3.249155,3.333249,0
8,15,19,-8.683624,28.934059,11.501307,2.835717,2.941472,0
9,15,19,-7.341812,28.934059,11.501307,2.542340,2.667434,0
10,15,19,-6.000000,28.934059,11.501307,2.376873,2.514800,0
11,15,19,-4.658188,28.934059,11.501307,2.344043,2.484712,0
12,15,19,-3.316376,28.934059,11.501307,2.444815,2.577282,0
13,15,19,-1.974564,28.934059,11.501307,2.676256,2.792035,0
14,15,19,-0.632753,28.934059,11.501307,3.031943,3.126722,0
15,15,19,0.709059,28.934059,11.501307,3.502794,3.576014,0
16,15,19,2.050871,28.934059,11.501307,4.078087,4.131489,0
17,15,19,3.392683,28.934059,11.501307,4.746445,4.782710,0
18,15,19,4.734495,28.934059,11.501307,5.496621,5.518535,0
19,15,19,6.076307,28.934059,11.501307,6.318041,6.328107,0
20,15,19,7.418119,28.934059,11.501307,7.201109,7.201432,0
0,16,19,-19.418119,30.275871,11.501307,9.124979,9.110581,0
1,16,19,-18.076307,30.275871,11.501307,8.190906,8.182794,0
2,16,19,-16.734495,30.275871,11.501307,7.307343,7.306651,0
3,16,19,-15.392683,30.275871,11.501307,6.481909,6.489968,0
4,16,19,-14.050871,30.275871,11.501307,5.723169,5.741479,0
5,16,19,-12.709059,30.275871,11.501307,5.040537,5.070675,0
6,16,19,-11.367247,30.275871,11.501307,4.444048,4.487443,0
7,16,19,-10.025436,30.275871,11.501307,3.943961,4.001484,0
8,16,19,-8.683624,30.275871,11.501307,3.550157,3.621513,0
9,16,19,-7.341812,30.275871,11.501307,3.271382,3.354459,0
10,16,19,-6.000000,30.275871,11.501307,3.114410,3.204966,0
11,16,19,-4.658188,30.275871,11.501307,3.083289,3.175413,0
12,16,19,-3.316376,30.275871,11.501307,3.178842,3.266243,0
13,16,19,-1.974564,30.275871,11.501307,3.398562,3.476063,0
14,16,19,-0.632753,30.275871,11.501307,3.736932,3.801375,0
15,16,19,0.709059,30.275871,11.501307,4.186068,4.236341,0
16,16,19,2.050871,30.275871,11.501307,4.736544,4.773029,0
17,16,19,3.392683,30.275871,11.501307,5.378201,5.402118,0
18,16,19,4.734495,30.275871,11.501307,6.100830,6.113722,0
19,16,19,6.076307,30.275871,11.501307,6.894676,6.898098,0
20,16,19,7.418119,30.275871,11.501307,7.750737,7.746111,0
0,17,19,-19.418119,31.617683,11.501307,9.710360,9.692637,0
1,17,19,-18.076307,31.617683,11.501307,8.803791,8.791404,0
2,17,19,-16.734495,31.617683,11.501307,7.948692,7.942450,0
3,17,19,-15.392683,31.617683,11.501307,7.152301,7.153100,0
4,17,19,-14.050871,31.617683,11.501307,6.422630,6.431403,0
5,17,19,-12.709059,31.617683,11.501307,5.768344,5.785969,0
6,17,19,-11.367247,31.617683,11.501307,5.198529,5.225658,0
7,17,19,-10.025436,31.617683,11.501307,4.722321,4.759123,0
8,17,19,-8.683624,31.617683,11.501307,4.348385,4.394237,0
9,17,19,-7.341812,31.617683,11.501307,4.084281,4.137500,0
10,17,19,-6.000000,31.617683,11.501307,3.935804,3.993585,0
11,17,19,-4.658188,31.617683,11.501307,3.906387,3.965113,0
12,17,19,-3.316376,31.617683,11.501307,3.996727,4.052597,0
13,17,19,-1.974564,31.617683,11.501307,4.204703,4.254451,0
14,17,19,-0.632753,31.617683,11.501307,4.525615,4.566995,0
15,17,19,0.709059,31.617683,11.501307,4.952686,4.984580,0
16,17,19,2.050871,31.617683,11.501307,5.477711,5.499939,0
17,17,19,3.392683,31.617683,11.501307,6.091710,6.104725,0
18,17,19,4.734495,31.617683,11.501307,6.785519,6.790114,0
19,17,19,6.076307,31.617683,11.501307,7.550228,7.547325,0
20,17,19,7.418119,31.617683,11.501307,8.377484,8.368005,0
0,18,19,-19.418119,32.959495,11.501307,10.363798,10.342808,0
1,18,19,-18.076307,32.959495,11.501307,9.486039,9.469542,0
2,18,19,-16.734495,32.959495,11.501307,8.660500,8.649058,0
3,18,19,-15.392683,32.959495,11.501307,7.893993,7.888190,0
4,18,19,-14.050871,32.959495,11.501307,7.193945,7.194337,0
5,18,19,-12.709059,32.959495,11.501307,6.568261,6.575302,0
6,18,19,-11.367247,32.959495,11.501307,6.025099,6.039023,0
7,18,19,-10.025436,32.959495,11.501307,5.572531,5.593205,0
8,18,19,-8.683624,32.959495,11.501307,5.218100,5.244868,0
9,18,19,-7.341812,32.959495,11.501307,4.968307,4.999884,0
10,18,19,-6.000000,32.959495,11.501307,4.828077,4.862568,0
11,18,19,-4.658188,32.959495,11.501307,4.800312,4.835400,0
12,18,19,-3.316376,32.959495,11.501307,4.885598,4.918874,0
13,18,19,-1.974564,32.959495,11.501307,5.082147,5.111475,0
14,18,19,-0.632753,32.959495,11.501307,5.385977,5.409761,0
15,18,19,0.709059,32.959495,11.501307,5.791297,5.808579,0
16,18,19,2.050871,32.959495,11.501307,6.291009,6.301416,0
17,18,19,3.392683,32.959495,11.501307,6.877237,6.880845,0
18,18,19,4.734495,32.959495,11.501307,7.541818,7.538988,0
19,18,19,6.076307,32.959495,11.501307,8.276687,8.267939,0
20,18,19,7.418119,32.959495,11.501307,9.074161,9.060072,0
0,19,19,-19.418119,34.301307,11.501307,11.079276,11.055151,0
1,19,19,-18.076307,34.301307,11.501307,10.230993,10.210634,0
2,19,19,-16.734495,34.301307,11.501307,9.435438,9.419225,0
3,19,19,-15.392683,34.301307,11.501307,8.698970,8.687272,0
4,19,19,-14.050871,34.301307,11.501307,8.028420,8.021550,0
5,19,19,-12.709059,34.301307,11.501307,7.430948,7.429112,0
6,19,19,-11.367247,34.301307,11.501307,6.913831,6.917052,0
7,19,19,-10.025436,34.301307,11.501307,6.484164,6.492196,0
8,19,19,-8.683624,34.301307,11.501307,6.148487,6.160742,0
9,19,19,-7.341812,34.301307,11.501307,5.912368,5.927878,0
10,19,19,-6.000000,34.301307,11.501307,5.779987,5.797438,0
11,19,19,-4.658188,34.301307,11.501307,5.753792,5.771636,0
12,19,19,-3.316376,34.301307,11.501307,5.834274,5.850918,0
13,19,19,-1.974564,34.301307,11.501307,6.019928,6.033924,0
14,19,19,-0.632753,34.301307,11.501307,6.307389,6.317589,0
15,19,19,0.709059,34.301307,11.501307,6.691719,6.697350,0
16,19,19,2.050871,34.301307,11.501307,7.166801,7.167458,0
17,19,19,3.392683,34.301307,11.501307,7.725763,7.721347,0
18,19,19,4.734495,34.301307,11.501307,8.361375,8.352011,0
19,19,19,6.076307,34.301307,11.501307,9.066387,9.052345,0
20,19,19,7.418119,34.301307,11.501307,9.833785,9.815412,0
0,20,19,-19.418119,35.643119,11.501307,11.850991,11.823909,0
1,20,19,-18.076307,35.643119,11.501307,11.032319,11.008388,0
2,20,19,-16.734495,35.643119,11.501307,10.266635,10.246105,0
3,20,19,-15.392683,35.643119,11.501307,9.559832,9.542926,0
4,20,19,-14.050871,35.643119,11.501307,8.918154,8.905034,0
5,20,19,-12.709059,35.643119,11.501307,8.348048,8.338781,0
6,20,19,-11.367247,35.643119,11.501307,7.855980,7.850485,0
7,20,19,-10.025436,35.643119,11.501307,7.448162,7.446170,0
8,20,19,-8.683624,35.643119,11.501307,7.130253,7.131269,0
9,20,19,-7.341812,35.643119,11.501307,6.907019,6.910312,0
10,20,19,-6.000000,35.643119,11.501307,6.782008,6.786641,0
11,20,19,-4.658188,35.643119,11.501307,6.757283,6.762187,0
12,20,19,-3.316376,35.643119,11.501307,6.833260,6.837337,0
13,20,19,-1.974564,35.643119,11.501307,7.008670,7.010908,0
14,20,19,-0.632753,35.643119,11.501307,7.280665,7.280226,0
15,20,19,0.709059,35.643119,11.501307,7.645040,7.641311,0
16,20,19,2.050871,35.643119,11.501307,8.096532,8.089135,0
17,20,19,3.392683,35.643119,11.501307,8.629157,8.617927,0
18,20,19,4.734495,35.643119,11.501307,9.236540,9.221476,0
19,20,19,6.076307,35.643119,11.501307,9.912194,9.893417,0
20,20,19,7.418119,35.643119,11.501307,10.649757,10.627463,0
0,0,20,-19.418119,8.806881,12.843119,12.295429,12.266811,0
1,0,20,-18.076307,8.806881,12.843119,11.492874,11.467114,0
2,0,20,-16.734495,8.806881,12.843119,10.743347,10.720642,0
3,0,20,-15.392683,8.806881,12.843119,10.052487,10.033001,0
4,0,20,-14.050871,8.806881,12.843119,9.426222,9.410062,0
5,0,20,-12.709059,8.806881,12.843119,8.870633,8.857816,0
6,0,20,-11.367247,8.806881,12.843119,8.391768,8.382186,0
7,0,20,-10.025436,8.806881,12.843119,7.995402,7.988792,0
8,0,20,-8.683624,8.806881,12.843119,7.686762,7.682675,0
9,0,20,-7.341812,8.806881,12.843119,7.470222,7.468031,0
10,0,20,-6.000000,8.806881,12.843119,7.349029,7.347948,0
11,0,20,-4.658188,8.806881,12.843119,7.325066,7.324208,0
12,0,20,-3.316376,8.806881,12.843119,7.398709,7.397169,0
13,0,20,-1.974564,8.806881,12.843119,7.568805,7.565737,0
14,0,20,-0.632753,8.806881,12.843119,7.832751,7.827445,0
15,0,20,0.709059,8.806881,12.843119,8.186693,8.178612,0
16,0,20,2.050871,8.806881,12.843119,8.625784,8.614577,0
17,0,20,3.392683,8.806881,12.843119,9.144484,9.129968,0
18,0,20,4.734495,8.806881,12.843119,9.736843,9.718980,0
19,0,20,6.076307,8.806881,12.843119,10.396771,10.375628,0
20,0,20,7.418119,8.806881,12.843119,11.118246,11.093962,0
0,1,20,-19.418119,10.148693,12.843119,11.565543,11.539508,0
1,1,20,-18.076307,10.148693,12.843119,10.736167,10.713493,0
2,1,20,-16.734495,10.148693,12.843119,9.959712,9.940693,0
3,1,20,-15.392683,10.148693,12.843119,9.242243,9.227145,0
4,1,20,-14.050871,10.148693,12.843119,8.590212,8.579246,0
5,1,20,-12.709059,10.148693,12.843119,8.010321,8.003593,0
6,1,20,-11.367247,10.148693,12.843119,7.509319,7.506778,0
7,1,20,-10.025436,10.148693,12.843119,7.093729,7.095107,0
8,1,20,-8.683624,10.148693,12.843119,6.769512,6.774282,0
9,1,20,-7.341812,10.148693,12.843119,6.541712,6.549063,0
10,1,20,-6.000000,10.148693,12.843119,6.414091,6.422969,0
11,1,20,-4.658188,10.148693,12.843119,6.388846,6.398033,0
12,1,20,-3.316376,10.148693,12.843119,6.466417,6.474662,0
13,1,20,-1.974564,10.148693,12.843119,6.645456,6.651610,0
14,1,20,-0.632753,10.148693,12.843119,6.922937,6.926062,0
15,1,20,0.709059,10.148693,12.843119,7.294403,7.293834,0
16,1,20,2.050871,10.148693,12.843119,7.754297,7.749642,0
17,1,20,3.392683,10.148693,12.843119,8.296328,8.287436,0
18,1,20,4.734495,10.148693,12.843119,8.913819,8.900726,0
19,1,20,6.076307,10.148693,12.843119,9.600015,9.582888,0
20,1,20,7.418119,10.148693,12.843119,10.348320,10.327403,0
0,2,20,-19.418119,11.490505,12.843119,10.893399,10.870049,0
1,2,20,-18.076307,11.490505,12.843119,10.037655,10.018243,0
2,2,20,-16.734495,11.490505,12.843119,9.234533,9.219481,0
3,2,20,-15.392683,11.490505,12.843119,8.490510,8.480232,0
4,2,20,-14.050871,11.490505,12.843119,7.812567,7.807427,0
5,2,20,-12.709059,11.490505,12.843119,7.208048,7.208303,0
6,2,20,-11.367247,11.490505,12.843119,6.684447,6.690160,0
7,2,20,-10.025436,11.490505,12.843119,6.249097,6.260039,0
8,2,20,-8.683624,11.490505,12.843119,5.908779,5.924341,0
9,2,20,-7.341812,11.490505,12.843119,5.669283,5.688425,0
10,2,20,-6.000000,11.490505,12.843119,5.534967,5.556251,0
11,2,20,-4.658188,11.490505,12.843119,5.508385,5.530104,0
12,2,20,-3.316376,11.490505,12.843119,5.590051,5.610444,0
13,2,20,-1.974564,11.490505,12.843119,5.778394,5.795868,0
14,2,20,-0.632753,11.490505,12.843119,6.069901,6.083211,0
15,2,20,0.709059,11.490505,12.843119,6.459432,6.467761,0
16,2,20,2.050871,11.490505,12.843119,6.940636,6.943576,0
17,2,20,3.392683,11.490505,12.843119,7.506397,7.503882,0
18,2,20,4.734495,11.490505,12.843119,8.149257,8.141459,0
19,2,20,6.076307,11.490505,12.843119,8.861766,8.849005,0
20,2,20,7.418119,11.490505,12.843119,9.636741,9.619415,0
0,3,20,-19.418119,12.832317,12.843119,10.284447,10.263832,0
1,3,20,-18.076307,12.832317,12.843119,9.403290,9.387260,0
2,3,20,-16.734495,12.832317,12.843119,8.574277,8.563420,0
3,3,20,-15.392683,12.832317,12.843119,7.804273,7.799202,0
4,3,20,-14.050871,12.832317,12.843119,7.100772,7.102081,0
5,3,20,-12.709059,12.832317,12.843119,6.471769,6.479949,0
6,3,20,-11.367247,12.832317,12.843119,5.925527,5.940849,0
7,3,20,-10.025436,12.832317,12.843119,5.470238,5.492591,0
8,3,20,-8.683624,12.832317,12.843119,5.113570,5.142294,0
9,3,20,-7.341812,12.832317,12.843119,4.862140,4.895908,0
10,3,20,-6.000000,12.832317,12.843119,4.720969,4.757801,0
11,3,20,-4.658188,12.832317,12.843119,4.693015,4.730475,0
12,3,20,-3.316376,12.832317,12.843119,4.778878,4.814432,0
13,3,20,-1.974564,12.832317,12.843119,4.976733,5.008140,0
14,3,20,-0.632753,12.832317,12.843119,5.282519,5.308120,0
15,3,20,0.709059,12.832317,12.843119,5.690339,5.709154,0
16,3,20,2.050871,12.832317,12.843119,6.192969,6.204638,0
17,3,20,3.392683,12.832317,12.843119,6.782413,6.787042,0
18,3,20,4.734495,12.832317,12.843119,7.450394,7.448382,0
19,3,20,6.076307,12.832317,12.843119,8.188748,8.180652,0
20,3,20,7.418119,12.832317,12.843119,8.989715,8.976146,0
0,4,20,-19.418119,14.174129,12.843119,9.744227,9.726325,0
1,4,20,-18.076307,14.174129,12.843119,8.839199,8.826583,0
2,4,20,-16.734495,14.174129,12.843119,7.985687,7.979153,0
3,4,20,-15.392683,14.174129,12.843119,7.190908,7.191330,0
4,4,20,-14.050871,14.174129,12.843119,6.462842,6.471129,0
5,4,20,-12.709059,14.174129,12.843119,5.810113,5.827114,0
6,4,20,-11.367247,14.174129,12.843119,5.241756,5.268092,0
7,4,20,-10.025436,14.174129,12.843119,4.766846,4.802663,0
8,4,20,-8.683624,14.174129,12.843119,4.393984,4.438652,0
9,4,20,-7.341812,14.174129,12.843119,4.130672,4.182530,0
10,4,20,-6.000000,14.174129,12.843119,3.982652,4.038958,0
11,4,20,-4.658188,14.174129,12.843119,3.953327,4.010552,0
12,4,20,-3.316376,14.174129,12.843119,4.043387,4.097830,0
13,4,20,-1.974564,14.174129,12.843119,4.250730,4.299202,0
14,4,20,-0.632753,14.174129,12.843119,4.570699,4.610995,0
15,4,20,0.709059,14.174129,12.843119,4.996573,5.027583,0
16,4,20,2.050871,14.174129,12.843119,5.520210,5.541736,0
17,4,20,3.392683,14.174129,12.843119,6.132695,6.145160,0
18,4,20,4.734495,14.174129,12.843119,6.824917,6.829084,0
19,4,20,6.076307,14.174129,12.843119,7.588013,7.584778,0
20,4,20,7.418119,14.174129,12.843119,8.413666,8.403928,0
0,5,20,-19.418119,15.515941,12.843119,9.278209,9.262900,0
1,5,20,-18.076307,15.515941,12.843119,8.351500,8.342207,0
2,5,20,-16.734495,15.515941,12.843119,7.475580,7.473341,0
3,5,20,-15.392683,15.515941,12.843119,6.657973,6.663985,0
4,5,20,-14.050871,15.515941,12.843119,5.907094,5.922680,0
5,5,20,-12.709059,15.515941,12.843119,5.232156,5.258667,0
6,5,20,-11.367247,15.515941,12.843119,4.642934,4.681538,0
7,5,20,-10.025436,15.515941,12.843119,4.149375,4.200693,0
8,5,20,-8.683624,15.515941,12.843119,3.761019,3.824619,0
9,5,20,-7.341812,15.515941,12.843119,3.486277,3.560159,0
10,5,20,-6.000000,15.515941,12.843119,3.331644,3.412028,0
11,5,20,-4.658188,15.515941,12.843119,3.300992,3.382735,0
12,5,20,-3.316376,15.515941,12.843119,3.395109,3.472756,0
13,5,20,-1.974564,15.515941,12.843119,3.611598,3.680604,0
14,5,20,-0.632753,15.515941,12.843119,3.945174,4.002658,0
15,5,20,0.709059,15.515941,12.843119,4.388269,4.433084,0
16,5,20,2.050871,15.515941,12.843119,4.931799,4.964120,0
17,5,20,3.392683,15.515941,12.843119,5.565935,5.586716,0
18,5,20,4.734495,15.515941,12.843119,6.280757,6.291295,0
19,5,20,6.076307,15.515941,12.843119,7.066738,7.068387,0
20,5,20,7.418119,15.515941,12.843119,7.915050,7.909078,0
0,6,20,-19.418119,16.857753,12.843119,8.891585,8.878634,0
1,6,20,-18.076307,16.857753,12.843119,7.946064,7.939843,0
2,6,20,-16.734495,16.857753,12.843119,7.050579,7.052391,0
3,6,20,-15.392683,16.857753,12.843119,6.212901,6.224311,0
4,6,20,-14.050871,16.857753,12.843119,5.441819,5.464650,0
5,6,20,-12.709059,16.857753,12.843119,4.747065,4.783317,0
6,6,20,-11.367247,16.857753,12.843119,4.139086,4.190701,0
7,6,20,-10.025436,16.857753,12.843119,3.628641,3.697009,0
8,6,20,-8.683624,16.857753,12.843119,3.226166,3.311327,0
9,6,20,-7.341812,16.857753,12.843119,2.940956,3.040653,0
10,6,20,-6.000000,16.857753,12.843119,2.780245,2.889365,0
11,6,20,-4.658188,16.857753,12.843119,2.748372,2.859483,0
12,6,20,-3.316376,16.857753,12.843119,2.846221,2.951352,0
13,6,20,-1.974564,16.857753,12.843119,3.071103,3.163850,0
14,6,20,-0.632753,16.857753,12.843119,3.417113,3.493834,0
15,6,20,0.709059,16.857753,12.843119,3.875850,3.935571,0
16,6,20,2.050871,16.857753,12.843119,4.437328,4.480892,0
17,6,20,3.392683,16.857753,12.843119,5.090854,5.120014,0
18,6,20,4.734495,16.857753,12.843119,5.825763,5.842533,0
19,6,20,6.076307,16.857753,12.843119,6.631934,6.638242,0
20,6,20,7.418119,16.857753,12.843119,7.500098,7.497639,0
0,7,20,-19.418119,18.199564,12.843119,8.589036,8.578078,0
1,7,20,-18.076307,18.199564,12.843119,7.628238,7.624654,0
2,7,20,-16.734495,18.199564,12.843119,6.716777,6.722129,0
3,7,20,-15.392683,18.199564,12.843119,5.862613,5.878843,0
4,7,20,-14.050871,18.199564,12.843119,5.074832,5.104301,0
5,7,20,-12.709059,18.199564,12.843119,4.363587,4.409042,0
6,7,20,-11.367247,18.199564,12.843119,3.739896,3.804235,0
7,7,20,-10.025436,18.199564,12.843119,3.215214,3.300887,0
8,7,20,-8.683624,18.199564,12.843119,2.800766,2.908626,0
9,7,20,-7.341812,18.199564,12.843119,2.506634,2.634367,0
10,7,20,-6.000000,18.199564,12.843119,2.340727,2.481677,0
11,7,20,-4.658188,18.199564,12.843119,2.307809,2.451585,0
12,7,20,-3.316376,18.199564,12.843119,2.408852,2.544174,0
13,7,20,-1.974564,18.199564,12.843119,2.640899,2.759053,0
14,7,20,-0.632753,18.199564,12.843119,2.997479,3.094088,0
15,7,20,0.709059,18.199564,12.843119,3.469444,3.544007,0
16,7,20,2.050871,18.199564,12.843119,4.046005,4.100369,0
17,7,20,3.392683,18.199564,12.843119,4.715719,4.752668,0
18,7,20,4.734495,18.199564,12.843119,5.467287,5.489690,0
19,7,20,6.076307,18.199564,12.843119,6.290094,6.300513,0
20,7,20,7.418119,18.199564,12.843119,7.174514,7.175095,0
0,8,20,-19.418119,19.541376,12.843119,8.374482,8.365024,0
1,8,20,-18.076307,19.541376,12.843119,7.402540,7.400964,0
2,8,20,-16.734495,19.541376,12.843119,6.479375,6.487464,0
3,8,20,-15.392683,19.541376,12.843119,5.613075,5.633101,0
4,8,20,-14.050871,19.541376,12.843119,4.812936,4.847752,0
5,8,20,-12.709059,19.541376,12.843119,4.089426,4.142492,0
6,8,20,-11.367247,19.541376,12.843119,3.453982,3.529177,0
7,8,20,-10.025436,19.541376,12.843119,2.918596,3.019546,0
8,8,20,-8.683624,19.541376,12.843119,2.495102,2.623701,0
9,8,20,-7.341812,19.541376,12.843119,2.194205,2.348319,0
10,8,20,-6.000000,19.541376,12.843119,2.024346,2.195822,0
11,8,20,-4.658188,19.541376,12.843119,1.990631,2.165861,0
12,8,20,-3.316376,19.541376,12.843119,2.094105,2.258151,0
13,8,20,-1.974564,19.541376,12.843119,2.331595,2.473322,0
14,8,20,-0.632753,19.541376,12.843119,2.696177,2.810644,0
15,8,20,0.709059,19.541376,12.843119,3.178112,3.265549,0
16,8,20,2.050871,19.541376,12.843119,3.765984,3.829412,0
17,8,20,3.392683,19.541376,12.843119,4.447772,4.491074,0
18,8,20,4.734495,19.541376,12.843119,5.211699,5.238584,0
19,8,20,6.076307,19.541376,12.843119,6.046781,6.060408,0
20,8,20,7.418119,19.541376,12.843119,6.943138,6.946052,0
0,9,20,-19.418119,20.883188,12.843119,8.250851,8.242293,0
1,9,20,-18.076307,20.883188,12.843119,7.272367,7.272006,0
2,9,20,-16.734495,20.883188,12.843119,6.342309,6.352072,0
3,9,20,-15.392683,20.883188,12.843119,5.468840,5.491217,0
4,9,20,-14.050871,20.883188,12.843119,4.661377,4.699557,0
5,9,20,-12.709059,20.883188,12.843119,3.930568,3.988516,0
6,9,20,-11.367247,20.883188,12.843119,3.288105,3.370426,0
7,9,20,-10.025436,20.883188,12.843119,2.746302,2.857545,0
8,9,20,-8.683624,20.883188,12.843119,2.317367,2.460315,0
9,9,20,-7.341812,20.883188,12.843119,2.012389,2.185184,0
10,9,20,-6.000000,20.883188,12.843119,1.840142,2.033560,0
11,9,20,-4.658188,20.883188,12.843119,1.805946,2.003854,0
12,9,20,-3.316376,20.883188,12.843119,1.910890,2.095451,0
13,9,20,-1.974564,20.883188,12.843119,2.151666,2.309901,0
14,9,20,-0.632753,20.883188,12.843119,2.521069,2.647726,0
15,9,20,0.709059,20.883188,12.843119,3.008990,3.104983,0
16,9,20,2.050871,20.883188,12.843119,3.603630,3.672936,0
17,9,20,3.392683,20.883188,12.843119,4.292616,4.339950,0
18,9,20,4.734495,20.883188,12.843119,5.063881,5.093563,0
19,9,20,6.076307,20.883188,12.843119,5.906228,5.921826,0
20,9,20,7.418119,20.883188,12.843119,6.809624,6.813957,0
0,10,20,-19.418119,22.225000,12.843119,8.219891,8.211563,0
1,10,20,-18.076307,22.225000,12.843119,7.239754,7.239705,0
2,10,20,-16.734495,22.225000,12.843119,6.307953,6.318146,0
3,10,20,-15.392683,22.225000,12.843119,5.432668,5.455653,0
4,10,20,-14.050871,22.225000,12.843119,4.623346,4.662404,0
5,10,20,-12.709059,22.225000,12.843119,3.890682,3.949917,0
6,10,20,-11.367247,22.225000,12.843119,3.246432,3.330652,0
7,10,20,-10.025436,22.225000,12.843119,2.702992,2.817014,0
8,10,20,-8.683624,22.225000,12.843119,2.272667,2.419542,0
9,10,20,-7.341812,22.225000,12.843119,1.966644,2.144613,0
10,10,20,-6.000000,22.225000,12.843119,1.793786,1.993326,0
11,10,20,-4.658188,22.225000,12.843119,1.759466,1.963713,0
12,10,20,-3.316376,22.225000,12.843119,1.864787,2.055055,0
13,10,20,-1.974564,22.225000,12.843119,2.106405,2.269185,0
14,10,20,-0.632753,22.225000,12.843119,2.477039,2.607011,0
15,10,20,0.709059,22.225000,12.843119,2.966490,3.064778,0
16,10,20,2.050871,22.225000,12.843119,3.562854,3.633717,0
17,10,20,3.392683,22.225000,12.843119,4.253671,4.302062,0
18,10,20,4.734495,22.225000,12.843119,5.026800,5.057208,0
19,10,20,6.076307,22.225000,12.843119,5.870988,5.887096,0
20,10,20,7.418119,22.225000,12.843119,6.776167,6.780863,0
0,11,20,-19.418119,23.566812,12.843119,8.282046,8.273258,0
1,11,20,-18.076307,23.566812,12.843119,7.305221,7.304549,0
2,11,20,-16.734495,23.566812,12.843119,6.376912,6.386246,0
3,11,20,-15.392683,23.566812,12.843119,5.505265,5.527036,0
4,11,20,-14.050871,23.566812,12.843119,4.699664,4.736974,0
5,11,20,-12.709059,23.566812,12.843119,3.970713,4.027392,0
6,11,20,-11.367247,23.566812,12.843119,3.330039,3.410494,0
7,11,20,-10.025436,23.566812,12.843119,2.789873,2.898400,0
8,11,20,-8.683624,23.566812,12.843119,2.362327,2.501461,0
9,11,20,-7.341812,23.566812,12.843119,2.058392,2.226187,0
10,11,20,-6.000000,23.566812,12.843119,1.886756,2.074274,0
11,11,20,-4.658188,23.566812,12.843119,1.852682,2.044489,0
12,11,20,-3.316376,23.566812,12.843119,1.957251,2.136307,0
13,11,20,-1.974564,23.566812,12.843119,2.197187,2.351017,0
14,11,20,-0.632753,23.566812,12.843119,2.565358,2.688787,0
15,11,20,0.709059,23.566812,12.843119,3.051752,3.145497,0
16,11,20,2.050871,23.566812,12.843119,3.644666,3.712438,0
17,11,20,3.392683,23.566812,12.843119,4.331818,4.378107,0
18,11,20,4.734495,23.566812,12.843119,5.101216,5.130177,0
19,11,20,6.076307,23.566812,12.843119,5.941717,5.956808,0
20,11,20,7.418119,23.566812,12.843119,6.843326,6.847295,0
0,12,20,-19.418119,24.908624,12.843119,8.436425,8.426527,0
1,12,20,-18.076307,24.908624,12.843119,7.467728,7.465560,0
2,12,20,-16.734495,24.908624,12.843119,6.547975,6.555253,0
3,12,20,-15.392683,24.908624,12.843119,5.685218,5.704113,0
4,12,20,-14.050871,24.908624,12.843119,4.888693,4.921904,0
5,12,20,-12.709059,24.908624,12.843119,4.168774,4.219537,0
6,12,20,-11.367247,24.908624,12.843119,3.536779,3.608656,0
7,12,20,-10.025436,24.908624,12.843119,3.004538,3.100769,0
8,12,20,-8.683624,24.908624,12.843119,2.583706,2.705827,0
9,12,20,-7.341812,24.908624,12.843119,2.284802,2.430597,0
10,12,20,-6.000000,24.908624,12.843119,2.116108,2.277900,0
11,12,20,-4.658188,24.908624,12.843119,2.082629,2.247867,0
12,12,20,-3.316376,24.908624,12.843119,2.185386,2.340342,0
13,12,20,-1.974564,24.908624,12.843119,2.421271,2.555599,0
14,12,20,-0.632753,24.908624,12.843119,2.783497,2.892417,0
15,12,20,0.709059,24.908624,12.843119,3.262500,3.345982,0
16,12,20,2.050871,24.908624,12.843119,3.847051,3.907723,0
17,12,20,3.392683,24.908624,12.843119,4.525300,4.566688,0
18,12,20,4.734495,24.908624,12.843119,5.285610,5.311155,0
19,12,20,6.076307,24.908624,12.843119,6.117106,6.129780,0
20,12,20,7.418119,24.908624,12.843119,7.009981,7.012205,0
0,13,20,-19.418119,26.250436,12.843119,8.680871,8.669293,0
1,13,20,-18.076307,26.250436,12.843119,7.724763,7.720355,0
2,13,20,-16.734495,26.250436,12.843119,6.818215,6.822455,0
3,13,20,-15.392683,26.250436,12.843119,5.969131,5.983836,0
4,13,20,-14.050871,26.250436,12.843119,5.186506,5.213857,0
5,13,20,-12.709059,26.250436,12.843119,4.480363,4.522852,0
6,13,20,-11.367247,26.250436,12.843119,3.861544,3.921735,0
7,13,20,-10.025436,26.250436,12.843119,3.341285,3.421247,0
8,13,20,-8.683624,26.250436,12.843119,2.930564,3.030841,0
9,13,20,-7.341812,26.250436,12.843119,2.639214,2.757482,0
10,13,20,-6.000000,26.250436,12.843119,2.474929,2.605062,0
11,13,20,-4.658188,26.250436,12.843119,2.442337,2.574997,0
12,13,20,-3.316376,26.250436,12.843119,2.542382,2.667474,0
13,13,20,-1.974564,26.250436,12.843119,2.772195,2.881814,0
14,13,20,-0.632753,26.250436,12.843119,3.125482,3.215487,0
15,13,20,0.709059,26.250436,12.843119,3.593333,3.663029,0
16,13,20,2.050871,26.250436,12.843119,4.165212,4.216077,0
17,13,20,3.392683,26.250436,12.843119,4.829913,4.864365,0
18,13,20,4.734495,26.250436,12.843119,5.576332,5.596945,0
19,13,20,6.076307,26.250436,12.843119,6.394008,6.403131,0
20,13,20,7.418119,26.250436,12.843119,7.273424,7.273053,0
0,14,20,-19.418119,27.592247,12.843119,9.012095,8.998388,0
1,14,20,-18.076307,27.592247,12.843119,8.072521,8.065309,0
2,14,20,-16.734495,27.592247,12.843119,7.183234,7.183731,0
3,14,20,-15.392683,27.592247,12.843119,6.351928,6.361571,0
4,14,20,-14.050871,27.592247,12.843119,5.587276,5.607713,0
5,14,20,-12.709059,27.592247,12.843119,4.898843,4.931843,0
6,14,20,-11.367247,27.592247,12.843119,4.296862,4.344082,0
7,14,20,-10.025436,27.592247,12.843119,3.791830,3.854367,0
8,14,20,-8.683624,27.592247,12.843119,3.393891,3.471589,0
9,14,20,-7.341812,27.592247,12.843119,3.112048,3.202722,0
10,14,20,-6.000000,27.592247,12.843119,2.953296,3.052309,0
11,14,20,-4.658188,27.592247,12.843119,2.921816,3.022585,0
12,14,20,-3.316376,27.592247,12.843119,3.018463,3.113953,0
13,14,20,-1.974564,27.592247,12.843119,3.240643,3.325130,0
14,14,20,-0.632753,27.592247,12.843119,3.582654,3.652757,0
15,14,20,0.709059,27.592247,12.843119,4.036372,4.091028,0
16,14,20,2.050871,27.592247,12.843119,4.592104,4.631893,0
17,14,20,3.392683,27.592247,12.843119,5.239437,5.265815,0
18,14,20,4.734495,27.592247,12.843119,5.967946,5.982667,0
19,14,20,6.076307,27.592247,12.843119,6.767699,6.772489,0
20,14,20,7.418119,27.592247,12.843119,7.629568,7.625972,0
0,15,20,-19.418119,28.934059,12.843119,9.425897,9.409739,0
1,15,20,-18.076307,28.934059,12.843119,8.506173,8.495786,0
2,15,20,-16.734495,28.934059,12.843119,7.637490,7.633825,0
3,15,20,-15.392683,28.934059,12.843119,6.827272,6.831414,0
4,15,20,-14.050871,28.934059,12.843119,6.083797,6.096919,0
5,15,20,-12.709059,28.934059,12.843119,5.416085,5.439353,0
6,15,20,-11.367247,28.934059,12.843119,4.833671,4.868043,0
7,15,20,-10.025436,28.934059,12.843119,4.346212,4.392121,0
8,15,20,-8.683624,28.934059,12.843119,3.962935,4.019858,0
9,15,20,-7.341812,28.934059,12.843119,3.691946,3.757993,0
10,15,20,-6.000000,28.934059,12.843119,3.539487,3.611259,0
11,15,20,-4.658188,28.934059,12.843119,3.509272,3.582235,0
12,15,20,-3.316376,28.934059,12.843119,3.602055,3.671420,0
13,15,20,-1.974564,28.934059,12.843119,3.815538,3.877268,0
14,15,20,-0.632753,28.934059,12.843119,4.144649,4.196104,0
15,15,20,0.709059,28.934059,12.843119,4.582106,4.622132,0
16,15,20,2.050871,28.934059,12.843119,5.119138,5.147756,0
17,15,20,3.392683,28.934059,12.843119,5.746219,5.764179,0
18,15,20,4.734495,28.934059,12.843119,6.453697,6.462094,0
19,15,20,6.076307,28.934059,12.843119,7.232260,7.232282,0
20,15,20,7.418119,28.934059,12.843119,8.073247,8.066029,0
0,16,20,-19.418119,30.275871,12.843119,9.917397,9.898593,0
1,16,20,-18.076307,30.275871,12.843119,9.020164,9.006407,0
2,16,20,-16.734495,30.275871,12.843119,8.174671,8.166681,0
3,16,20,-15.392683,30.275871,12.843119,7.388023,7.386580,0
4,16,20,-14.050871,30.275871,12.843119,6.668040,6.673937,0
5,16,20,-12.709059,30.275871,12.843119,6.023139,6.037090,0
6,16,20,-11.367247,30.275871,12.843119,5.462098,5.484587,0
7,16,20,-10.025436,30.275871,12.843119,4.993696,5.024763,0
8,16,20,-8.683624,30.275871,12.843119,4.626217,4.665208,0
9,16,20,-7.341812,30.275871,12.843119,4.366861,4.412231,0
10,16,20,-6.000000,30.275871,12.843119,4.221125,4.270414,0
11,16,20,-4.658188,30.275871,12.843119,4.192257,4.242355,0
12,16,20,-3.316376,30.275871,12.843119,4.280917,4.328567,0
13,16,20,-1.974564,30.275871,12.843119,4.485099,4.527471,0
14,16,20,-0.632753,30.275871,12.843119,4.800349,4.835436,0
15,16,20,0.709059,30.275871,12.843119,5.220228,5.246957,0
16,16,20,2.050871,30.275871,12.843119,5.736907,5.755008,0
17,16,20,3.392683,30.275871,12.843119,6.341780,6.351549,0
18,16,20,4.734495,30.275871,12.843119,7.026014,7.028075,0
19,16,20,6.076307,30.275871,12.843119,7.780980,7.776102,0
20,16,20,7.418119,30.275871,12.843119,8.598543,8.587520,0
0,17,20,-19.418119,31.617683,12.843119,10.481285,10.459751,0
1,17,20,-18.076307,31.617683,12.843119,9.608509,9.591336,0
2,17,20,-16.734495,31.617683,12.843119,8.788057,8.775772,0
3,17,20,-15.392683,31.617683,12.843119,8.026665,8.019809,0
4,17,20,-14.050871,31.617683,12.843119,7.331659,7.330740,0
5,17,20,-12.709059,31.617683,12.843119,6.710816,6.716234,0
6,17,20,-11.367247,31.617683,12.843119,6.172140,6.184083,0
7,17,20,-10.025436,31.617683,12.843119,5.723531,5.741835,0
8,17,20,-8.683624,31.617683,12.843119,5.372351,5.396370,0
9,17,20,-7.341812,31.617683,12.843119,5.124934,5.153442,0
10,17,20,-6.000000,31.617683,12.843119,4.986071,5.017290,0
11,17,20,-4.658188,31.617683,12.843119,4.958579,4.990353,0
12,17,20,-3.316376,31.617683,12.843119,5.043029,5.073118,0
13,17,20,-1.974564,31.617683,12.843119,5.237683,5.264093,0
14,17,20,-0.632753,31.617683,12.843119,5.538672,5.559895,0
15,17,20,0.709059,31.617683,12.843119,5.940358,5.955469,0
16,17,20,2.050871,31.617683,12.843119,6.435819,6.444433,0
17,17,20,3.392683,31.617683,12.843119,7.017360,7.019510,0
18,17,20,4.734495,31.617683,12.843119,7.676980,7.672977,0
19,17,20,6.076307,31.617683,12.843119,8.406755,8.397067,0
20,17,20,7.418119,31.617683,12.843119,9.199118,9.184275,0
0,18,20,-19.418119,32.959495,12.843119,11.112045,11.087786,0
1,18,20,-18.076307,32.959495,12.843119,10.265064,10.244542,0
2,18,20,-16.734495,32.959495,12.843119,9.470827,9.454415,0
3,18,20,-15.392683,32.959495,12.843119,8.735674,8.723733,0
4,18,20,-14.050871,32.959495,12.843119,8.066408,8.059244,0
5,18,20,-12.709059,32.959495,12.843119,7.470159,7.467969,0
6,18,20,-11.367247,32.959495,12.843119,6.954166,6.956966,0
7,18,20,-10.025436,32.959495,12.843119,6.525483,6.533025,0
8,18,20,-8.683624,32.959495,12.843119,6.190609,6.202309,0
9,18,20,-7.341812,32.959495,12.843119,5.955073,5.969975,0
10,18,20,-6.000000,32.959495,12.843119,5.823027,5.839837,0
11,18,20,-4.658188,32.959495,12.843119,5.796898,5.814096,0
12,18,20,-3.316376,32.959495,12.843119,5.877175,5.893193,0
13,18,20,-1.974564,32.959495,12.843119,6.062366,6.075779,0
14,18,20,-0.632753,32.959495,12.843119,6.349127,6.358804,0
15,18,20,0.709059,32.959495,12.843119,6.732557,6.737733,0
16,18,20,2.050871,32.959495,12.843119,7.206579,7.206848,0
17,18,20,3.392683,32.959495,12.843119,7.764361,7.759621,0
18,18,20,4.734495,32.959495,12.843119,8.398714,8.389083,0
19,18,20,6.076307,32.959495,12.843119,9.102423,9.088161,0
20,18,20,7.418119,32.959495,12.843119,9.868501,9.849948,0
0,19,20,-19.418119,34.301307,12.843119,11.804152,11.777238,0
1,19,20,-18.076307,34.301307,12.843119,10.983743,10.960013,0
2,19,20,-16.734495,34.301307,12.843119,10.216313,10.196024,0
3,19,20,-15.392683,34.301307,12.843119,9.507784,9.491166,0
4,19,20,-14.050871,34.301307,12.843119,8.864431,8.851654,0
5,19,20,-12.709059,34.301307,12.843119,8.292746,8.283880,0
6,19,20,-11.367247,34.301307,12.843119,7.799237,7.794207,0
7,19,20,-10.025436,34.301307,12.843119,7.390167,7.388705,0
8,19,20,-8.683624,34.301307,12.843119,7.071243,7.072847,0
9,19,20,-7.341812,34.301307,12.843119,6.847275,6.851202,0
10,19,20,-6.000000,34.301307,12.843119,6.721844,6.727139,0
11,19,20,-4.658188,34.301307,12.843119,6.697035,6.702607,0
12,19,20,-3.316376,34.301307,12.843119,6.773268,6.777997,0
13,19,20,-1.974564,34.301307,12.843119,6.949262,6.952113,0
14,19,20,-0.632753,34.301307,12.843119,7.222140,7.222260,0
15,19,20,0.709059,34.301307,12.843119,7.587656,7.584424,0
16,19,20,2.050871,34.301307,12.843119,8.040502,8.033539,0
17,19,20,3.392683,34.301307,12.843119,8.574646,8.563786,0
18,19,20,4.734495,34.301307,12.843119,9.183661,9.168911,0
19,19,20,6.076307,34.301307,12.843119,9.861021,9.842507,0
20,19,20,7.418119,34.301307,12.843119,10.600324,10.578251,0
0,20,20,-19.418119,35.643119,12.843119,12.552218,12.522764,0
1,20,20,-18.076307,35.643119,12.843119,11.758685,11.731936,0
2,20,20,-16.734495,35.643119,12.843119,11.018171,10.994298,0
3,20,20,-15.392683,35.643119,12.843119,10.336175,10.315315,0
4,20,20,-14.050871,35.643119,12.843119,9.718450,9.700684,0
5,20,20,-12.709059,35.643119,12.843119,9.170876,9.156202,0
6,20,20,-11.367247,35.643119,12.843119,8.699277,8.687577,0
7,20,20,-10.025436,35.643119,12.843119,8.309196,8.300209,0
8,20,20,-8.683624,35.643119,12.843119,8.005627,7.998936,0
9,20,20,-7.341812,35.643119,12.843119,7.792745,7.787769,0
10,20,20,-6.000000,35.643119,12.843119,7.673635,7.669661,0
11,20,20,-4.658188,35.643119,12.843119,7.650087,7.646314,0
12,20,20,-3.316376,35.643119,12.843119,7.722458,7.718069,0
13,20,20,-1.974564,35.643119,12.843119,7.889652,7.883884,0
14,20,20,-0.632753,35.643119,12.843119,8.149197,8.141399,0
15,20,20,0.709059,35.643119,12.843119,8.497421,8.487095,0
16,20,20,2.050871,35.643119,12.843119,8.929699,8.916507,0
17,20,20,3.392683,35.643119,12.843119,9.440722,9.424479,0
18,20,20,4.734495,35.643119,12.843119,10.024772,10.005424,0
19,20,20,6.076307,35.643119,12.843119,10.675972,10.653563,0
20,20,20,7.418119,35.643119,12.843119,11.388488,11.363129,0