x,y,err,iters,ok
-1.7000,-1.7000,0.704163,120,0
-1.6433,-1.7000,0.664433,120,0
-1.5867,-1.7000,0.625406,120,0
-1.5300,-1.7000,0.587116,120,0
-1.4733,-1.7000,0.549602,120,0
-1.4167,-1.7000,0.512904,120,0
-1.3600,-1.7000,0.477062,120,0
-1.3033,-1.7000,0.442120,120,0
-1.2467,-1.7000,0.408122,120,0
-1.1900,-1.7000,0.375114,120,0
-1.1333,-1.7000,0.343146,120,0
-1.0767,-1.7000,0.312265,120,0
-1.0200,-1.7000,0.282524,120,0
-0.9633,-1.7000,0.253973,120,0
-0.9067,-1.7000,0.226667,120,0
-0.8500,-1.7000,0.200658,120,0
-0.7933,-1.7000,0.176000,120,0
-0.7367,-1.7000,0.152749,120,0
-0.6800,-1.7000,0.130956,120,0
-0.6233,-1.7000,0.110675,120,0
-0.5667,-1.7000,0.091957,120,0
-0.5100,-1.7000,0.074852,120,0
-0.4533,-1.7000,0.059407,120,0
-0.3967,-1.7000,0.045665,120,0
-0.3400,-1.7000,0.033667,120,0
-0.2833,-1.7000,0.023451,120,0
-0.2267,-1.7000,0.015047,120,0
-0.1700,-1.7000,0.008489,1,1
-0.1133,-1.7000,0.003784,1,1
-0.0567,-1.7000,0.000954,1,1
0.0000,-1.7000,0.000010,1,1
0.0567,-1.7000,0.000954,1,1
0.1133,-1.7000,0.003784,1,1
0.1700,-1.7000,0.008489,1,1
0.2267,-1.7000,0.015047,120,0
0.2833,-1.7000,0.023451,120,0
0.3400,-1.7000,0.033667,120,0
0.3967,-1.7000,0.045665,120,0
0.4533,-1.7000,0.059407,120,0
0.5100,-1.7000,0.074852,120,0
0.5667,-1.7000,0.091957,120,0
0.6233,-1.7000,0.110675,120,0
0.6800,-1.7000,0.130956,120,0
0.7367,-1.7000,0.152749,120,0
0.7933,-1.7000,0.176000,120,0
0.8500,-1.7000,0.200658,120,0
0.9067,-1.7000,0.226667,120,0
0.9633,-1.7000,0.253973,120,0
1.0200,-1.7000,0.282524,120,0
1.0767,-1.7000,0.312265,120,0
1.1333,-1.7000,0.343146,120,0
1.1900,-1.7000,0.375114,120,0
1.2467,-1.7000,0.408122,120,0
1.3033,-1.7000,0.442120,120,0
1.3600,-1.7000,0.477062,120,0
1.4167,-1.7000,0.512904,120,0
1.4733,-1.7000,0.549602,120,0
1.5300,-1.7000,0.587116,120,0
1.5867,-1.7000,0.625406,120,0
1.6433,-1.7000,0.664433,120,0
1.7000,-1.7000,0.704163,120,0
-1.7000,-1.6433,0.664433,120,0
-1.6433,-1.6433,0.624024,120,0
-1.5867,-1.6433,0.584306,120,0
-1.5300,-1.6433,0.545316,120,0
-1.4733,-1.6433,0.507092,120,0
-1.4167,-1.6433,0.469675,120,0
-1.3600,-1.6433,0.433107,120,0
-1.3033,-1.6433,0.397432,120,0
-1.2467,-1.6433,0.362698,120,0
-1.1900,-1.6433,0.328952,120,0
-1.1333,-1.6433,0.296244,120,0
-1.0767,-1.6433,0.264626,120,0
-1.0200,-1.6433,0.234152,120,0
-0.9633,-1.6433,0.204877,120,0
-0.9067,-1.6433,0.176856,120,0
-0.8500,-1.6433,0.150147,120,0
-0.7933,-1.6433,0.124807,120,0
-0.7367,-1.6433,0.100895,120,0
-0.6800,-1.6433,0.078467,120,0
-0.6233,-1.6433,0.057581,120,0
-0.5667,-1.6433,0.038291,120,0
-0.5100,-1.6433,0.020654,120,0
-0.4533,-1.6433,0.004726,1,1
-0.3967,-1.6433,0.000000,1,1
-0.3400,-1.6433,0.000000,1,1
-0.2833,-1.6433,0.000000,1,1
-0.2267,-1.6433,0.000000,1,1
-0.1700,-1.6433,0.000000,1,1
-0.1133,-1.6433,0.000000,1,1
-0.0567,-1.6433,0.000000,1,1
0.0000,-1.6433,0.000000,1,1
0.0567,-1.6433,0.000000,1,1
0.1133,-1.6433,0.000000,1,1
0.1700,-1.6433,0.000000,1,1
0.2267,-1.6433,0.000000,1,1
0.2833,-1.6433,0.000000,1,1
0.3400,-1.6433,0.000000,1,1
0.3967,-1.6433,0.000000,1,1
0.4533,-1.6433,0.004726,1,1
0.5100,-1.6433,0.020654,120,0
0.5667,-1.6433,0.038291,120,0
0.6233,-1.6433,0.057581,120,0
0.6800,-1.6433,0.078467,120,0
0.7367,-1.6433,0.100895,120,0
0.7933,-1.6433,0.124807,120,0
0.8500,-1.6433,0.150147,120,0
0.9067,-1.6433,0.176856,120,0
0.9633,-1.6433,0.204877,120,0
1.0200,-1.6433,0.234152,120,0
1.0767,-1.6433,0.264626,120,0
1.1333,-1.6433,0.296244,120,0
1.1900,-1.6433,0.328952,120,0
1.2467,-1.6433,0.362698,120,0
1.3033,-1.6433,0.397432,120,0
1.3600,-1.6433,0.433107,120,0
1.4167,-1.6433,0.469675,120,0
1.4733,-1.6433,0.507092,120,0
1.5300,-1.6433,0.545316,120,0
1.5867,-1.6433,0.584306,120,0
1.6433,-1.6433,0.624024,120,0
1.7000,-1.6433,0.664433,120,0
-1.7000,-1.5867,0.625406,120,0
-1.6433,-1.5867,0.584306,120,0
-1.5867,-1.5867,0.543886,120,0
-1.5300,-1.5867,0.504180,120,0
-1.4733,-1.5867,0.465230,120,0
-1.4167,-1.5867,0.427077,120,0
-1.3600,-1.5867,0.389763,120,0
-1.3033,-1.5867,0.353336,120,0
-1.2467,-1.5867,0.317843,120,0
-1.1900,-1.5867,0.283333,120,0
-1.1333,-1.5867,0.249860,120,0
-1.0767,-1.5867,0.217478,120,0
-1.0200,-1.5867,0.186243,120,0
-0.9633,-1.5867,0.156212,120,0
-0.9067,-1.5867,0.127445,120,0
-0.8500,-1.5867,0.100003,120,0
-0.7933,-1.5867,0.073947,120,0
-0.7367,-1.5867,0.049340,120,0
-0.6800,-1.5867,0.026243,120,0
-0.6233,-1.5867,0.004726,1,1
-0.5667,-1.5867,0.000000,1,1
-0.5100,-1.5867,0.000000,1,1
-0.4533,-1.5867,0.000000,1,1
-0.3967,-1.5867,0.000000,1,1
-0.3400,-1.5867,0.000000,1,1
-0.2833,-1.5867,0.000000,1,1
-0.2267,-1.5867,0.000000,1,1
-0.1700,-1.5867,0.000000,1,1
-0.1133,-1.5867,0.000000,1,1
-0.0567,-1.5867,0.000000,1,1
0.0000,-1.5867,0.000000,1,1
0.0567,-1.5867,0.000000,1,1
0.1133,-1.5867,0.000000,1,1
0.1700,-1.5867,0.000000,1,1
0.2267,-1.5867,0.000000,1,1
0.2833,-1.5867,0.000000,1,1
0.3400,-1.5867,0.000000,1,1
0.3967,-1.5867,0.000000,1,1
0.4533,-1.5867,0.000000,1,1
0.5100,-1.5867,0.000000,1,1
0.5667,-1.5867,0.000000,1,1
0.6233,-1.5867,0.004726,1,1
0.6800,-1.5867,0.026243,120,0
0.7367,-1.5867,0.049340,120,0
0.7933,-1.5867,0.073947,120,0
0.8500,-1.5867,0.100003,120,0
0.9067,-1.5867,0.127445,120,0
0.9633,-1.5867,0.156212,120,0
1.0200,-1.5867,0.186243,120,0
1.0767,-1.5867,0.217478,120,0
1.1333,-1.5867,0.249860,120,0
1.1900,-1.5867,0.283333,120,0
1.2467,-1.5867,0.317843,120,0
1.3033,-1.5867,0.353336,120,0
1.3600,-1.5867,0.389763,120,0
1.4167,-1.5867,0.427077,120,0
1.4733,-1.5867,0.465230,120,0
1.5300,-1.5867,0.504180,120,0
1.5867,-1.5867,0.543886,120,0
1.6433,-1.5867,0.584306,120,0
1.7000,-1.5867,0.625406,120,0
-1.7000,-1.5300,0.587116,120,0
-1.6433,-1.5300,0.545316,120,0
-1.5867,-1.5300,0.504180,120,0
-1.5300,-1.5300,0.463747,120,0
-1.4733,-1.5300,0.424055,120,0
-1.4167,-1.5300,0.385149,120,0
-1.3600,-1.5300,0.347071,120,0
-1.3033,-1.5300,0.309870,120,0
-1.2467,-1.5300,0.273595,120,0
-1.1900,-1.5300,0.238298,120,0
-1.1333,-1.5300,0.204034,120,0
-1.0767,-1.5300,0.170858,120,0
-1.0200,-1.5300,0.138831,120,0
-0.9633,-1.5300,0.108013,120,0
-0.9067,-1.5300,0.078467,120,0
-0.8500,-1.5300,0.050257,120,0
-0.7933,-1.5300,0.023451,120,0
-0.7367,-1.5300,0.000000,1,1
-0.6800,-1.5300,0.000000,1,1
-0.6233,-1.5300,0.000000,1,1
-0.5667,-1.5300,0.000000,1,1
-0.5100,-1.5300,0.000000,1,1
-0.4533,-1.5300,0.000000,1,1
-0.3967,-1.5300,0.000000,1,1
-0.3400,-1.5300,0.000000,1,1
-0.2833,-1.5300,0.000000,1,1
-0.2267,-1.5300,0.000000,1,1
-0.1700,-1.5300,0.000000,1,1
-0.1133,-1.5300,0.000000,1,1
-0.0567,-1.5300,0.000000,1,1
0.0000,-1.5300,0.000000,1,1
0.0567,-1.5300,0.000000,1,1
0.1133,-1.5300,0.000000,1,1
0.1700,-1.5300,0.000000,1,1
0.2267,-1.5300,0.000000,1,1
0.2833,-1.5300,0.000000,1,1
0.3400,-1.5300,0.000000,1,1
0.3967,-1.5300,0.000000,1,1
0.4533,-1.5300,0.000000,1,1
0.5100,-1.5300,0.000000,1,1
0.5667,-1.5300,0.000000,1,1
0.6233,-1.5300,0.000000,1,1
0.6800,-1.5300,0.000000,1,1
0.7367,-1.5300,0.000000,1,1
0.7933,-1.5300,0.023451,120,0
0.8500,-1.5300,0.050257,120,0
0.9067,-1.5300,0.078467,120,0
0.9633,-1.5300,0.108013,120,0
1.0200,-1.5300,0.138831,120,0
1.0767,-1.5300,0.170858,120,0
1.1333,-1.5300,0.204034,120,0
1.1900,-1.5300,0.238298,120,0
1.2467,-1.5300,0.273595,120,0
1.3033,-1.5300,0.309870,120,0
1.3600,-1.5300,0.347071,120,0
1.4167,-1.5300,0.385149,120,0
1.4733,-1.5300,0.424055,120,0
1.5300,-1.5300,0.463747,120,0
1.5867,-1.5300,0.504180,120,0
1.6433,-1.5300,0.545316,120,0
1.7000,-1.5300,0.587116,120,0
-1.7000,-1.4733,0.549602,120,0
-1.6433,-1.4733,0.507092,120,0
-1.5867,-1.4733,0.465230,120,0
-1.5300,-1.4733,0.424055,120,0
-1.4733,-1.4733,0.383608,120,0
-1.4167,-1.4733,0.343931,120,0
-1.3600,-1.4733,0.305071,120,0
-1.3033,-1.4733,0.267076,120,0
-1.2467,-1.4733,0.229997,120,0
-1.1900,-1.4733,0.193888,120,0
-1.1333,-1.4733,0.158805,120,0
-1.0767,-1.4733,0.124807,120,0
-1.0200,-1.4733,0.091957,120,0
-0.9633,-1.4733,0.060319,120,0
-0.9067,-1.4733,0.029959,120,0
-0.8500,-1.4733,0.000954,1,1
-0.7933,-1.4733,0.000000,1,1
-0.7367,-1.4733,0.000000,1,1
-0.6800,-1.4733,0.000000,1,1
-0.6233,-1.4733,0.000000,1,1
-0.5667,-1.4733,0.000000,1,1
-0.5100,-1.4733,0.000000,1,1
-0.4533,-1.4733,0.000000,1,1
-0.3967,-1.4733,0.000000,1,1
-0.3400,-1.4733,0.000000,1,1
-0.2833,-1.4733,0.000000,1,1
-0.2267,-1.4733,0.000000,1,1
-0.1700,-1.4733,0.000000,1,1
-0.1133,-1.4733,0.000000,1,1
-0.0567,-1.4733,0.000000,1,1
0.0000,-1.4733,0.000000,1,1
0.0567,-1.4733,0.000000,1,1
0.1133,-1.4733,0.000000,1,1
0.1700,-1.4733,0.000000,1,1
0.2267,-1.4733,0.000000,1,1
0.2833,-1.4733,0.000000,1,1
0.3400,-1.4733,0.000000,1,1
0.3967,-1.4733,0.000000,1,1
0.4533,-1.4733,0.000000,1,1
0.5100,-1.4733,0.000000,1,1
0.5667,-1.4733,0.000000,1,1
0.6233,-1.4733,0.000000,1,1
0.6800,-1.4733,0.000000,1,1
0.7367,-1.4733,0.000000,1,1
0.7933,-1.4733,0.000000,1,1
0.8500,-1.4733,0.000954,1,1
0.9067,-1.4733,0.029959,120,0
0.9633,-1.4733,0.060319,120,0
1.0200,-1.4733,0.091957,120,0
1.0767,-1.4733,0.124807,120,0
1.1333,-1.4733,0.158805,120,0
1.1900,-1.4733,0.193888,120,0
1.2467,-1.4733,0.229997,120,0
1.3033,-1.4733,0.267076,120,0
1.3600,-1.4733,0.305071,120,0
1.4167,-1.4733,0.343931,120,0
1.4733,-1.4733,0.383608,120,0
1.5300,-1.4733,0.424055,120,0
1.5867,-1.4733,0.465230,120,0
1.6433,-1.4733,0.507092,120,0
1.7000,-1.4733,0.549602,120,0
-1.7000,-1.4167,0.512904,120,0
-1.6433,-1.4167,0.469675,120,0
-1.5867,-1.4167,0.427077,120,0
-1.5300,-1.4167,0.385149,120,0
-1.4733,-1.4167,0.343931,120,0
-1.4167,-1.4167,0.303469,120,0
-1.3600,-1.4167,0.263809,120,0
-1.3033,-1.4167,0.224999,120,0
-1.2467,-1.4167,0.187094,120,0
-1.1900,-1.4167,0.150147,120,0
-1.1333,-1.4167,0.114219,120,0
-1.0767,-1.4167,0.079369,120,0
-1.0200,-1.4167,0.045665,120,0
-0.9633,-1.4167,0.013174,120,0
-0.9067,-1.4167,0.000000,1,1
-0.8500,-1.4167,0.000000,1,1
-0.7933,-1.4167,0.000000,1,1
-0.7367,-1.4167,0.000000,1,1
-0.6800,-1.4167,0.000000,1,1
-0.6233,-1.4167,0.000000,1,1
-0.5667,-1.4167,0.000000,1,1
-0.5100,-1.4167,0.000000,1,1
-0.4533,-1.4167,0.000000,1,1
-0.3967,-1.4167,0.000000,1,1
-0.3400,-1.4167,0.000000,1,1
-0.2833,-1.4167,0.000000,1,1
-0.2267,-1.4167,0.000000,1,1
-0.1700,-1.4167,0.000000,1,1
-0.1133,-1.4167,0.000000,1,1
-0.0567,-1.4167,0.000000,1,1
0.0000,-1.4167,0.000000,1,1
0.0567,-1.4167,0.000000,1,1
0.1133,-1.4167,0.000000,1,1
0.1700,-1.4167,0.000000,1,1
0.2267,-1.4167,0.000000,1,1
0.2833,-1.4167,0.000000,1,1
0.3400,-1.4167,0.000000,1,1
0.3967,-1.4167,0.000000,1,1
0.4533,-1.4167,0.000000,1,1
0.5100,-1.4167,0.000000,1,1
0.5667,-1.4167,0.000000,1,1
0.6233,-1.4167,0.000000,1,1
0.6800,-1.4167,0.000000,1,1
0.7367,-1.4167,0.000000,1,1
0.7933,-1.4167,0.000000,1,1
0.8500,-1.4167,0.000000,1,1
0.9067,-1.4167,0.000000,1,1
0.9633,-1.4167,0.013174,120,0
1.0200,-1.4167,0.045665,120,0
1.0767,-1.4167,0.079369,120,0
1.1333,-1.4167,0.114219,120,0
1.1900,-1.4167,0.150147,120,0
1.2467,-1.4167,0.187094,120,0
1.3033,-1.4167,0.224999,120,0
1.3600,-1.4167,0.263809,120,0
1.4167,-1.4167,0.303469,120,0
1.4733,-1.4167,0.343931,120,0
1.5300,-1.4167,0.385149,120,0
1.5867,-1.4167,0.427077,120,0
1.6433,-1.4167,0.469675,120,0
1.7000,-1.4167,0.512904,120,0
-1.7000,-1.3600,0.477062,120,0
-1.6433,-1.3600,0.433107,120,0
-1.5867,-1.3600,0.389763,120,0
-1.5300,-1.3600,0.347071,120,0
-1.4733,-1.3600,0.305071,120,0
-1.4167,-1.3600,0.263809,120,0
-1.3600,-1.3600,0.223330,120,0
-1.3033,-1.3600,0.183687,120,0
-1.2467,-1.3600,0.144933,120,0
-1.1900,-1.3600,0.107125,120,0
-1.1333,-1.3600,0.070323,120,0
-1.0767,-1.3600,0.034593,120,0
-1.0200,-1.3600,0.000010,1,1
-0.9633,-1.3600,0.000000,1,1
-0.9067,-1.3600,0.000000,1,1
-0.8500,-1.3600,0.000000,1,1
-0.7933,-1.3600,0.000000,1,1
-0.7367,-1.3600,0.000000,1,1
-0.6800,-1.3600,0.000000,1,1
-0.6233,-1.3600,0.000000,1,1
-0.5667,-1.3600,0.000000,1,1
-0.5100,-1.3600,0.000000,1,1
-0.4533,-1.3600,0.000000,1,1
-0.3967,-1.3600,0.000000,1,1
-0.3400,-1.3600,0.000000,1,1
-0.2833,-1.3600,0.000000,1,1
-0.2267,-1.3600,0.000000,1,1
-0.1700,-1.3600,0.000000,1,1
-0.1133,-1.3600,0.000000,1,1
-0.0567,-1.3600,0.000000,1,1
0.0000,-1.3600,0.000000,1,1
0.0567,-1.3600,0.000000,1,1
0.1133,-1.3600,0.000000,1,1
0.1700,-1.3600,0.000000,1,1
0.2267,-1.3600,0.000000,1,1
0.2833,-1.3600,0.000000,1,1
0.3400,-1.3600,0.000000,1,1
0.3967,-1.3600,0.000000,1,1
0.4533,-1.3600,0.000000,1,1
0.5100,-1.3600,0.000000,1,1
0.5667,-1.3600,0.000000,1,1
0.6233,-1.3600,0.000000,1,1
0.6800,-1.3600,0.000000,1,1
0.7367,-1.3600,0.000000,1,1
0.7933,-1.3600,0.000000,1,1
0.8500,-1.3600,0.000000,1,1
0.9067,-1.3600,0.000000,1,1
0.9633,-1.3600,0.000000,1,1
1.0200,-1.3600,0.000010,1,1
1.0767,-1.3600,0.034593,120,0
1.1333,-1.3600,0.070323,120,0
1.1900,-1.3600,0.107125,120,0
1.2467,-1.3600,0.144933,120,0
1.3033,-1.3600,0.183687,120,0
1.3600,-1.3600,0.223330,120,0
1.4167,-1.3600,0.263809,120,0
1.4733,-1.3600,0.305071,120,0
1.5300,-1.3600,0.347071,120,0
1.5867,-1.3600,0.389763,120,0
1.6433,-1.3600,0.433107,120,0
1.7000,-1.3600,0.477062,120,0
-1.7000,-1.3033,0.442120,120,0
-1.6433,-1.3033,0.397432,120,0
-1.5867,-1.3033,0.353336,120,0
-1.5300,-1.3033,0.309870,120,0
-1.4733,-1.3033,0.267076,120,0
-1.4167,-1.3033,0.224999,120,0
-1.3600,-1.3033,0.183687,120,0
-1.3033,-1.3033,0.143192,120,0
-1.2467,-1.3033,0.103567,120,0
-1.1900,-1.3033,0.064873,120,0
-1.1333,-1.3033,0.027173,120,0
-1.0767,-1.3033,0.000000,1,1
-1.0200,-1.3033,0.000000,1,1
-0.9633,-1.3033,0.000000,1,1
-0.9067,-1.3033,0.000000,1,1
-0.8500,-1.3033,0.000000,1,1
-0.7933,-1.3033,0.000000,1,1
-0.7367,-1.3033,0.000000,1,1
-0.6800,-1.3033,0.000000,1,1
-0.6233,-1.3033,0.000000,1,1
-0.5667,-1.3033,0.000000,1,1
-0.5100,-1.3033,0.000000,1,1
-0.4533,-1.3033,0.000000,1,1
-0.3967,-1.3033,0.000000,1,1
-0.3400,-1.3033,0.000000,1,1
-0.2833,-1.3033,0.000000,1,1
-0.2267,-1.3033,0.000000,1,1
-0.1700,-1.3033,0.000000,1,1
-0.1133,-1.3033,0.000000,1,1
-0.0567,-1.3033,0.000000,1,1
0.0000,-1.3033,0.000000,1,1
0.0567,-1.3033,0.000000,1,1
0.1133,-1.3033,0.000000,1,1
0.1700,-1.3033,0.000000,1,1
0.2267,-1.3033,0.000000,1,1
0.2833,-1.3033,0.000000,1,1
0.3400,-1.3033,0.000000,1,1
0.3967,-1.3033,0.000000,1,1
0.4533,-1.3033,0.000000,1,1
0.5100,-1.3033,0.000000,1,1
0.5667,-1.3033,0.000000,1,1
0.6233,-1.3033,0.000000,1,1
0.6800,-1.3033,0.000000,1,1
0.7367,-1.3033,0.000000,1,1
0.7933,-1.3033,0.000000,1,1
0.8500,-1.3033,0.000000,1,1
0.9067,-1.3033,0.000000,1,1
0.9633,-1.3033,0.000000,1,1
1.0200,-1.3033,0.000000,1,1
1.0767,-1.3033,0.000000,1,1
1.1333,-1.3033,0.027173,120,0
1.1900,-1.3033,0.064873,120,0
1.2467,-1.3033,0.103567,120,0
1.3033,-1.3033,0.143192,120,0
1.3600,-1.3033,0.183687,120,0
1.4167,-1.3033,0.224999,120,0
1.4733,-1.3033,0.267076,120,0
1.5300,-1.3033,0.309870,120,0
1.5867,-1.3033,0.353336,120,0
1.6433,-1.3033,0.397432,120,0
1.7000,-1.3033,0.442120,120,0
-1.7000,-1.2467,0.408122,120,0
-1.6433,-1.2467,0.362698,120,0
-1.5867,-1.2467,0.317843,120,0
-1.5300,-1.2467,0.273595,120,0
-1.4733,-1.2467,0.229997,120,0
-1.4167,-1.2467,0.187094,120,0
-1.3600,-1.2467,0.144933,120,0
-1.3033,-1.2467,0.103567,120,0
-1.2467,-1.2467,0.063053,120,0
-1.1900,-1.2467,0.023451,120,0
-1.1333,-1.2467,0.000000,1,1
-1.0767,-1.2467,0.000000,1,1
-1.0200,-1.2467,0.000000,1,1
-0.9633,-1.2467,0.000000,1,1
-0.9067,-1.2467,0.000000,1,1
-0.8500,-1.2467,0.000000,1,1
-0.7933,-1.2467,0.000000,1,1
-0.7367,-1.2467,0.000000,1,1
-0.6800,-1.2467,0.000000,1,1
-0.6233,-1.2467,0.000000,1,1
-0.5667,-1.2467,0.000000,1,1
-0.5100,-1.2467,0.000000,1,1
-0.4533,-1.2467,0.000000,1,1
-0.3967,-1.2467,0.000000,1,1
-0.3400,-1.2467,0.000000,1,1
-0.2833,-1.2467,0.000000,1,1
-0.2267,-1.2467,0.000000,1,1
-0.1700,-1.2467,0.000000,1,1
-0.1133,-1.2467,0.000000,1,1
-0.0567,-1.2467,0.000000,1,1
0.0000,-1.2467,0.000000,1,1
0.0567,-1.2467,0.000000,1,1
0.1133,-1.2467,0.000000,1,1
0.1700,-1.2467,0.000000,1,1
0.2267,-1.2467,0.000000,1,1
0.2833,-1.2467,0.000000,1,1
0.3400,-1.2467,0.000000,1,1
0.3967,-1.2467,0.000000,1,1
0.4533,-1.2467,0.000000,1,1
0.5100,-1.2467,0.000000,1,1
0.5667,-1.2467,0.000000,1,1
0.6233,-1.2467,0.000000,1,1
0.6800,-1.2467,0.000000,1,1
0.7367,-1.2467,0.000000,1,1
0.7933,-1.2467,0.000000,1,1
0.8500,-1.2467,0.000000,1,1
0.9067,-1.2467,0.000000,1,1
0.9633,-1.2467,0.000000,1,1
1.0200,-1.2467,0.000000,1,1
1.0767,-1.2467,0.000000,1,1
1.1333,-1.2467,0.000000,1,1
1.1900,-1.2467,0.023451,120,0
1.2467,-1.2467,0.063053,120,0
1.3033,-1.2467,0.103567,120,0
1.3600,-1.2467,0.144933,120,0
1.4167,-1.2467,0.187094,120,0
1.4733,-1.2467,0.229997,120,0
1.5300,-1.2467,0.273595,120,0
1.5867,-1.2467,0.317843,120,0
1.6433,-1.2467,0.362698,120,0
1.7000,-1.2467,0.408122,120,0
-1.7000,-1.1900,0.375114,120,0
-1.6433,-1.1900,0.328952,120,0
-1.5867,-1.1900,0.283333,120,0
-1.5300,-1.1900,0.238298,120,0
-1.4733,-1.1900,0.193888,120,0
-1.4167,-1.1900,0.150147,120,0
-1.3600,-1.1900,0.107125,120,0
-1.3033,-1.1900,0.064873,120,0
-1.2467,-1.1900,0.023451,120,0
-1.1900,-1.1900,0.000000,1,1
-1.1333,-1.1900,0.000000,1,1
-1.0767,-1.1900,0.000000,1,1
-1.0200,-1.1900,0.000000,1,1
-0.9633,-1.1900,0.000000,1,1
-0.9067,-1.1900,0.000000,1,1
-0.8500,-1.1900,0.000000,1,1
-0.7933,-1.1900,0.000000,1,1
-0.7367,-1.1900,0.000000,1,1
-0.6800,-1.1900,0.000000,1,1
-0.6233,-1.1900,0.000000,1,1
-0.5667,-1.1900,0.000000,1,1
-0.5100,-1.1900,0.000000,1,1
-0.4533,-1.1900,0.000000,1,1
-0.3967,-1.1900,0.000000,1,1
-0.3400,-1.1900,0.000000,1,1
-0.2833,-1.1900,0.000000,1,1
-0.2267,-1.1900,0.000000,1,1
-0.1700,-1.1900,0.000000,1,1
-0.1133,-1.1900,0.000000,1,1
-0.0567,-1.1900,0.000000,1,1
0.0000,-1.1900,0.000000,1,1
0.0567,-1.1900,0.000000,1,1
0.1133,-1.1900,0.000000,1,1
0.1700,-1.1900,0.000000,1,1
0.2267,-1.1900,0.000000,1,1
0.2833,-1.1900,0.000000,1,1
0.3400,-1.1900,0.000000,1,1
0.3967,-1.1900,0.000000,1,1
0.4533,-1.1900,0.000000,1,1
0.5100,-1.1900,0.000000,1,1
0.5667,-1.1900,0.000000,1,1
0.6233,-1.1900,0.000000,1,1
0.6800,-1.1900,0.000000,1,1
0.7367,-1.1900,0.000000,1,1
0.7933,-1.1900,0.000000,1,1
0.8500,-1.1900,0.000000,1,1
0.9067,-1.1900,0.000000,1,1
0.9633,-1.1900,0.000000,1,1
1.0200,-1.1900,0.000000,1,1
1.0767,-1.1900,0.000000,1,1
1.1333,-1.1900,0.000000,1,1
1.1900,-1.1900,0.000000,1,1
1.2467,-1.1900,0.023451,120,0
1.3033,-1.1900,0.064873,120,0
1.3600,-1.1900,0.107125,120,0
1.4167,-1.1900,0.150147,120,0
1.4733,-1.1900,0.193888,120,0
1.5300,-1.1900,0.238298,120,0
1.5867,-1.1900,0.283333,120,0
1.6433,-1.1900,0.328952,120,0
1.7000,-1.1900,0.375114,120,0
-1.7000,-1.1333,0.343146,120,0
-1.6433,-1.1333,0.296244,120,0
-1.5867,-1.1333,0.249860,120,0
-1.5300,-1.1333,0.204034,120,0
-1.4733,-1.1333,0.158805,120,0
-1.4167,-1.1333,0.114219,120,0
-1.3600,-1.1333,0.070323,120,0
-1.3033,-1.1333,0.027173,120,0
-1.2467,-1.1333,0.000000,1,1
-1.1900,-1.1333,0.000000,1,1
-1.1333,-1.1333,0.000000,1,1
-1.0767,-1.1333,0.000000,1,1
-1.0200,-1.1333,0.000000,1,1
-0.9633,-1.1333,0.000000,1,1
-0.9067,-1.1333,0.000000,1,1
-0.8500,-1.1333,0.000000,1,1
-0.7933,-1.1333,0.000000,1,1
-0.7367,-1.1333,0.000000,1,1
-0.6800,-1.1333,0.000000,1,1
-0.6233,-1.1333,0.000000,1,1
-0.5667,-1.1333,0.000000,1,1
-0.5100,-1.1333,0.000000,1,1
-0.4533,-1.1333,0.000000,1,1
-0.3967,-1.1333,0.000000,1,1
-0.3400,-1.1333,0.000000,1,1
-0.2833,-1.1333,0.000000,1,1
-0.2267,-1.1333,0.000000,1,1
-0.1700,-1.1333,0.000000,1,1
-0.1133,-1.1333,0.000000,1,1
-0.0567,-1.1333,0.000000,1,1
0.0000,-1.1333,0.000000,1,1
0.0567,-1.1333,0.000000,1,1
0.1133,-1.1333,0.000000,1,1
0.1700,-1.1333,0.000000,1,1
0.2267,-1.1333,0.000000,1,1
0.2833,-1.1333,0.000000,1,1
0.3400,-1.1333,0.000000,1,1
0.3967,-1.1333,0.000000,1,1
0.4533,-1.1333,0.000000,1,1
0.5100,-1.1333,0.000000,1,1
0.5667,-1.1333,0.000000,1,1
0.6233,-1.1333,0.000000,1,1
0.6800,-1.1333,0.000000,1,1
0.7367,-1.1333,0.000000,1,1
0.7933,-1.1333,0.000000,1,1
0.8500,-1.1333,0.000000,1,1
0.9067,-1.1333,0.000000,1,1
0.9633,-1.1333,0.000000,1,1
1.0200,-1.1333,0.000000,1,1
1.0767,-1.1333,0.000000,1,1
1.1333,-1.1333,0.000000,1,1
1.1900,-1.1333,0.000000,1,1
1.2467,-1.1333,0.000000,1,1
1.3033,-1.1333,0.027173,120,0
1.3600,-1.1333,0.070323,120,0
1.4167,-1.1333,0.114219,120,0
1.4733,-1.1333,0.158805,120,0
1.5300,-1.1333,0.204034,120,0
1.5867,-1.1333,0.249860,120,0
1.6433,-1.1333,0.296244,120,0
1.7000,-1.1333,0.343146,120,0
-1.7000,-1.0767,0.312265,120,0
-1.6433,-1.0767,0.264626,120,0
-1.5867,-1.0767,0.217478,120,0
-1.5300,-1.0767,0.170858,120,0
-1.4733,-1.0767,0.124807,120,0
-1.4167,-1.0767,0.079369,120,0
-1.3600,-1.0767,0.034593,120,0
-1.3033,-1.0767,0.000000,1,1
-1.2467,-1.0767,0.000000,1,1
-1.1900,-1.0767,0.000000,1,1
-1.1333,-1.0767,0.000000,1,1
-1.0767,-1.0767,0.000000,1,1
-1.0200,-1.0767,0.000000,1,1
-0.9633,-1.0767,0.000000,1,1
-0.9067,-1.0767,0.000000,1,1
-0.8500,-1.0767,0.000000,1,1
-0.7933,-1.0767,0.000000,1,1
-0.7367,-1.0767,0.000000,1,1
-0.6800,-1.0767,0.000000,1,1
-0.6233,-1.0767,0.000000,1,1
-0.5667,-1.0767,0.000000,1,1
-0.5100,-1.0767,0.000000,1,1
-0.4533,-1.0767,0.000000,1,1
-0.3967,-1.0767,0.000000,1,1
-0.3400,-1.0767,0.000000,1,1
-0.2833,-1.0767,0.000000,1,1
-0.2267,-1.0767,0.000000,1,1
-0.1700,-1.0767,0.000000,1,1
-0.1133,-1.0767,0.000000,1,1
-0.0567,-1.0767,0.000000,1,1
0.0000,-1.0767,0.000000,1,1
0.0567,-1.0767,0.000000,1,1
0.1133,-1.0767,0.000000,1,1
0.1700,-1.0767,0.000000,1,1
0.2267,-1.0767,0.000000,1,1
0.2833,-1.0767,0.000000,1,1
0.3400,-1.0767,0.000000,1,1
0.3967,-1.0767,0.000000,1,1
0.4533,-1.0767,0.000000,1,1
0.5100,-1.0767,0.000000,1,1
0.5667,-1.0767,0.000000,1,1
0.6233,-1.0767,0.000000,1,1
0.6800,-1.0767,0.000000,1,1
0.7367,-1.0767,0.000000,1,1
0.7933,-1.0767,0.000000,1,1
0.8500,-1.0767,0.000000,1,1
0.9067,-1.0767,0.000000,1,1
0.9633,-1.0767,0.000000,1,1
1.0200,-1.0767,0.000000,1,1
1.0767,-1.0767,0.000000,1,1
1.1333,-1.0767,0.000000,1,1
1.1900,-1.0767,0.000000,1,1
1.2467,-1.0767,0.000000,1,1
1.3033,-1.0767,0.000000,1,1
1.3600,-1.0767,0.034593,120,0
1.4167,-1.0767,0.079369,120,0
1.4733,-1.0767,0.124807,120,0
1.5300,-1.0767,0.170858,120,0
1.5867,-1.0767,0.217478,120,0
1.6433,-1.0767,0.264626,120,0
1.7000,-1.0767,0.312265,120,0
-1.7000,-1.0200,0.282524,120,0
-1.6433,-1.0200,0.234152,120,0
-1.5867,-1.0200,0.186243,120,0
-1.5300,-1.0200,0.138831,120,0
-1.4733,-1.0200,0.091957,120,0
-1.4167,-1.0200,0.045665,120,0
-1.3600,-1.0200,0.000010,1,1
-1.3033,-1.0200,0.000000,1,1
-1.2467,-1.0200,0.000000,1,1
-1.1900,-1.0200,0.000000,1,1
-1.1333,-1.0200,0.000000,1,1
-1.0767,-1.0200,0.000000,1,1
-1.0200,-1.0200,0.000000,1,1
-0.9633,-1.0200,0.000000,1,1
-0.9067,-1.0200,0.000000,1,1
-0.8500,-1.0200,0.000000,1,1
-0.7933,-1.0200,0.000000,1,1
-0.7367,-1.0200,0.000000,1,1
-0.6800,-1.0200,0.000000,1,1
-0.6233,-1.0200,0.000000,1,1
-0.5667,-1.0200,0.000000,1,1
-0.5100,-1.0200,0.000000,1,1
-0.4533,-1.0200,0.000000,1,1
-0.3967,-1.0200,0.000000,1,1
-0.3400,-1.0200,0.000000,1,1
-0.2833,-1.0200,0.000000,1,1
-0.2267,-1.0200,0.000000,1,1
-0.1700,-1.0200,0.000000,1,1
-0.1133,-1.0200,0.000000,1,1
-0.0567,-1.0200,0.000000,1,1
0.0000,-1.0200,0.000000,1,1
0.0567,-1.0200,0.000000,1,1
0.1133,-1.0200,0.000000,1,1
0.1700,-1.0200,0.000000,1,1
0.2267,-1.0200,0.000000,1,1
0.2833,-1.0200,0.000000,1,1
0.3400,-1.0200,0.000000,1,1
0.3967,-1.0200,0.000000,1,1
0.4533,-1.0200,0.000000,1,1
0.5100,-1.0200,0.000000,1,1
0.5667,-1.0200,0.000000,1,1
0.6233,-1.0200,0.000000,1,1
0.6800,-1.0200,0.000000,1,1
0.7367,-1.0200,0.000000,1,1
0.7933,-1.0200,0.000000,1,1
0.8500,-1.0200,0.000000,1,1
0.9067,-1.0200,0.000000,1,1
0.9633,-1.0200,0.000000,1,1
1.0200,-1.0200,0.000000,1,1
1.0767,-1.0200,0.000000,1,1
1.1333,-1.0200,0.000000,1,1
1.1900,-1.0200,0.000000,1,1
1.2467,-1.0200,0.000000,1,1
1.3033,-1.0200,0.000000,1,1
1.3600,-1.0200,0.000010,1,1
1.4167,-1.0200,0.045665,120,0
1.4733,-1.0200,0.091957,120,0
1.5300,-1.0200,0.138831,120,0
1.5867,-1.0200,0.186243,120,0
1.6433,-1.0200,0.234152,120,0
1.7000,-1.0200,0.282524,120,0
-1.7000,-0.9633,0.253973,120,0
-1.6433,-0.9633,0.204877,120,0
-1.5867,-0.9633,0.156212,120,0
-1.5300,-0.9633,0.108013,120,0
-1.4733,-0.9633,0.060319,120,0
-1.4167,-0.9633,0.013174,120,0
-1.3600,-0.9633,0.000000,1,1
-1.3033,-0.9633,0.000000,1,1
-1.2467,-0.9633,0.000000,1,1
-1.1900,-0.9633,0.594592,120,0
-1.1333,-0.9633,0.585340,120,0
-1.0767,-0.9633,0.578536,120,0
-1.0200,-0.9633,0.574217,120,0
-0.9633,-0.9633,0.572410,120,0
-0.9067,-0.9633,0.573124,120,0
-0.8500,-0.9633,0.576357,120,0
-0.7933,-0.9633,0.582089,120,0
-0.7367,-0.9633,0.590286,120,0
-0.6800,-0.9633,0.000000,1,1
-0.6233,-0.9633,0.000000,1,1
-0.5667,-0.9633,0.000000,1,1
-0.5100,-0.9633,0.000000,1,1
-0.4533,-0.9633,0.000000,1,1
-0.3967,-0.9633,0.000000,1,1
-0.3400,-0.9633,0.000000,1,1
-0.2833,-0.9633,0.000000,1,1
-0.2267,-0.9633,0.000000,1,1
-0.1700,-0.9633,0.000000,1,1
-0.1133,-0.9633,0.000000,1,1
-0.0567,-0.9633,0.000000,1,1
0.0000,-0.9633,0.000000,1,1
0.0567,-0.9633,0.000000,1,1
0.1133,-0.9633,0.000000,1,1
0.1700,-0.9633,0.000000,1,1
0.2267,-0.9633,0.000000,1,1
0.2833,-0.9633,0.000000,1,1
0.3400,-0.9633,0.000000,1,1
0.3967,-0.9633,0.000000,1,1
0.4533,-0.9633,0.000000,1,1
0.5100,-0.9633,0.000000,1,1
0.5667,-0.9633,0.000000,1,1
0.6233,-0.9633,0.000000,1,1
0.6800,-0.9633,0.000000,1,1
0.7367,-0.9633,0.000000,1,1
0.7933,-0.9633,0.000000,1,1
0.8500,-0.9633,0.000000,1,1
0.9067,-0.9633,0.000000,1,1
0.9633,-0.9633,0.000000,1,1
1.0200,-0.9633,0.000000,1,1
1.0767,-0.9633,0.000000,1,1
1.1333,-0.9633,0.000000,1,1
1.1900,-0.9633,0.000000,1,1
1.2467,-0.9633,0.000000,1,1
1.3033,-0.9633,0.000000,1,1
1.3600,-0.9633,0.000000,1,1
1.4167,-0.9633,0.013174,120,0
1.4733,-0.9633,0.060319,120,0
1.5300,-0.9633,0.108013,120,0
1.5867,-0.9633,0.156212,120,0
1.6433,-0.9633,0.204877,120,0
1.7000,-0.9633,0.253973,120,0
-1.7000,-0.9067,0.226667,120,0
-1.6433,-0.9067,0.176856,120,0
-1.5867,-0.9067,0.127445,120,0
-1.5300,-0.9067,0.078467,120,0
-1.4733,-0.9067,0.029959,120,0
-1.4167,-0.9067,0.000000,1,1
-1.3600,-0.9067,0.000000,1,1
-1.3033,-0.9067,0.565696,120,0
-1.2467,-0.9067,0.551108,120,0
-1.1900,-0.9067,0.538943,120,0
-1.1333,-0.9067,0.529273,120,0
-1.0767,-0.9067,0.522156,120,0
-1.0200,-0.9067,0.517637,120,0
-0.9633,-0.9067,0.515746,120,0
-0.9067,-0.9067,0.516494,120,0
-0.8500,-0.9067,0.519877,120,0
-0.7933,-0.9067,0.525872,120,0
-0.7367,-0.9067,0.534443,120,0
-0.6800,-0.9067,0.545535,120,0
-0.6233,-0.9067,0.559083,120,0
-0.5667,-0.9067,0.000000,1,1
-0.5100,-0.9067,0.000000,1,1
-0.4533,-0.9067,0.000000,1,1
-0.3967,-0.9067,0.000000,1,1
-0.3400,-0.9067,0.000000,1,1
-0.2833,-0.9067,0.000000,1,1
-0.2267,-0.9067,0.000000,1,1
-0.1700,-0.9067,0.000000,1,1
-0.1133,-0.9067,0.000000,1,1
-0.0567,-0.9067,0.000000,1,1
0.0000,-0.9067,0.000000,1,1
0.0567,-0.9067,0.000000,1,1
0.1133,-0.9067,0.000000,1,1
0.1700,-0.9067,0.000000,1,1
0.2267,-0.9067,0.000000,1,1
0.2833,-0.9067,0.000000,1,1
0.3400,-0.9067,0.000000,1,1
0.3967,-0.9067,0.000000,1,1
0.4533,-0.9067,0.000000,1,1
0.5100,-0.9067,0.000000,1,1
0.5667,-0.9067,0.000000,1,1
0.6233,-0.9067,0.000000,1,1
0.6800,-0.9067,0.000000,1,1
0.7367,-0.9067,0.000000,1,1
0.7933,-0.9067,0.000000,1,1
0.8500,-0.9067,0.000000,1,1
0.9067,-0.9067,0.000000,1,1
0.9633,-0.9067,0.000000,1,1
1.0200,-0.9067,0.000000,1,1
1.0767,-0.9067,0.000000,1,1
1.1333,-0.9067,0.000000,1,1
1.1900,-0.9067,0.000000,1,1
1.2467,-0.9067,0.000000,1,1
1.3033,-0.9067,0.000000,1,1
1.3600,-0.9067,0.000000,1,1
1.4167,-0.9067,0.000000,1,1
1.4733,-0.9067,0.029959,120,0
1.5300,-0.9067,0.078467,120,0
1.5867,-0.9067,0.127445,120,0
1.6433,-0.9067,0.176856,120,0
1.7000,-0.9067,0.226667,120,0
-1.7000,-0.8500,0.200658,120,0
-1.6433,-0.8500,0.150147,120,0
-1.5867,-0.8500,0.100003,120,0
-1.5300,-0.8500,0.050257,120,0
-1.4733,-0.8500,0.000954,1,1
-1.4167,-0.8500,0.000000,1,1
-1.3600,-0.8500,0.529046,120,0
-1.3033,-0.8500,0.511371,120,0
-1.2467,-0.8500,0.496121,120,0
-1.1900,-0.8500,0.483391,120,0
-1.1333,-0.8500,0.473263,120,0
-1.0767,-0.8500,0.465804,120,0
-1.0200,-0.8500,0.461066,120,0
-0.9633,-0.8500,0.459082,120,0
-0.9067,-0.8500,0.459867,120,0
-0.8500,-0.8500,0.463414,120,0
-0.7933,-0.8500,0.469700,120,0
-0.7367,-0.8500,0.478679,120,0
-0.6800,-0.8500,0.490291,120,0
-0.6233,-0.8500,0.504460,120,0
-0.5667,-0.8500,0.521096,120,0
-0.5100,-0.8500,0.540101,120,0
-0.4533,-0.8500,0.000000,1,1
-0.3967,-0.8500,0.000000,1,1
-0.3400,-0.8500,0.000000,1,1
-0.2833,-0.8500,0.000000,1,1
-0.2267,-0.8500,0.000000,1,1
-0.1700,-0.8500,0.000000,1,1
-0.1133,-0.8500,0.000000,1,1
-0.0567,-0.8500,0.000000,1,1
0.0000,-0.8500,0.000000,1,1
0.0567,-0.8500,0.000000,1,1
0.1133,-0.8500,0.000000,1,1
0.1700,-0.8500,0.000000,1,1
0.2267,-0.8500,0.000000,1,1
0.2833,-0.8500,0.000000,1,1
0.3400,-0.8500,0.000000,1,1
0.3967,-0.8500,0.000000,1,1
0.4533,-0.8500,0.000000,1,1
0.5100,-0.8500,0.000000,1,1
0.5667,-0.8500,0.000000,1,1
0.6233,-0.8500,0.000000,1,1
0.6800,-0.8500,0.000000,1,1
0.7367,-0.8500,0.000000,1,1
0.7933,-0.8500,0.000000,1,1
0.8500,-0.8500,0.000000,1,1
0.9067,-0.8500,0.000000,1,1
0.9633,-0.8500,0.000000,1,1
1.0200,-0.8500,0.000000,1,1
1.0767,-0.8500,0.000000,1,1
1.1333,-0.8500,0.000000,1,1
1.1900,-0.8500,0.000000,1,1
1.2467,-0.8500,0.000000,1,1
1.3033,-0.8500,0.000000,1,1
1.3600,-0.8500,0.000000,1,1
1.4167,-0.8500,0.000000,1,1
1.4733,-0.8500,0.000954,1,1
1.5300,-0.8500,0.050257,120,0
1.5867,-0.8500,0.100003,120,0
1.6433,-0.8500,0.150147,120,0
1.7000,-0.8500,0.200658,120,0
-1.7000,-0.7933,0.176000,120,0
-1.6433,-0.7933,0.124807,120,0
-1.5867,-0.7933,0.073947,120,0
-1.5300,-0.7933,0.023451,120,0
-1.4733,-0.7933,0.000000,1,1
-1.4167,-0.7933,0.496649,120,0
-1.3600,-0.7933,0.475760,120,0
-1.3033,-0.7933,0.457271,120,0
-1.2467,-0.7933,0.441298,120,0
-1.1900,-0.7933,0.427950,120,0
-1.1333,-0.7933,0.417319,120,0
-1.0767,-0.7933,0.409484,120,0
-1.0200,-0.7933,0.404504,120,0
-0.9633,-0.7933,0.402419,120,0
-0.9067,-0.7933,0.403244,120,0
-0.8500,-0.7933,0.406973,120,0
-0.7933,-0.7933,0.413577,120,0
-0.7367,-0.7933,0.423005,120,0
-0.6800,-0.7933,0.435186,120,0
-0.6233,-0.7933,0.450034,120,0
-0.5667,-0.7933,0.467447,120,0
-0.5100,-0.7933,0.487311,120,0
-0.4533,-0.7933,0.509506,120,0
-0.3967,-0.7933,0.000000,1,1
-0.3400,-0.7933,0.000000,1,1
-0.2833,-0.7933,0.000000,1,1
-0.2267,-0.7933,0.000000,1,1
-0.1700,-0.7933,0.000000,1,1
-0.1133,-0.7933,0.000000,1,1
-0.0567,-0.7933,0.000000,1,1
0.0000,-0.7933,0.000000,1,1
0.0567,-0.7933,0.000000,1,1
0.1133,-0.7933,0.000000,1,1
0.1700,-0.7933,0.000000,1,1
0.2267,-0.7933,0.000000,1,1
0.2833,-0.7933,0.000000,1,1
0.3400,-0.7933,0.000000,1,1
0.3967,-0.7933,0.000000,1,1
0.4533,-0.7933,0.000000,1,1
0.5100,-0.7933,0.000000,1,1
0.5667,-0.7933,0.000000,1,1
0.6233,-0.7933,0.000000,1,1
0.6800,-0.7933,0.000000,1,1
0.7367,-0.7933,0.000000,1,1
0.7933,-0.7933,0.000000,1,1
0.8500,-0.7933,0.000000,1,1
0.9067,-0.7933,0.000000,1,1
0.9633,-0.7933,0.000000,1,1
1.0200,-0.7933,0.000000,1,1
1.0767,-0.7933,0.000000,1,1
1.1333,-0.7933,0.000000,1,1
1.1900,-0.7933,0.000000,1,1
1.2467,-0.7933,0.000000,1,1
1.3033,-0.7933,0.000000,1,1
1.3600,-0.7933,0.000000,1,1
1.4167,-0.7933,0.000000,1,1
1.4733,-0.7933,0.000000,1,1
1.5300,-0.7933,0.023451,120,0
1.5867,-0.7933,0.073947,120,0
1.6433,-0.7933,0.124807,120,0
1.7000,-0.7933,0.176000,120,0
-1.7000,-0.7367,0.152749,120,0
-1.6433,-0.7367,0.100895,120,0
-1.5867,-0.7367,0.049340,120,0
-1.5300,-0.7367,0.000000,1,1
-1.4733,-0.7367,0.468857,120,0
-1.4167,-0.7367,0.444660,120,0
-1.3600,-0.7367,0.422804,120,0
-1.3033,-0.7367,0.403428,120,0
-1.2467,-0.7367,0.386664,120,0
-1.1900,-0.7367,0.372636,120,0
-1.1333,-0.7367,0.361451,120,0
-1.0767,-0.7367,0.353201,120,0
-1.0200,-0.7367,0.347954,120,0
-0.9633,-0.7367,0.345756,120,0
-0.9067,-0.7367,0.346625,120,0
-0.8500,-0.7367,0.350555,120,0
-0.7933,-0.7367,0.357512,120,0
-0.7367,-0.7367,0.367435,120,0
-0.6800,-0.7367,0.380243,120,0
-0.6233,-0.7367,0.395836,120,0
-0.5667,-0.7367,0.414096,120,0
-0.5100,-0.7367,0.434894,120,0
-0.4533,-0.7367,0.458094,120,0
-0.3967,-0.7367,0.000000,1,1
-0.3400,-0.7367,0.000000,1,1
-0.2833,-0.7367,0.000000,1,1
-0.2267,-0.7367,0.000000,1,1
-0.1700,-0.7367,0.000000,1,1
-0.1133,-0.7367,0.000000,1,1
-0.0567,-0.7367,0.000000,1,1
0.0000,-0.7367,0.000000,1,1
0.0567,-0.7367,0.000000,1,1
0.1133,-0.7367,0.000000,1,1
0.1700,-0.7367,0.000000,1,1
0.2267,-0.7367,0.000000,1,1
0.2833,-0.7367,0.000000,1,1
0.3400,-0.7367,0.000000,1,1
0.3967,-0.7367,0.000000,1,1
0.4533,-0.7367,0.000000,1,1
0.5100,-0.7367,0.000000,1,1
0.5667,-0.7367,0.000000,1,1
0.6233,-0.7367,0.000000,1,1
0.6800,-0.7367,0.000000,1,1
0.7367,-0.7367,0.000000,1,1
0.7933,-0.7367,0.000000,1,1
0.8500,-0.7367,0.000000,1,1
0.9067,-0.7367,0.000000,1,1
0.9633,-0.7367,0.000000,1,1
1.0200,-0.7367,0.000000,1,1
1.0767,-0.7367,0.000000,1,1
1.1333,-0.7367,0.000000,1,1
1.1900,-0.7367,0.000000,1,1
1.2467,-0.7367,0.000000,1,1
1.3033,-0.7367,0.000000,1,1
1.3600,-0.7367,0.000000,1,1
1.4167,-0.7367,0.000000,1,1
1.4733,-0.7367,0.000000,1,1
1.5300,-0.7367,0.000000,1,1
1.5867,-0.7367,0.049340,120,0
1.6433,-0.7367,0.100895,120,0
1.7000,-0.7367,0.152749,120,0
-1.7000,-0.6800,0.130956,120,0
-1.6433,-0.6800,0.078467,120,0
-1.5867,-0.6800,0.026243,120,0
-1.5300,-0.6800,0.446006,120,0
-1.4733,-0.6800,0.418449,120,0
-1.4167,-0.6800,0.393137,120,0
-1.3600,-0.6800,0.370229,120,0
-1.3033,-0.6800,0.349883,120,0
-1.2467,-0.6800,0.332250,120,0
-1.1900,-0.6800,0.317472,120,0
-1.1333,-0.6800,0.305674,120,0
-1.0767,-0.6800,0.296962,120,0
-1.0200,-0.6800,0.291417,120,0
-0.9633,-0.6800,0.289093,120,0
-0.9067,-0.6800,0.290013,120,0
-0.8500,-0.6800,0.294167,120,0
-0.7933,-0.6800,0.301514,120,0
-0.7367,-0.6800,0.311987,120,0
-0.6800,-0.6800,0.325488,120,0
-0.6233,-0.6800,0.341901,120,0
-0.5667,-0.6800,0.361089,120,0
-0.5100,-0.6800,0.382906,120,0
-0.4533,-0.6800,0.407196,120,0
-0.3967,-0.6800,0.433800,120,0
-0.3400,-0.6800,0.000000,1,1
-0.2833,-0.6800,0.000000,1,1
-0.2267,-0.6800,0.000000,1,1
-0.1700,-0.6800,0.000000,1,1
-0.1133,-0.6800,0.000000,1,1
-0.0567,-0.6800,0.000000,1,1
0.0000,-0.6800,0.000000,1,1
0.0567,-0.6800,0.000000,1,1
0.1133,-0.6800,0.000000,1,1
0.1700,-0.6800,0.000000,1,1
0.2267,-0.6800,0.000000,1,1
0.2833,-0.6800,0.000000,1,1
0.3400,-0.6800,0.000000,1,1
0.3967,-0.6800,0.000000,1,1
0.4533,-0.6800,0.000000,1,1
0.5100,-0.6800,0.000000,1,1
0.5667,-0.6800,0.000000,1,1
0.6233,-0.6800,0.000000,1,1
0.6800,-0.6800,0.000000,1,1
0.7367,-0.6800,0.000000,1,1
0.7933,-0.6800,0.000000,1,1
0.8500,-0.6800,0.000000,1,1
0.9067,-0.6800,0.000000,1,1
0.9633,-0.6800,0.000000,1,1
1.0200,-0.6800,0.000000,1,1
1.0767,-0.6800,0.000000,1,1
1.1333,-0.6800,0.000000,1,1
1.1900,-0.6800,0.000000,1,1
1.2467,-0.6800,0.000000,1,1
1.3033,-0.6800,0.000000,1,1
1.3600,-0.6800,0.000000,1,1
1.4167,-0.6800,0.000000,1,1
1.4733,-0.6800,0.000000,1,1
1.5300,-0.6800,0.000000,1,1
1.5867,-0.6800,0.026243,120,0
1.6433,-0.6800,0.078467,120,0
1.7000,-0.6800,0.130956,120,0
-1.7000,-0.6233,0.110675,120,0
-1.6433,-0.6233,0.057581,120,0
-1.5867,-0.6233,0.004726,1,1
-1.5300,-0.6233,0.397476,120,0
-1.4733,-0.6233,0.368667,120,0
-1.4167,-0.6233,0.342147,120,0
-1.3600,-0.6233,0.318092,120,0
-1.3033,-0.6233,0.296683,120,0
-1.2467,-0.6233,0.278091,120,0
-1.1900,-0.6233,0.262482,120,0
-1.1333,-0.6233,0.250001,120,0
-1.0767,-0.6233,0.240774,120,0
-1.0200,-0.6233,0.234896,120,0
-0.9633,-0.6233,0.232431,120,0
-0.9067,-0.6233,0.233406,120,0
-0.8500,-0.6233,0.237811,120,0
-0.7933,-0.6233,0.245597,120,0
-0.7367,-0.6233,0.256682,120,0
-0.6800,-0.6233,0.270953,120,0
-0.6233,-0.6233,0.288271,120,0
-0.5667,-0.6233,0.308480,120,0
-0.5100,-0.6233,0.331411,120,0
-0.4533,-0.6233,0.356885,120,0
-0.3967,-0.6233,0.384724,120,0
-0.3400,-0.6233,0.414750,120,0
-0.2833,-0.6233,0.000000,1,1
-0.2267,-0.6233,0.000000,1,1
-0.1700,-0.6233,0.000000,1,1
-0.1133,-0.6233,0.000000,1,1
-0.0567,-0.6233,0.000000,1,1
0.0000,-0.6233,0.000000,1,1
0.0567,-0.6233,0.000000,1,1
0.1133,-0.6233,0.000000,1,1
0.1700,-0.6233,0.000000,1,1
0.2267,-0.6233,0.000000,1,1
0.2833,-0.6233,0.000000,1,1
0.3400,-0.6233,0.000000,1,1
0.3967,-0.6233,0.000000,1,1
0.4533,-0.6233,0.000000,1,1
0.5100,-0.6233,0.000000,1,1
0.5667,-0.6233,0.000000,1,1
0.6233,-0.6233,0.000000,1,1
0.6800,-0.6233,0.000000,1,1
0.7367,-0.6233,0.000000,1,1
0.7933,-0.6233,0.000000,1,1
0.8500,-0.6233,0.000000,1,1
0.9067,-0.6233,0.000000,1,1
0.9633,-0.6233,0.000000,1,1
1.0200,-0.6233,0.000000,1,1
1.0767,-0.6233,0.000000,1,1
1.1333,-0.6233,0.000000,1,1
1.1900,-0.6233,0.000000,1,1
1.2467,-0.6233,0.000000,1,1
1.3033,-0.6233,0.000000,1,1
1.3600,-0.6233,0.000000,1,1
1.4167,-0.6233,0.000000,1,1
1.4733,-0.6233,0.000000,1,1
1.5300,-0.6233,0.000000,1,1
1.5867,-0.6233,0.004726,1,1
1.6433,-0.6233,0.057581,120,0
1.7000,-0.6233,0.110675,120,0
-1.7000,-0.5667,0.091957,120,0
-1.6433,-0.5667,0.038291,120,0
-1.5867,-0.5667,0.382045,120,0
-1.5300,-0.5667,0.349761,120,0
-1.4733,-0.5667,0.319605,120,0
-1.4167,-0.5667,0.291774,120,0
-1.3600,-0.5667,0.266466,120,0
-1.3033,-0.5667,0.243886,120,0
-1.2467,-0.5667,0.224233,120,0
-1.1900,-0.5667,0.207698,120,0
-1.1333,-0.5667,0.194453,120,0
-1.0767,-0.5667,0.184647,120,0
-1.0200,-0.5667,0.178393,120,0
-0.9633,-0.5667,0.175770,120,0
-0.9067,-0.5667,0.176808,120,0
-0.8500,-0.5667,0.181495,120,0
-0.7933,-0.5667,0.189774,120,0
-0.7367,-0.5667,0.201546,120,0
-0.6800,-0.5667,0.216675,120,0
-0.6233,-0.5667,0.235000,120,0
-0.5667,-0.5667,0.256335,120,0
-0.5100,-0.5667,0.280486,120,0
-0.4533,-0.5667,0.307249,120,0
-0.3967,-0.5667,0.336422,120,0
-0.3400,-0.5667,0.367807,120,0
-0.2833,-0.5667,0.000000,1,1
-0.2267,-0.5667,0.000000,1,1
-0.1700,-0.5667,0.000000,1,1
-0.1133,-0.5667,0.000000,1,1
-0.0567,-0.5667,0.000000,1,1
0.0000,-0.5667,0.000000,1,1
0.0567,-0.5667,0.000000,1,1
0.1133,-0.5667,0.000000,1,1
0.1700,-0.5667,0.000000,1,1
0.2267,-0.5667,0.000000,1,1
0.2833,-0.5667,0.000000,1,1
0.3400,-0.5667,0.000000,1,1
0.3967,-0.5667,0.000000,1,1
0.4533,-0.5667,0.000000,1,1
0.5100,-0.5667,0.000000,1,1
0.5667,-0.5667,0.000000,1,1
0.6233,-0.5667,0.000000,1,1
0.6800,-0.5667,0.000000,1,1
0.7367,-0.5667,0.000000,1,1
0.7933,-0.5667,0.000000,1,1
0.8500,-0.5667,0.000000,1,1
0.9067,-0.5667,0.000000,1,1
0.9633,-0.5667,0.000000,1,1
1.0200,-0.5667,0.000000,1,1
1.0767,-0.5667,0.000000,1,1
1.1333,-0.5667,0.000000,1,1
1.1900,-0.5667,0.000000,1,1
1.2467,-0.5667,0.000000,1,1
1.3033,-0.5667,0.000000,1,1
1.3600,-0.5667,0.000000,1,1
1.4167,-0.5667,0.000000,1,1
1.4733,-0.5667,0.000000,1,1
1.5300,-0.5667,0.000000,1,1
1.5867,-0.5667,0.000000,1,1
1.6433,-0.5667,0.038291,120,0
1.7000,-0.5667,0.091957,120,0
-1.7000,-0.5100,0.409822,120,0
-1.6433,-0.5100,0.372397,120,0
-1.5867,-0.5100,0.336720,120,0
-1.5300,-0.5100,0.302978,120,0
-1.4733,-0.5100,0.271371,120,0
-1.4167,-0.5100,0.242116,120,0
-1.3600,-0.5100,0.215436,120,0
-1.3033,-0.5100,0.191565,120,0
-1.2467,-0.5100,0.170732,120,0
-1.1900,-0.5100,0.153160,120,0
-1.1333,-0.5100,0.139055,120,0
-1.0767,-0.5100,0.128593,120,0
-1.0200,-0.5100,0.121914,120,0
-0.9633,-0.5100,0.119109,120,0
-0.9067,-0.5100,0.120219,120,0
-0.8500,-0.5100,0.125228,120,0
-0.7933,-0.5100,0.134066,120,0
-0.7367,-0.5100,0.146612,120,0
-0.6800,-0.5100,0.162705,120,0
-0.6233,-0.5100,0.182152,120,0
-0.5667,-0.5100,0.204734,120,0
-0.5100,-0.5100,0.230226,120,0
-0.4533,-0.5100,0.258393,120,0
-0.3967,-0.5100,0.289008,120,0
-0.3400,-0.5100,0.321851,120,0
-0.2833,-0.5100,0.356713,120,0
-0.2267,-0.5100,0.000000,1,1
-0.1700,-0.5100,0.000000,1,1
-0.1133,-0.5100,0.000000,1,1
-0.0567,-0.5100,0.000000,1,1
0.0000,-0.5100,0.000000,1,1
0.0567,-0.5100,0.000000,1,1
0.1133,-0.5100,0.000000,1,1
0.1700,-0.5100,0.000000,1,1
0.2267,-0.5100,0.000000,1,1
0.2833,-0.5100,0.000000,1,1
0.3400,-0.5100,0.000000,1,1
0.3967,-0.5100,0.000000,1,1
0.4533,-0.5100,0.000000,1,1
0.5100,-0.5100,0.000000,1,1
0.5667,-0.5100,0.000000,1,1
0.6233,-0.5100,0.000000,1,1
0.6800,-0.5100,0.000000,1,1
0.7367,-0.5100,0.000000,1,1
0.7933,-0.5100,0.000000,1,1
0.8500,-0.5100,0.000000,1,1
0.9067,-0.5100,0.000000,1,1
0.9633,-0.5100,0.000000,1,1
1.0200,-0.5100,0.000000,1,1
1.0767,-0.5100,0.000000,1,1
1.1333,-0.5100,0.000000,1,1
1.1900,-0.5100,0.000000,1,1
1.2467,-0.5100,0.000000,1,1
1.3033,-0.5100,0.000000,1,1
1.3600,-0.5100,0.000000,1,1
1.4167,-0.5100,0.000000,1,1
1.4733,-0.5100,0.000000,1,1
1.5300,-0.5100,0.000000,1,1
1.5867,-0.5100,0.000000,1,1
1.6433,-0.5100,0.020654,120,0
1.7000,-0.5100,0.074852,120,0
-1.7000,-0.4533,0.368688,120,0
-1.6433,-0.4533,0.329769,120,0
-1.5867,-0.4533,0.292561,120,0
-1.5300,-0.4533,0.257264,120,0
-1.4733,-0.4533,0.224095,120,0
-1.4167,-0.4533,0.193292,120,0
-1.3600,-0.4533,0.165109,120,0
-1.3033,-0.4533,0.139808,120,0
-1.2467,-0.4533,0.117657,120,0
-1.1900,-0.4533,0.098919,120,0
-1.1333,-0.4533,0.083839,120,0
-1.0767,-0.4533,0.072629,120,0
-1.0200,-0.4533,0.065461,120,0
-0.9633,-0.4533,0.062449,120,0
-0.9067,-0.4533,0.063642,120,0
-0.8500,-0.4533,0.069019,120,0
-0.7933,-0.4533,0.078495,120,0
-0.7367,-0.4533,0.091922,120,0
-0.6800,-0.4533,0.109104,120,0
-0.6233,-0.4533,0.129808,120,0
-0.5667,-0.4533,0.153776,120,0
-0.5100,-0.4533,0.180743,120,0
-0.4533,-0.4533,0.210443,120,0
-0.3967,-0.4533,0.242617,120,0
-0.3400,-0.4533,0.277020,120,0
-0.2833,-0.4533,0.313426,120,0
-0.2267,-0.4533,0.000000,1,1
-0.1700,-0.4533,0.000000,1,1
-0.1133,-0.4533,0.000000,1,1
-0.0567,-0.4533,0.000000,1,1
0.0000,-0.4533,0.000000,1,1
0.0567,-0.4533,0.000000,1,1
0.1133,-0.4533,0.000000,1,1
0.1700,-0.4533,0.000000,1,1
0.2267,-0.4533,0.000000,1,1
0.2833,-0.4533,0.000000,1,1
0.3400,-0.4533,0.000000,1,1
0.3967,-0.4533,0.000000,1,1
0.4533,-0.4533,0.000000,1,1
0.5100,-0.4533,0.000000,1,1
0.5667,-0.4533,0.000000,1,1
0.6233,-0.4533,0.000000,1,1
0.6800,-0.4533,0.000000,1,1
0.7367,-0.4533,0.000000,1,1
0.7933,-0.4533,0.000000,1,1
0.8500,-0.4533,0.000000,1,1
0.9067,-0.4533,0.000000,1,1
0.9633,-0.4533,0.000000,1,1
1.0200,-0.4533,0.000000,1,1
1.0767,-0.4533,0.000000,1,1
1.1333,-0.4533,0.000000,1,1
1.1900,-0.4533,0.000000,1,1
1.2467,-0.4533,0.000000,1,1
1.3033,-0.4533,0.000000,1,1
1.3600,-0.4533,0.000000,1,1
1.4167,-0.4533,0.000000,1,1
1.4733,-0.4533,0.000000,1,1
1.5300,-0.4533,0.000000,1,1
1.5867,-0.4533,0.000000,1,1
1.6433,-0.4533,0.004726,1,1
1.7000,-0.4533,0.059407,120,0
-1.7000,-0.3967,0.329031,120,0
-1.6433,-0.3967,0.288553,120,0
-1.5867,-0.3967,0.249731,120,0
-1.5300,-0.3967,0.212779,120,0
-1.4733,-0.3967,0.177931,120,0
-1.4167,-0.3967,0.145448,120,0
-1.3600,-0.3967,0.115613,120,0
-1.3033,-0.3967,0.088726,120,0
-1.2467,-0.3967,0.065098,120,0
-1.1900,-0.3967,0.045039,120,0
-1.1333,-0.3967,0.028844,120,0
-1.0767,-0.3967,0.016776,120,0
-1.0200,-0.3967,0.009225,1,1
-0.9633,-0.3967,0.005876,1,1
-0.9067,-0.3967,0.007152,1,1
-0.8500,-0.3967,0.012883,120,0
-0.7933,-0.3967,0.023095,120,0
-0.7367,-0.3967,0.037531,120,0
-0.6800,-0.3967,0.055950,120,0
-0.6233,-0.3967,0.078069,120,0
-0.5667,-0.3967,0.103583,120,0
-0.5100,-0.3967,0.132178,120,0
-0.4533,-0.3967,0.163550,120,0
-0.3967,-0.3967,0.197406,120,0
-0.3400,-0.3967,0.233477,120,0
-0.2833,-0.3967,0.271516,120,0
-0.2267,-0.3967,0.000000,1,1
-0.1700,-0.3967,0.000000,1,1
-0.1133,-0.3967,0.000000,1,1
-0.0567,-0.3967,0.000000,1,1
0.0000,-0.3967,0.000000,1,1
0.0567,-0.3967,0.000000,1,1
0.1133,-0.3967,0.000000,1,1
0.1700,-0.3967,0.000000,1,1
0.2267,-0.3967,0.000000,1,1
0.2833,-0.3967,0.000000,1,1
0.3400,-0.3967,0.000000,1,1
0.3967,-0.3967,0.000000,1,1
0.4533,-0.3967,0.000000,1,1
0.5100,-0.3967,0.000000,1,1
0.5667,-0.3967,0.000000,1,1
0.6233,-0.3967,0.000000,1,1
0.6800,-0.3967,0.000000,1,1
0.7367,-0.3967,0.000000,1,1
0.7933,-0.3967,0.000000,1,1
0.8500,-0.3967,0.000000,1,1
0.9067,-0.3967,0.000000,1,1
0.9633,-0.3967,0.000000,1,1
1.0200,-0.3967,0.000000,1,1
1.0767,-0.3967,0.000000,1,1
1.1333,-0.3967,0.000000,1,1
1.1900,-0.3967,0.000000,1,1
1.2467,-0.3967,0.000000,1,1
1.3033,-0.3967,0.000000,1,1
1.3600,-0.3967,0.000000,1,1
1.4167,-0.3967,0.000000,1,1
1.4733,-0.3967,0.000000,1,1
1.5300,-0.3967,0.000000,1,1
1.5867,-0.3967,0.000000,1,1
1.6433,-0.3967,0.000000,1,1
1.7000,-0.3967,0.045665,120,0
-1.7000,-0.3400,0.291029,120,0
-1.6433,-0.3400,0.248931,120,0
-1.5867,-0.3400,0.208418,120,0
-1.5300,-0.3400,0.169712,120,0
-1.4733,-0.3400,0.133064,120,0
-1.4167,-0.3400,0.098759,120,0
-1.3600,-0.3400,0.067110,120,0
-1.3033,-0.3400,0.038459,120,0
-1.2467,-0.3400,0.013168,120,0
-1.1900,-0.3400,0.000000,1,1
-1.1333,-0.3400,0.000000,1,1
-1.0767,-0.3400,0.000000,1,1
-1.0200,-0.3400,0.000000,1,1
-0.9633,-0.3400,0.000000,1,1
-0.9067,-0.3400,0.000000,1,1
-0.8500,-0.3400,0.000000,1,1
-0.7933,-0.3400,0.000000,1,1
-0.7367,-0.3400,0.000000,1,1
-0.6800,-0.3400,0.003347,1,1
-0.6233,-0.3400,0.027066,120,0
-0.5667,-0.3400,0.054307,120,0
-0.5100,-0.3400,0.084700,120,0
-0.4533,-0.3400,0.117895,120,0
-0.3967,-0.3400,0.153564,120,0
-0.3400,-0.3400,0.191411,120,0
-0.2833,-0.3400,0.231170,120,0
-0.2267,-0.3400,0.000000,1,1
-0.1700,-0.3400,0.000000,1,1
-0.1133,-0.3400,0.000000,1,1
-0.0567,-0.3400,0.000000,1,1
0.0000,-0.3400,0.000000,1,1
0.0567,-0.3400,0.000000,1,1
0.1133,-0.3400,0.000000,1,1
0.1700,-0.3400,0.000000,1,1
0.2267,-0.3400,0.000000,1,1
0.2833,-0.3400,0.000000,1,1
0.3400,-0.3400,0.000000,1,1
0.3967,-0.3400,0.000000,1,1
0.4533,-0.3400,0.000000,1,1
0.5100,-0.3400,0.000000,1,1
0.5667,-0.3400,0.000000,1,1
0.6233,-0.3400,0.000000,1,1
0.6800,-0.3400,0.000000,1,1
0.7367,-0.3400,0.000000,1,1
0.7933,-0.3400,0.000000,1,1
0.8500,-0.3400,0.000000,1,1
0.9067,-0.3400,0.000000,1,1
0.9633,-0.3400,0.000000,1,1
1.0200,-0.3400,0.000000,1,1
1.0767,-0.3400,0.000000,1,1
1.1333,-0.3400,0.000000,1,1
1.1900,-0.3400,0.000000,1,1
1.2467,-0.3400,0.000000,1,1
1.3033,-0.3400,0.000000,1,1
1.3600,-0.3400,0.000000,1,1
1.4167,-0.3400,0.000000,1,1
1.4733,-0.3400,0.000000,1,1
1.5300,-0.3400,0.000000,1,1
1.5867,-0.3400,0.000000,1,1
1.6433,-0.3400,0.000000,1,1
1.7000,-0.3400,0.033667,120,0
-1.7000,-0.2833,0.254880,120,0
-1.6433,-0.2833,0.211113,120,0
-1.5867,-0.2833,0.168838,120,0
-1.5300,-0.2833,0.128284,120,0
-1.4733,-0.2833,0.089716,120,0
-1.4167,-0.2833,0.053440,120,0
-1.3600,-0.2833,0.019801,120,0
-1.3033,-0.2833,0.000000,1,1
-1.2467,-0.2833,0.000000,1,1
-1.1900,-0.2833,0.000000,1,1
-1.1333,-0.2833,0.000000,1,1
-1.0767,-0.2833,0.000000,1,1
-1.0200,-0.2833,0.000000,1,1
-0.9633,-0.2833,0.000000,1,1
-0.9067,-0.2833,0.000000,1,1
-0.8500,-0.2833,0.000000,1,1
-0.7933,-0.2833,0.000000,1,1
-0.7367,-0.2833,0.000000,1,1
-0.6800,-0.2833,0.000000,1,1
-0.6233,-0.2833,0.000000,1,1
-0.5667,-0.2833,0.006147,1,1
-0.5100,-0.2833,0.038519,120,0
-0.4533,-0.2833,0.073697,120,0
-0.3967,-0.2833,0.111312,120,0
-0.3400,-0.2833,0.151040,120,0
-0.2833,-0.2833,0.192599,120,0
-0.2267,-0.2833,0.000000,1,1
-0.1700,-0.2833,0.000000,1,1
-0.1133,-0.2833,0.022310,120,0
-0.0567,-0.2833,0.038525,120,0
0.0000,-0.2833,0.044136,120,0
0.0567,-0.2833,0.038525,120,0
0.1133,-0.2833,0.022310,120,0
0.1700,-0.2833,0.000000,1,1
0.2267,-0.2833,0.000000,1,1
0.2833,-0.2833,0.000000,1,1
0.3400,-0.2833,0.000000,1,1
0.3967,-0.2833,0.000000,1,1
0.4533,-0.2833,0.000000,1,1
0.5100,-0.2833,0.000000,1,1
0.5667,-0.2833,0.000000,1,1
0.6233,-0.2833,0.000000,1,1
0.6800,-0.2833,0.000000,1,1
0.7367,-0.2833,0.000000,1,1
0.7933,-0.2833,0.000000,1,1
0.8500,-0.2833,0.000000,1,1
0.9067,-0.2833,0.000000,1,1
0.9633,-0.2833,0.000000,1,1
1.0200,-0.2833,0.000000,1,1
1.0767,-0.2833,0.000000,1,1
1.1333,-0.2833,0.000000,1,1
1.1900,-0.2833,0.000000,1,1
1.2467,-0.2833,0.000000,1,1
1.3033,-0.2833,0.000000,1,1
1.3600,-0.2833,0.000000,1,1
1.4167,-0.2833,0.000000,1,1
1.4733,-0.2833,0.000000,1,1
1.5300,-0.2833,0.000000,1,1
1.5867,-0.2833,0.000000,1,1
1.6433,-0.2833,0.000000,1,1
1.7000,-0.2833,0.023451,120,0
-1.7000,-0.2267,0.220800,120,0
-1.6433,-0.2267,0.175331,120,0
-1.5867,-0.2267,0.131238,120,0
-1.5300,-0.2267,0.088754,120,0
-1.4733,-0.2267,0.048151,120,0
-1.4167,-0.2267,0.009932,2,1
-1.3600,-0.2267,0.000000,1,1
-1.3033,-0.2267,0.000000,1,1
-1.2467,-0.2267,0.000000,1,1
-1.1900,-0.2267,0.000000,1,1
-1.1333,-0.2267,0.000000,1,1
-1.0767,-0.2267,0.000000,1,1
-1.0200,-0.2267,0.000000,1,1
-0.9633,-0.2267,0.000000,1,1
-0.9067,-0.2267,0.000000,1,1
-0.8500,-0.2267,0.000000,1,1
-0.7933,-0.2267,0.000000,1,1
-0.7367,-0.2267,0.000000,1,1
-0.6800,-0.2267,0.000000,1,1
-0.6233,-0.2267,0.000000,1,1
-0.5667,-0.2267,0.000000,1,1
-0.5100,-0.2267,0.000000,1,1
-0.4533,-0.2267,0.031222,120,0
-0.3967,-0.2267,0.070912,120,0
-0.3400,-0.2267,0.112617,120,0
-0.2833,-0.2267,0.156044,120,0
-0.2267,-0.2267,0.006915,1,1
-0.1700,-0.2267,0.044136,120,0
-0.1133,-0.2267,0.074049,120,0
-0.0567,-0.2267,0.093827,120,0
0.0000,-0.2267,0.100803,120,0
0.0567,-0.2267,0.093827,120,0
0.1133,-0.2267,0.074049,120,0
0.1700,-0.2267,0.044136,120,0
0.2267,-0.2267,0.006915,1,1
0.2833,-0.2267,0.000000,1,1
0.3400,-0.2267,0.000000,1,1
0.3967,-0.2267,0.000000,1,1
0.4533,-0.2267,0.000000,1,1
0.5100,-0.2267,0.000000,1,1
0.5667,-0.2267,0.000000,1,1
0.6233,-0.2267,0.000000,1,1
0.6800,-0.2267,0.000000,1,1
0.7367,-0.2267,0.000000,1,1
0.7933,-0.2267,0.000000,1,1
0.8500,-0.2267,0.000000,1,1
0.9067,-0.2267,0.000000,1,1
0.9633,-0.2267,0.000000,1,1
1.0200,-0.2267,0.000000,1,1
1.0767,-0.2267,0.000000,1,1
1.1333,-0.2267,0.000000,1,1
1.1900,-0.2267,0.000000,1,1
1.2467,-0.2267,0.000000,1,1
1.3033,-0.2267,0.000000,1,1
1.3600,-0.2267,0.000000,1,1
1.4167,-0.2267,0.000000,1,1
1.4733,-0.2267,0.000000,1,1
1.5300,-0.2267,0.000000,1,1
1.5867,-0.2267,0.000000,1,1
1.6433,-0.2267,0.000000,1,1
1.7000,-0.2267,0.015047,120,0
-1.7000,-0.1700,0.189030,120,0
-1.6433,-0.1700,0.141846,120,0
-1.5867,-0.1700,0.095900,120,0
-1.5300,-0.1700,0.051421,120,0
-1.4733,-0.1700,0.009933,1,1
-1.4167,-0.1700,0.000000,1,1
-1.3600,-0.1700,0.000000,1,1
-1.3033,-0.1700,0.000000,1,1
-1.2467,-0.1700,0.000000,1,1
-1.1900,-0.1700,0.000000,1,1
-1.1333,-0.1700,0.000000,1,1
-1.0767,-0.1700,0.000000,1,1
-1.0200,-0.1700,0.000000,1,1
-0.9633,-0.1700,0.000000,1,1
-0.9067,-0.1700,0.000000,1,1
-0.8500,-0.1700,0.000000,1,1
-0.7933,-0.1700,0.000000,1,1
-0.7367,-0.1700,0.000000,1,1
-0.6800,-0.1700,0.000000,1,1
-0.6233,-0.1700,0.000000,1,1
-0.5667,-0.1700,0.000000,1,1
-0.5100,-0.1700,0.000000,1,1
-0.4533,-0.1700,0.000000,1,1
-0.3967,-0.1700,0.032670,120,0
-0.3400,-0.1700,0.076432,120,0
-0.2833,-0.1700,0.121773,120,0
-0.2267,-0.1700,0.168446,120,0
-0.1700,-0.1700,0.087053,120,0
-0.1133,-0.1700,0.123155,120,0
-0.0567,-0.1700,0.148274,120,0
0.0000,-0.1700,0.157470,120,0
0.0567,-0.1700,0.148274,120,0
0.1133,-0.1700,0.123155,120,0
0.1700,-0.1700,0.087053,120,0
0.2267,-0.1700,0.044136,120,0
0.2833,-0.1700,0.000000,1,1
0.3400,-0.1700,0.000000,1,1
0.3967,-0.1700,0.000000,1,1
0.4533,-0.1700,0.000000,1,1
0.5100,-0.1700,0.000000,1,1
0.5667,-0.1700,0.000000,1,1
0.6233,-0.1700,0.000000,1,1
0.6800,-0.1700,0.000000,1,1
0.7367,-0.1700,0.000000,1,1
0.7933,-0.1700,0.000000,1,1
0.8500,-0.1700,0.000000,1,1
0.9067,-0.1700,0.000000,1,1
0.9633,-0.1700,0.000000,1,1
1.0200,-0.1700,0.000000,1,1
1.0767,-0.1700,0.000000,1,1
1.1333,-0.1700,0.000000,1,1
1.1900,-0.1700,0.000000,1,1
1.2467,-0.1700,0.000000,1,1
1.3033,-0.1700,0.000000,1,1
1.3600,-0.1700,0.000000,1,1
1.4167,-0.1700,0.000000,1,1
1.4733,-0.1700,0.000000,1,1
1.5300,-0.1700,0.000000,1,1
1.5867,-0.1700,0.000000,1,1
1.6433,-0.1700,0.000000,1,1
1.7000,-0.1700,0.008489,1,1
-1.7000,-0.1133,0.159823,120,0
-1.6433,-0.1133,0.110942,120,0
-1.5867,-0.1133,0.063138,120,0
-1.5300,-0.1133,0.016628,120,0
-1.4733,-0.1133,0.000000,1,1
-1.4167,-0.1133,0.000000,1,1
-1.3600,-0.1133,0.000000,1,1
-1.3033,-0.1133,0.000000,1,1
-1.2467,-0.1133,0.000000,1,1
-1.1900,-0.1133,0.000000,1,1
-1.1333,-0.1133,0.000000,1,1
-1.0767,-0.1133,0.000000,1,1
-1.0200,-0.1133,0.000000,1,1
-0.9633,-0.1133,0.000000,1,1
-0.9067,-0.1133,0.000000,1,1
-0.8500,-0.1133,0.000000,1,1
-0.7933,-0.1133,0.000000,1,1
-0.7367,-0.1133,0.000000,1,1
-0.6800,-0.1133,0.000000,1,1
-0.6233,-0.1133,0.000000,1,1
-0.5667,-0.1133,0.000000,1,1
-0.5100,-0.1133,0.000000,1,1
-0.4533,-0.1133,0.000000,1,1
-0.3967,-0.1133,0.000000,1,1
-0.3400,-0.1133,0.042812,120,0
-0.2833,-0.1133,0.090085,120,0
-0.2267,-0.1133,0.138523,120,0
-0.1700,-0.1133,0.187935,120,0
-0.1133,-0.1133,0.167192,120,0
-0.0567,-0.1133,0.200759,120,0
0.0000,-0.1133,0.214136,120,0
0.0567,-0.1133,0.200759,120,0
0.1133,-0.1133,0.167192,120,0
0.1700,-0.1133,0.123155,120,0
0.2267,-0.1133,0.074049,120,0
0.2833,-0.1133,0.022310,120,0
0.3400,-0.1133,0.000000,1,1
0.3967,-0.1133,0.000000,1,1
0.4533,-0.1133,0.000000,1,1
0.5100,-0.1133,0.000000,1,1
0.5667,-0.1133,0.000000,1,1
0.6233,-0.1133,0.000000,1,1
0.6800,-0.1133,0.000000,1,1
0.7367,-0.1133,0.000000,1,1
0.7933,-0.1133,0.000000,1,1
0.8500,-0.1133,0.000000,1,1
0.9067,-0.1133,0.000000,1,1
0.9633,-0.1133,0.000000,1,1
1.0200,-0.1133,0.000000,1,1
1.0767,-0.1133,0.000000,1,1
1.1333,-0.1133,0.000000,1,1
1.1900,-0.1133,0.000000,1,1
1.2467,-0.1133,0.000000,1,1
1.3033,-0.1133,0.000000,1,1
1.3600,-0.1133,0.000000,1,1
1.4167,-0.1133,0.000000,1,1
1.4733,-0.1133,0.000000,1,1
1.5300,-0.1133,0.000000,1,1
1.5867,-0.1133,0.000000,1,1
1.6433,-0.1133,0.000000,1,1
1.7000,-0.1133,0.003784,1,1
-1.7000,-0.0567,0.133451,120,0
-1.6433,-0.0567,0.082925,120,0
-1.5867,-0.0567,0.033297,120,0
-1.5300,-0.0567,0.000000,1,1
-1.4733,-0.0567,0.000000,1,1
-1.4167,-0.0567,0.000000,1,1
-1.3600,-0.0567,0.000000,1,1
-1.3033,-0.0567,0.000000,1,1
-1.2467,-0.0567,0.000000,1,1
-1.1900,-0.0567,0.000000,1,1
-1.1333,-0.0567,0.000000,1,1
-1.0767,-0.0567,0.000000,1,1
-1.0200,-0.0567,0.000000,1,1
-0.9633,-0.0567,0.000000,1,1
-0.9067,-0.0567,0.000000,1,1
-0.8500,-0.0567,0.000000,1,1
-0.7933,-0.0567,0.000000,1,1
-0.7367,-0.0567,0.000000,1,1
-0.6800,-0.0567,0.000000,1,1
-0.6233,-0.0567,0.000000,1,1
-0.5667,-0.0567,0.000000,1,1
-0.5100,-0.0567,0.000000,1,1
-0.4533,-0.0567,0.000000,1,1
-0.3967,-0.0567,0.000000,1,1
-0.3400,-0.0567,0.012120,120,0
-0.2833,-0.0567,0.061301,120,0
-0.2267,-0.0567,0.111494,120,0
-0.1700,-0.0567,0.164478,120,0
-0.1133,-0.0567,0.219311,120,0
-0.0567,-0.0567,0.247331,120,0
0.0000,-0.0567,0.270803,120,0
0.0567,-0.0567,0.247331,120,0
0.1133,-0.0567,0.200759,120,0
0.1700,-0.0567,0.148274,120,0
0.2267,-0.0567,0.093827,120,0
0.2833,-0.0567,0.038525,120,0
0.3400,-0.0567,0.000000,1,1
0.3967,-0.0567,0.000000,1,1
0.4533,-0.0567,0.000000,1,1
0.5100,-0.0567,0.000000,1,1
0.5667,-0.0567,0.000000,1,1
0.6233,-0.0567,0.000000,1,1
0.6800,-0.0567,0.000000,1,1
0.7367,-0.0567,0.000000,1,1
0.7933,-0.0567,0.000000,1,1
0.8500,-0.0567,0.000000,1,1
0.9067,-0.0567,0.000000,1,1
0.9633,-0.0567,0.000000,1,1
1.0200,-0.0567,0.000000,1,1
1.0767,-0.0567,0.000000,1,1
1.1333,-0.0567,0.000000,1,1
1.1900,-0.0567,0.000000,1,1
1.2467,-0.0567,0.000000,1,1
1.3033,-0.0567,0.000000,1,1
1.3600,-0.0567,0.000000,1,1
1.4167,-0.0567,0.000000,1,1
1.4733,-0.0567,0.000000,1,1
1.5300,-0.0567,0.000000,1,1
1.5867,-0.0567,0.000000,1,1
1.6433,-0.0567,0.000000,1,1
1.7000,-0.0567,0.000954,1,1
-1.7000,0.0000,0.110190,120,0
-1.6433,0.0000,0.058115,120,0
-1.5867,0.0000,0.008784,1,1
-1.5300,0.0000,0.000000,1,1
-1.4733,0.0000,0.000000,1,1
-1.4167,0.0000,0.000000,1,1
-1.3600,0.0000,0.000000,1,1
-1.3033,0.0000,0.000000,1,1
-1.2467,0.0000,0.000000,1,1
-1.1900,0.0000,0.000000,1,1
-1.1333,0.0000,0.000000,1,1
-1.0767,0.0000,0.000000,1,1
-1.0200,0.0000,0.000000,1,1
-0.9633,0.0000,0.000000,1,1
-0.9067,0.0000,0.000000,1,1
-0.8500,0.0000,0.000000,1,1
-0.7933,0.0000,0.000000,1,1
-0.7367,0.0000,0.000000,1,1
-0.6800,0.0000,0.000000,1,1
-0.6233,0.0000,0.000000,1,1
-0.5667,0.0000,0.000000,1,1
-0.5100,0.0000,0.000000,1,1
-0.4533,0.0000,0.000000,1,1
-0.3967,0.0000,0.000000,1,1
-0.3400,0.0000,0.000000,1,1
-0.2833,0.0000,0.044136,120,0
-0.2267,0.0000,0.100803,120,0
-0.1700,0.0000,0.157470,120,0
-0.1133,0.0000,0.214136,120,0
-0.0567,0.0000,0.270803,120,0
0.0000,0.0000,0.327470,120,0
0.0567,0.0000,0.270803,120,0
0.1133,0.0000,0.214136,120,0
0.1700,0.0000,0.157470,120,0
0.2267,0.0000,0.100803,120,0
0.2833,0.0000,0.044136,120,0
0.3400,0.0000,0.000000,1,1
0.3967,0.0000,0.000000,1,1
0.4533,0.0000,0.000000,1,1
0.5100,0.0000,0.000000,1,1
0.5667,0.0000,0.000000,1,1
0.6233,0.0000,0.000000,1,1
0.6800,0.0000,0.000000,1,1
0.7367,0.0000,0.000000,1,1
0.7933,0.0000,0.000000,1,1
0.8500,0.0000,0.000000,1,1
0.9067,0.0000,0.000000,1,1
0.9633,0.0000,0.000000,1,1
1.0200,0.0000,0.000000,1,1
1.0767,0.0000,0.000000,1,1
1.1333,0.0000,0.000000,1,1
1.1900,0.0000,0.000000,1,1
1.2467,0.0000,0.000000,1,1
1.3033,0.0000,0.000000,1,1
1.3600,0.0000,0.000000,1,1
1.4167,0.0000,0.000000,1,1
1.4733,0.0000,0.000000,1,1
1.5300,0.0000,0.000000,1,1
1.5867,0.0000,0.000000,1,1
1.6433,0.0000,0.000000,1,1
1.7000,0.0000,0.000010,1,1
-1.7000,0.0567,0.090315,120,0
-1.6433,0.0567,0.036836,120,0
-1.5867,0.0567,0.000000,1,1
-1.5300,0.0567,0.000000,1,1
-1.4733,0.0567,0.000000,1,1
-1.4167,0.0567,0.000000,1,1
-1.3600,0.0567,0.000000,1,1
-1.3033,0.0567,0.000000,1,1
-1.2467,0.0567,0.000000,1,1
-1.1900,0.0567,0.000000,1,1
-1.1333,0.0567,0.000000,1,1
-1.0767,0.0567,0.000000,1,1
-1.0200,0.0567,0.000000,1,1
-0.9633,0.0567,0.000000,1,1
-0.9067,0.0567,0.000000,1,1
-0.8500,0.0567,0.000000,1,1
-0.7933,0.0567,0.000000,1,1
-0.7367,0.0567,0.000000,1,1
-0.6800,0.0567,0.000000,1,1
-0.6233,0.0567,0.000000,1,1
-0.5667,0.0567,0.000000,1,1
-0.5100,0.0567,0.000000,1,1
-0.4533,0.0567,0.000000,1,1
-0.3967,0.0567,0.000000,1,1
-0.3400,0.0567,0.000000,1,1
-0.2833,0.0567,0.038525,120,0
-0.2267,0.0567,0.093827,120,0
-0.1700,0.0567,0.148274,120,0
-0.1133,0.0567,0.200759,120,0
-0.0567,0.0567,0.247331,120,0
0.0000,0.0567,0.270803,120,0
0.0567,0.0567,0.247331,120,0
0.1133,0.0567,0.200759,120,0
0.1700,0.0567,0.148274,120,0
0.2267,0.0567,0.093827,120,0
0.2833,0.0567,0.038525,120,0
0.3400,0.0567,0.000000,1,1
0.3967,0.0567,0.000000,1,1
0.4533,0.0567,0.000000,1,1
0.5100,0.0567,0.000000,1,1
0.5667,0.0567,0.000000,1,1
0.6233,0.0567,0.000000,1,1
0.6800,0.0567,0.000000,1,1
0.7367,0.0567,0.000000,1,1
0.7933,0.0567,0.000000,1,1
0.8500,0.0567,0.000000,1,1
0.9067,0.0567,0.000000,1,1
0.9633,0.0567,0.000000,1,1
1.0200,0.0567,0.000000,1,1
1.0767,0.0567,0.000000,1,1
1.1333,0.0567,0.000000,1,1
1.1900,0.0567,0.000000,1,1
1.2467,0.0567,0.000000,1,1
1.3033,0.0567,0.000000,1,1
1.3600,0.0567,0.000000,1,1
1.4167,0.0567,0.000000,1,1
1.4733,0.0567,0.000000,1,1
1.5300,0.0567,0.000000,1,1
1.5867,0.0567,0.000000,1,1
1.6433,0.0567,0.000000,1,1
1.7000,0.0567,0.000954,1,1
-1.7000,0.1133,0.074086,120,0
-1.6433,0.1133,0.019402,120,0
-1.5867,0.1133,0.000000,1,1
-1.5300,0.1133,0.000000,1,1
-1.4733,0.1133,0.000000,1,1
-1.4167,0.1133,0.000000,1,1
-1.3600,0.1133,0.000000,1,1
-1.3033,0.1133,0.000000,1,1
-1.2467,0.1133,0.000000,1,1
-1.1900,0.1133,0.000000,1,1
-1.1333,0.1133,0.000000,1,1
-1.0767,0.1133,0.000000,1,1
-1.0200,0.1133,0.000000,1,1
-0.9633,0.1133,0.000000,1,1
-0.9067,0.1133,0.000000,1,1
-0.8500,0.1133,0.000000,1,1
-0.7933,0.1133,0.000000,1,1
-0.7367,0.1133,0.000000,1,1
-0.6800,0.1133,0.000000,1,1
-0.6233,0.1133,0.000000,1,1
-0.5667,0.1133,0.000000,1,1
-0.5100,0.1133,0.000000,1,1
-0.4533,0.1133,0.000000,1,1
-0.3967,0.1133,0.000000,1,1
-0.3400,0.1133,0.000000,1,1
-0.2833,0.1133,0.022310,120,0
-0.2267,0.1133,0.074049,120,0
-0.1700,0.1133,0.123155,120,0
-0.1133,0.1133,0.167192,120,0
-0.0567,0.1133,0.200759,120,0
0.0000,0.1133,0.214136,120,0
0.0567,0.1133,0.200759,120,0
0.1133,0.1133,0.167192,120,0
0.1700,0.1133,0.123155,120,0
0.2267,0.1133,0.074049,120,0
0.2833,0.1133,0.022310,120,0
0.3400,0.1133,0.000000,1,1
0.3967,0.1133,0.000000,1,1
0.4533,0.1133,0.000000,1,1
0.5100,0.1133,0.000000,1,1
0.5667,0.1133,0.000000,1,1
0.6233,0.1133,0.000000,1,1
0.6800,0.1133,0.000000,1,1
0.7367,0.1133,0.000000,1,1
0.7933,0.1133,0.000000,1,1
0.8500,0.1133,0.000000,1,1
0.9067,0.1133,0.000000,1,1
0.9633,0.1133,0.000000,1,1
1.0200,0.1133,0.000000,1,1
1.0767,0.1133,0.000000,1,1
1.1333,0.1133,0.000000,1,1
1.1900,0.1133,0.000000,1,1
1.2467,0.1133,0.000000,1,1
1.3033,0.1133,0.000000,1,1
1.3600,0.1133,0.000000,1,1
1.4167,0.1133,0.000000,1,1
1.4733,0.1133,0.000000,1,1
1.5300,0.1133,0.000000,1,1
1.5867,0.1133,0.000000,1,1
1.6433,0.1133,0.000000,1,1
1.7000,0.1133,0.003784,1,1
-1.7000,0.1700,0.061736,120,0
-1.6433,0.1700,0.006900,2,1
-1.5867,0.1700,0.000000,1,1
-1.5300,0.1700,0.000000,1,1
-1.4733,0.1700,0.000000,1,1
-1.4167,0.1700,0.000000,1,1
-1.3600,0.1700,0.000000,1,1
-1.3033,0.1700,0.000000,1,1
-1.2467,0.1700,0.000000,1,1
-1.1900,0.1700,0.000000,1,1
-1.1333,0.1700,0.000000,1,1
-1.0767,0.1700,0.000000,1,1
-1.0200,0.1700,0.000000,1,1
-0.9633,0.1700,0.000000,1,1
-0.9067,0.1700,0.000000,1,1
-0.8500,0.1700,0.000000,1,1
-0.7933,0.1700,0.000000,1,1
-0.7367,0.1700,0.000000,1,1
-0.6800,0.1700,0.000000,1,1
-0.6233,0.1700,0.000000,1,1
-0.5667,0.1700,0.000000,1,1
-0.5100,0.1700,0.000000,1,1
-0.4533,0.1700,0.000000,1,1
-0.3967,0.1700,0.000000,1,1
-0.3400,0.1700,0.000000,1,1
-0.2833,0.1700,0.000000,1,1
-0.2267,0.1700,0.044136,120,0
-0.1700,0.1700,0.087053,120,0
-0.1133,0.1700,0.123155,120,0
-0.0567,0.1700,0.148274,120,0
0.0000,0.1700,0.157470,120,0
0.0567,0.1700,0.148274,120,0
0.1133,0.1700,0.123155,120,0
0.1700,0.1700,0.087053,120,0
0.2267,0.1700,0.044136,120,0
0.2833,0.1700,0.000000,1,1
0.3400,0.1700,0.000000,1,1
0.3967,0.1700,0.000000,1,1
0.4533,0.1700,0.000000,1,1
0.5100,0.1700,0.000000,1,1
0.5667,0.1700,0.000000,1,1
0.6233,0.1700,0.000000,1,1
0.6800,0.1700,0.000000,1,1
0.7367,0.1700,0.000000,1,1
0.7933,0.1700,0.000000,1,1
0.8500,0.1700,0.000000,1,1
0.9067,0.1700,0.000000,1,1
0.9633,0.1700,0.000000,1,1
1.0200,0.1700,0.000000,1,1
1.0767,0.1700,0.000000,1,1
1.1333,0.1700,0.000000,1,1
1.1900,0.1700,0.000000,1,1
1.2467,0.1700,0.000000,1,1
1.3033,0.1700,0.000000,1,1
1.3600,0.1700,0.000000,1,1
1.4167,0.1700,0.000000,1,1
1.4733,0.1700,0.000000,1,1
1.5300,0.1700,0.000000,1,1
1.5867,0.1700,0.000000,1,1
1.6433,0.1700,0.000000,1,1
1.7000,0.1700,0.008489,1,1
-1.7000,0.2267,0.053457,120,0
-1.6433,0.2267,0.000000,1,1
-1.5867,0.2267,0.000000,1,1
-1.5300,0.2267,0.000000,1,1
-1.4733,0.2267,0.000000,1,1
-1.4167,0.2267,0.000000,1,1
-1.3600,0.2267,0.000000,1,1
-1.3033,0.2267,0.000000,1,1
-1.2467,0.2267,0.000000,1,1
-1.1900,0.2267,0.000000,1,1
-1.1333,0.2267,0.000000,1,1
-1.0767,0.2267,0.000000,1,1
-1.0200,0.2267,0.000000,1,1
-0.9633,0.2267,0.000000,1,1
-0.9067,0.2267,0.000000,1,1
-0.8500,0.2267,0.000000,1,1
-0.7933,0.2267,0.000000,1,1
-0.7367,0.2267,0.000000,1,1
-0.6800,0.2267,0.000000,1,1
-0.6233,0.2267,0.000000,1,1
-0.5667,0.2267,0.000000,1,1
-0.5100,0.2267,0.000000,1,1
-0.4533,0.2267,0.000000,1,1
-0.3967,0.2267,0.000000,1,1
-0.3400,0.2267,0.000000,1,1
-0.2833,0.2267,0.000000,1,1
-0.2267,0.2267,0.006915,1,1
-0.1700,0.2267,0.044136,120,0
-0.1133,0.2267,0.074049,120,0
-0.0567,0.2267,0.093827,120,0
0.0000,0.2267,0.100803,120,0
0.0567,0.2267,0.093827,120,0
0.1133,0.2267,0.074049,120,0
0.1700,0.2267,0.044136,120,0
0.2267,0.2267,0.006915,1,1
0.2833,0.2267,0.000000,1,1
0.3400,0.2267,0.000000,1,1
0.3967,0.2267,0.000000,1,1
0.4533,0.2267,0.000000,1,1
0.5100,0.2267,0.000000,1,1
0.5667,0.2267,0.000000,1,1
0.6233,0.2267,0.000000,1,1
0.6800,0.2267,0.000000,1,1
0.7367,0.2267,0.000000,1,1
0.7933,0.2267,0.000000,1,1
0.8500,0.2267,0.000000,1,1
0.9067,0.2267,0.000000,1,1
0.9633,0.2267,0.000000,1,1
1.0200,0.2267,0.000000,1,1
1.0767,0.2267,0.000000,1,1
1.1333,0.2267,0.000000,1,1
1.1900,0.2267,0.000000,1,1
1.2467,0.2267,0.000000,1,1
1.3033,0.2267,0.000000,1,1
1.3600,0.2267,0.000000,1,1
1.4167,0.2267,0.000000,1,1
1.4733,0.2267,0.000000,1,1
1.5300,0.2267,0.000000,1,1
1.5867,0.2267,0.000000,1,1
1.6433,0.2267,0.000000,1,1
1.7000,0.2267,0.015047,120,0
-1.7000,0.2833,0.049384,120,0
-1.6433,0.2833,0.000000,1,1
-1.5867,0.2833,0.000000,1,1
-1.5300,0.2833,0.000000,1,1
-1.4733,0.2833,0.000000,1,1
-1.4167,0.2833,0.000000,1,1
-1.3600,0.2833,0.000000,1,1
-1.3033,0.2833,0.000000,1,1
-1.2467,0.2833,0.000000,1,1
-1.1900,0.2833,0.000000,1,1
-1.1333,0.2833,0.000000,1,1
-1.0767,0.2833,0.000000,1,1
-1.0200,0.2833,0.000000,1,1
-0.9633,0.2833,0.000000,1,1
-0.9067,0.2833,0.000000,1,1
-0.8500,0.2833,0.000000,1,1
-0.7933,0.2833,0.000000,1,1
-0.7367,0.2833,0.000000,1,1
-0.6800,0.2833,0.000000,1,1
-0.6233,0.2833,0.000000,1,1
-0.5667,0.2833,0.000000,1,1
-0.5100,0.2833,0.000000,1,1
-0.4533,0.2833,0.000000,1,1
-0.3967,0.2833,0.000000,1,1
-0.3400,0.2833,0.000000,1,1
-0.2833,0.2833,0.000000,1,1
-0.2267,0.2833,0.000000,1,1
-0.1700,0.2833,0.000000,1,1
-0.1133,0.2833,0.022310,120,0
-0.0567,0.2833,0.038525,120,0
0.0000,0.2833,0.044136,120,0
0.0567,0.2833,0.038525,120,0
0.1133,0.2833,0.022310,120,0
0.1700,0.2833,0.000000,1,1
0.2267,0.2833,0.000000,1,1
0.2833,0.2833,0.000000,1,1
0.3400,0.2833,0.000000,1,1
0.3967,0.2833,0.000000,1,1
0.4533,0.2833,0.000000,1,1
0.5100,0.2833,0.000000,1,1
0.5667,0.2833,0.000000,1,1
0.6233,0.2833,0.000000,1,1
0.6800,0.2833,0.000000,1,1
0.7367,0.2833,0.000000,1,1
0.7933,0.2833,0.000000,1,1
0.8500,0.2833,0.000000,1,1
0.9067,0.2833,0.000000,1,1
0.9633,0.2833,0.000000,1,1
1.0200,0.2833,0.000000,1,1
1.0767,0.2833,0.000000,1,1
1.1333,0.2833,0.000000,1,1
1.1900,0.2833,0.000000,1,1
1.2467,0.2833,0.000000,1,1
1.3033,0.2833,0.000000,1,1
1.3600,0.2833,0.000000,1,1
1.4167,0.2833,0.000000,1,1
1.4733,0.2833,0.000000,1,1
1.5300,0.2833,0.000000,1,1
1.5867,0.2833,0.000000,1,1
1.6433,0.2833,0.000000,1,1
1.7000,0.2833,0.023451,120,0
-1.7000,0.3400,0.049584,120,0
-1.6433,0.3400,0.000000,1,1
-1.5867,0.3400,0.000000,1,1
-1.5300,0.3400,0.000000,1,1
-1.4733,0.3400,0.000000,1,1
-1.4167,0.3400,0.000000,1,1
-1.3600,0.3400,0.000000,1,1
-1.3033,0.3400,0.000000,1,1
-1.2467,0.3400,0.000000,1,1
-1.1900,0.3400,0.000000,1,1
-1.1333,0.3400,0.000000,1,1
-1.0767,0.3400,0.000000,1,1
-1.0200,0.3400,0.000000,1,1
-0.9633,0.3400,0.000000,1,1
-0.9067,0.3400,0.000000,1,1
-0.8500,0.3400,0.000000,1,1
-0.7933,0.3400,0.000000,1,1
-0.7367,0.3400,0.000000,1,1
-0.6800,0.3400,0.000000,1,1
-0.6233,0.3400,0.000000,1,1
-0.5667,0.3400,0.000000,1,1
-0.5100,0.3400,0.000000,1,1
-0.4533,0.3400,0.000000,1,1
-0.3967,0.3400,0.000000,1,1
-0.3400,0.3400,0.000000,1,1
-0.2833,0.3400,0.000000,1,1
-0.2267,0.3400,0.000000,1,1
-0.1700,0.3400,0.000000,1,1
-0.1133,0.3400,0.000000,1,1
-0.0567,0.3400,0.000000,1,1
0.0000,0.3400,0.000000,1,1
0.0567,0.3400,0.000000,1,1
0.1133,0.3400,0.000000,1,1
0.1700,0.3400,0.000000,1,1
0.2267,0.3400,0.000000,1,1
0.2833,0.3400,0.000000,1,1
0.3400,0.3400,0.000000,1,1
0.3967,0.3400,0.000000,1,1
0.4533,0.3400,0.000000,1,1
0.5100,0.3400,0.000000,1,1
0.5667,0.3400,0.000000,1,1
0.6233,0.3400,0.000000,1,1
0.6800,0.3400,0.000000,1,1
0.7367,0.3400,0.000000,1,1
0.7933,0.3400,0.000000,1,1
0.8500,0.3400,0.000000,1,1
0.9067,0.3400,0.000000,1,1
0.9633,0.3400,0.000000,1,1
1.0200,0.3400,0.000000,1,1
1.0767,0.3400,0.000000,1,1
1.1333,0.3400,0.000000,1,1
1.1900,0.3400,0.000000,1,1
1.2467,0.3400,0.000000,1,1
1.3033,0.3400,0.000000,1,1
1.3600,0.3400,0.000000,1,1
1.4167,0.3400,0.000000,1,1
1.4733,0.3400,0.000000,1,1
1.5300,0.3400,0.000000,1,1
1.5867,0.3400,0.000000,1,1
1.6433,0.3400,0.000000,1,1
1.7000,0.3400,0.033667,120,0
-1.7000,0.3967,0.054055,120,0
-1.6433,0.3967,0.000000,1,1
-1.5867,0.3967,0.000000,1,1
-1.5300,0.3967,0.000000,1,1
-1.4733,0.3967,0.000000,1,1
-1.4167,0.3967,0.000000,1,1
-1.3600,0.3967,0.000000,1,1
-1.3033,0.3967,0.000000,1,1
-1.2467,0.3967,0.000000,1,1
-1.1900,0.3967,0.000000,1,1
-1.1333,0.3967,0.000000,1,1
-1.0767,0.3967,0.000000,1,1
-1.0200,0.3967,0.000000,1,1
-0.9633,0.3967,0.000000,1,1
-0.9067,0.3967,0.000000,1,1
-0.8500,0.3967,0.000000,1,1
-0.7933,0.3967,0.000000,1,1
-0.7367,0.3967,0.000000,1,1
-0.6800,0.3967,0.000000,1,1
-0.6233,0.3967,0.000000,1,1
-0.5667,0.3967,0.000000,1,1
-0.5100,0.3967,0.000000,1,1
-0.4533,0.3967,0.000000,1,1
-0.3967,0.3967,0.000000,1,1
-0.3400,0.3967,0.000000,1,1
-0.2833,0.3967,0.000000,1,1
-0.2267,0.3967,0.000000,1,1
-0.1700,0.3967,0.000000,1,1
-0.1133,0.3967,0.000000,1,1
-0.0567,0.3967,0.000000,1,1
0.0000,0.3967,0.000000,1,1
0.0567,0.3967,0.000000,1,1
0.1133,0.3967,0.000000,1,1
0.1700,0.3967,0.000000,1,1
0.2267,0.3967,0.000000,1,1
0.2833,0.3967,0.000000,1,1
0.3400,0.3967,0.000000,1,1
0.3967,0.3967,0.000000,1,1
0.4533,0.3967,0.000000,1,1
0.5100,0.3967,0.000000,1,1
0.5667,0.3967,0.000000,1,1
0.6233,0.3967,0.000000,1,1
0.6800,0.3967,0.000000,1,1
0.7367,0.3967,0.000000,1,1
0.7933,0.3967,0.000000,1,1
0.8500,0.3967,0.000000,1,1
0.9067,0.3967,0.000000,1,1
0.9633,0.3967,0.000000,1,1
1.0200,0.3967,0.000000,1,1
1.0767,0.3967,0.000000,1,1
1.1333,0.3967,0.000000,1,1
1.1900,0.3967,0.000000,1,1
1.2467,0.3967,0.000000,1,1
1.3033,0.3967,0.000000,1,1
1.3600,0.3967,0.000000,1,1
1.4167,0.3967,0.000000,1,1
1.4733,0.3967,0.000000,1,1
1.5300,0.3967,0.000000,1,1
1.5867,0.3967,0.000000,1,1
1.6433,0.3967,0.000000,1,1
1.7000,0.3967,0.045665,120,0
-1.7000,0.4533,0.062721,120,0
-1.6433,0.4533,0.008498,3,1
-1.5867,0.4533,0.000000,1,1
-1.5300,0.4533,0.000000,1,1
-1.4733,0.4533,0.000000,1,1
-1.4167,0.4533,0.000000,1,1
-1.3600,0.4533,0.000000,1,1
-1.3033,0.4533,0.000000,1,1
-1.2467,0.4533,0.000000,1,1
-1.1900,0.4533,0.000000,1,1
-1.1333,0.4533,0.000000,1,1
-1.0767,0.4533,0.000000,1,1
-1.0200,0.4533,0.000000,1,1
-0.9633,0.4533,0.000000,1,1
-0.9067,0.4533,0.000000,1,1
-0.8500,0.4533,0.000000,1,1
-0.7933,0.4533,0.000000,1,1
-0.7367,0.4533,0.000000,1,1
-0.6800,0.4533,0.000000,1,1
-0.6233,0.4533,0.000000,1,1
-0.5667,0.4533,0.000000,1,1
-0.5100,0.4533,0.000000,1,1
-0.4533,0.4533,0.000000,1,1
-0.3967,0.4533,0.000000,1,1
-0.3400,0.4533,0.000000,1,1
-0.2833,0.4533,0.000000,1,1
-0.2267,0.4533,0.000000,1,1
-0.1700,0.4533,0.000000,1,1
-0.1133,0.4533,0.000000,1,1
-0.0567,0.4533,0.000000,1,1
0.0000,0.4533,0.000000,1,1
0.0567,0.4533,0.000000,1,1
0.1133,0.4533,0.000000,1,1
0.1700,0.4533,0.000000,1,1
0.2267,0.4533,0.000000,1,1
0.2833,0.4533,0.000000,1,1
0.3400,0.4533,0.000000,1,1
0.3967,0.4533,0.000000,1,1
0.4533,0.4533,0.000000,1,1
0.5100,0.4533,0.000000,1,1
0.5667,0.4533,0.000000,1,1
0.6233,0.4533,0.000000,1,1
0.6800,0.4533,0.000000,1,1
0.7367,0.4533,0.000000,1,1
0.7933,0.4533,0.000000,1,1
0.8500,0.4533,0.000000,1,1
0.9067,0.4533,0.000000,1,1
0.9633,0.4533,0.000000,1,1
1.0200,0.4533,0.000000,1,1
1.0767,0.4533,0.000000,1,1
1.1333,0.4533,0.000000,1,1
1.1900,0.4533,0.000000,1,1
1.2467,0.4533,0.000000,1,1
1.3033,0.4533,0.000000,1,1
1.3600,0.4533,0.000000,1,1
1.4167,0.4533,0.000000,1,1
1.4733,0.4533,0.000000,1,1
1.5300,0.4533,0.000000,1,1
1.5867,0.4533,0.000000,1,1
1.6433,0.4533,0.004726,1,1
1.7000,0.4533,0.059407,120,0
-1.7000,0.5100,0.075442,120,0
-1.6433,0.5100,0.020862,120,0
-1.5867,0.5100,0.000000,1,1
-1.5300,0.5100,0.000000,1,1
-1.4733,0.5100,0.000000,1,1
-1.4167,0.5100,0.000000,1,1
-1.3600,0.5100,0.000000,1,1
-1.3033,0.5100,0.000000,1,1
-1.2467,0.5100,0.000000,1,1
-1.1900,0.5100,0.000000,1,1
-1.1333,0.5100,0.000000,1,1
-1.0767,0.5100,0.000000,1,1
-1.0200,0.5100,0.000000,1,1
-0.9633,0.5100,0.000000,1,1
-0.9067,0.5100,0.000000,1,1
-0.8500,0.5100,0.000000,1,1
-0.7933,0.5100,0.000000,1,1
-0.7367,0.5100,0.000000,1,1
-0.6800,0.5100,0.000000,1,1
-0.6233,0.5100,0.000000,1,1
-0.5667,0.5100,0.000000,1,1
-0.5100,0.5100,0.000000,1,1
-0.4533,0.5100,0.000000,1,1
-0.3967,0.5100,0.000000,1,1
-0.3400,0.5100,0.000000,1,1
-0.2833,0.5100,0.000000,1,1
-0.2267,0.5100,0.000000,1,1
-0.1700,0.5100,0.000000,1,1
-0.1133,0.5100,0.000000,1,1
-0.0567,0.5100,0.000000,1,1
0.0000,0.5100,0.000000,1,1
0.0567,0.5100,0.000000,1,1
0.1133,0.5100,0.000000,1,1
0.1700,0.5100,0.000000,1,1
0.2267,0.5100,0.000000,1,1
0.2833,0.5100,0.000000,1,1
0.3400,0.5100,0.000000,1,1
0.3967,0.5100,0.000000,1,1
0.4533,0.5100,0.000000,1,1
0.5100,0.5100,0.000000,1,1
0.5667,0.5100,0.000000,1,1
0.6233,0.5100,0.000000,1,1
0.6800,0.5100,0.000000,1,1
0.7367,0.5100,0.000000,1,1
0.7933,0.5100,0.000000,1,1
0.8500,0.5100,0.000000,1,1
0.9067,0.5100,0.000000,1,1
0.9633,0.5100,0.000000,1,1
1.0200,0.5100,0.000000,1,1
1.0767,0.5100,0.000000,1,1
1.1333,0.5100,0.000000,1,1
1.1900,0.5100,0.000000,1,1
1.2467,0.5100,0.000000,1,1
1.3033,0.5100,0.000000,1,1
1.3600,0.5100,0.000000,1,1
1.4167,0.5100,0.000000,1,1
1.4733,0.5100,0.000000,1,1
1.5300,0.5100,0.000000,1,1
1.5867,0.5100,0.000000,1,1
1.6433,0.5100,0.020654,120,0
1.7000,0.5100,0.074852,120,0
-1.7000,0.5667,0.091957,120,0
-1.6433,0.5667,0.038291,120,0
-1.5867,0.5667,0.000000,1,1
-1.5300,0.5667,0.000000,1,1
-1.4733,0.5667,0.000000,1,1
-1.4167,0.5667,0.000000,1,1
-1.3600,0.5667,0.000000,1,1
-1.3033,0.5667,0.000000,1,1
-1.2467,0.5667,0.000000,1,1
-1.1900,0.5667,0.000000,1,1
-1.1333,0.5667,0.000000,1,1
-1.0767,0.5667,0.000000,1,1
-1.0200,0.5667,0.000000,1,1
-0.9633,0.5667,0.000000,1,1
-0.9067,0.5667,0.000000,1,1
-0.8500,0.5667,0.000000,1,1
-0.7933,0.5667,0.000000,1,1
-0.7367,0.5667,0.000000,1,1
-0.6800,0.5667,0.000000,1,1
-0.6233,0.5667,0.000000,1,1
-0.5667,0.5667,0.000000,1,1
-0.5100,0.5667,0.000000,1,1
-0.4533,0.5667,0.000000,1,1
-0.3967,0.5667,0.000000,1,1
-0.3400,0.5667,0.000000,1,1
-0.2833,0.5667,0.000000,1,1
-0.2267,0.5667,0.000000,1,1
-0.1700,0.5667,0.000000,1,1
-0.1133,0.5667,0.000000,1,1
-0.0567,0.5667,0.000000,1,1
0.0000,0.5667,0.000000,1,1
0.0567,0.5667,0.000000,1,1
0.1133,0.5667,0.000000,1,1
0.1700,0.5667,0.000000,1,1
0.2267,0.5667,0.000000,1,1
0.2833,0.5667,0.000000,1,1
0.3400,0.5667,0.000000,1,1
0.3967,0.5667,0.000000,1,1
0.4533,0.5667,0.000000,1,1
0.5100,0.5667,0.000000,1,1
0.5667,0.5667,0.000000,1,1
0.6233,0.5667,0.000000,1,1
0.6800,0.5667,0.000000,1,1
0.7367,0.5667,0.000000,1,1
0.7933,0.5667,0.000000,1,1
0.8500,0.5667,0.000000,1,1
0.9067,0.5667,0.000000,1,1
0.9633,0.5667,0.000000,1,1
1.0200,0.5667,0.000000,1,1
1.0767,0.5667,0.000000,1,1
1.1333,0.5667,0.000000,1,1
1.1900,0.5667,0.000000,1,1
1.2467,0.5667,0.000000,1,1
1.3033,0.5667,0.000000,1,1
1.3600,0.5667,0.000000,1,1
1.4167,0.5667,0.000000,1,1
1.4733,0.5667,0.000000,1,1
1.5300,0.5667,0.000000,1,1
1.5867,0.5667,0.000000,1,1
1.6433,0.5667,0.038291,120,0
1.7000,0.5667,0.091957,120,0
-1.7000,0.6233,0.110675,120,0
-1.6433,0.6233,0.057581,120,0
-1.5867,0.6233,0.004726,1,1
-1.5300,0.6233,0.000000,1,1
-1.4733,0.6233,0.000000,1,1
-1.4167,0.6233,0.000000,1,1
-1.3600,0.6233,0.000000,1,1
-1.3033,0.6233,0.000000,1,1
-1.2467,0.6233,0.000000,1,1
-1.1900,0.6233,0.000000,1,1
-1.1333,0.6233,0.000000,1,1
-1.0767,0.6233,0.000000,1,1
-1.0200,0.6233,0.000000,1,1
-0.9633,0.6233,0.000000,1,1
-0.9067,0.6233,0.000000,1,1
-0.8500,0.6233,0.000000,1,1
-0.7933,0.6233,0.000000,1,1
-0.7367,0.6233,0.000000,1,1
-0.6800,0.6233,0.000000,1,1
-0.6233,0.6233,0.000000,1,1
-0.5667,0.6233,0.000000,1,1
-0.5100,0.6233,0.000000,1,1
-0.4533,0.6233,0.000000,1,1
-0.3967,0.6233,0.000000,1,1
-0.3400,0.6233,0.000000,1,1
-0.2833,0.6233,0.000000,1,1
-0.2267,0.6233,0.000000,1,1
-0.1700,0.6233,0.000000,1,1
-0.1133,0.6233,0.000000,1,1
-0.0567,0.6233,0.000000,1,1
0.0000,0.6233,0.000000,1,1
0.0567,0.6233,0.000000,1,1
0.1133,0.6233,0.000000,1,1
0.1700,0.6233,0.000000,1,1
0.2267,0.6233,0.000000,1,1
0.2833,0.6233,0.000000,1,1
0.3400,0.6233,0.000000,1,1
0.3967,0.6233,0.000000,1,1
0.4533,0.6233,0.000000,1,1
0.5100,0.6233,0.000000,1,1
0.5667,0.6233,0.000000,1,1
0.6233,0.6233,0.000000,1,1
0.6800,0.6233,0.000000,1,1
0.7367,0.6233,0.000000,1,1
0.7933,0.6233,0.000000,1,1
0.8500,0.6233,0.000000,1,1
0.9067,0.6233,0.000000,1,1
0.9633,0.6233,0.000000,1,1
1.0200,0.6233,0.000000,1,1
1.0767,0.6233,0.000000,1,1
1.1333,0.6233,0.000000,1,1
1.1900,0.6233,0.000000,1,1
1.2467,0.6233,0.000000,1,1
1.3033,0.6233,0.000000,1,1
1.3600,0.6233,0.000000,1,1
1.4167,0.6233,0.000000,1,1
1.4733,0.6233,0.000000,1,1
1.5300,0.6233,0.000000,1,1
1.5867,0.6233,0.004726,1,1
1.6433,0.6233,0.057581,120,0
1.7000,0.6233,0.110675,120,0
-1.7000,0.6800,0.130956,120,0
-1.6433,0.6800,0.078467,120,0
-1.5867,0.6800,0.026243,120,0
-1.5300,0.6800,0.000000,1,1
-1.4733,0.6800,0.000000,1,1
-1.4167,0.6800,0.000000,1,1
-1.3600,0.6800,0.000000,1,1
-1.3033,0.6800,0.000000,1,1
-1.2467,0.6800,0.000000,1,1
-1.1900,0.6800,0.000000,1,1
-1.1333,0.6800,0.000000,1,1
-1.0767,0.6800,0.000000,1,1
-1.0200,0.6800,0.000000,1,1
-0.9633,0.6800,0.000000,1,1
-0.9067,0.6800,0.000000,1,1
-0.8500,0.6800,0.000000,1,1
-0.7933,0.6800,0.000000,1,1
-0.7367,0.6800,0.000000,1,1
-0.6800,0.6800,0.000000,1,1
-0.6233,0.6800,0.000000,1,1
-0.5667,0.6800,0.000000,1,1
-0.5100,0.6800,0.000000,1,1
-0.4533,0.6800,0.000000,1,1
-0.3967,0.6800,0.000000,1,1
-0.3400,0.6800,0.000000,1,1
-0.2833,0.6800,0.000000,1,1
-0.2267,0.6800,0.000000,1,1
-0.1700,0.6800,0.000000,1,1
-0.1133,0.6800,0.000000,1,1
-0.0567,0.6800,0.000000,1,1
0.0000,0.6800,0.000000,1,1
0.0567,0.6800,0.000000,1,1
0.1133,0.6800,0.000000,1,1
0.1700,0.6800,0.000000,1,1
0.2267,0.6800,0.000000,1,1
0.2833,0.6800,0.000000,1,1
0.3400,0.6800,0.000000,1,1
0.3967,0.6800,0.000000,1,1
0.4533,0.6800,0.000000,1,1
0.5100,0.6800,0.000000,1,1
0.5667,0.6800,0.000000,1,1
0.6233,0.6800,0.000000,1,1
0.6800,0.6800,0.000000,1,1
0.7367,0.6800,0.000000,1,1
0.7933,0.6800,0.000000,1,1
0.8500,0.6800,0.000000,1,1
0.9067,0.6800,0.000000,1,1
0.9633,0.6800,0.000000,1,1
1.0200,0.6800,0.000000,1,1
1.0767,0.6800,0.000000,1,1
1.1333,0.6800,0.000000,1,1
1.1900,0.6800,0.000000,1,1
1.2467,0.6800,0.000000,1,1
1.3033,0.6800,0.000000,1,1
1.3600,0.6800,0.000000,1,1
1.4167,0.6800,0.000000,1,1
1.4733,0.6800,0.000000,1,1
1.5300,0.6800,0.000000,1,1
1.5867,0.6800,0.026243,120,0
1.6433,0.6800,0.078467,120,0
1.7000,0.6800,0.130956,120,0
-1.7000,0.7367,0.152749,120,0
-1.6433,0.7367,0.100895,120,0
-1.5867,0.7367,0.049340,120,0
-1.5300,0.7367,0.000000,1,1
-1.4733,0.7367,0.000000,1,1
-1.4167,0.7367,0.000000,1,1
-1.3600,0.7367,0.000000,1,1
-1.3033,0.7367,0.000000,1,1
-1.2467,0.7367,0.000000,1,1
-1.1900,0.7367,0.000000,1,1
-1.1333,0.7367,0.000000,1,1
-1.0767,0.7367,0.000000,1,1
-1.0200,0.7367,0.000000,1,1
-0.9633,0.7367,0.000000,1,1
-0.9067,0.7367,0.000000,1,1
-0.8500,0.7367,0.000000,1,1
-0.7933,0.7367,0.000000,1,1
-0.7367,0.7367,0.000000,1,1
-0.6800,0.7367,0.000000,1,1
-0.6233,0.7367,0.000000,1,1
-0.5667,0.7367,0.000000,1,1
-0.5100,0.7367,0.000000,1,1
-0.4533,0.7367,0.000000,1,1
-0.3967,0.7367,0.000000,1,1
-0.3400,0.7367,0.000000,1,1
-0.2833,0.7367,0.000000,1,1
-0.2267,0.7367,0.000000,1,1
-0.1700,0.7367,0.000000,1,1
-0.1133,0.7367,0.000000,1,1
-0.0567,0.7367,0.000000,1,1
0.0000,0.7367,0.000000,1,1
0.0567,0.7367,0.000000,1,1
0.1133,0.7367,0.000000,1,1
0.1700,0.7367,0.000000,1,1
0.2267,0.7367,0.000000,1,1
0.2833,0.7367,0.000000,1,1
0.3400,0.7367,0.000000,1,1
0.3967,0.7367,0.000000,1,1
0.4533,0.7367,0.000000,1,1
0.5100,0.7367,0.000000,1,1
0.5667,0.7367,0.000000,1,1
0.6233,0.7367,0.000000,1,1
0.6800,0.7367,0.000000,1,1
0.7367,0.7367,0.000000,1,1
0.7933,0.7367,0.000000,1,1
0.8500,0.7367,0.000000,1,1
0.9067,0.7367,0.000000,1,1
0.9633,0.7367,0.000000,1,1
1.0200,0.7367,0.000000,1,1
1.0767,0.7367,0.000000,1,1
1.1333,0.7367,0.000000,1,1
1.1900,0.7367,0.000000,1,1
1.2467,0.7367,0.000000,1,1
1.3033,0.7367,0.000000,1,1
1.3600,0.7367,0.000000,1,1
1.4167,0.7367,0.000000,1,1
1.4733,0.7367,0.000000,1,1
1.5300,0.7367,0.000000,1,1
1.5867,0.7367,0.049340,120,0
1.6433,0.7367,0.100895,120,0
1.7000,0.7367,0.152749,120,0
-1.7000,0.7933,0.176000,120,0
-1.6433,0.7933,0.124807,120,0
-1.5867,0.7933,0.073947,120,0
-1.5300,0.7933,0.023451,120,0
-1.4733,0.7933,0.000000,1,1
-1.4167,0.7933,0.000000,1,1
-1.3600,0.7933,0.000000,1,1
-1.3033,0.7933,0.000000,1,1
-1.2467,0.7933,0.000000,1,1
-1.1900,0.7933,0.000000,1,1
-1.1333,0.7933,0.000000,1,1
-1.0767,0.7933,0.000000,1,1
-1.0200,0.7933,0.000000,1,1
-0.9633,0.7933,0.000000,1,1
-0.9067,0.7933,0.000000,1,1
-0.8500,0.7933,0.000000,1,1
-0.7933,0.7933,0.000000,1,1
-0.7367,0.7933,0.000000,1,1
-0.6800,0.7933,0.000000,1,1
-0.6233,0.7933,0.000000,1,1
-0.5667,0.7933,0.000000,1,1
-0.5100,0.7933,0.000000,1,1
-0.4533,0.7933,0.000000,1,1
-0.3967,0.7933,0.000000,1,1
-0.3400,0.7933,0.000000,1,1
-0.2833,0.7933,0.000000,1,1
-0.2267,0.7933,0.000000,1,1
-0.1700,0.7933,0.000000,1,1
-0.1133,0.7933,0.000000,1,1
-0.0567,0.7933,0.000000,1,1
0.0000,0.7933,0.000000,1,1
0.0567,0.7933,0.000000,1,1
0.1133,0.7933,0.000000,1,1
0.1700,0.7933,0.000000,1,1
0.2267,0.7933,0.000000,1,1
0.2833,0.7933,0.000000,1,1
0.3400,0.7933,0.000000,1,1
0.3967,0.7933,0.000000,1,1
0.4533,0.7933,0.000000,1,1
0.5100,0.7933,0.000000,1,1
0.5667,0.7933,0.000000,1,1
0.6233,0.7933,0.000000,1,1
0.6800,0.7933,0.000000,1,1
0.7367,0.7933,0.000000,1,1
0.7933,0.7933,0.000000,1,1
0.8500,0.7933,0.000000,1,1
0.9067,0.7933,0.000000,1,1
0.9633,0.7933,0.000000,1,1
1.0200,0.7933,0.000000,1,1
1.0767,0.7933,0.000000,1,1
1.1333,0.7933,0.000000,1,1
1.1900,0.7933,0.000000,1,1
1.2467,0.7933,0.000000,1,1
1.3033,0.7933,0.000000,1,1
1.3600,0.7933,0.000000,1,1
1.4167,0.7933,0.000000,1,1
1.4733,0.7933,0.000000,1,1
1.5300,0.7933,0.023451,120,0
1.5867,0.7933,0.073947,120,0
1.6433,0.7933,0.124807,120,0
1.7000,0.7933,0.176000,120,0
-1.7000,0.8500,0.200658,120,0
-1.6433,0.8500,0.150147,120,0
-1.5867,0.8500,0.100003,120,0
-1.5300,0.8500,0.050257,120,0
-1.4733,0.8500,0.000954,1,1
-1.4167,0.8500,0.000000,1,1
-1.3600,0.8500,0.000000,1,1
-1.3033,0.8500,0.000000,1,1
-1.2467,0.8500,0.000000,1,1
-1.1900,0.8500,0.000000,1,1
-1.1333,0.8500,0.000000,1,1
-1.0767,0.8500,0.000000,1,1
-1.0200,0.8500,0.000000,1,1
-0.9633,0.8500,0.000000,1,1
-0.9067,0.8500,0.000000,1,1
-0.8500,0.8500,0.000000,1,1
-0.7933,0.8500,0.000000,1,1
-0.7367,0.8500,0.000000,1,1
-0.6800,0.8500,0.000000,1,1
-0.6233,0.8500,0.000000,1,1
-0.5667,0.8500,0.000000,1,1
-0.5100,0.8500,0.000000,1,1
-0.4533,0.8500,0.000000,1,1
-0.3967,0.8500,0.000000,1,1
-0.3400,0.8500,0.000000,1,1
-0.2833,0.8500,0.000000,1,1
-0.2267,0.8500,0.000000,1,1
-0.1700,0.8500,0.000000,1,1
-0.1133,0.8500,0.000000,1,1
-0.0567,0.8500,0.000000,1,1
0.0000,0.8500,0.000000,1,1
0.0567,0.8500,0.000000,1,1
0.1133,0.8500,0.000000,1,1
0.1700,0.8500,0.000000,1,1
0.2267,0.8500,0.000000,1,1
0.2833,0.8500,0.000000,1,1
0.3400,0.8500,0.000000,1,1
0.3967,0.8500,0.000000,1,1
0.4533,0.8500,0.000000,1,1
0.5100,0.8500,0.000000,1,1
0.5667,0.8500,0.000000,1,1
0.6233,0.8500,0.000000,1,1
0.6800,0.8500,0.000000,1,1
0.7367,0.8500,0.000000,1,1
0.7933,0.8500,0.000000,1,1
0.8500,0.8500,0.000000,1,1
0.9067,0.8500,0.000000,1,1
0.9633,0.8500,0.000000,1,1
1.0200,0.8500,0.000000,1,1
1.0767,0.8500,0.000000,1,1
1.1333,0.8500,0.000000,1,1
1.1900,0.8500,0.000000,1,1
1.2467,0.8500,0.000000,1,1
1.3033,0.8500,0.000000,1,1
1.3600,0.8500,0.000000,1,1
1.4167,0.8500,0.000000,1,1
1.4733,0.8500,0.000954,1,1
1.5300,0.8500,0.050257,120,0
1.5867,0.8500,0.100003,120,0
1.6433,0.8500,0.150147,120,0
1.7000,0.8500,0.200658,120,0
-1.7000,0.9067,0.226667,120,0
-1.6433,0.9067,0.176856,120,0
-1.5867,0.9067,0.127445,120,0
-1.5300,0.9067,0.078467,120,0
-1.4733,0.9067,0.029959,120,0
-1.4167,0.9067,0.000000,1,1
-1.3600,0.9067,0.000000,1,1
-1.3033,0.9067,0.000000,1,1
-1.2467,0.9067,0.000000,1,1
-1.1900,0.9067,0.000000,1,1
-1.1333,0.9067,0.000000,1,1
-1.0767,0.9067,0.000000,1,1
-1.0200,0.9067,0.000000,1,1
-0.9633,0.9067,0.000000,1,1
-0.9067,0.9067,0.000000,1,1
-0.8500,0.9067,0.000000,1,1
-0.7933,0.9067,0.000000,1,1
-0.7367,0.9067,0.000000,1,1
-0.6800,0.9067,0.000000,1,1
-0.6233,0.9067,0.000000,1,1
-0.5667,0.9067,0.000000,1,1
-0.5100,0.9067,0.000000,1,1
-0.4533,0.9067,0.000000,1,1
-0.3967,0.9067,0.000000,1,1
-0.3400,0.9067,0.000000,1,1
-0.2833,0.9067,0.000000,1,1
-0.2267,0.9067,0.000000,1,1
-0.1700,0.9067,0.000000,1,1
-0.1133,0.9067,0.000000,1,1
-0.0567,0.9067,0.000000,1,1
0.0000,0.9067,0.000000,1,1
0.0567,0.9067,0.000000,1,1
0.1133,0.9067,0.000000,1,1
0.1700,0.9067,0.000000,1,1
0.2267,0.9067,0.000000,1,1
0.2833,0.9067,0.000000,1,1
0.3400,0.9067,0.000000,1,1
0.3967,0.9067,0.000000,1,1
0.4533,0.9067,0.000000,1,1
0.5100,0.9067,0.000000,1,1
0.5667,0.9067,0.000000,1,1
0.6233,0.9067,0.000000,1,1
0.6800,0.9067,0.000000,1,1
0.7367,0.9067,0.000000,1,1
0.7933,0.9067,0.000000,1,1
0.8500,0.9067,0.000000,1,1
0.9067,0.9067,0.000000,1,1
0.9633,0.9067,0.000000,1,1
1.0200,0.9067,0.000000,1,1
1.0767,0.9067,0.000000,1,1
1.1333,0.9067,0.000000,1,1
1.1900,0.9067,0.000000,1,1
1.2467,0.9067,0.000000,1,1
1.3033,0.9067,0.000000,1,1
1.3600,0.9067,0.000000,1,1
1.4167,0.9067,0.000000,1,1
1.4733,0.9067,0.029959,120,0
1.5300,0.9067,0.078467,120,0
1.5867,0.9067,0.127445,120,0
1.6433,0.9067,0.176856,120,0
1.7000,0.9067,0.226667,120,0
-1.7000,0.9633,0.253973,120,0
-1.6433,0.9633,0.204877,120,0
-1.5867,0.9633,0.156212,120,0
-1.5300,0.9633,0.108013,120,0
-1.4733,0.9633,0.060319,120,0
-1.4167,0.9633,0.013174,120,0
-1.3600,0.9633,0.000000,1,1
-1.3033,0.9633,0.000000,1,1
-1.2467,0.9633,0.000000,1,1
-1.1900,0.9633,0.000000,1,1
-1.1333,0.9633,0.000000,1,1
-1.0767,0.9633,0.000000,1,1
-1.0200,0.9633,0.000000,1,1
-0.9633,0.9633,0.000000,1,1
-0.9067,0.9633,0.000000,1,1
-0.8500,0.9633,0.000000,1,1
-0.7933,0.9633,0.000000,1,1
-0.7367,0.9633,0.000000,1,1
-0.6800,0.9633,0.000000,1,1
-0.6233,0.9633,0.000000,1,1
-0.5667,0.9633,0.000000,1,1
-0.5100,0.9633,0.000000,1,1
-0.4533,0.9633,0.000000,1,1
-0.3967,0.9633,0.000000,1,1
-0.3400,0.9633,0.000000,1,1
-0.2833,0.9633,0.000000,1,1
-0.2267,0.9633,0.000000,1,1
-0.1700,0.9633,0.000000,1,1
-0.1133,0.9633,0.000000,1,1
-0.0567,0.9633,0.000000,1,1
0.0000,0.9633,0.000000,1,1
0.0567,0.9633,0.000000,1,1
0.1133,0.9633,0.000000,1,1
0.1700,0.9633,0.000000,1,1
0.2267,0.9633,0.000000,1,1
0.2833,0.9633,0.000000,1,1
0.3400,0.9633,0.000000,1,1
0.3967,0.9633,0.000000,1,1
0.4533,0.9633,0.000000,1,1
0.5100,0.9633,0.000000,1,1
0.5667,0.9633,0.000000,1,1
0.6233,0.9633,0.000000,1,1
0.6800,0.9633,0.000000,1,1
0.7367,0.9633,0.000000,1,1
0.7933,0.9633,0.000000,1,1
0.8500,0.9633,0.000000,1,1
0.9067,0.9633,0.000000,1,1
0.9633,0.9633,0.000000,1,1
1.0200,0.9633,0.000000,1,1
1.0767,0.9633,0.000000,1,1
1.1333,0.9633,0.000000,1,1
1.1900,0.9633,0.000000,1,1
1.2467,0.9633,0.000000,1,1
1.3033,0.9633,0.000000,1,1
1.3600,0.9633,0.000000,1,1
1.4167,0.9633,0.013174,120,0
1.4733,0.9633,0.060319,120,0
1.5300,0.9633,0.108013,120,0
1.5867,0.9633,0.156212,120,0
1.6433,0.9633,0.204877,120,0
1.7000,0.9633,0.253973,120,0
-1.7000,1.0200,0.282524,120,0
-1.6433,1.0200,0.234152,120,0
-1.5867,1.0200,0.186243,120,0
-1.5300,1.0200,0.138831,120,0
-1.4733,1.0200,0.091957,120,0
-1.4167,1.0200,0.045665,120,0
-1.3600,1.0200,0.000010,1,1
-1.3033,1.0200,0.000000,1,1
-1.2467,1.0200,0.000000,1,1
-1.1900,1.0200,0.000000,1,1
-1.1333,1.0200,0.000000,1,1
-1.0767,1.0200,0.000000,1,1
-1.0200,1.0200,0.000000,1,1
-0.9633,1.0200,0.000000,1,1
-0.9067,1.0200,0.000000,1,1
-0.8500,1.0200,0.000000,1,1
-0.7933,1.0200,0.000000,1,1
-0.7367,1.0200,0.000000,1,1
-0.6800,1.0200,0.000000,1,1
-0.6233,1.0200,0.000000,1,1
-0.5667,1.0200,0.000000,1,1
-0.5100,1.0200,0.000000,1,1
-0.4533,1.0200,0.000000,1,1
-0.3967,1.0200,0.000000,1,1
-0.3400,1.0200,0.000000,1,1
-0.2833,1.0200,0.000000,1,1
-0.2267,1.0200,0.000000,1,1
-0.1700,1.0200,0.000000,1,1
-0.1133,1.0200,0.000000,1,1
-0.0567,1.0200,0.000000,1,1
0.0000,1.0200,0.000000,1,1
0.0567,1.0200,0.000000,1,1
0.1133,1.0200,0.000000,1,1
0.1700,1.0200,0.000000,1,1
0.2267,1.0200,0.000000,1,1
0.2833,1.0200,0.000000,1,1
0.3400,1.0200,0.000000,1,1
0.3967,1.0200,0.000000,1,1
0.4533,1.0200,0.000000,1,1
0.5100,1.0200,0.000000,1,1
0.5667,1.0200,0.000000,1,1
0.6233,1.0200,0.000000,1,1
0.6800,1.0200,0.000000,1,1
0.7367,1.0200,0.000000,1,1
0.7933,1.0200,0.000000,1,1
0.8500,1.0200,0.000000,1,1
0.9067,1.0200,0.000000,1,1
0.9633,1.0200,0.000000,1,1
1.0200,1.0200,0.000000,1,1
1.0767,1.0200,0.000000,1,1
1.1333,1.0200,0.000000,1,1
1.1900,1.0200,0.000000,1,1
1.2467,1.0200,0.000000,1,1
1.3033,1.0200,0.000000,1,1
1.3600,1.0200,0.000010,1,1
1.4167,1.0200,0.045665,120,0
1.4733,1.0200,0.091957,120,0
1.5300,1.0200,0.138831,120,0
1.5867,1.0200,0.186243,120,0
1.6433,1.0200,0.234152,120,0
1.7000,1.0200,0.282524,120,0
-1.7000,1.0767,0.312265,120,0
-1.6433,1.0767,0.264626,120,0
-1.5867,1.0767,0.217478,120,0
-1.5300,1.0767,0.170858,120,0
-1.4733,1.0767,0.124807,120,0
-1.4167,1.0767,0.079369,120,0
-1.3600,1.0767,0.034593,120,0
-1.3033,1.0767,0.000000,1,1
-1.2467,1.0767,0.000000,1,1
-1.1900,1.0767,0.000000,1,1
-1.1333,1.0767,0.000000,1,1
-1.0767,1.0767,0.000000,1,1
-1.0200,1.0767,0.000000,1,1
-0.9633,1.0767,0.000000,1,1
-0.9067,1.0767,0.000000,1,1
-0.8500,1.0767,0.000000,1,1
-0.7933,1.0767,0.000000,1,1
-0.7367,1.0767,0.000000,1,1
-0.6800,1.0767,0.000000,1,1
-0.6233,1.0767,0.000000,1,1
-0.5667,1.0767,0.000000,1,1
-0.5100,1.0767,0.000000,1,1
-0.4533,1.0767,0.000000,1,1
-0.3967,1.0767,0.000000,1,1
-0.3400,1.0767,0.000000,1,1
-0.2833,1.0767,0.000000,1,1
-0.2267,1.0767,0.000000,1,1
-0.1700,1.0767,0.000000,1,1
-0.1133,1.0767,0.000000,1,1
-0.0567,1.0767,0.000000,1,1
0.0000,1.0767,0.000000,1,1
0.0567,1.0767,0.000000,1,1
0.1133,1.0767,0.000000,1,1
0.1700,1.0767,0.000000,1,1
0.2267,1.0767,0.000000,1,1
0.2833,1.0767,0.000000,1,1
0.3400,1.0767,0.000000,1,1
0.3967,1.0767,0.000000,1,1
0.4533,1.0767,0.000000,1,1
0.5100,1.0767,0.000000,1,1
0.5667,1.0767,0.000000,1,1
0.6233,1.0767,0.000000,1,1
0.6800,1.0767,0.000000,1,1
0.7367,1.0767,0.000000,1,1
0.7933,1.0767,0.000000,1,1
0.8500,1.0767,0.000000,1,1
0.9067,1.0767,0.000000,1,1
0.9633,1.0767,0.000000,1,1
1.0200,1.0767,0.000000,1,1
1.0767,1.0767,0.000000,1,1
1.1333,1.0767,0.000000,1,1
1.1900,1.0767,0.000000,1,1
1.2467,1.0767,0.000000,1,1
1.3033,1.0767,0.000000,1,1
1.3600,1.0767,0.034593,120,0
1.4167,1.0767,0.079369,120,0
1.4733,1.0767,0.124807,120,0
1.5300,1.0767,0.170858,120,0
1.5867,1.0767,0.217478,120,0
1.6433,1.0767,0.264626,120,0
1.7000,1.0767,0.312265,120,0
-1.7000,1.1333,0.343146,120,0
-1.6433,1.1333,0.296244,120,0
-1.5867,1.1333,0.249860,120,0
-1.5300,1.1333,0.204034,120,0
-1.4733,1.1333,0.158805,120,0
-1.4167,1.1333,0.114219,120,0
-1.3600,1.1333,0.070323,120,0
-1.3033,1.1333,0.027173,120,0
-1.2467,1.1333,0.000000,1,1
-1.1900,1.1333,0.000000,1,1
-1.1333,1.1333,0.000000,1,1
-1.0767,1.1333,0.000000,1,1
-1.0200,1.1333,0.000000,1,1
-0.9633,1.1333,0.000000,1,1
-0.9067,1.1333,0.000000,1,1
-0.8500,1.1333,0.000000,1,1
-0.7933,1.1333,0.000000,1,1
-0.7367,1.1333,0.000000,1,1
-0.6800,1.1333,0.000000,1,1
-0.6233,1.1333,0.000000,1,1
-0.5667,1.1333,0.000000,1,1
-0.5100,1.1333,0.000000,1,1
-0.4533,1.1333,0.000000,1,1
-0.3967,1.1333,0.000000,1,1
-0.3400,1.1333,0.000000,1,1
-0.2833,1.1333,0.000000,1,1
-0.2267,1.1333,0.000000,1,1
-0.1700,1.1333,0.000000,1,1
-0.1133,1.1333,0.000000,1,1
-0.0567,1.1333,0.000000,1,1
0.0000,1.1333,0.000000,1,1
0.0567,1.1333,0.000000,1,1
0.1133,1.1333,0.000000,1,1
0.1700,1.1333,0.000000,1,1
0.2267,1.1333,0.000000,1,1
0.2833,1.1333,0.000000,1,1
0.3400,1.1333,0.000000,1,1
0.3967,1.1333,0.000000,1,1
0.4533,1.1333,0.000000,1,1
0.5100,1.1333,0.000000,1,1
0.5667,1.1333,0.000000,1,1
0.6233,1.1333,0.000000,1,1
0.6800,1.1333,0.000000,1,1
0.7367,1.1333,0.000000,1,1
0.7933,1.1333,0.000000,1,1
0.8500,1.1333,0.000000,1,1
0.9067,1.1333,0.000000,1,1
0.9633,1.1333,0.000000,1,1
1.0200,1.1333,0.000000,1,1
1.0767,1.1333,0.000000,1,1
1.1333,1.1333,0.000000,1,1
1.1900,1.1333,0.000000,1,1
1.2467,1.1333,0.000000,1,1
1.3033,1.1333,0.027173,120,0
1.3600,1.1333,0.070323,120,0
1.4167,1.1333,0.114219,120,0
1.4733,1.1333,0.158805,120,0
1.5300,1.1333,0.204034,120,0
1.5867,1.1333,0.249860,120,0
1.6433,1.1333,0.296244,120,0
1.7000,1.1333,0.343146,120,0
-1.7000,1.1900,0.375114,120,0
-1.6433,1.1900,0.328952,120,0
-1.5867,1.1900,0.283333,120,0
-1.5300,1.1900,0.238298,120,0
-1.4733,1.1900,0.193888,120,0
-1.4167,1.1900,0.150147,120,0
-1.3600,1.1900,0.107125,120,0
-1.3033,1.1900,0.064873,120,0
-1.2467,1.1900,0.023451,120,0
-1.1900,1.1900,0.000000,1,1
-1.1333,1.1900,0.000000,1,1
-1.0767,1.1900,0.000000,1,1
-1.0200,1.1900,0.000000,1,1
-0.9633,1.1900,0.000000,1,1
-0.9067,1.1900,0.000000,1,1
-0.8500,1.1900,0.000000,1,1
-0.7933,1.1900,0.000000,1,1
-0.7367,1.1900,0.000000,1,1
-0.6800,1.1900,0.000000,1,1
-0.6233,1.1900,0.000000,1,1
-0.5667,1.1900,0.000000,1,1
-0.5100,1.1900,0.000000,1,1
-0.4533,1.1900,0.000000,1,1
-0.3967,1.1900,0.000000,1,1
-0.3400,1.1900,0.000000,1,1
-0.2833,1.1900,0.000000,1,1
-0.2267,1.1900,0.000000,1,1
-0.1700,1.1900,0.000000,1,1
-0.1133,1.1900,0.000000,1,1
-0.0567,1.1900,0.000000,1,1
0.0000,1.1900,0.000000,1,1
0.0567,1.1900,0.000000,1,1
0.1133,1.1900,0.000000,1,1
0.1700,1.1900,0.000000,1,1
0.2267,1.1900,0.000000,1,1
0.2833,1.1900,0.000000,1,1
0.3400,1.1900,0.000000,1,1
0.3967,1.1900,0.000000,1,1
0.4533,1.1900,0.000000,1,1
0.5100,1.1900,0.000000,1,1
0.5667,1.1900,0.000000,1,1
0.6233,1.1900,0.000000,1,1
0.6800,1.1900,0.000000,1,1
0.7367,1.1900,0.000000,1,1
0.7933,1.1900,0.000000,1,1
0.8500,1.1900,0.000000,1,1
0.9067,1.1900,0.000000,1,1
0.9633,1.1900,0.000000,1,1
1.0200,1.1900,0.000000,1,1
1.0767,1.1900,0.000000,1,1
1.1333,1.1900,0.000000,1,1
1.1900,1.1900,0.000000,1,1
1.2467,1.1900,0.023451,120,0
1.3033,1.1900,0.064873,120,0
1.3600,1.1900,0.107125,120,0
1.4167,1.1900,0.150147,120,0
1.4733,1.1900,0.193888,120,0
1.5300,1.1900,0.238298,120,0
1.5867,1.1900,0.283333,120,0
1.6433,1.1900,0.328952,120,0
1.7000,1.1900,0.375114,120,0
-1.7000,1.2467,0.408122,120,0
-1.6433,1.2467,0.362698,120,0
-1.5867,1.2467,0.317843,120,0
-1.5300,1.2467,0.273595,120,0
-1.4733,1.2467,0.229997,120,0
-1.4167,1.2467,0.187094,120,0
-1.3600,1.2467,0.144933,120,0
-1.3033,1.2467,0.103567,120,0
-1.2467,1.2467,0.063053,120,0
-1.1900,1.2467,0.023451,120,0
-1.1333,1.2467,0.000000,1,1
-1.0767,1.2467,0.000000,1,1
-1.0200,1.2467,0.000000,1,1
-0.9633,1.2467,0.000000,1,1
-0.9067,1.2467,0.000000,1,1
-0.8500,1.2467,0.000000,1,1
-0.7933,1.2467,0.000000,1,1
-0.7367,1.2467,0.000000,1,1
-0.6800,1.2467,0.000000,1,1
-0.6233,1.2467,0.000000,1,1
-0.5667,1.2467,0.000000,1,1
-0.5100,1.2467,0.000000,1,1
-0.4533,1.2467,0.000000,1,1
-0.3967,1.2467,0.000000,1,1
-0.3400,1.2467,0.000000,1,1
-0.2833,1.2467,0.000000,1,1
-0.2267,1.2467,0.000000,1,1
-0.1700,1.2467,0.000000,1,1
-0.1133,1.2467,0.000000,1,1
-0.0567,1.2467,0.000000,1,1
0.0000,1.2467,0.000000,1,1
0.0567,1.2467,0.000000,1,1
0.1133,1.2467,0.000000,1,1
0.1700,1.2467,0.000000,1,1
0.2267,1.2467,0.000000,1,1
0.2833,1.2467,0.000000,1,1
0.3400,1.2467,0.000000,1,1
0.3967,1.2467,0.000000,1,1
0.4533,1.2467,0.000000,1,1
0.5100,1.2467,0.000000,1,1
0.5667,1.2467,0.000000,1,1
0.6233,1.2467,0.000000,1,1
0.6800,1.2467,0.000000,1,1
0.7367,1.2467,0.000000,1,1
0.7933,1.2467,0.000000,1,1
0.8500,1.2467,0.000000,1,1
0.9067,1.2467,0.000000,1,1
0.9633,1.2467,0.000000,1,1
1.0200,1.2467,0.000000,1,1
1.0767,1.2467,0.000000,1,1
1.1333,1.2467,0.000000,1,1
1.1900,1.2467,0.023451,120,0
1.2467,1.2467,0.063053,120,0
1.3033,1.2467,0.103567,120,0
1.3600,1.2467,0.144933,120,0
1.4167,1.2467,0.187094,120,0
1.4733,1.2467,0.229997,120,0
1.5300,1.2467,0.273595,120,0
1.5867,1.2467,0.317843,120,0
1.6433,1.2467,0.362698,120,0
1.7000,1.2467,0.408122,120,0
-1.7000,1.3033,0.442120,120,0
-1.6433,1.3033,0.397432,120,0
-1.5867,1.3033,0.353336,120,0
-1.5300,1.3033,0.309870,120,0
-1.4733,1.3033,0.267076,120,0
-1.4167,1.3033,0.224999,120,0
-1.3600,1.3033,0.183687,120,0
-1.3033,1.3033,0.143192,120,0
-1.2467,1.3033,0.103567,120,0
-1.1900,1.3033,0.064873,120,0
-1.1333,1.3033,0.027173,120,0
-1.0767,1.3033,0.000000,1,1
-1.0200,1.3033,0.000000,1,1
-0.9633,1.3033,0.000000,1,1
-0.9067,1.3033,0.000000,1,1
-0.8500,1.3033,0.000000,1,1
-0.7933,1.3033,0.000000,1,1
-0.7367,1.3033,0.000000,1,1
-0.6800,1.3033,0.000000,1,1
-0.6233,1.3033,0.000000,1,1
-0.5667,1.3033,0.000000,1,1
-0.5100,1.3033,0.000000,1,1
-0.4533,1.3033,0.000000,1,1
-0.3967,1.3033,0.000000,1,1
-0.3400,1.3033,0.000000,1,1
-0.2833,1.3033,0.000000,1,1
-0.2267,1.3033,0.000000,1,1
-0.1700,1.3033,0.000000,1,1
-0.1133,1.3033,0.000000,1,1
-0.0567,1.3033,0.000000,1,1
0.0000,1.3033,0.000000,1,1
0.0567,1.3033,0.000000,1,1
0.1133,1.3033,0.000000,1,1
0.1700,1.3033,0.000000,1,1
0.2267,1.3033,0.000000,1,1
0.2833,1.3033,0.000000,1,1
0.3400,1.3033,0.000000,1,1
0.3967,1.3033,0.000000,1,1
0.4533,1.3033,0.000000,1,1
0.5100,1.3033,0.000000,1,1
0.5667,1.3033,0.000000,1,1
0.6233,1.3033,0.000000,1,1
0.6800,1.3033,0.000000,1,1
0.7367,1.3033,0.000000,1,1
0.7933,1.3033,0.000000,1,1
0.8500,1.3033,0.000000,1,1
0.9067,1.3033,0.000000,1,1
0.9633,1.3033,0.000000,1,1
1.0200,1.3033,0.000000,1,1
1.0767,1.3033,0.000000,1,1
1.1333,1.3033,0.027173,120,0
1.1900,1.3033,0.064873,120,0
1.2467,1.3033,0.103567,120,0
1.3033,1.3033,0.143192,120,0
1.3600,1.3033,0.183687,120,0
1.4167,1.3033,0.224999,120,0
1.4733,1.3033,0.267076,120,0
1.5300,1.3033,0.309870,120,0
1.5867,1.3033,0.353336,120,0
1.6433,1.3033,0.397432,120,0
1.7000,1.3033,0.442120,120,0
-1.7000,1.3600,0.477062,120,0
-1.6433,1.3600,0.433107,120,0
-1.5867,1.3600,0.389763,120,0
-1.5300,1.3600,0.347071,120,0
-1.4733,1.3600,0.305071,120,0
-1.4167,1.3600,0.263809,120,0
-1.3600,1.3600,0.223330,120,0
-1.3033,1.3600,0.183687,120,0
-1.2467,1.3600,0.144933,120,0
-1.1900,1.3600,0.107125,120,0
-1.1333,1.3600,0.070323,120,0
-1.0767,1.3600,0.034593,120,0
-1.0200,1.3600,0.000010,1,1
-0.9633,1.3600,0.000000,1,1
-0.9067,1.3600,0.000000,1,1
-0.8500,1.3600,0.000000,1,1
-0.7933,1.3600,0.000000,1,1
-0.7367,1.3600,0.000000,1,1
-0.6800,1.3600,0.000000,1,1
-0.6233,1.3600,0.000000,1,1
-0.5667,1.3600,0.000000,1,1
-0.5100,1.3600,0.000000,1,1
-0.4533,1.3600,0.000000,1,1
-0.3967,1.3600,0.000000,1,1
-0.3400,1.3600,0.000000,1,1
-0.2833,1.3600,0.000000,1,1
-0.2267,1.3600,0.000000,1,1
-0.1700,1.3600,0.000000,1,1
-0.1133,1.3600,0.000000,1,1
-0.0567,1.3600,0.000000,1,1
0.0000,1.3600,0.000000,1,1
0.0567,1.3600,0.000000,1,1
0.1133,1.3600,0.000000,1,1
0.1700,1.3600,0.000000,1,1
0.2267,1.3600,0.000000,1,1
0.2833,1.3600,0.000000,1,1
0.3400,1.3600,0.000000,1,1
0.3967,1.3600,0.000000,1,1
0.4533,1.3600,0.000000,1,1
0.5100,1.3600,0.000000,1,1
0.5667,1.3600,0.000000,1,1
0.6233,1.3600,0.000000,1,1
0.6800,1.3600,0.000000,1,1
0.7367,1.3600,0.000000,1,1
0.7933,1.3600,0.000000,1,1
0.8500,1.3600,0.000000,1,1
0.9067,1.3600,0.000000,1,1
0.9633,1.3600,0.000000,1,1
1.0200,1.3600,0.000010,1,1
1.0767,1.3600,0.034593,120,0
1.1333,1.3600,0.070323,120,0
1.1900,1.3600,0.107125,120,0
1.2467,1.3600,0.144933,120,0
1.3033,1.3600,0.183687,120,0
1.3600,1.3600,0.223330,120,0
1.4167,1.3600,0.263809,120,0
1.4733,1.3600,0.305071,120,0
1.5300,1.3600,0.347071,120,0
1.5867,1.3600,0.389763,120,0
1.6433,1.3600,0.433107,120,0
1.7000,1.3600,0.477062,120,0
-1.7000,1.4167,0.512904,120,0
-1.6433,1.4167,0.469675,120,0
-1.5867,1.4167,0.427077,120,0
-1.5300,1.4167,0.385149,120,0
-1.4733,1.4167,0.343931,120,0
-1.4167,1.4167,0.303469,120,0
-1.3600,1.4167,0.263809,120,0
-1.3033,1.4167,0.224999,120,0
-1.2467,1.4167,0.187094,120,0
-1.1900,1.4167,0.150147,120,0
-1.1333,1.4167,0.114219,120,0
-1.0767,1.4167,0.079369,120,0
-1.0200,1.4167,0.045665,120,0
-0.9633,1.4167,0.013174,120,0
-0.9067,1.4167,0.000000,1,1
-0.8500,1.4167,0.000000,1,1
-0.7933,1.4167,0.000000,1,1
-0.7367,1.4167,0.000000,1,1
-0.6800,1.4167,0.000000,1,1
-0.6233,1.4167,0.000000,1,1
-0.5667,1.4167,0.000000,1,1
-0.5100,1.4167,0.000000,1,1
-0.4533,1.4167,0.000000,1,1
-0.3967,1.4167,0.000000,1,1
-0.3400,1.4167,0.000000,1,1
-0.2833,1.4167,0.000000,1,1
-0.2267,1.4167,0.000000,1,1
-0.1700,1.4167,0.000000,1,1
-0.1133,1.4167,0.000000,1,1
-0.0567,1.4167,0.000000,1,1
0.0000,1.4167,0.000000,1,1
0.0567,1.4167,0.000000,1,1
0.1133,1.4167,0.000000,1,1
0.1700,1.4167,0.000000,1,1
0.2267,1.4167,0.000000,1,1
0.2833,1.4167,0.000000,1,1
0.3400,1.4167,0.000000,1,1
0.3967,1.4167,0.000000,1,1
0.4533,1.4167,0.000000,1,1
0.5100,1.4167,0.000000,1,1
0.5667,1.4167,0.000000,1,1
0.6233,1.4167,0.000000,1,1
0.6800,1.4167,0.000000,1,1
0.7367,1.4167,0.000000,1,1
0.7933,1.4167,0.000000,1,1
0.8500,1.4167,0.000000,1,1
0.9067,1.4167,0.000000,1,1
0.9633,1.4167,0.013174,120,0
1.0200,1.4167,0.045665,120,0
1.0767,1.4167,0.079369,120,0
1.1333,1.4167,0.114219,120,0
1.1900,1.4167,0.150147,120,0
1.2467,1.4167,0.187094,120,0
1.3033,1.4167,0.224999,120,0
1.3600,1.4167,0.263809,120,0
1.4167,1.4167,0.303469,120,0
1.4733,1.4167,0.343931,120,0
1.5300,1.4167,0.385149,120,0
1.5867,1.4167,0.427077,120,0
1.6433,1.4167,0.469675,120,0
1.7000,1.4167,0.512904,120,0
-1.7000,1.4733,0.549602,120,0
-1.6433,1.4733,0.507092,120,0
-1.5867,1.4733,0.465230,120,0
-1.5300,1.4733,0.424055,120,0
-1.4733,1.4733,0.383608,120,0
-1.4167,1.4733,0.343931,120,0
-1.3600,1.4733,0.305071,120,0
-1.3033,1.4733,0.267076,120,0
-1.2467,1.4733,0.229997,120,0
-1.1900,1.4733,0.193888,120,0
-1.1333,1.4733,0.158805,120,0
-1.0767,1.4733,0.124807,120,0
-1.0200,1.4733,0.091957,120,0
-0.9633,1.4733,0.060319,120,0
-0.9067,1.4733,0.029959,120,0
-0.8500,1.4733,0.000954,1,1
-0.7933,1.4733,0.000000,1,1
-0.7367,1.4733,0.000000,1,1
-0.6800,1.4733,0.000000,1,1
-0.6233,1.4733,0.000000,1,1
-0.5667,1.4733,0.000000,1,1
-0.5100,1.4733,0.000000,1,1
-0.4533,1.4733,0.000000,1,1
-0.3967,1.4733,0.000000,1,1
-0.3400,1.4733,0.000000,1,1
-0.2833,1.4733,0.000000,1,1
-0.2267,1.4733,0.000000,1,1
-0.1700,1.4733,0.000000,1,1
-0.1133,1.4733,0.000000,1,1
-0.0567,1.4733,0.000000,1,1
0.0000,1.4733,0.000000,1,1
0.0567,1.4733,0.000000,1,1
0.1133,1.4733,0.000000,1,1
0.1700,1.4733,0.000000,1,1
0.2267,1.4733,0.000000,1,1
0.2833,1.4733,0.000000,1,1
0.3400,1.4733,0.000000,1,1
0.3967,1.4733,0.000000,1,1
0.4533,1.4733,0.000000,1,1
0.5100,1.4733,0.000000,1,1
0.5667,1.4733,0.000000,1,1
0.6233,1.4733,0.000000,1,1
0.6800,1.4733,0.000000,1,1
0.7367,1.4733,0.000000,1,1
0.7933,1.4733,0.000000,1,1
0.8500,1.4733,0.000954,1,1
0.9067,1.4733,0.029959,120,0
0.9633,1.4733,0.060319,120,0
1.0200,1.4733,0.091957,120,0
1.0767,1.4733,0.124807,120,0
1.1333,1.4733,0.158805,120,0
1.1900,1.4733,0.193888,120,0
1.2467,1.4733,0.229997,120,0
1.3033,1.4733,0.267076,120,0
1.3600,1.4733,0.305071,120,0
1.4167,1.4733,0.343931,120,0
1.4733,1.4733,0.383608,120,0
1.5300,1.4733,0.424055,120,0
1.5867,1.4733,0.465230,120,0
1.6433,1.4733,0.507092,120,0
1.7000,1.4733,0.549602,120,0
-1.7000,1.5300,0.587116,120,0
-1.6433,1.5300,0.545316,120,0
-1.5867,1.5300,0.504180,120,0
-1.5300,1.5300,0.463747,120,0
-1.4733,1.5300,0.424055,120,0
-1.4167,1.5300,0.385149,120,0
-1.3600,1.5300,0.347071,120,0
-1.3033,1.5300,0.309870,120,0
-1.2467,1.5300,0.273595,120,0
-1.1900,1.5300,0.238298,120,0
-1.1333,1.5300,0.204034,120,0
-1.0767,1.5300,0.170858,120,0
-1.0200,1.5300,0.138831,120,0
-0.9633,1.5300,0.108013,120,0
-0.9067,1.5300,0.078467,120,0
-0.8500,1.5300,0.050257,120,0
-0.7933,1.5300,0.023451,120,0
-0.7367,1.5300,0.000000,1,1
-0.6800,1.5300,0.000000,1,1
-0.6233,1.5300,0.000000,1,1
-0.5667,1.5300,0.000000,1,1
-0.5100,1.5300,0.000000,1,1
-0.4533,1.5300,0.000000,1,1
-0.3967,1.5300,0.000000,1,1
-0.3400,1.5300,0.000000,1,1
-0.2833,1.5300,0.000000,1,1
-0.2267,1.5300,0.000000,1,1
-0.1700,1.5300,0.000000,1,1
-0.1133,1.5300,0.000000,1,1
-0.0567,1.5300,0.000000,1,1
0.0000,1.5300,0.000000,1,1
0.0567,1.5300,0.000000,1,1
0.1133,1.5300,0.000000,1,1
0.1700,1.5300,0.000000,1,1
0.2267,1.5300,0.000000,1,1
0.2833,1.5300,0.000000,1,1
0.3400,1.5300,0.000000,1,1
0.3967,1.5300,0.000000,1,1
0.4533,1.5300,0.000000,1,1
0.5100,1.5300,0.000000,1,1
0.5667,1.5300,0.000000,1,1
0.6233,1.5300,0.000000,1,1
0.6800,1.5300,0.000000,1,1
0.7367,1.5300,0.000000,1,1
0.7933,1.5300,0.023451,120,0
0.8500,1.5300,0.050257,120,0
0.9067,1.5300,0.078467,120,0
0.9633,1.5300,0.108013,120,0
1.0200,1.5300,0.138831,120,0
1.0767,1.5300,0.170858,120,0
1.1333,1.5300,0.204034,120,0
1.1900,1.5300,0.238298,120,0
1.2467,1.5300,0.273595,120,0
1.3033,1.5300,0.309870,120,0
1.3600,1.5300,0.347071,120,0
1.4167,1.5300,0.385149,120,0
1.4733,1.5300,0.424055,120,0
1.5300,1.5300,0.463747,120,0
1.5867,1.5300,0.504180,120,0
1.6433,1.5300,0.545316,120,0
1.7000,1.5300,0.587116,120,0
-1.7000,1.5867,0.625406,120,0
-1.6433,1.5867,0.584306,120,0
-1.5867,1.5867,0.543886,120,0
-1.5300,1.5867,0.504180,120,0
-1.4733,1.5867,0.465230,120,0
-1.4167,1.5867,0.427077,120,0
-1.3600,1.5867,0.389763,120,0
-1.3033,1.5867,0.353336,120,0
-1.2467,1.5867,0.317843,120,0
-1.1900,1.5867,0.283333,120,0
-1.1333,1.5867,0.249860,120,0
-1.0767,1.5867,0.217478,120,0
-1.0200,1.5867,0.186243,120,0
-0.9633,1.5867,0.156212,120,0
-0.9067,1.5867,0.127445,120,0
-0.8500,1.5867,0.100003,120,0
-0.7933,1.5867,0.073947,120,0
-0.7367,1.5867,0.049340,120,0
-0.6800,1.5867,0.026243,120,0
-0.6233,1.5867,0.004726,1,1
-0.5667,1.5867,0.000000,1,1
-0.5100,1.5867,0.000000,1,1
-0.4533,1.5867,0.000000,1,1
-0.3967,1.5867,0.000000,1,1
-0.3400,1.5867,0.000000,1,1
-0.2833,1.5867,0.000000,1,1
-0.2267,1.5867,0.000000,1,1
-0.1700,1.5867,0.000000,1,1
-0.1133,1.5867,0.000000,1,1
-0.0567,1.5867,0.000000,1,1
0.0000,1.5867,0.000000,1,1
0.0567,1.5867,0.000000,1,1
0.1133,1.5867,0.000000,1,1
0.1700,1.5867,0.000000,1,1
0.2267,1.5867,0.000000,1,1
0.2833,1.5867,0.000000,1,1
0.3400,1.5867,0.000000,1,1
0.3967,1.5867,0.000000,1,1
0.4533,1.5867,0.000000,1,1
0.5100,1.5867,0.000000,1,1
0.5667,1.5867,0.000000,1,1
0.6233,1.5867,0.004726,1,1
0.6800,1.5867,0.026243,120,0
0.7367,1.5867,0.049340,120,0
0.7933,1.5867,0.073947,120,0
0.8500,1.5867,0.100003,120,0
0.9067,1.5867,0.127445,120,0
0.9633,1.5867,0.156212,120,0
1.0200,1.5867,0.186243,120,0
1.0767,1.5867,0.217478,120,0
1.1333,1.5867,0.249860,120,0
1.1900,1.5867,0.283333,120,0
1.2467,1.5867,0.317843,120,0
1.3033,1.5867,0.353336,120,0
1.3600,1.5867,0.389763,120,0
1.4167,1.5867,0.427077,120,0
1.4733,1.5867,0.465230,120,0
1.5300,1.5867,0.504180,120,0
1.5867,1.5867,0.543886,120,0
1.6433,1.5867,0.584306,120,0
1.7000,1.5867,0.625406,120,0
-1.7000,1.6433,0.664433,120,0
-1.6433,1.6433,0.624024,120,0
-1.5867,1.6433,0.584306,120,0
-1.5300,1.6433,0.545316,120,0
-1.4733,1.6433,0.507092,120,0
-1.4167,1.6433,0.469675,120,0
-1.3600,1.6433,0.433107,120,0
-1.3033,1.6433,0.397432,120,0
-1.2467,1.6433,0.362698,120,0
-1.1900,1.6433,0.328952,120,0
-1.1333,1.6433,0.296244,120,0
-1.0767,1.6433,0.264626,120,0
-1.0200,1.6433,0.234152,120,0
-0.9633,1.6433,0.204877,120,0
-0.9067,1.6433,0.176856,120,0
-0.8500,1.6433,0.150147,120,0
-0.7933,1.6433,0.124807,120,0
-0.7367,1.6433,0.100895,120,0
-0.6800,1.6433,0.078467,120,0
-0.6233,1.6433,0.057581,120,0
-0.5667,1.6433,0.038291,120,0
-0.5100,1.6433,0.020654,120,0
-0.4533,1.6433,0.004726,1,1
-0.3967,1.6433,0.000000,1,1
-0.3400,1.6433,0.000000,1,1
-0.2833,1.6433,0.000000,1,1
-0.2267,1.6433,0.000000,1,1
-0.1700,1.6433,0.000000,1,1
-0.1133,1.6433,0.000000,1,1
-0.0567,1.6433,0.000000,1,1
0.0000,1.6433,0.000000,1,1
0.0567,1.6433,0.000000,1,1
0.1133,1.6433,0.000000,1,1
0.1700,1.6433,0.000000,1,1
0.2267,1.6433,0.000000,1,1
0.2833,1.6433,0.000000,1,1
0.3400,1.6433,0.000000,1,1
0.3967,1.6433,0.000000,1,1
0.4533,1.6433,0.004726,1,1
0.5100,1.6433,0.020654,120,0
0.5667,1.6433,0.038291,120,0
0.6233,1.6433,0.057581,120,0
0.6800,1.6433,0.078467,120,0
0.7367,1.6433,0.100895,120,0
0.7933,1.6433,0.124807,120,0
0.8500,1.6433,0.150147,120,0
0.9067,1.6433,0.176856,120,0
0.9633,1.6433,0.204877,120,0
1.0200,1.6433,0.234152,120,0
1.0767,1.6433,0.264626,120,0
1.1333,1.6433,0.296244,120,0
1.1900,1.6433,0.328952,120,0
1.2467,1.6433,0.362698,120,0
1.3033,1.6433,0.397432,120,0
1.3600,1.6433,0.433107,120,0
1.4167,1.6433,0.469675,120,0
1.4733,1.6433,0.507092,120,0
1.5300,1.6433,0.545316,120,0
1.5867,1.6433,0.584306,120,0
1.6433,1.6433,0.624024,120,0
1.7000,1.6433,0.664433,120,0
-1.7000,1.7000,0.704163,120,0
-1.6433,1.7000,0.664433,120,0
-1.5867,1.7000,0.625406,120,0
-1.5300,1.7000,0.587116,120,0
-1.4733,1.7000,0.549602,120,0
-1.4167,1.7000,0.512904,120,0
-1.3600,1.7000,0.477062,120,0
-1.3033,1.7000,0.442120,120,0
-1.2467,1.7000,0.408122,120,0
-1.1900,1.7000,0.375114,120,0
-1.1333,1.7000,0.343146,120,0
-1.0767,1.7000,0.312265,120,0
-1.0200,1.7000,0.282524,120,0
-0.9633,1.7000,0.253973,120,0
-0.9067,1.7000,0.226667,120,0
-0.8500,1.7000,0.200658,120,0
-0.7933,1.7000,0.176000,120,0
-0.7367,1.7000,0.152749,120,0
-0.6800,1.7000,0.130956,120,0
-0.6233,1.7000,0.110675,120,0
-0.5667,1.7000,0.091957,120,0
-0.5100,1.7000,0.074852,120,0
-0.4533,1.7000,0.059407,120,0
-0.3967,1.7000,0.045665,120,0
-0.3400,1.7000,0.033667,120,0
-0.2833,1.7000,0.023451,120,0
-0.2267,1.7000,0.015047,120,0
-0.1700,1.7000,0.008489,1,1
-0.1133,1.7000,0.003784,1,1
-0.0567,1.7000,0.000954,1,1
0.0000,1.7000,0.000010,1,1
0.0567,1.7000,0.000954,1,1
0.1133,1.7000,0.003784,1,1
0.1700,1.7000,0.008489,1,1
0.2267,1.7000,0.015047,120,0
0.2833,1.7000,0.023451,120,0
0.3400,1.7000,0.033667,120,0
0.3967,1.7000,0.045665,120,0
0.4533,1.7000,0.059407,120,0
0.5100,1.7000,0.074852,120,0
0.5667,1.7000,0.091957,120,0
0.6233,1.7000,0.110675,120,0
0.6800,1.7000,0.130956,120,0
0.7367,1.7000,0.152749,120,0
0.7933,1.7000,0.176000,120,0
0.8500,1.7000,0.200658,120,0
0.9067,1.7000,0.226667,120,0
0.9633,1.7000,0.253973,120,0
1.0200,1.7000,0.282524,120,0
1.0767,1.7000,0.312265,120,0
1.1333,1.7000,0.343146,120,0
1.1900,1.7000,0.375114,120,0
1.2467,1.7000,0.408122,120,0
1.3033,1.7000,0.442120,120,0
1.3600,1.7000,0.477062,120,0
1.4167,1.7000,0.512904,120,0
1.4733,1.7000,0.549602,120,0
1.5300,1.7000,0.587116,120,0
1.5867,1.7000,0.625406,120,0
1.6433,1.7000,0.664433,120,0
1.7000,1.7000,0.704163,120,0